<?xml version="1.0" encoding="UTF-8"?>
<TrainingCenterDatabase xsi:schemaLocation="http://www.garmin.com/xmlschemas/TrainingCenterDatabase/v2 http://www.garmin.com/xmlschemas/TrainingCenterDatabasev2.xsd" xmlns:ns5="http://www.garmin.com/xmlschemas/ActivityGoals/v1" xmlns:ns3="http://www.garmin.com/xmlschemas/ActivityExtension/v2" xmlns:ns2="http://www.garmin.com/xmlschemas/UserProfile/v2" xmlns="http://www.garmin.com/xmlschemas/TrainingCenterDatabase/v2" xmlns:xsi="http://www.w3.org/2001/XMLSchema-instance" xmlns:ns4="http://www.garmin.com/xmlschemas/ProfileExtension/v1">
 <Activities>
  <Activity Sport="Running">
   <Id>2026-06-10T07:41:31Z</Id>
   <Lap StartTime="2026-06-10T07:41:31Z">
    <TotalTimeSeconds>651</TotalTimeSeconds>
    <DistanceMeters>1000</DistanceMeters>
    <Intensity>Active</Intensity>
    <TriggerMethod>Manual</TriggerMethod>
    <MaximumHeartRateBpm>
     <Value>125</Value>
    </MaximumHeartRateBpm>
    <AverageHeartRateBpm>
     <Value>116</Value>
    </AverageHeartRateBpm>
    <Track>
     <Trackpoint>
      <Time>2026-06-10T07:41:31Z</Time>
      <DistanceMeters>0</DistanceMeters>
     </Trackpoint>
     <Trackpoint>
      <Time>2026-06-10T07:41:32Z</Time>
      <Position>
       <LatitudeDegrees>35.7031410</LatitudeDegrees>
       <LongitudeDegrees>139.7845220</LongitudeDegrees>
      </Position>
      <HeartRateBpm>
       <Value>97</Value>
      </HeartRateBpm>
     </Trackpoint>
     <Trackpoint>
      <Time>2026-06-10T07:41:33Z</Time>
      <Position>
       <LatitudeDegrees>35.7031466</LatitudeDegrees>
       <LongitudeDegrees>139.7845238</LongitudeDegrees>
      </Position>
      <HeartRateBpm>
       <Value>97</Value>
      </HeartRateBpm>
     </Trackpoint>
     <Trackpoint>
      <Time>2026-06-10T07:41:34Z</Time>
      <Position>
       <LatitudeDegrees>35.7031523</LatitudeDegrees>
       <LongitudeDegrees>139.7845257</LongitudeDegrees>
      </Position>
      <DistanceMeters>0</DistanceMeters>
      <HeartRateBpm>
       <Value>97</Value>
      </HeartRateBpm>
      <Extensions>
       <Speed>4.540000</Speed>
      </Extensions>
     </Trackpoint>
     <Trackpoint>
      <Time>2026-06-10T07:41:35Z</Time>
      <Position>
       <LatitudeDegrees>35.7031597</LatitudeDegrees>
       <LongitudeDegrees>139.7845323</LongitudeDegrees>
      </Position>
      <DistanceMeters>0</DistanceMeters>
      <HeartRateBpm>
       <Value>97</Value>
      </HeartRateBpm>
      <Extensions>
       <Speed>4.540000</Speed>
      </Extensions>
     </Trackpoint>
     <Trackpoint>
      <Time>2026-06-10T07:41:36Z</Time>
      <Position>
       <LatitudeDegrees>35.7031671</LatitudeDegrees>
       <LongitudeDegrees>139.7845390</LongitudeDegrees>
      </Position>
      <DistanceMeters>4</DistanceMeters>
      <HeartRateBpm>
       <Value>97</Value>
      </HeartRateBpm>
      <Cadence>55</Cadence>
      <Extensions>
       <Speed>4.240000</Speed>
      </Extensions>
     </Trackpoint>
     <Trackpoint>
      <Time>2026-06-10T07:41:37Z</Time>
      <Position>
       <LatitudeDegrees>35.7031755</LatitudeDegrees>
       <LongitudeDegrees>139.7845531</LongitudeDegrees>
      </Position>
      <AltitudeMeters>2</AltitudeMeters>
      <DistanceMeters>8</DistanceMeters>
      <HeartRateBpm>
       <Value>97</Value>
      </HeartRateBpm>
      <Cadence>55</Cadence>
      <Extensions>
       <Speed>3.940000</Speed>
      </Extensions>
     </Trackpoint>
     <Trackpoint>
      <Time>2026-06-10T07:41:38Z</Time>
      <Position>
       <LatitudeDegrees>35.7031840</LatitudeDegrees>
       <LongitudeDegrees>139.7845673</LongitudeDegrees>
      </Position>
      <AltitudeMeters>2</AltitudeMeters>
      <DistanceMeters>10</DistanceMeters>
      <HeartRateBpm>
       <Value>97</Value>
      </HeartRateBpm>
      <Cadence>55</Cadence>
      <Extensions>
       <Speed>3.950000</Speed>
      </Extensions>
     </Trackpoint>
     <Trackpoint>
      <Time>2026-06-10T07:41:39Z</Time>
      <Position>
       <LatitudeDegrees>35.7031922</LatitudeDegrees>
       <LongitudeDegrees>139.7845824</LongitudeDegrees>
      </Position>
      <AltitudeMeters>2</AltitudeMeters>
      <DistanceMeters>11</DistanceMeters>
      <HeartRateBpm>
       <Value>98</Value>
      </HeartRateBpm>
      <Cadence>55</Cadence>
      <Extensions>
       <Speed>3.960000</Speed>
      </Extensions>
     </Trackpoint>
     <Trackpoint>
      <Time>2026-06-10T07:41:40Z</Time>
      <Position>
       <LatitudeDegrees>35.7032004</LatitudeDegrees>
       <LongitudeDegrees>139.7845976</LongitudeDegrees>
      </Position>
      <AltitudeMeters>2</AltitudeMeters>
      <DistanceMeters>12</DistanceMeters>
      <HeartRateBpm>
       <Value>99</Value>
      </HeartRateBpm>
      <Cadence>64</Cadence>
      <Extensions>
       <Speed>4.040000</Speed>
      </Extensions>
     </Trackpoint>
     <Trackpoint>
      <Time>2026-06-10T07:41:41Z</Time>
      <Position>
       <LatitudeDegrees>35.7032044</LatitudeDegrees>
       <LongitudeDegrees>139.7846107</LongitudeDegrees>
      </Position>
      <AltitudeMeters>2</AltitudeMeters>
      <DistanceMeters>13</DistanceMeters>
      <HeartRateBpm>
       <Value>100</Value>
      </HeartRateBpm>
      <Cadence>73</Cadence>
      <Extensions>
       <Speed>4.120000</Speed>
      </Extensions>
     </Trackpoint>
     <Trackpoint>
      <Time>2026-06-10T07:41:42Z</Time>
      <Position>
       <LatitudeDegrees>35.7032085</LatitudeDegrees>
       <LongitudeDegrees>139.7846239</LongitudeDegrees>
      </Position>
      <AltitudeMeters>1</AltitudeMeters>
      <DistanceMeters>14</DistanceMeters>
      <HeartRateBpm>
       <Value>101</Value>
      </HeartRateBpm>
      <Cadence>72</Cadence>
      <Extensions>
       <Speed>4.240000</Speed>
      </Extensions>
     </Trackpoint>
     <Trackpoint>
      <Time>2026-06-10T07:41:43Z</Time>
      <Position>
       <LatitudeDegrees>35.7032110</LatitudeDegrees>
       <LongitudeDegrees>139.7846383</LongitudeDegrees>
      </Position>
      <AltitudeMeters>1</AltitudeMeters>
      <DistanceMeters>16</DistanceMeters>
      <HeartRateBpm>
       <Value>101</Value>
      </HeartRateBpm>
      <Cadence>72</Cadence>
      <Extensions>
       <Speed>4.360000</Speed>
      </Extensions>
     </Trackpoint>
     <Trackpoint>
      <Time>2026-06-10T07:41:44Z</Time>
      <Position>
       <LatitudeDegrees>35.7032136</LatitudeDegrees>
       <LongitudeDegrees>139.7846528</LongitudeDegrees>
      </Position>
      <AltitudeMeters>1</AltitudeMeters>
      <DistanceMeters>18</DistanceMeters>
      <HeartRateBpm>
       <Value>101</Value>
      </HeartRateBpm>
      <Cadence>72</Cadence>
      <Extensions>
       <Speed>4.390000</Speed>
      </Extensions>
     </Trackpoint>
     <Trackpoint>
      <Time>2026-06-10T07:41:45Z</Time>
      <Position>
       <LatitudeDegrees>35.7032147</LatitudeDegrees>
       <LongitudeDegrees>139.7846685</LongitudeDegrees>
      </Position>
      <AltitudeMeters>1</AltitudeMeters>
      <DistanceMeters>19</DistanceMeters>
      <HeartRateBpm>
       <Value>102</Value>
      </HeartRateBpm>
      <Cadence>72</Cadence>
      <Extensions>
       <Speed>4.430000</Speed>
      </Extensions>
     </Trackpoint>
     <Trackpoint>
      <Time>2026-06-10T07:41:46Z</Time>
      <Position>
       <LatitudeDegrees>35.7032159</LatitudeDegrees>
       <LongitudeDegrees>139.7846843</LongitudeDegrees>
      </Position>
      <AltitudeMeters>1</AltitudeMeters>
      <DistanceMeters>20</DistanceMeters>
      <HeartRateBpm>
       <Value>102</Value>
      </HeartRateBpm>
      <Cadence>72</Cadence>
      <Extensions>
       <Speed>4.450000</Speed>
      </Extensions>
     </Trackpoint>
     <Trackpoint>
      <Time>2026-06-10T07:41:47Z</Time>
      <Position>
       <LatitudeDegrees>35.7032134</LatitudeDegrees>
       <LongitudeDegrees>139.7847003</LongitudeDegrees>
      </Position>
      <AltitudeMeters>1</AltitudeMeters>
      <DistanceMeters>22</DistanceMeters>
      <HeartRateBpm>
       <Value>102</Value>
      </HeartRateBpm>
      <Cadence>72</Cadence>
      <Extensions>
       <Speed>4.470000</Speed>
      </Extensions>
     </Trackpoint>
     <Trackpoint>
      <Time>2026-06-10T07:41:48Z</Time>
      <Position>
       <LatitudeDegrees>35.7032110</LatitudeDegrees>
       <LongitudeDegrees>139.7847163</LongitudeDegrees>
      </Position>
      <AltitudeMeters>1</AltitudeMeters>
      <DistanceMeters>23</DistanceMeters>
      <HeartRateBpm>
       <Value>103</Value>
      </HeartRateBpm>
      <Cadence>72</Cadence>
      <Extensions>
       <Speed>4.490000</Speed>
      </Extensions>
     </Trackpoint>
     <Trackpoint>
      <Time>2026-06-10T07:41:49Z</Time>
      <Position>
       <LatitudeDegrees>35.7032055</LatitudeDegrees>
       <LongitudeDegrees>139.7847306</LongitudeDegrees>
      </Position>
      <AltitudeMeters>1</AltitudeMeters>
      <DistanceMeters>24</DistanceMeters>
      <HeartRateBpm>
       <Value>104</Value>
      </HeartRateBpm>
      <Cadence>72</Cadence>
      <Extensions>
       <Speed>4.520000</Speed>
      </Extensions>
     </Trackpoint>
     <Trackpoint>
      <Time>2026-06-10T07:41:50Z</Time>
      <Position>
       <LatitudeDegrees>35.7032001</LatitudeDegrees>
       <LongitudeDegrees>139.7847449</LongitudeDegrees>
      </Position>
      <AltitudeMeters>1</AltitudeMeters>
      <DistanceMeters>26</DistanceMeters>
      <HeartRateBpm>
       <Value>104</Value>
      </HeartRateBpm>
      <Cadence>72</Cadence>
      <Extensions>
       <Speed>4.550000</Speed>
      </Extensions>
     </Trackpoint>
     <Trackpoint>
      <Time>2026-06-10T07:41:51Z</Time>
      <Position>
       <LatitudeDegrees>35.7031907</LatitudeDegrees>
       <LongitudeDegrees>139.7847568</LongitudeDegrees>
      </Position>
      <AltitudeMeters>1</AltitudeMeters>
      <DistanceMeters>28</DistanceMeters>
      <HeartRateBpm>
       <Value>104</Value>
      </HeartRateBpm>
      <Cadence>72</Cadence>
      <Extensions>
       <Speed>4.580000</Speed>
      </Extensions>
     </Trackpoint>
     <Trackpoint>
      <Time>2026-06-10T07:41:52Z</Time>
      <Position>
       <LatitudeDegrees>35.7031813</LatitudeDegrees>
       <LongitudeDegrees>139.7847687</LongitudeDegrees>
      </Position>
      <AltitudeMeters>1</AltitudeMeters>
      <DistanceMeters>30</DistanceMeters>
      <HeartRateBpm>
       <Value>104</Value>
      </HeartRateBpm>
      <Cadence>72</Cadence>
      <Extensions>
       <Speed>4.600000</Speed>
      </Extensions>
     </Trackpoint>
     <Trackpoint>
      <Time>2026-06-10T07:41:53Z</Time>
      <Position>
       <LatitudeDegrees>35.7031678</LatitudeDegrees>
       <LongitudeDegrees>139.7847778</LongitudeDegrees>
      </Position>
      <AltitudeMeters>1</AltitudeMeters>
      <DistanceMeters>31</DistanceMeters>
      <HeartRateBpm>
       <Value>104</Value>
      </HeartRateBpm>
      <Cadence>72</Cadence>
      <Extensions>
       <Speed>4.620000</Speed>
      </Extensions>
     </Trackpoint>
     <Trackpoint>
      <Time>2026-06-10T07:41:54Z</Time>
      <Position>
       <LatitudeDegrees>35.7031544</LatitudeDegrees>
       <LongitudeDegrees>139.7847869</LongitudeDegrees>
      </Position>
      <AltitudeMeters>1</AltitudeMeters>
      <DistanceMeters>33</DistanceMeters>
      <HeartRateBpm>
       <Value>104</Value>
      </HeartRateBpm>
      <Cadence>71</Cadence>
      <Extensions>
       <Speed>4.640000</Speed>
      </Extensions>
     </Trackpoint>
     <Trackpoint>
      <Time>2026-06-10T07:41:55Z</Time>
      <Position>
       <LatitudeDegrees>35.7031391</LatitudeDegrees>
       <LongitudeDegrees>139.7847913</LongitudeDegrees>
      </Position>
      <AltitudeMeters>1</AltitudeMeters>
      <DistanceMeters>35</DistanceMeters>
      <HeartRateBpm>
       <Value>104</Value>
      </HeartRateBpm>
      <Cadence>71</Cadence>
      <Extensions>
       <Speed>4.670000</Speed>
      </Extensions>
     </Trackpoint>
     <Trackpoint>
      <Time>2026-06-10T07:41:56Z</Time>
      <Position>
       <LatitudeDegrees>35.7031238</LatitudeDegrees>
       <LongitudeDegrees>139.7847957</LongitudeDegrees>
      </Position>
      <AltitudeMeters>1</AltitudeMeters>
      <DistanceMeters>36</DistanceMeters>
      <HeartRateBpm>
       <Value>103</Value>
      </HeartRateBpm>
      <Cadence>70</Cadence>
      <Extensions>
       <Speed>4.690000</Speed>
      </Extensions>
     </Trackpoint>
     <Trackpoint>
      <Time>2026-06-10T07:41:57Z</Time>
      <Position>
       <LatitudeDegrees>35.7031085</LatitudeDegrees>
       <LongitudeDegrees>139.7847943</LongitudeDegrees>
      </Position>
      <AltitudeMeters>1</AltitudeMeters>
      <DistanceMeters>38</DistanceMeters>
      <HeartRateBpm>
       <Value>103</Value>
      </HeartRateBpm>
      <Cadence>70</Cadence>
      <Extensions>
       <Speed>4.710000</Speed>
      </Extensions>
     </Trackpoint>
     <Trackpoint>
      <Time>2026-06-10T07:41:58Z</Time>
      <Position>
       <LatitudeDegrees>35.7030932</LatitudeDegrees>
       <LongitudeDegrees>139.7847929</LongitudeDegrees>
      </Position>
      <AltitudeMeters>1</AltitudeMeters>
      <DistanceMeters>39</DistanceMeters>
      <HeartRateBpm>
       <Value>103</Value>
      </HeartRateBpm>
      <Cadence>70</Cadence>
      <Extensions>
       <Speed>4.720000</Speed>
      </Extensions>
     </Trackpoint>
     <Trackpoint>
      <Time>2026-06-10T07:41:59Z</Time>
      <Position>
       <LatitudeDegrees>35.7030853</LatitudeDegrees>
       <LongitudeDegrees>139.7847913</LongitudeDegrees>
      </Position>
      <AltitudeMeters>1</AltitudeMeters>
      <DistanceMeters>40</DistanceMeters>
      <HeartRateBpm>
       <Value>102</Value>
      </HeartRateBpm>
      <Cadence>70</Cadence>
      <Extensions>
       <Speed>4.740000</Speed>
      </Extensions>
     </Trackpoint>
     <Trackpoint>
      <Time>2026-06-10T07:42:00Z</Time>
      <Position>
       <LatitudeDegrees>35.7030774</LatitudeDegrees>
       <LongitudeDegrees>139.7847897</LongitudeDegrees>
      </Position>
      <AltitudeMeters>1</AltitudeMeters>
      <DistanceMeters>41</DistanceMeters>
      <HeartRateBpm>
       <Value>103</Value>
      </HeartRateBpm>
      <Cadence>70</Cadence>
      <Extensions>
       <Speed>4.750000</Speed>
      </Extensions>
     </Trackpoint>
     <Trackpoint>
      <Time>2026-06-10T07:42:01Z</Time>
      <Position>
       <LatitudeDegrees>35.7030645</LatitudeDegrees>
       <LongitudeDegrees>139.7847854</LongitudeDegrees>
      </Position>
      <AltitudeMeters>1</AltitudeMeters>
      <DistanceMeters>42</DistanceMeters>
      <HeartRateBpm>
       <Value>103</Value>
      </HeartRateBpm>
      <Cadence>71</Cadence>
      <Extensions>
       <Speed>4.770000</Speed>
      </Extensions>
     </Trackpoint>
     <Trackpoint>
      <Time>2026-06-10T07:42:02Z</Time>
      <Position>
       <LatitudeDegrees>35.7030516</LatitudeDegrees>
       <LongitudeDegrees>139.7847811</LongitudeDegrees>
      </Position>
      <AltitudeMeters>1</AltitudeMeters>
      <DistanceMeters>44</DistanceMeters>
      <HeartRateBpm>
       <Value>103</Value>
      </HeartRateBpm>
      <Cadence>71</Cadence>
      <Extensions>
       <Speed>4.780000</Speed>
      </Extensions>
     </Trackpoint>
     <Trackpoint>
      <Time>2026-06-10T07:42:03Z</Time>
      <Position>
       <LatitudeDegrees>35.7030394</LatitudeDegrees>
       <LongitudeDegrees>139.7847752</LongitudeDegrees>
      </Position>
      <AltitudeMeters>1</AltitudeMeters>
      <DistanceMeters>46</DistanceMeters>
      <HeartRateBpm>
       <Value>104</Value>
      </HeartRateBpm>
      <Cadence>71</Cadence>
      <Extensions>
       <Speed>4.790000</Speed>
      </Extensions>
     </Trackpoint>
     <Trackpoint>
      <Time>2026-06-10T07:42:04Z</Time>
      <Position>
       <LatitudeDegrees>35.7030272</LatitudeDegrees>
       <LongitudeDegrees>139.7847694</LongitudeDegrees>
      </Position>
      <AltitudeMeters>1</AltitudeMeters>
      <DistanceMeters>47</DistanceMeters>
      <HeartRateBpm>
       <Value>104</Value>
      </HeartRateBpm>
      <Cadence>70</Cadence>
      <Extensions>
       <Speed>4.790000</Speed>
      </Extensions>
     </Trackpoint>
     <Trackpoint>
      <Time>2026-06-10T07:42:05Z</Time>
      <Position>
       <LatitudeDegrees>35.7030157</LatitudeDegrees>
       <LongitudeDegrees>139.7847618</LongitudeDegrees>
      </Position>
      <AltitudeMeters>1</AltitudeMeters>
      <DistanceMeters>48</DistanceMeters>
      <HeartRateBpm>
       <Value>104</Value>
      </HeartRateBpm>
      <Cadence>70</Cadence>
      <Extensions>
       <Speed>4.800000</Speed>
      </Extensions>
     </Trackpoint>
     <Trackpoint>
      <Time>2026-06-10T07:42:06Z</Time>
      <Position>
       <LatitudeDegrees>35.7030043</LatitudeDegrees>
       <LongitudeDegrees>139.7847543</LongitudeDegrees>
      </Position>
      <AltitudeMeters>1</AltitudeMeters>
      <DistanceMeters>50</DistanceMeters>
      <HeartRateBpm>
       <Value>104</Value>
      </HeartRateBpm>
      <Cadence>70</Cadence>
      <Extensions>
       <Speed>4.820000</Speed>
      </Extensions>
     </Trackpoint>
     <Trackpoint>
      <Time>2026-06-10T07:42:07Z</Time>
      <Position>
       <LatitudeDegrees>35.7029930</LatitudeDegrees>
       <LongitudeDegrees>139.7847471</LongitudeDegrees>
      </Position>
      <AltitudeMeters>1</AltitudeMeters>
      <DistanceMeters>51</DistanceMeters>
      <HeartRateBpm>
       <Value>104</Value>
      </HeartRateBpm>
      <Cadence>70</Cadence>
      <Extensions>
       <Speed>4.850000</Speed>
      </Extensions>
     </Trackpoint>
     <Trackpoint>
      <Time>2026-06-10T07:42:08Z</Time>
      <Position>
       <LatitudeDegrees>35.7029818</LatitudeDegrees>
       <LongitudeDegrees>139.7847400</LongitudeDegrees>
      </Position>
      <AltitudeMeters>1</AltitudeMeters>
      <DistanceMeters>52</DistanceMeters>
      <HeartRateBpm>
       <Value>104</Value>
      </HeartRateBpm>
      <Cadence>70</Cadence>
      <Extensions>
       <Speed>4.870000</Speed>
      </Extensions>
     </Trackpoint>
     <Trackpoint>
      <Time>2026-06-10T07:42:09Z</Time>
      <Position>
       <LatitudeDegrees>35.7029708</LatitudeDegrees>
       <LongitudeDegrees>139.7847359</LongitudeDegrees>
      </Position>
      <AltitudeMeters>1</AltitudeMeters>
      <DistanceMeters>54</DistanceMeters>
      <HeartRateBpm>
       <Value>104</Value>
      </HeartRateBpm>
      <Cadence>70</Cadence>
      <Extensions>
       <Speed>4.890000</Speed>
      </Extensions>
     </Trackpoint>
     <Trackpoint>
      <Time>2026-06-10T07:42:10Z</Time>
      <Position>
       <LatitudeDegrees>35.7029598</LatitudeDegrees>
       <LongitudeDegrees>139.7847319</LongitudeDegrees>
      </Position>
      <AltitudeMeters>1</AltitudeMeters>
      <DistanceMeters>55</DistanceMeters>
      <HeartRateBpm>
       <Value>104</Value>
      </HeartRateBpm>
      <Cadence>70</Cadence>
      <Extensions>
       <Speed>4.890000</Speed>
      </Extensions>
     </Trackpoint>
     <Trackpoint>
      <Time>2026-06-10T07:42:11Z</Time>
      <Position>
       <LatitudeDegrees>35.7029492</LatitudeDegrees>
       <LongitudeDegrees>139.7847315</LongitudeDegrees>
      </Position>
      <AltitudeMeters>1</AltitudeMeters>
      <DistanceMeters>56</DistanceMeters>
      <HeartRateBpm>
       <Value>104</Value>
      </HeartRateBpm>
      <Cadence>70</Cadence>
      <Extensions>
       <Speed>4.900000</Speed>
      </Extensions>
     </Trackpoint>
     <Trackpoint>
      <Time>2026-06-10T07:42:12Z</Time>
      <Position>
       <LatitudeDegrees>35.7029387</LatitudeDegrees>
       <LongitudeDegrees>139.7847311</LongitudeDegrees>
      </Position>
      <AltitudeMeters>1</AltitudeMeters>
      <DistanceMeters>57</DistanceMeters>
      <HeartRateBpm>
       <Value>104</Value>
      </HeartRateBpm>
      <Cadence>70</Cadence>
      <Extensions>
       <Speed>4.900000</Speed>
      </Extensions>
     </Trackpoint>
     <Trackpoint>
      <Time>2026-06-10T07:42:13Z</Time>
      <Position>
       <LatitudeDegrees>35.7029276</LatitudeDegrees>
       <LongitudeDegrees>139.7847326</LongitudeDegrees>
      </Position>
      <AltitudeMeters>1</AltitudeMeters>
      <DistanceMeters>58</DistanceMeters>
      <HeartRateBpm>
       <Value>105</Value>
      </HeartRateBpm>
      <Cadence>70</Cadence>
      <Extensions>
       <Speed>4.910000</Speed>
      </Extensions>
     </Trackpoint>
     <Trackpoint>
      <Time>2026-06-10T07:42:14Z</Time>
      <Position>
       <LatitudeDegrees>35.7029166</LatitudeDegrees>
       <LongitudeDegrees>139.7847342</LongitudeDegrees>
      </Position>
      <AltitudeMeters>1</AltitudeMeters>
      <DistanceMeters>60</DistanceMeters>
      <HeartRateBpm>
       <Value>105</Value>
      </HeartRateBpm>
      <Cadence>71</Cadence>
      <Extensions>
       <Speed>4.920000</Speed>
      </Extensions>
     </Trackpoint>
     <Trackpoint>
      <Time>2026-06-10T07:42:15Z</Time>
      <Position>
       <LatitudeDegrees>35.7029045</LatitudeDegrees>
       <LongitudeDegrees>139.7847345</LongitudeDegrees>
      </Position>
      <AltitudeMeters>1</AltitudeMeters>
      <DistanceMeters>61</DistanceMeters>
      <HeartRateBpm>
       <Value>106</Value>
      </HeartRateBpm>
      <Cadence>71</Cadence>
      <Extensions>
       <Speed>4.930000</Speed>
      </Extensions>
     </Trackpoint>
     <Trackpoint>
      <Time>2026-06-10T07:42:16Z</Time>
      <Position>
       <LatitudeDegrees>35.7028924</LatitudeDegrees>
       <LongitudeDegrees>139.7847349</LongitudeDegrees>
      </Position>
      <AltitudeMeters>1</AltitudeMeters>
      <DistanceMeters>62</DistanceMeters>
      <HeartRateBpm>
       <Value>107</Value>
      </HeartRateBpm>
      <Cadence>71</Cadence>
      <Extensions>
       <Speed>4.930000</Speed>
      </Extensions>
     </Trackpoint>
     <Trackpoint>
      <Time>2026-06-10T07:42:17Z</Time>
      <Position>
       <LatitudeDegrees>35.7028801</LatitudeDegrees>
       <LongitudeDegrees>139.7847358</LongitudeDegrees>
      </Position>
      <AltitudeMeters>1</AltitudeMeters>
      <DistanceMeters>64</DistanceMeters>
      <HeartRateBpm>
       <Value>107</Value>
      </HeartRateBpm>
      <Cadence>71</Cadence>
      <Extensions>
       <Speed>4.940000</Speed>
      </Extensions>
     </Trackpoint>
     <Trackpoint>
      <Time>2026-06-10T07:42:18Z</Time>
      <Position>
       <LatitudeDegrees>35.7028678</LatitudeDegrees>
       <LongitudeDegrees>139.7847368</LongitudeDegrees>
      </Position>
      <AltitudeMeters>1</AltitudeMeters>
      <DistanceMeters>66</DistanceMeters>
      <HeartRateBpm>
       <Value>107</Value>
      </HeartRateBpm>
      <Cadence>71</Cadence>
      <Extensions>
       <Speed>4.940000</Speed>
      </Extensions>
     </Trackpoint>
     <Trackpoint>
      <Time>2026-06-10T07:42:19Z</Time>
      <Position>
       <LatitudeDegrees>35.7028555</LatitudeDegrees>
       <LongitudeDegrees>139.7847355</LongitudeDegrees>
      </Position>
      <AltitudeMeters>1</AltitudeMeters>
      <DistanceMeters>67</DistanceMeters>
      <HeartRateBpm>
       <Value>107</Value>
      </HeartRateBpm>
      <Cadence>71</Cadence>
      <Extensions>
       <Speed>4.950000</Speed>
      </Extensions>
     </Trackpoint>
     <Trackpoint>
      <Time>2026-06-10T07:42:20Z</Time>
      <Position>
       <LatitudeDegrees>35.7028433</LatitudeDegrees>
       <LongitudeDegrees>139.7847343</LongitudeDegrees>
      </Position>
      <AltitudeMeters>1</AltitudeMeters>
      <DistanceMeters>68</DistanceMeters>
      <HeartRateBpm>
       <Value>107</Value>
      </HeartRateBpm>
      <Cadence>71</Cadence>
      <Extensions>
       <Speed>4.950000</Speed>
      </Extensions>
     </Trackpoint>
     <Trackpoint>
      <Time>2026-06-10T07:42:21Z</Time>
      <Position>
       <LatitudeDegrees>35.7028310</LatitudeDegrees>
       <LongitudeDegrees>139.7847293</LongitudeDegrees>
      </Position>
      <AltitudeMeters>1</AltitudeMeters>
      <DistanceMeters>70</DistanceMeters>
      <HeartRateBpm>
       <Value>107</Value>
      </HeartRateBpm>
      <Cadence>71</Cadence>
      <Extensions>
       <Speed>4.960000</Speed>
      </Extensions>
     </Trackpoint>
     <Trackpoint>
      <Time>2026-06-10T07:42:22Z</Time>
      <Position>
       <LatitudeDegrees>35.7028188</LatitudeDegrees>
       <LongitudeDegrees>139.7847243</LongitudeDegrees>
      </Position>
      <AltitudeMeters>1</AltitudeMeters>
      <DistanceMeters>72</DistanceMeters>
      <HeartRateBpm>
       <Value>107</Value>
      </HeartRateBpm>
      <Cadence>71</Cadence>
      <Extensions>
       <Speed>4.970000</Speed>
      </Extensions>
     </Trackpoint>
     <Trackpoint>
      <Time>2026-06-10T07:42:23Z</Time>
      <Position>
       <LatitudeDegrees>35.7028061</LatitudeDegrees>
       <LongitudeDegrees>139.7847174</LongitudeDegrees>
      </Position>
      <AltitudeMeters>1</AltitudeMeters>
      <DistanceMeters>73</DistanceMeters>
      <HeartRateBpm>
       <Value>107</Value>
      </HeartRateBpm>
      <Cadence>71</Cadence>
      <Extensions>
       <Speed>4.980000</Speed>
      </Extensions>
     </Trackpoint>
     <Trackpoint>
      <Time>2026-06-10T07:42:24Z</Time>
      <Position>
       <LatitudeDegrees>35.7027934</LatitudeDegrees>
       <LongitudeDegrees>139.7847106</LongitudeDegrees>
      </Position>
      <AltitudeMeters>1</AltitudeMeters>
      <DistanceMeters>74</DistanceMeters>
      <HeartRateBpm>
       <Value>107</Value>
      </HeartRateBpm>
      <Cadence>71</Cadence>
      <Extensions>
       <Speed>4.990000</Speed>
      </Extensions>
     </Trackpoint>
     <Trackpoint>
      <Time>2026-06-10T07:42:25Z</Time>
      <Position>
       <LatitudeDegrees>35.7027820</LatitudeDegrees>
       <LongitudeDegrees>139.7847040</LongitudeDegrees>
      </Position>
      <AltitudeMeters>1</AltitudeMeters>
      <DistanceMeters>75</DistanceMeters>
      <HeartRateBpm>
       <Value>107</Value>
      </HeartRateBpm>
      <Cadence>71</Cadence>
      <Extensions>
       <Speed>5.000000</Speed>
      </Extensions>
     </Trackpoint>
     <Trackpoint>
      <Time>2026-06-10T07:42:26Z</Time>
      <Position>
       <LatitudeDegrees>35.7027707</LatitudeDegrees>
       <LongitudeDegrees>139.7846974</LongitudeDegrees>
      </Position>
      <AltitudeMeters>1</AltitudeMeters>
      <DistanceMeters>76</DistanceMeters>
      <HeartRateBpm>
       <Value>107</Value>
      </HeartRateBpm>
      <Cadence>71</Cadence>
      <Extensions>
       <Speed>5.010000</Speed>
      </Extensions>
     </Trackpoint>
     <Trackpoint>
      <Time>2026-06-10T07:42:27Z</Time>
      <Position>
       <LatitudeDegrees>35.7027596</LatitudeDegrees>
       <LongitudeDegrees>139.7846894</LongitudeDegrees>
      </Position>
      <AltitudeMeters>1</AltitudeMeters>
      <DistanceMeters>78</DistanceMeters>
      <HeartRateBpm>
       <Value>107</Value>
      </HeartRateBpm>
      <Cadence>71</Cadence>
      <Extensions>
       <Speed>5.020000</Speed>
      </Extensions>
     </Trackpoint>
     <Trackpoint>
      <Time>2026-06-10T07:42:28Z</Time>
      <Position>
       <LatitudeDegrees>35.7027486</LatitudeDegrees>
       <LongitudeDegrees>139.7846815</LongitudeDegrees>
      </Position>
      <AltitudeMeters>1</AltitudeMeters>
      <DistanceMeters>80</DistanceMeters>
      <HeartRateBpm>
       <Value>106</Value>
      </HeartRateBpm>
      <Cadence>71</Cadence>
      <Extensions>
       <Speed>5.030000</Speed>
      </Extensions>
     </Trackpoint>
     <Trackpoint>
      <Time>2026-06-10T07:42:29Z</Time>
      <Position>
       <LatitudeDegrees>35.7027367</LatitudeDegrees>
       <LongitudeDegrees>139.7846748</LongitudeDegrees>
      </Position>
      <AltitudeMeters>1</AltitudeMeters>
      <DistanceMeters>81</DistanceMeters>
      <HeartRateBpm>
       <Value>106</Value>
      </HeartRateBpm>
      <Cadence>71</Cadence>
      <Extensions>
       <Speed>5.040000</Speed>
      </Extensions>
     </Trackpoint>
     <Trackpoint>
      <Time>2026-06-10T07:42:30Z</Time>
      <Position>
       <LatitudeDegrees>35.7027248</LatitudeDegrees>
       <LongitudeDegrees>139.7846681</LongitudeDegrees>
      </Position>
      <AltitudeMeters>1</AltitudeMeters>
      <DistanceMeters>82</DistanceMeters>
      <HeartRateBpm>
       <Value>105</Value>
      </HeartRateBpm>
      <Cadence>70</Cadence>
      <Extensions>
       <Speed>5.050000</Speed>
      </Extensions>
     </Trackpoint>
     <Trackpoint>
      <Time>2026-06-10T07:42:31Z</Time>
      <Position>
       <LatitudeDegrees>35.7027127</LatitudeDegrees>
       <LongitudeDegrees>139.7846641</LongitudeDegrees>
      </Position>
      <AltitudeMeters>1</AltitudeMeters>
      <DistanceMeters>84</DistanceMeters>
      <HeartRateBpm>
       <Value>105</Value>
      </HeartRateBpm>
      <Cadence>70</Cadence>
      <Extensions>
       <Speed>5.060000</Speed>
      </Extensions>
     </Trackpoint>
     <Trackpoint>
      <Time>2026-06-10T07:42:32Z</Time>
      <Position>
       <LatitudeDegrees>35.7027007</LatitudeDegrees>
       <LongitudeDegrees>139.7846601</LongitudeDegrees>
      </Position>
      <AltitudeMeters>1</AltitudeMeters>
      <DistanceMeters>85</DistanceMeters>
      <HeartRateBpm>
       <Value>104</Value>
      </HeartRateBpm>
      <Cadence>70</Cadence>
      <Extensions>
       <Speed>5.060000</Speed>
      </Extensions>
     </Trackpoint>
     <Trackpoint>
      <Time>2026-06-10T07:42:33Z</Time>
      <Position>
       <LatitudeDegrees>35.7026894</LatitudeDegrees>
       <LongitudeDegrees>139.7846571</LongitudeDegrees>
      </Position>
      <AltitudeMeters>1</AltitudeMeters>
      <DistanceMeters>86</DistanceMeters>
      <HeartRateBpm>
       <Value>104</Value>
      </HeartRateBpm>
      <Cadence>70</Cadence>
      <Extensions>
       <Speed>5.070000</Speed>
      </Extensions>
     </Trackpoint>
     <Trackpoint>
      <Time>2026-06-10T07:42:34Z</Time>
      <Position>
       <LatitudeDegrees>35.7026782</LatitudeDegrees>
       <LongitudeDegrees>139.7846542</LongitudeDegrees>
      </Position>
      <AltitudeMeters>1</AltitudeMeters>
      <DistanceMeters>88</DistanceMeters>
      <HeartRateBpm>
       <Value>103</Value>
      </HeartRateBpm>
      <Cadence>69</Cadence>
      <Extensions>
       <Speed>5.070000</Speed>
      </Extensions>
     </Trackpoint>
     <Trackpoint>
      <Time>2026-06-10T07:42:35Z</Time>
      <Position>
       <LatitudeDegrees>35.7026666</LatitudeDegrees>
       <LongitudeDegrees>139.7846506</LongitudeDegrees>
      </Position>
      <AltitudeMeters>1</AltitudeMeters>
      <DistanceMeters>89</DistanceMeters>
      <HeartRateBpm>
       <Value>103</Value>
      </HeartRateBpm>
      <Cadence>69</Cadence>
      <Extensions>
       <Speed>5.070000</Speed>
      </Extensions>
     </Trackpoint>
     <Trackpoint>
      <Time>2026-06-10T07:42:36Z</Time>
      <Position>
       <LatitudeDegrees>35.7026550</LatitudeDegrees>
       <LongitudeDegrees>139.7846470</LongitudeDegrees>
      </Position>
      <AltitudeMeters>1</AltitudeMeters>
      <DistanceMeters>90</DistanceMeters>
      <HeartRateBpm>
       <Value>103</Value>
      </HeartRateBpm>
      <Cadence>69</Cadence>
      <Extensions>
       <Speed>5.080000</Speed>
      </Extensions>
     </Trackpoint>
     <Trackpoint>
      <Time>2026-06-10T07:42:37Z</Time>
      <Position>
       <LatitudeDegrees>35.7026437</LatitudeDegrees>
       <LongitudeDegrees>139.7846436</LongitudeDegrees>
      </Position>
      <AltitudeMeters>1</AltitudeMeters>
      <DistanceMeters>92</DistanceMeters>
      <HeartRateBpm>
       <Value>103</Value>
      </HeartRateBpm>
      <Cadence>69</Cadence>
      <Extensions>
       <Speed>5.100000</Speed>
      </Extensions>
     </Trackpoint>
     <Trackpoint>
      <Time>2026-06-10T07:42:38Z</Time>
      <Position>
       <LatitudeDegrees>35.7026324</LatitudeDegrees>
       <LongitudeDegrees>139.7846403</LongitudeDegrees>
      </Position>
      <AltitudeMeters>1</AltitudeMeters>
      <DistanceMeters>93</DistanceMeters>
      <HeartRateBpm>
       <Value>104</Value>
      </HeartRateBpm>
      <Cadence>69</Cadence>
      <Extensions>
       <Speed>5.100000</Speed>
      </Extensions>
     </Trackpoint>
     <Trackpoint>
      <Time>2026-06-10T07:42:39Z</Time>
      <Position>
       <LatitudeDegrees>35.7026216</LatitudeDegrees>
       <LongitudeDegrees>139.7846361</LongitudeDegrees>
      </Position>
      <AltitudeMeters>1</AltitudeMeters>
      <DistanceMeters>94</DistanceMeters>
      <HeartRateBpm>
       <Value>104</Value>
      </HeartRateBpm>
      <Cadence>69</Cadence>
      <Extensions>
       <Speed>5.110000</Speed>
      </Extensions>
     </Trackpoint>
     <Trackpoint>
      <Time>2026-06-10T07:42:40Z</Time>
      <Position>
       <LatitudeDegrees>35.7026109</LatitudeDegrees>
       <LongitudeDegrees>139.7846320</LongitudeDegrees>
      </Position>
      <AltitudeMeters>1</AltitudeMeters>
      <DistanceMeters>95</DistanceMeters>
      <HeartRateBpm>
       <Value>104</Value>
      </HeartRateBpm>
      <Cadence>69</Cadence>
      <Extensions>
       <Speed>5.110000</Speed>
      </Extensions>
     </Trackpoint>
     <Trackpoint>
      <Time>2026-06-10T07:42:41Z</Time>
      <Position>
       <LatitudeDegrees>35.7026009</LatitudeDegrees>
       <LongitudeDegrees>139.7846276</LongitudeDegrees>
      </Position>
      <AltitudeMeters>1</AltitudeMeters>
      <DistanceMeters>96</DistanceMeters>
      <HeartRateBpm>
       <Value>104</Value>
      </HeartRateBpm>
      <Cadence>69</Cadence>
      <Extensions>
       <Speed>5.120000</Speed>
      </Extensions>
     </Trackpoint>
     <Trackpoint>
      <Time>2026-06-10T07:42:42Z</Time>
      <Position>
       <LatitudeDegrees>35.7025910</LatitudeDegrees>
       <LongitudeDegrees>139.7846232</LongitudeDegrees>
      </Position>
      <AltitudeMeters>1</AltitudeMeters>
      <DistanceMeters>98</DistanceMeters>
      <HeartRateBpm>
       <Value>105</Value>
      </HeartRateBpm>
      <Cadence>69</Cadence>
      <Extensions>
       <Speed>5.110000</Speed>
      </Extensions>
     </Trackpoint>
     <Trackpoint>
      <Time>2026-06-10T07:42:43Z</Time>
      <Position>
       <LatitudeDegrees>35.7025775</LatitudeDegrees>
       <LongitudeDegrees>139.7846186</LongitudeDegrees>
      </Position>
      <AltitudeMeters>1</AltitudeMeters>
      <DistanceMeters>100</DistanceMeters>
      <HeartRateBpm>
       <Value>105</Value>
      </HeartRateBpm>
      <Cadence>69</Cadence>
      <Extensions>
       <Speed>5.110000</Speed>
      </Extensions>
     </Trackpoint>
     <Trackpoint>
      <Time>2026-06-10T07:42:44Z</Time>
      <Position>
       <LatitudeDegrees>35.7025640</LatitudeDegrees>
       <LongitudeDegrees>139.7846140</LongitudeDegrees>
      </Position>
      <AltitudeMeters>1</AltitudeMeters>
      <DistanceMeters>102</DistanceMeters>
      <HeartRateBpm>
       <Value>105</Value>
      </HeartRateBpm>
      <Cadence>69</Cadence>
      <Extensions>
       <Speed>5.110000</Speed>
      </Extensions>
     </Trackpoint>
     <Trackpoint>
      <Time>2026-06-10T07:42:45Z</Time>
      <Position>
       <LatitudeDegrees>35.7025491</LatitudeDegrees>
       <LongitudeDegrees>139.7846114</LongitudeDegrees>
      </Position>
      <AltitudeMeters>1</AltitudeMeters>
      <DistanceMeters>104</DistanceMeters>
      <HeartRateBpm>
       <Value>106</Value>
      </HeartRateBpm>
      <Cadence>69</Cadence>
      <Extensions>
       <Speed>5.110000</Speed>
      </Extensions>
     </Trackpoint>
     <Trackpoint>
      <Time>2026-06-10T07:42:46Z</Time>
      <Position>
       <LatitudeDegrees>35.7025343</LatitudeDegrees>
       <LongitudeDegrees>139.7846089</LongitudeDegrees>
      </Position>
      <AltitudeMeters>1</AltitudeMeters>
      <DistanceMeters>105</DistanceMeters>
      <HeartRateBpm>
       <Value>106</Value>
      </HeartRateBpm>
      <Cadence>69</Cadence>
      <Extensions>
       <Speed>5.120000</Speed>
      </Extensions>
     </Trackpoint>
     <Trackpoint>
      <Time>2026-06-10T07:42:47Z</Time>
      <Position>
       <LatitudeDegrees>35.7025201</LatitudeDegrees>
       <LongitudeDegrees>139.7846074</LongitudeDegrees>
      </Position>
      <AltitudeMeters>1</AltitudeMeters>
      <DistanceMeters>106</DistanceMeters>
      <HeartRateBpm>
       <Value>106</Value>
      </HeartRateBpm>
      <Cadence>69</Cadence>
      <Extensions>
       <Speed>5.130000</Speed>
      </Extensions>
     </Trackpoint>
     <Trackpoint>
      <Time>2026-06-10T07:42:48Z</Time>
      <Position>
       <LatitudeDegrees>35.7025060</LatitudeDegrees>
       <LongitudeDegrees>139.7846059</LongitudeDegrees>
      </Position>
      <AltitudeMeters>1</AltitudeMeters>
      <DistanceMeters>108</DistanceMeters>
      <HeartRateBpm>
       <Value>107</Value>
      </HeartRateBpm>
      <Cadence>69</Cadence>
      <Extensions>
       <Speed>5.140000</Speed>
      </Extensions>
     </Trackpoint>
     <Trackpoint>
      <Time>2026-06-10T07:42:49Z</Time>
      <Position>
       <LatitudeDegrees>35.7024930</LatitudeDegrees>
       <LongitudeDegrees>139.7846030</LongitudeDegrees>
      </Position>
      <AltitudeMeters>1</AltitudeMeters>
      <DistanceMeters>109</DistanceMeters>
      <HeartRateBpm>
       <Value>107</Value>
      </HeartRateBpm>
      <Cadence>69</Cadence>
      <Extensions>
       <Speed>5.150000</Speed>
      </Extensions>
     </Trackpoint>
     <Trackpoint>
      <Time>2026-06-10T07:42:50Z</Time>
      <Position>
       <LatitudeDegrees>35.7024801</LatitudeDegrees>
       <LongitudeDegrees>139.7846001</LongitudeDegrees>
      </Position>
      <AltitudeMeters>1</AltitudeMeters>
      <DistanceMeters>110</DistanceMeters>
      <HeartRateBpm>
       <Value>107</Value>
      </HeartRateBpm>
      <Cadence>68</Cadence>
      <Extensions>
       <Speed>5.150000</Speed>
      </Extensions>
     </Trackpoint>
     <Trackpoint>
      <Time>2026-06-10T07:42:51Z</Time>
      <Position>
       <LatitudeDegrees>35.7024679</LatitudeDegrees>
       <LongitudeDegrees>139.7845977</LongitudeDegrees>
      </Position>
      <AltitudeMeters>1</AltitudeMeters>
      <DistanceMeters>112</DistanceMeters>
      <HeartRateBpm>
       <Value>107</Value>
      </HeartRateBpm>
      <Cadence>68</Cadence>
      <Extensions>
       <Speed>5.160000</Speed>
      </Extensions>
     </Trackpoint>
     <Trackpoint>
      <Time>2026-06-10T07:42:52Z</Time>
      <Position>
       <LatitudeDegrees>35.7024558</LatitudeDegrees>
       <LongitudeDegrees>139.7845954</LongitudeDegrees>
      </Position>
      <AltitudeMeters>1</AltitudeMeters>
      <DistanceMeters>113</DistanceMeters>
      <HeartRateBpm>
       <Value>108</Value>
      </HeartRateBpm>
      <Cadence>68</Cadence>
      <Extensions>
       <Speed>5.160000</Speed>
      </Extensions>
     </Trackpoint>
     <Trackpoint>
      <Time>2026-06-10T07:42:53Z</Time>
      <Position>
       <LatitudeDegrees>35.7024446</LatitudeDegrees>
       <LongitudeDegrees>139.7845918</LongitudeDegrees>
      </Position>
      <AltitudeMeters>1</AltitudeMeters>
      <DistanceMeters>114</DistanceMeters>
      <HeartRateBpm>
       <Value>108</Value>
      </HeartRateBpm>
      <Cadence>68</Cadence>
      <Extensions>
       <Speed>5.170000</Speed>
      </Extensions>
     </Trackpoint>
     <Trackpoint>
      <Time>2026-06-10T07:42:54Z</Time>
      <Position>
       <LatitudeDegrees>35.7024335</LatitudeDegrees>
       <LongitudeDegrees>139.7845882</LongitudeDegrees>
      </Position>
      <AltitudeMeters>1</AltitudeMeters>
      <DistanceMeters>116</DistanceMeters>
      <HeartRateBpm>
       <Value>108</Value>
      </HeartRateBpm>
      <Cadence>68</Cadence>
      <Extensions>
       <Speed>5.170000</Speed>
      </Extensions>
     </Trackpoint>
     <Trackpoint>
      <Time>2026-06-10T07:42:55Z</Time>
      <Position>
       <LatitudeDegrees>35.7024213</LatitudeDegrees>
       <LongitudeDegrees>139.7845846</LongitudeDegrees>
      </Position>
      <AltitudeMeters>1</AltitudeMeters>
      <DistanceMeters>117</DistanceMeters>
      <HeartRateBpm>
       <Value>108</Value>
      </HeartRateBpm>
      <Cadence>68</Cadence>
      <Extensions>
       <Speed>5.180000</Speed>
      </Extensions>
     </Trackpoint>
     <Trackpoint>
      <Time>2026-06-10T07:42:56Z</Time>
      <Position>
       <LatitudeDegrees>35.7024091</LatitudeDegrees>
       <LongitudeDegrees>139.7845810</LongitudeDegrees>
      </Position>
      <AltitudeMeters>1</AltitudeMeters>
      <DistanceMeters>118</DistanceMeters>
      <HeartRateBpm>
       <Value>108</Value>
      </HeartRateBpm>
      <Cadence>68</Cadence>
      <Extensions>
       <Speed>5.170000</Speed>
      </Extensions>
     </Trackpoint>
     <Trackpoint>
      <Time>2026-06-10T07:42:57Z</Time>
      <Position>
       <LatitudeDegrees>35.7023959</LatitudeDegrees>
       <LongitudeDegrees>139.7845764</LongitudeDegrees>
      </Position>
      <AltitudeMeters>1</AltitudeMeters>
      <DistanceMeters>120</DistanceMeters>
      <HeartRateBpm>
       <Value>109</Value>
      </HeartRateBpm>
      <Cadence>69</Cadence>
      <Extensions>
       <Speed>5.160000</Speed>
      </Extensions>
     </Trackpoint>
     <Trackpoint>
      <Time>2026-06-10T07:42:58Z</Time>
      <Position>
       <LatitudeDegrees>35.7023828</LatitudeDegrees>
       <LongitudeDegrees>139.7845719</LongitudeDegrees>
      </Position>
      <AltitudeMeters>1</AltitudeMeters>
      <DistanceMeters>122</DistanceMeters>
      <HeartRateBpm>
       <Value>109</Value>
      </HeartRateBpm>
      <Cadence>69</Cadence>
      <Extensions>
       <Speed>5.150000</Speed>
      </Extensions>
     </Trackpoint>
     <Trackpoint>
      <Time>2026-06-10T07:42:59Z</Time>
      <Position>
       <LatitudeDegrees>35.7023683</LatitudeDegrees>
       <LongitudeDegrees>139.7845664</LongitudeDegrees>
      </Position>
      <AltitudeMeters>1</AltitudeMeters>
      <DistanceMeters>124</DistanceMeters>
      <HeartRateBpm>
       <Value>109</Value>
      </HeartRateBpm>
      <Cadence>69</Cadence>
      <Extensions>
       <Speed>5.140000</Speed>
      </Extensions>
     </Trackpoint>
     <Trackpoint>
      <Time>2026-06-10T07:43:00Z</Time>
      <Position>
       <LatitudeDegrees>35.7023539</LatitudeDegrees>
       <LongitudeDegrees>139.7845609</LongitudeDegrees>
      </Position>
      <AltitudeMeters>1</AltitudeMeters>
      <DistanceMeters>126</DistanceMeters>
      <HeartRateBpm>
       <Value>109</Value>
      </HeartRateBpm>
      <Cadence>69</Cadence>
      <Extensions>
       <Speed>5.140000</Speed>
      </Extensions>
     </Trackpoint>
     <Trackpoint>
      <Time>2026-06-10T07:43:01Z</Time>
      <Position>
       <LatitudeDegrees>35.7023384</LatitudeDegrees>
       <LongitudeDegrees>139.7845545</LongitudeDegrees>
      </Position>
      <AltitudeMeters>1</AltitudeMeters>
      <DistanceMeters>128</DistanceMeters>
      <HeartRateBpm>
       <Value>108</Value>
      </HeartRateBpm>
      <Cadence>69</Cadence>
      <Extensions>
       <Speed>5.140000</Speed>
      </Extensions>
     </Trackpoint>
     <Trackpoint>
      <Time>2026-06-10T07:43:02Z</Time>
      <Position>
       <LatitudeDegrees>35.7023229</LatitudeDegrees>
       <LongitudeDegrees>139.7845482</LongitudeDegrees>
      </Position>
      <AltitudeMeters>1</AltitudeMeters>
      <DistanceMeters>129</DistanceMeters>
      <HeartRateBpm>
       <Value>109</Value>
      </HeartRateBpm>
      <Cadence>69</Cadence>
      <Extensions>
       <Speed>5.150000</Speed>
      </Extensions>
     </Trackpoint>
     <Trackpoint>
      <Time>2026-06-10T07:43:03Z</Time>
      <Position>
       <LatitudeDegrees>35.7023147</LatitudeDegrees>
       <LongitudeDegrees>139.7845438</LongitudeDegrees>
      </Position>
      <AltitudeMeters>1</AltitudeMeters>
      <DistanceMeters>130</DistanceMeters>
      <HeartRateBpm>
       <Value>109</Value>
      </HeartRateBpm>
      <Cadence>69</Cadence>
      <Extensions>
       <Speed>5.160000</Speed>
      </Extensions>
     </Trackpoint>
     <Trackpoint>
      <Time>2026-06-10T07:43:04Z</Time>
      <Position>
       <LatitudeDegrees>35.7023065</LatitudeDegrees>
       <LongitudeDegrees>139.7845394</LongitudeDegrees>
      </Position>
      <AltitudeMeters>1</AltitudeMeters>
      <DistanceMeters>131</DistanceMeters>
      <HeartRateBpm>
       <Value>109</Value>
      </HeartRateBpm>
      <Cadence>69</Cadence>
      <Extensions>
       <Speed>5.170000</Speed>
      </Extensions>
     </Trackpoint>
     <Trackpoint>
      <Time>2026-06-10T07:43:05Z</Time>
      <Position>
       <LatitudeDegrees>35.7022944</LatitudeDegrees>
       <LongitudeDegrees>139.7845348</LongitudeDegrees>
      </Position>
      <AltitudeMeters>1</AltitudeMeters>
      <DistanceMeters>132</DistanceMeters>
      <HeartRateBpm>
       <Value>109</Value>
      </HeartRateBpm>
      <Cadence>69</Cadence>
      <Extensions>
       <Speed>5.180000</Speed>
      </Extensions>
     </Trackpoint>
     <Trackpoint>
      <Time>2026-06-10T07:43:06Z</Time>
      <Position>
       <LatitudeDegrees>35.7022824</LatitudeDegrees>
       <LongitudeDegrees>139.7845302</LongitudeDegrees>
      </Position>
      <AltitudeMeters>1</AltitudeMeters>
      <DistanceMeters>133</DistanceMeters>
      <HeartRateBpm>
       <Value>109</Value>
      </HeartRateBpm>
      <Cadence>69</Cadence>
      <Extensions>
       <Speed>5.190000</Speed>
      </Extensions>
     </Trackpoint>
     <Trackpoint>
      <Time>2026-06-10T07:43:07Z</Time>
      <Position>
       <LatitudeDegrees>35.7022735</LatitudeDegrees>
       <LongitudeDegrees>139.7845352</LongitudeDegrees>
      </Position>
      <AltitudeMeters>1</AltitudeMeters>
      <DistanceMeters>134</DistanceMeters>
      <HeartRateBpm>
       <Value>109</Value>
      </HeartRateBpm>
      <Cadence>69</Cadence>
      <Extensions>
       <Speed>5.200000</Speed>
      </Extensions>
     </Trackpoint>
     <Trackpoint>
      <Time>2026-06-10T07:43:08Z</Time>
      <Position>
       <LatitudeDegrees>35.7022646</LatitudeDegrees>
       <LongitudeDegrees>139.7845403</LongitudeDegrees>
      </Position>
      <AltitudeMeters>1</AltitudeMeters>
      <DistanceMeters>136</DistanceMeters>
      <HeartRateBpm>
       <Value>109</Value>
      </HeartRateBpm>
      <Cadence>69</Cadence>
      <Extensions>
       <Speed>5.220000</Speed>
      </Extensions>
     </Trackpoint>
     <Trackpoint>
      <Time>2026-06-10T07:43:09Z</Time>
      <Position>
       <LatitudeDegrees>35.7022580</LatitudeDegrees>
       <LongitudeDegrees>139.7845561</LongitudeDegrees>
      </Position>
      <AltitudeMeters>1</AltitudeMeters>
      <DistanceMeters>139</DistanceMeters>
      <HeartRateBpm>
       <Value>109</Value>
      </HeartRateBpm>
      <Cadence>70</Cadence>
      <Extensions>
       <Speed>5.250000</Speed>
      </Extensions>
     </Trackpoint>
     <Trackpoint>
      <Time>2026-06-10T07:43:10Z</Time>
      <Position>
       <LatitudeDegrees>35.7022514</LatitudeDegrees>
       <LongitudeDegrees>139.7845720</LongitudeDegrees>
      </Position>
      <AltitudeMeters>1</AltitudeMeters>
      <DistanceMeters>140</DistanceMeters>
      <HeartRateBpm>
       <Value>109</Value>
      </HeartRateBpm>
      <Cadence>70</Cadence>
      <Extensions>
       <Speed>5.260000</Speed>
      </Extensions>
     </Trackpoint>
     <Trackpoint>
      <Time>2026-06-10T07:43:11Z</Time>
      <Position>
       <LatitudeDegrees>35.7022467</LatitudeDegrees>
       <LongitudeDegrees>139.7845920</LongitudeDegrees>
      </Position>
      <AltitudeMeters>1</AltitudeMeters>
      <DistanceMeters>142</DistanceMeters>
      <HeartRateBpm>
       <Value>109</Value>
      </HeartRateBpm>
      <Cadence>70</Cadence>
      <Extensions>
       <Speed>5.280000</Speed>
      </Extensions>
     </Trackpoint>
     <Trackpoint>
      <Time>2026-06-10T07:43:12Z</Time>
      <Position>
       <LatitudeDegrees>35.7022420</LatitudeDegrees>
       <LongitudeDegrees>139.7846120</LongitudeDegrees>
      </Position>
      <AltitudeMeters>1</AltitudeMeters>
      <DistanceMeters>144</DistanceMeters>
      <HeartRateBpm>
       <Value>109</Value>
      </HeartRateBpm>
      <Cadence>70</Cadence>
      <Extensions>
       <Speed>5.300000</Speed>
      </Extensions>
     </Trackpoint>
     <Trackpoint>
      <Time>2026-06-10T07:43:13Z</Time>
      <Position>
       <LatitudeDegrees>35.7022394</LatitudeDegrees>
       <LongitudeDegrees>139.7846330</LongitudeDegrees>
      </Position>
      <AltitudeMeters>1</AltitudeMeters>
      <DistanceMeters>146</DistanceMeters>
      <HeartRateBpm>
       <Value>109</Value>
      </HeartRateBpm>
      <Cadence>70</Cadence>
      <Extensions>
       <Speed>5.330000</Speed>
      </Extensions>
     </Trackpoint>
     <Trackpoint>
      <Time>2026-06-10T07:43:14Z</Time>
      <Position>
       <LatitudeDegrees>35.7022368</LatitudeDegrees>
       <LongitudeDegrees>139.7846540</LongitudeDegrees>
      </Position>
      <AltitudeMeters>1</AltitudeMeters>
      <DistanceMeters>148</DistanceMeters>
      <HeartRateBpm>
       <Value>109</Value>
      </HeartRateBpm>
      <Cadence>70</Cadence>
      <Extensions>
       <Speed>5.340000</Speed>
      </Extensions>
     </Trackpoint>
     <Trackpoint>
      <Time>2026-06-10T07:43:15Z</Time>
      <Position>
       <LatitudeDegrees>35.7022362</LatitudeDegrees>
       <LongitudeDegrees>139.7846728</LongitudeDegrees>
      </Position>
      <AltitudeMeters>1</AltitudeMeters>
      <DistanceMeters>149</DistanceMeters>
      <HeartRateBpm>
       <Value>109</Value>
      </HeartRateBpm>
      <Cadence>70</Cadence>
      <Extensions>
       <Speed>5.360000</Speed>
      </Extensions>
     </Trackpoint>
     <Trackpoint>
      <Time>2026-06-10T07:43:16Z</Time>
      <Position>
       <LatitudeDegrees>35.7022356</LatitudeDegrees>
       <LongitudeDegrees>139.7846916</LongitudeDegrees>
      </Position>
      <AltitudeMeters>1</AltitudeMeters>
      <DistanceMeters>150</DistanceMeters>
      <HeartRateBpm>
       <Value>109</Value>
      </HeartRateBpm>
      <Cadence>70</Cadence>
      <Extensions>
       <Speed>5.370000</Speed>
      </Extensions>
     </Trackpoint>
     <Trackpoint>
      <Time>2026-06-10T07:43:17Z</Time>
      <Position>
       <LatitudeDegrees>35.7022357</LatitudeDegrees>
       <LongitudeDegrees>139.7847077</LongitudeDegrees>
      </Position>
      <AltitudeMeters>1</AltitudeMeters>
      <DistanceMeters>151</DistanceMeters>
      <HeartRateBpm>
       <Value>108</Value>
      </HeartRateBpm>
      <Cadence>70</Cadence>
      <Extensions>
       <Speed>5.390000</Speed>
      </Extensions>
     </Trackpoint>
     <Trackpoint>
      <Time>2026-06-10T07:43:18Z</Time>
      <Position>
       <LatitudeDegrees>35.7022358</LatitudeDegrees>
       <LongitudeDegrees>139.7847239</LongitudeDegrees>
      </Position>
      <AltitudeMeters>1</AltitudeMeters>
      <DistanceMeters>152</DistanceMeters>
      <HeartRateBpm>
       <Value>108</Value>
      </HeartRateBpm>
      <Cadence>69</Cadence>
      <Extensions>
       <Speed>5.390000</Speed>
      </Extensions>
     </Trackpoint>
     <Trackpoint>
      <Time>2026-06-10T07:43:19Z</Time>
      <Position>
       <LatitudeDegrees>35.7022333</LatitudeDegrees>
       <LongitudeDegrees>139.7847395</LongitudeDegrees>
      </Position>
      <AltitudeMeters>1</AltitudeMeters>
      <DistanceMeters>154</DistanceMeters>
      <HeartRateBpm>
       <Value>108</Value>
      </HeartRateBpm>
      <Cadence>69</Cadence>
      <Extensions>
       <Speed>5.400000</Speed>
      </Extensions>
     </Trackpoint>
     <Trackpoint>
      <Time>2026-06-10T07:43:20Z</Time>
      <Position>
       <LatitudeDegrees>35.7022309</LatitudeDegrees>
       <LongitudeDegrees>139.7847551</LongitudeDegrees>
      </Position>
      <AltitudeMeters>1</AltitudeMeters>
      <DistanceMeters>156</DistanceMeters>
      <HeartRateBpm>
       <Value>108</Value>
      </HeartRateBpm>
      <Cadence>68</Cadence>
      <Extensions>
       <Speed>5.410000</Speed>
      </Extensions>
     </Trackpoint>
     <Trackpoint>
      <Time>2026-06-10T07:43:21Z</Time>
      <Position>
       <LatitudeDegrees>35.7022253</LatitudeDegrees>
       <LongitudeDegrees>139.7847709</LongitudeDegrees>
      </Position>
      <AltitudeMeters>1</AltitudeMeters>
      <DistanceMeters>158</DistanceMeters>
      <HeartRateBpm>
       <Value>108</Value>
      </HeartRateBpm>
      <Cadence>68</Cadence>
      <Extensions>
       <Speed>5.420000</Speed>
      </Extensions>
     </Trackpoint>
     <Trackpoint>
      <Time>2026-06-10T07:43:22Z</Time>
      <Position>
       <LatitudeDegrees>35.7022198</LatitudeDegrees>
       <LongitudeDegrees>139.7847868</LongitudeDegrees>
      </Position>
      <AltitudeMeters>1</AltitudeMeters>
      <DistanceMeters>160</DistanceMeters>
      <HeartRateBpm>
       <Value>108</Value>
      </HeartRateBpm>
      <Cadence>68</Cadence>
      <Extensions>
       <Speed>5.420000</Speed>
      </Extensions>
     </Trackpoint>
     <Trackpoint>
      <Time>2026-06-10T07:43:23Z</Time>
      <Position>
       <LatitudeDegrees>35.7022148</LatitudeDegrees>
       <LongitudeDegrees>139.7848023</LongitudeDegrees>
      </Position>
      <AltitudeMeters>1</AltitudeMeters>
      <DistanceMeters>161</DistanceMeters>
      <HeartRateBpm>
       <Value>108</Value>
      </HeartRateBpm>
      <Cadence>68</Cadence>
      <Extensions>
       <Speed>5.430000</Speed>
      </Extensions>
     </Trackpoint>
     <Trackpoint>
      <Time>2026-06-10T07:43:24Z</Time>
      <Position>
       <LatitudeDegrees>35.7022098</LatitudeDegrees>
       <LongitudeDegrees>139.7848179</LongitudeDegrees>
      </Position>
      <AltitudeMeters>1</AltitudeMeters>
      <DistanceMeters>162</DistanceMeters>
      <HeartRateBpm>
       <Value>108</Value>
      </HeartRateBpm>
      <Cadence>68</Cadence>
      <Extensions>
       <Speed>5.430000</Speed>
      </Extensions>
     </Trackpoint>
     <Trackpoint>
      <Time>2026-06-10T07:43:25Z</Time>
      <Position>
       <LatitudeDegrees>35.7022039</LatitudeDegrees>
       <LongitudeDegrees>139.7848323</LongitudeDegrees>
      </Position>
      <AltitudeMeters>1</AltitudeMeters>
      <DistanceMeters>163</DistanceMeters>
      <HeartRateBpm>
       <Value>108</Value>
      </HeartRateBpm>
      <Cadence>68</Cadence>
      <Extensions>
       <Speed>5.440000</Speed>
      </Extensions>
     </Trackpoint>
     <Trackpoint>
      <Time>2026-06-10T07:43:26Z</Time>
      <Position>
       <LatitudeDegrees>35.7021980</LatitudeDegrees>
       <LongitudeDegrees>139.7848467</LongitudeDegrees>
      </Position>
      <AltitudeMeters>1</AltitudeMeters>
      <DistanceMeters>166</DistanceMeters>
      <HeartRateBpm>
       <Value>108</Value>
      </HeartRateBpm>
      <Cadence>68</Cadence>
      <Extensions>
       <Speed>5.440000</Speed>
      </Extensions>
     </Trackpoint>
     <Trackpoint>
      <Time>2026-06-10T07:43:27Z</Time>
      <Position>
       <LatitudeDegrees>35.7021872</LatitudeDegrees>
       <LongitudeDegrees>139.7848596</LongitudeDegrees>
      </Position>
      <AltitudeMeters>1</AltitudeMeters>
      <DistanceMeters>168</DistanceMeters>
      <HeartRateBpm>
       <Value>108</Value>
      </HeartRateBpm>
      <Cadence>68</Cadence>
      <Extensions>
       <Speed>5.440000</Speed>
      </Extensions>
     </Trackpoint>
     <Trackpoint>
      <Time>2026-06-10T07:43:28Z</Time>
      <Position>
       <LatitudeDegrees>35.7021764</LatitudeDegrees>
       <LongitudeDegrees>139.7848726</LongitudeDegrees>
      </Position>
      <AltitudeMeters>1</AltitudeMeters>
      <DistanceMeters>170</DistanceMeters>
      <HeartRateBpm>
       <Value>108</Value>
      </HeartRateBpm>
      <Cadence>68</Cadence>
      <Extensions>
       <Speed>5.440000</Speed>
      </Extensions>
     </Trackpoint>
     <Trackpoint>
      <Time>2026-06-10T07:43:29Z</Time>
      <Position>
       <LatitudeDegrees>35.7021632</LatitudeDegrees>
       <LongitudeDegrees>139.7848829</LongitudeDegrees>
      </Position>
      <AltitudeMeters>1</AltitudeMeters>
      <DistanceMeters>171</DistanceMeters>
      <HeartRateBpm>
       <Value>108</Value>
      </HeartRateBpm>
      <Cadence>68</Cadence>
      <Extensions>
       <Speed>5.450000</Speed>
      </Extensions>
     </Trackpoint>
     <Trackpoint>
      <Time>2026-06-10T07:43:30Z</Time>
      <Position>
       <LatitudeDegrees>35.7021500</LatitudeDegrees>
       <LongitudeDegrees>139.7848932</LongitudeDegrees>
      </Position>
      <AltitudeMeters>1</AltitudeMeters>
      <DistanceMeters>172</DistanceMeters>
      <HeartRateBpm>
       <Value>108</Value>
      </HeartRateBpm>
      <Cadence>68</Cadence>
      <Extensions>
       <Speed>5.460000</Speed>
      </Extensions>
     </Trackpoint>
     <Trackpoint>
      <Time>2026-06-10T07:43:31Z</Time>
      <Position>
       <LatitudeDegrees>35.7021367</LatitudeDegrees>
       <LongitudeDegrees>139.7848969</LongitudeDegrees>
      </Position>
      <AltitudeMeters>1</AltitudeMeters>
      <DistanceMeters>174</DistanceMeters>
      <HeartRateBpm>
       <Value>108</Value>
      </HeartRateBpm>
      <Cadence>68</Cadence>
      <Extensions>
       <Speed>5.480000</Speed>
      </Extensions>
     </Trackpoint>
     <Trackpoint>
      <Time>2026-06-10T07:43:32Z</Time>
      <Position>
       <LatitudeDegrees>35.7021234</LatitudeDegrees>
       <LongitudeDegrees>139.7849007</LongitudeDegrees>
      </Position>
      <AltitudeMeters>1</AltitudeMeters>
      <DistanceMeters>175</DistanceMeters>
      <HeartRateBpm>
       <Value>108</Value>
      </HeartRateBpm>
      <Cadence>68</Cadence>
      <Extensions>
       <Speed>5.480000</Speed>
      </Extensions>
     </Trackpoint>
     <Trackpoint>
      <Time>2026-06-10T07:43:33Z</Time>
      <Position>
       <LatitudeDegrees>35.7021113</LatitudeDegrees>
       <LongitudeDegrees>139.7848971</LongitudeDegrees>
      </Position>
      <AltitudeMeters>1</AltitudeMeters>
      <DistanceMeters>176</DistanceMeters>
      <HeartRateBpm>
       <Value>108</Value>
      </HeartRateBpm>
      <Cadence>69</Cadence>
      <Extensions>
       <Speed>5.490000</Speed>
      </Extensions>
     </Trackpoint>
     <Trackpoint>
      <Time>2026-06-10T07:43:34Z</Time>
      <Position>
       <LatitudeDegrees>35.7020992</LatitudeDegrees>
       <LongitudeDegrees>139.7848935</LongitudeDegrees>
      </Position>
      <AltitudeMeters>1</AltitudeMeters>
      <DistanceMeters>178</DistanceMeters>
      <HeartRateBpm>
       <Value>108</Value>
      </HeartRateBpm>
      <Cadence>69</Cadence>
      <Extensions>
       <Speed>5.490000</Speed>
      </Extensions>
     </Trackpoint>
     <Trackpoint>
      <Time>2026-06-10T07:43:35Z</Time>
      <Position>
       <LatitudeDegrees>35.7020891</LatitudeDegrees>
       <LongitudeDegrees>139.7848843</LongitudeDegrees>
      </Position>
      <AltitudeMeters>1</AltitudeMeters>
      <DistanceMeters>179</DistanceMeters>
      <HeartRateBpm>
       <Value>108</Value>
      </HeartRateBpm>
      <Cadence>69</Cadence>
      <Extensions>
       <Speed>5.500000</Speed>
      </Extensions>
     </Trackpoint>
     <Trackpoint>
      <Time>2026-06-10T07:43:36Z</Time>
      <Position>
       <LatitudeDegrees>35.7020791</LatitudeDegrees>
       <LongitudeDegrees>139.7848751</LongitudeDegrees>
      </Position>
      <AltitudeMeters>1</AltitudeMeters>
      <DistanceMeters>180</DistanceMeters>
      <HeartRateBpm>
       <Value>109</Value>
      </HeartRateBpm>
      <Cadence>69</Cadence>
      <Extensions>
       <Speed>5.490000</Speed>
      </Extensions>
     </Trackpoint>
     <Trackpoint>
      <Time>2026-06-10T07:43:37Z</Time>
      <Position>
       <LatitudeDegrees>35.7020696</LatitudeDegrees>
       <LongitudeDegrees>139.7848666</LongitudeDegrees>
      </Position>
      <AltitudeMeters>1</AltitudeMeters>
      <DistanceMeters>182</DistanceMeters>
      <HeartRateBpm>
       <Value>109</Value>
      </HeartRateBpm>
      <Cadence>69</Cadence>
      <Extensions>
       <Speed>5.490000</Speed>
      </Extensions>
     </Trackpoint>
     <Trackpoint>
      <Time>2026-06-10T07:43:38Z</Time>
      <Position>
       <LatitudeDegrees>35.7020602</LatitudeDegrees>
       <LongitudeDegrees>139.7848582</LongitudeDegrees>
      </Position>
      <AltitudeMeters>1</AltitudeMeters>
      <DistanceMeters>184</DistanceMeters>
      <HeartRateBpm>
       <Value>109</Value>
      </HeartRateBpm>
      <Cadence>68</Cadence>
      <Extensions>
       <Speed>5.480000</Speed>
      </Extensions>
     </Trackpoint>
     <Trackpoint>
      <Time>2026-06-10T07:43:39Z</Time>
      <Position>
       <LatitudeDegrees>35.7020488</LatitudeDegrees>
       <LongitudeDegrees>139.7848506</LongitudeDegrees>
      </Position>
      <AltitudeMeters>1</AltitudeMeters>
      <DistanceMeters>185</DistanceMeters>
      <HeartRateBpm>
       <Value>110</Value>
      </HeartRateBpm>
      <Cadence>68</Cadence>
      <Extensions>
       <Speed>5.470000</Speed>
      </Extensions>
     </Trackpoint>
     <Trackpoint>
      <Time>2026-06-10T07:43:40Z</Time>
      <Position>
       <LatitudeDegrees>35.7020374</LatitudeDegrees>
       <LongitudeDegrees>139.7848431</LongitudeDegrees>
      </Position>
      <AltitudeMeters>1</AltitudeMeters>
      <DistanceMeters>186</DistanceMeters>
      <HeartRateBpm>
       <Value>109</Value>
      </HeartRateBpm>
      <Cadence>68</Cadence>
      <Extensions>
       <Speed>5.450000</Speed>
      </Extensions>
     </Trackpoint>
     <Trackpoint>
      <Time>2026-06-10T07:43:41Z</Time>
      <Position>
       <LatitudeDegrees>35.7020253</LatitudeDegrees>
       <LongitudeDegrees>139.7848369</LongitudeDegrees>
      </Position>
      <AltitudeMeters>1</AltitudeMeters>
      <DistanceMeters>187</DistanceMeters>
      <HeartRateBpm>
       <Value>109</Value>
      </HeartRateBpm>
      <Cadence>67</Cadence>
      <Extensions>
       <Speed>5.440000</Speed>
      </Extensions>
     </Trackpoint>
     <Trackpoint>
      <Time>2026-06-10T07:43:42Z</Time>
      <Position>
       <LatitudeDegrees>35.7020133</LatitudeDegrees>
       <LongitudeDegrees>139.7848307</LongitudeDegrees>
      </Position>
      <AltitudeMeters>1</AltitudeMeters>
      <DistanceMeters>188</DistanceMeters>
      <HeartRateBpm>
       <Value>109</Value>
      </HeartRateBpm>
      <Cadence>67</Cadence>
      <Extensions>
       <Speed>5.430000</Speed>
      </Extensions>
     </Trackpoint>
     <Trackpoint>
      <Time>2026-06-10T07:43:43Z</Time>
      <Position>
       <LatitudeDegrees>35.7020013</LatitudeDegrees>
       <LongitudeDegrees>139.7848269</LongitudeDegrees>
      </Position>
      <AltitudeMeters>1</AltitudeMeters>
      <DistanceMeters>190</DistanceMeters>
      <HeartRateBpm>
       <Value>109</Value>
      </HeartRateBpm>
      <Cadence>67</Cadence>
      <Extensions>
       <Speed>5.430000</Speed>
      </Extensions>
     </Trackpoint>
     <Trackpoint>
      <Time>2026-06-10T07:43:44Z</Time>
      <Position>
       <LatitudeDegrees>35.7019893</LatitudeDegrees>
       <LongitudeDegrees>139.7848232</LongitudeDegrees>
      </Position>
      <AltitudeMeters>1</AltitudeMeters>
      <DistanceMeters>192</DistanceMeters>
      <HeartRateBpm>
       <Value>109</Value>
      </HeartRateBpm>
      <Cadence>67</Cadence>
      <Extensions>
       <Speed>5.420000</Speed>
      </Extensions>
     </Trackpoint>
     <Trackpoint>
      <Time>2026-06-10T07:43:45Z</Time>
      <Position>
       <LatitudeDegrees>35.7019764</LatitudeDegrees>
       <LongitudeDegrees>139.7848238</LongitudeDegrees>
      </Position>
      <AltitudeMeters>1</AltitudeMeters>
      <DistanceMeters>193</DistanceMeters>
      <HeartRateBpm>
       <Value>109</Value>
      </HeartRateBpm>
      <Cadence>67</Cadence>
      <Extensions>
       <Speed>5.410000</Speed>
      </Extensions>
     </Trackpoint>
     <Trackpoint>
      <Time>2026-06-10T07:43:46Z</Time>
      <Position>
       <LatitudeDegrees>35.7019636</LatitudeDegrees>
       <LongitudeDegrees>139.7848245</LongitudeDegrees>
      </Position>
      <AltitudeMeters>1</AltitudeMeters>
      <DistanceMeters>194</DistanceMeters>
      <HeartRateBpm>
       <Value>109</Value>
      </HeartRateBpm>
      <Cadence>67</Cadence>
      <Extensions>
       <Speed>5.400000</Speed>
      </Extensions>
     </Trackpoint>
     <Trackpoint>
      <Time>2026-06-10T07:43:47Z</Time>
      <Position>
       <LatitudeDegrees>35.7019519</LatitudeDegrees>
       <LongitudeDegrees>139.7848278</LongitudeDegrees>
      </Position>
      <AltitudeMeters>1</AltitudeMeters>
      <DistanceMeters>196</DistanceMeters>
      <HeartRateBpm>
       <Value>109</Value>
      </HeartRateBpm>
      <Cadence>67</Cadence>
      <Extensions>
       <Speed>5.400000</Speed>
      </Extensions>
     </Trackpoint>
     <Trackpoint>
      <Time>2026-06-10T07:43:48Z</Time>
      <Position>
       <LatitudeDegrees>35.7019403</LatitudeDegrees>
       <LongitudeDegrees>139.7848311</LongitudeDegrees>
      </Position>
      <AltitudeMeters>1</AltitudeMeters>
      <DistanceMeters>197</DistanceMeters>
      <HeartRateBpm>
       <Value>109</Value>
      </HeartRateBpm>
      <Cadence>68</Cadence>
      <Extensions>
       <Speed>5.390000</Speed>
      </Extensions>
     </Trackpoint>
     <Trackpoint>
      <Time>2026-06-10T07:43:49Z</Time>
      <Position>
       <LatitudeDegrees>35.7019342</LatitudeDegrees>
       <LongitudeDegrees>139.7848397</LongitudeDegrees>
      </Position>
      <AltitudeMeters>1</AltitudeMeters>
      <DistanceMeters>198</DistanceMeters>
      <HeartRateBpm>
       <Value>110</Value>
      </HeartRateBpm>
      <Cadence>69</Cadence>
      <Extensions>
       <Speed>5.390000</Speed>
      </Extensions>
     </Trackpoint>
     <Trackpoint>
      <Time>2026-06-10T07:43:50Z</Time>
      <Position>
       <LatitudeDegrees>35.7019282</LatitudeDegrees>
       <LongitudeDegrees>139.7848484</LongitudeDegrees>
      </Position>
      <AltitudeMeters>1</AltitudeMeters>
      <DistanceMeters>200</DistanceMeters>
      <HeartRateBpm>
       <Value>111</Value>
      </HeartRateBpm>
      <Cadence>69</Cadence>
      <Extensions>
       <Speed>5.380000</Speed>
      </Extensions>
     </Trackpoint>
     <Trackpoint>
      <Time>2026-06-10T07:43:51Z</Time>
      <Position>
       <LatitudeDegrees>35.7019276</LatitudeDegrees>
       <LongitudeDegrees>139.7848630</LongitudeDegrees>
      </Position>
      <AltitudeMeters>1</AltitudeMeters>
      <DistanceMeters>201</DistanceMeters>
      <HeartRateBpm>
       <Value>111</Value>
      </HeartRateBpm>
      <Cadence>70</Cadence>
      <Extensions>
       <Speed>5.370000</Speed>
      </Extensions>
     </Trackpoint>
     <Trackpoint>
      <Time>2026-06-10T07:43:52Z</Time>
      <Position>
       <LatitudeDegrees>35.7019270</LatitudeDegrees>
       <LongitudeDegrees>139.7848776</LongitudeDegrees>
      </Position>
      <AltitudeMeters>1</AltitudeMeters>
      <DistanceMeters>202</DistanceMeters>
      <HeartRateBpm>
       <Value>112</Value>
      </HeartRateBpm>
      <Cadence>70</Cadence>
      <Extensions>
       <Speed>5.360000</Speed>
      </Extensions>
     </Trackpoint>
     <Trackpoint>
      <Time>2026-06-10T07:43:53Z</Time>
      <Position>
       <LatitudeDegrees>35.7019288</LatitudeDegrees>
       <LongitudeDegrees>139.7848955</LongitudeDegrees>
      </Position>
      <AltitudeMeters>1</AltitudeMeters>
      <DistanceMeters>204</DistanceMeters>
      <HeartRateBpm>
       <Value>112</Value>
      </HeartRateBpm>
      <Cadence>70</Cadence>
      <Extensions>
       <Speed>5.350000</Speed>
      </Extensions>
     </Trackpoint>
     <Trackpoint>
      <Time>2026-06-10T07:43:54Z</Time>
      <Position>
       <LatitudeDegrees>35.7019307</LatitudeDegrees>
       <LongitudeDegrees>139.7849134</LongitudeDegrees>
      </Position>
      <AltitudeMeters>1</AltitudeMeters>
      <DistanceMeters>206</DistanceMeters>
      <HeartRateBpm>
       <Value>112</Value>
      </HeartRateBpm>
      <Cadence>70</Cadence>
      <Extensions>
       <Speed>5.340000</Speed>
      </Extensions>
     </Trackpoint>
     <Trackpoint>
      <Time>2026-06-10T07:43:55Z</Time>
      <Position>
       <LatitudeDegrees>35.7019323</LatitudeDegrees>
       <LongitudeDegrees>139.7849317</LongitudeDegrees>
      </Position>
      <AltitudeMeters>1</AltitudeMeters>
      <DistanceMeters>207</DistanceMeters>
      <HeartRateBpm>
       <Value>112</Value>
      </HeartRateBpm>
      <Cadence>70</Cadence>
      <Extensions>
       <Speed>5.340000</Speed>
      </Extensions>
     </Trackpoint>
     <Trackpoint>
      <Time>2026-06-10T07:43:56Z</Time>
      <Position>
       <LatitudeDegrees>35.7019340</LatitudeDegrees>
       <LongitudeDegrees>139.7849501</LongitudeDegrees>
      </Position>
      <AltitudeMeters>1</AltitudeMeters>
      <DistanceMeters>209</DistanceMeters>
      <HeartRateBpm>
       <Value>112</Value>
      </HeartRateBpm>
      <Cadence>70</Cadence>
      <Extensions>
       <Speed>5.330000</Speed>
      </Extensions>
     </Trackpoint>
     <Trackpoint>
      <Time>2026-06-10T07:43:57Z</Time>
      <Position>
       <LatitudeDegrees>35.7019352</LatitudeDegrees>
       <LongitudeDegrees>139.7849683</LongitudeDegrees>
      </Position>
      <AltitudeMeters>1</AltitudeMeters>
      <DistanceMeters>211</DistanceMeters>
      <HeartRateBpm>
       <Value>112</Value>
      </HeartRateBpm>
      <Cadence>70</Cadence>
      <Extensions>
       <Speed>5.330000</Speed>
      </Extensions>
     </Trackpoint>
     <Trackpoint>
      <Time>2026-06-10T07:43:58Z</Time>
      <Position>
       <LatitudeDegrees>35.7019365</LatitudeDegrees>
       <LongitudeDegrees>139.7849865</LongitudeDegrees>
      </Position>
      <AltitudeMeters>1</AltitudeMeters>
      <DistanceMeters>212</DistanceMeters>
      <HeartRateBpm>
       <Value>112</Value>
      </HeartRateBpm>
      <Cadence>70</Cadence>
      <Extensions>
       <Speed>5.320000</Speed>
      </Extensions>
     </Trackpoint>
     <Trackpoint>
      <Time>2026-06-10T07:43:59Z</Time>
      <Position>
       <LatitudeDegrees>35.7019349</LatitudeDegrees>
       <LongitudeDegrees>139.7850031</LongitudeDegrees>
      </Position>
      <AltitudeMeters>1</AltitudeMeters>
      <DistanceMeters>214</DistanceMeters>
      <HeartRateBpm>
       <Value>112</Value>
      </HeartRateBpm>
      <Cadence>70</Cadence>
      <Extensions>
       <Speed>5.320000</Speed>
      </Extensions>
     </Trackpoint>
     <Trackpoint>
      <Time>2026-06-10T07:44:00Z</Time>
      <Position>
       <LatitudeDegrees>35.7019334</LatitudeDegrees>
       <LongitudeDegrees>139.7850197</LongitudeDegrees>
      </Position>
      <AltitudeMeters>1</AltitudeMeters>
      <DistanceMeters>215</DistanceMeters>
      <HeartRateBpm>
       <Value>112</Value>
      </HeartRateBpm>
      <Cadence>70</Cadence>
      <Extensions>
       <Speed>5.310000</Speed>
      </Extensions>
     </Trackpoint>
     <Trackpoint>
      <Time>2026-06-10T07:44:01Z</Time>
      <Position>
       <LatitudeDegrees>35.7019304</LatitudeDegrees>
       <LongitudeDegrees>139.7850355</LongitudeDegrees>
      </Position>
      <AltitudeMeters>1</AltitudeMeters>
      <DistanceMeters>216</DistanceMeters>
      <HeartRateBpm>
       <Value>113</Value>
      </HeartRateBpm>
      <Cadence>70</Cadence>
      <Extensions>
       <Speed>5.310000</Speed>
      </Extensions>
     </Trackpoint>
     <Trackpoint>
      <Time>2026-06-10T07:44:02Z</Time>
      <Position>
       <LatitudeDegrees>35.7019274</LatitudeDegrees>
       <LongitudeDegrees>139.7850513</LongitudeDegrees>
      </Position>
      <AltitudeMeters>1</AltitudeMeters>
      <DistanceMeters>218</DistanceMeters>
      <HeartRateBpm>
       <Value>112</Value>
      </HeartRateBpm>
      <Cadence>69</Cadence>
      <Extensions>
       <Speed>5.310000</Speed>
      </Extensions>
     </Trackpoint>
     <Trackpoint>
      <Time>2026-06-10T07:44:03Z</Time>
      <Position>
       <LatitudeDegrees>35.7019242</LatitudeDegrees>
       <LongitudeDegrees>139.7850666</LongitudeDegrees>
      </Position>
      <AltitudeMeters>1</AltitudeMeters>
      <DistanceMeters>219</DistanceMeters>
      <HeartRateBpm>
       <Value>112</Value>
      </HeartRateBpm>
      <Cadence>69</Cadence>
      <Extensions>
       <Speed>5.320000</Speed>
      </Extensions>
     </Trackpoint>
     <Trackpoint>
      <Time>2026-06-10T07:44:04Z</Time>
      <Position>
       <LatitudeDegrees>35.7019211</LatitudeDegrees>
       <LongitudeDegrees>139.7850819</LongitudeDegrees>
      </Position>
      <AltitudeMeters>1</AltitudeMeters>
      <DistanceMeters>220</DistanceMeters>
      <HeartRateBpm>
       <Value>112</Value>
      </HeartRateBpm>
      <Cadence>69</Cadence>
      <Extensions>
       <Speed>5.310000</Speed>
      </Extensions>
     </Trackpoint>
     <Trackpoint>
      <Time>2026-06-10T07:44:05Z</Time>
      <Position>
       <LatitudeDegrees>35.7019182</LatitudeDegrees>
       <LongitudeDegrees>139.7850969</LongitudeDegrees>
      </Position>
      <AltitudeMeters>1</AltitudeMeters>
      <DistanceMeters>222</DistanceMeters>
      <HeartRateBpm>
       <Value>112</Value>
      </HeartRateBpm>
      <Cadence>69</Cadence>
      <Extensions>
       <Speed>5.310000</Speed>
      </Extensions>
     </Trackpoint>
     <Trackpoint>
      <Time>2026-06-10T07:44:06Z</Time>
      <Position>
       <LatitudeDegrees>35.7019154</LatitudeDegrees>
       <LongitudeDegrees>139.7851119</LongitudeDegrees>
      </Position>
      <AltitudeMeters>1</AltitudeMeters>
      <DistanceMeters>224</DistanceMeters>
      <HeartRateBpm>
       <Value>112</Value>
      </HeartRateBpm>
      <Cadence>69</Cadence>
      <Extensions>
       <Speed>5.310000</Speed>
      </Extensions>
     </Trackpoint>
     <Trackpoint>
      <Time>2026-06-10T07:44:07Z</Time>
      <Position>
       <LatitudeDegrees>35.7019123</LatitudeDegrees>
       <LongitudeDegrees>139.7851268</LongitudeDegrees>
      </Position>
      <AltitudeMeters>1</AltitudeMeters>
      <DistanceMeters>225</DistanceMeters>
      <HeartRateBpm>
       <Value>112</Value>
      </HeartRateBpm>
      <Cadence>69</Cadence>
      <Extensions>
       <Speed>5.310000</Speed>
      </Extensions>
     </Trackpoint>
     <Trackpoint>
      <Time>2026-06-10T07:44:08Z</Time>
      <Position>
       <LatitudeDegrees>35.7019092</LatitudeDegrees>
       <LongitudeDegrees>139.7851418</LongitudeDegrees>
      </Position>
      <AltitudeMeters>1</AltitudeMeters>
      <DistanceMeters>226</DistanceMeters>
      <HeartRateBpm>
       <Value>112</Value>
      </HeartRateBpm>
      <Cadence>69</Cadence>
      <Extensions>
       <Speed>5.300000</Speed>
      </Extensions>
     </Trackpoint>
     <Trackpoint>
      <Time>2026-06-10T07:44:09Z</Time>
      <Position>
       <LatitudeDegrees>35.7019057</LatitudeDegrees>
       <LongitudeDegrees>139.7851567</LongitudeDegrees>
      </Position>
      <AltitudeMeters>1</AltitudeMeters>
      <DistanceMeters>228</DistanceMeters>
      <HeartRateBpm>
       <Value>113</Value>
      </HeartRateBpm>
      <Cadence>69</Cadence>
      <Extensions>
       <Speed>5.300000</Speed>
      </Extensions>
     </Trackpoint>
     <Trackpoint>
      <Time>2026-06-10T07:44:10Z</Time>
      <Position>
       <LatitudeDegrees>35.7019023</LatitudeDegrees>
       <LongitudeDegrees>139.7851716</LongitudeDegrees>
      </Position>
      <AltitudeMeters>1</AltitudeMeters>
      <DistanceMeters>229</DistanceMeters>
      <HeartRateBpm>
       <Value>114</Value>
      </HeartRateBpm>
      <Cadence>70</Cadence>
      <Extensions>
       <Speed>5.290000</Speed>
      </Extensions>
     </Trackpoint>
     <Trackpoint>
      <Time>2026-06-10T07:44:11Z</Time>
      <Position>
       <LatitudeDegrees>35.7018996</LatitudeDegrees>
       <LongitudeDegrees>139.7851863</LongitudeDegrees>
      </Position>
      <AltitudeMeters>2</AltitudeMeters>
      <DistanceMeters>230</DistanceMeters>
      <HeartRateBpm>
       <Value>114</Value>
      </HeartRateBpm>
      <Cadence>72</Cadence>
      <Extensions>
       <Speed>5.290000</Speed>
      </Extensions>
     </Trackpoint>
     <Trackpoint>
      <Time>2026-06-10T07:44:12Z</Time>
      <Position>
       <LatitudeDegrees>35.7018970</LatitudeDegrees>
       <LongitudeDegrees>139.7852010</LongitudeDegrees>
      </Position>
      <AltitudeMeters>2</AltitudeMeters>
      <DistanceMeters>232</DistanceMeters>
      <HeartRateBpm>
       <Value>115</Value>
      </HeartRateBpm>
      <Cadence>72</Cadence>
      <Extensions>
       <Speed>5.280000</Speed>
      </Extensions>
     </Trackpoint>
     <Trackpoint>
      <Time>2026-06-10T07:44:13Z</Time>
      <Position>
       <LatitudeDegrees>35.7018959</LatitudeDegrees>
       <LongitudeDegrees>139.7852167</LongitudeDegrees>
      </Position>
      <AltitudeMeters>2</AltitudeMeters>
      <DistanceMeters>233</DistanceMeters>
      <HeartRateBpm>
       <Value>114</Value>
      </HeartRateBpm>
      <Cadence>72</Cadence>
      <Extensions>
       <Speed>5.280000</Speed>
      </Extensions>
     </Trackpoint>
     <Trackpoint>
      <Time>2026-06-10T07:44:14Z</Time>
      <Position>
       <LatitudeDegrees>35.7018949</LatitudeDegrees>
       <LongitudeDegrees>139.7852325</LongitudeDegrees>
      </Position>
      <AltitudeMeters>2</AltitudeMeters>
      <DistanceMeters>234</DistanceMeters>
      <HeartRateBpm>
       <Value>114</Value>
      </HeartRateBpm>
      <Cadence>71</Cadence>
      <Extensions>
       <Speed>5.280000</Speed>
      </Extensions>
     </Trackpoint>
     <Trackpoint>
      <Time>2026-06-10T07:44:15Z</Time>
      <Position>
       <LatitudeDegrees>35.7018939</LatitudeDegrees>
       <LongitudeDegrees>139.7852486</LongitudeDegrees>
      </Position>
      <AltitudeMeters>2</AltitudeMeters>
      <DistanceMeters>236</DistanceMeters>
      <HeartRateBpm>
       <Value>114</Value>
      </HeartRateBpm>
      <Cadence>71</Cadence>
      <Extensions>
       <Speed>5.280000</Speed>
      </Extensions>
     </Trackpoint>
     <Trackpoint>
      <Time>2026-06-10T07:44:16Z</Time>
      <Position>
       <LatitudeDegrees>35.7018930</LatitudeDegrees>
       <LongitudeDegrees>139.7852648</LongitudeDegrees>
      </Position>
      <AltitudeMeters>2</AltitudeMeters>
      <DistanceMeters>238</DistanceMeters>
      <HeartRateBpm>
       <Value>114</Value>
      </HeartRateBpm>
      <Cadence>70</Cadence>
      <Extensions>
       <Speed>5.270000</Speed>
      </Extensions>
     </Trackpoint>
     <Trackpoint>
      <Time>2026-06-10T07:44:17Z</Time>
      <Position>
       <LatitudeDegrees>35.7018901</LatitudeDegrees>
       <LongitudeDegrees>139.7852797</LongitudeDegrees>
      </Position>
      <AltitudeMeters>2</AltitudeMeters>
      <DistanceMeters>239</DistanceMeters>
      <HeartRateBpm>
       <Value>114</Value>
      </HeartRateBpm>
      <Cadence>70</Cadence>
      <Extensions>
       <Speed>5.270000</Speed>
      </Extensions>
     </Trackpoint>
     <Trackpoint>
      <Time>2026-06-10T07:44:18Z</Time>
      <Position>
       <LatitudeDegrees>35.7018872</LatitudeDegrees>
       <LongitudeDegrees>139.7852946</LongitudeDegrees>
      </Position>
      <AltitudeMeters>2</AltitudeMeters>
      <DistanceMeters>240</DistanceMeters>
      <HeartRateBpm>
       <Value>114</Value>
      </HeartRateBpm>
      <Cadence>70</Cadence>
      <Extensions>
       <Speed>5.270000</Speed>
      </Extensions>
     </Trackpoint>
     <Trackpoint>
      <Time>2026-06-10T07:44:19Z</Time>
      <Position>
       <LatitudeDegrees>35.7018828</LatitudeDegrees>
       <LongitudeDegrees>139.7853093</LongitudeDegrees>
      </Position>
      <AltitudeMeters>2</AltitudeMeters>
      <DistanceMeters>242</DistanceMeters>
      <HeartRateBpm>
       <Value>115</Value>
      </HeartRateBpm>
      <Cadence>70</Cadence>
      <Extensions>
       <Speed>5.270000</Speed>
      </Extensions>
     </Trackpoint>
     <Trackpoint>
      <Time>2026-06-10T07:44:20Z</Time>
      <Position>
       <LatitudeDegrees>35.7018785</LatitudeDegrees>
       <LongitudeDegrees>139.7853240</LongitudeDegrees>
      </Position>
      <AltitudeMeters>2</AltitudeMeters>
      <DistanceMeters>244</DistanceMeters>
      <HeartRateBpm>
       <Value>115</Value>
      </HeartRateBpm>
      <Cadence>70</Cadence>
      <Extensions>
       <Speed>5.260000</Speed>
      </Extensions>
     </Trackpoint>
     <Trackpoint>
      <Time>2026-06-10T07:44:21Z</Time>
      <Position>
       <LatitudeDegrees>35.7018736</LatitudeDegrees>
       <LongitudeDegrees>139.7853384</LongitudeDegrees>
      </Position>
      <AltitudeMeters>2</AltitudeMeters>
      <DistanceMeters>245</DistanceMeters>
      <HeartRateBpm>
       <Value>115</Value>
      </HeartRateBpm>
      <Cadence>70</Cadence>
      <Extensions>
       <Speed>5.260000</Speed>
      </Extensions>
     </Trackpoint>
     <Trackpoint>
      <Time>2026-06-10T07:44:22Z</Time>
      <Position>
       <LatitudeDegrees>35.7018688</LatitudeDegrees>
       <LongitudeDegrees>139.7853528</LongitudeDegrees>
      </Position>
      <AltitudeMeters>2</AltitudeMeters>
      <DistanceMeters>246</DistanceMeters>
      <HeartRateBpm>
       <Value>115</Value>
      </HeartRateBpm>
      <Cadence>70</Cadence>
      <Extensions>
       <Speed>5.250000</Speed>
      </Extensions>
     </Trackpoint>
     <Trackpoint>
      <Time>2026-06-10T07:44:23Z</Time>
      <Position>
       <LatitudeDegrees>35.7018636</LatitudeDegrees>
       <LongitudeDegrees>139.7853673</LongitudeDegrees>
      </Position>
      <AltitudeMeters>2</AltitudeMeters>
      <DistanceMeters>248</DistanceMeters>
      <HeartRateBpm>
       <Value>116</Value>
      </HeartRateBpm>
      <Cadence>71</Cadence>
      <Extensions>
       <Speed>5.250000</Speed>
      </Extensions>
     </Trackpoint>
     <Trackpoint>
      <Time>2026-06-10T07:44:24Z</Time>
      <Position>
       <LatitudeDegrees>35.7018585</LatitudeDegrees>
       <LongitudeDegrees>139.7853819</LongitudeDegrees>
      </Position>
      <AltitudeMeters>2</AltitudeMeters>
      <DistanceMeters>249</DistanceMeters>
      <HeartRateBpm>
       <Value>116</Value>
      </HeartRateBpm>
      <Cadence>71</Cadence>
      <Extensions>
       <Speed>5.240000</Speed>
      </Extensions>
     </Trackpoint>
     <Trackpoint>
      <Time>2026-06-10T07:44:25Z</Time>
      <Position>
       <LatitudeDegrees>35.7018542</LatitudeDegrees>
       <LongitudeDegrees>139.7853952</LongitudeDegrees>
      </Position>
      <AltitudeMeters>2</AltitudeMeters>
      <DistanceMeters>250</DistanceMeters>
      <HeartRateBpm>
       <Value>116</Value>
      </HeartRateBpm>
      <Cadence>71</Cadence>
      <Extensions>
       <Speed>5.240000</Speed>
      </Extensions>
     </Trackpoint>
     <Trackpoint>
      <Time>2026-06-10T07:44:26Z</Time>
      <Position>
       <LatitudeDegrees>35.7018499</LatitudeDegrees>
       <LongitudeDegrees>139.7854085</LongitudeDegrees>
      </Position>
      <AltitudeMeters>2</AltitudeMeters>
      <DistanceMeters>251</DistanceMeters>
      <HeartRateBpm>
       <Value>115</Value>
      </HeartRateBpm>
      <Cadence>71</Cadence>
      <Extensions>
       <Speed>5.240000</Speed>
      </Extensions>
     </Trackpoint>
     <Trackpoint>
      <Time>2026-06-10T07:44:27Z</Time>
      <Position>
       <LatitudeDegrees>35.7018472</LatitudeDegrees>
       <LongitudeDegrees>139.7854212</LongitudeDegrees>
      </Position>
      <AltitudeMeters>2</AltitudeMeters>
      <DistanceMeters>252</DistanceMeters>
      <HeartRateBpm>
       <Value>115</Value>
      </HeartRateBpm>
      <Cadence>71</Cadence>
      <Extensions>
       <Speed>5.240000</Speed>
      </Extensions>
     </Trackpoint>
     <Trackpoint>
      <Time>2026-06-10T07:44:28Z</Time>
      <Position>
       <LatitudeDegrees>35.7018446</LatitudeDegrees>
       <LongitudeDegrees>139.7854340</LongitudeDegrees>
      </Position>
      <AltitudeMeters>2</AltitudeMeters>
      <DistanceMeters>254</DistanceMeters>
      <HeartRateBpm>
       <Value>115</Value>
      </HeartRateBpm>
      <Cadence>71</Cadence>
      <Extensions>
       <Speed>5.220000</Speed>
      </Extensions>
     </Trackpoint>
     <Trackpoint>
      <Time>2026-06-10T07:44:29Z</Time>
      <Position>
       <LatitudeDegrees>35.7018441</LatitudeDegrees>
       <LongitudeDegrees>139.7854489</LongitudeDegrees>
      </Position>
      <AltitudeMeters>2</AltitudeMeters>
      <DistanceMeters>255</DistanceMeters>
      <HeartRateBpm>
       <Value>115</Value>
      </HeartRateBpm>
      <Cadence>71</Cadence>
      <Extensions>
       <Speed>5.210000</Speed>
      </Extensions>
     </Trackpoint>
     <Trackpoint>
      <Time>2026-06-10T07:44:30Z</Time>
      <Position>
       <LatitudeDegrees>35.7018436</LatitudeDegrees>
       <LongitudeDegrees>139.7854638</LongitudeDegrees>
      </Position>
      <AltitudeMeters>2</AltitudeMeters>
      <DistanceMeters>257</DistanceMeters>
      <HeartRateBpm>
       <Value>115</Value>
      </HeartRateBpm>
      <Cadence>71</Cadence>
      <Extensions>
       <Speed>5.190000</Speed>
      </Extensions>
     </Trackpoint>
     <Trackpoint>
      <Time>2026-06-10T07:44:31Z</Time>
      <Position>
       <LatitudeDegrees>35.7018445</LatitudeDegrees>
       <LongitudeDegrees>139.7854816</LongitudeDegrees>
      </Position>
      <AltitudeMeters>2</AltitudeMeters>
      <DistanceMeters>259</DistanceMeters>
      <HeartRateBpm>
       <Value>115</Value>
      </HeartRateBpm>
      <Cadence>71</Cadence>
      <Extensions>
       <Speed>5.180000</Speed>
      </Extensions>
     </Trackpoint>
     <Trackpoint>
      <Time>2026-06-10T07:44:32Z</Time>
      <Position>
       <LatitudeDegrees>35.7018454</LatitudeDegrees>
       <LongitudeDegrees>139.7854995</LongitudeDegrees>
      </Position>
      <AltitudeMeters>2</AltitudeMeters>
      <DistanceMeters>261</DistanceMeters>
      <HeartRateBpm>
       <Value>115</Value>
      </HeartRateBpm>
      <Cadence>71</Cadence>
      <Extensions>
       <Speed>5.170000</Speed>
      </Extensions>
     </Trackpoint>
     <Trackpoint>
      <Time>2026-06-10T07:44:33Z</Time>
      <Position>
       <LatitudeDegrees>35.7018445</LatitudeDegrees>
       <LongitudeDegrees>139.7855192</LongitudeDegrees>
      </Position>
      <AltitudeMeters>2</AltitudeMeters>
      <DistanceMeters>263</DistanceMeters>
      <HeartRateBpm>
       <Value>115</Value>
      </HeartRateBpm>
      <Cadence>71</Cadence>
      <Extensions>
       <Speed>5.170000</Speed>
      </Extensions>
     </Trackpoint>
     <Trackpoint>
      <Time>2026-06-10T07:44:34Z</Time>
      <Position>
       <LatitudeDegrees>35.7018437</LatitudeDegrees>
       <LongitudeDegrees>139.7855390</LongitudeDegrees>
      </Position>
      <AltitudeMeters>2</AltitudeMeters>
      <DistanceMeters>264</DistanceMeters>
      <HeartRateBpm>
       <Value>115</Value>
      </HeartRateBpm>
      <Cadence>70</Cadence>
      <Extensions>
       <Speed>5.180000</Speed>
      </Extensions>
     </Trackpoint>
     <Trackpoint>
      <Time>2026-06-10T07:44:35Z</Time>
      <Position>
       <LatitudeDegrees>35.7018410</LatitudeDegrees>
       <LongitudeDegrees>139.7855574</LongitudeDegrees>
      </Position>
      <AltitudeMeters>2</AltitudeMeters>
      <DistanceMeters>266</DistanceMeters>
      <HeartRateBpm>
       <Value>115</Value>
      </HeartRateBpm>
      <Cadence>70</Cadence>
      <Extensions>
       <Speed>5.190000</Speed>
      </Extensions>
     </Trackpoint>
     <Trackpoint>
      <Time>2026-06-10T07:44:36Z</Time>
      <Position>
       <LatitudeDegrees>35.7018384</LatitudeDegrees>
       <LongitudeDegrees>139.7855759</LongitudeDegrees>
      </Position>
      <AltitudeMeters>2</AltitudeMeters>
      <DistanceMeters>267</DistanceMeters>
      <HeartRateBpm>
       <Value>115</Value>
      </HeartRateBpm>
      <Cadence>70</Cadence>
      <Extensions>
       <Speed>5.200000</Speed>
      </Extensions>
     </Trackpoint>
     <Trackpoint>
      <Time>2026-06-10T07:44:37Z</Time>
      <Position>
       <LatitudeDegrees>35.7018356</LatitudeDegrees>
       <LongitudeDegrees>139.7855921</LongitudeDegrees>
      </Position>
      <AltitudeMeters>2</AltitudeMeters>
      <DistanceMeters>268</DistanceMeters>
      <HeartRateBpm>
       <Value>115</Value>
      </HeartRateBpm>
      <Cadence>70</Cadence>
      <Extensions>
       <Speed>5.210000</Speed>
      </Extensions>
     </Trackpoint>
     <Trackpoint>
      <Time>2026-06-10T07:44:38Z</Time>
      <Position>
       <LatitudeDegrees>35.7018329</LatitudeDegrees>
       <LongitudeDegrees>139.7856084</LongitudeDegrees>
      </Position>
      <AltitudeMeters>2</AltitudeMeters>
      <DistanceMeters>270</DistanceMeters>
      <HeartRateBpm>
       <Value>115</Value>
      </HeartRateBpm>
      <Cadence>70</Cadence>
      <Extensions>
       <Speed>5.210000</Speed>
      </Extensions>
     </Trackpoint>
     <Trackpoint>
      <Time>2026-06-10T07:44:39Z</Time>
      <Position>
       <LatitudeDegrees>35.7018312</LatitudeDegrees>
       <LongitudeDegrees>139.7856239</LongitudeDegrees>
      </Position>
      <AltitudeMeters>2</AltitudeMeters>
      <DistanceMeters>271</DistanceMeters>
      <HeartRateBpm>
       <Value>114</Value>
      </HeartRateBpm>
      <Cadence>70</Cadence>
      <Extensions>
       <Speed>5.210000</Speed>
      </Extensions>
     </Trackpoint>
     <Trackpoint>
      <Time>2026-06-10T07:44:40Z</Time>
      <Position>
       <LatitudeDegrees>35.7018295</LatitudeDegrees>
       <LongitudeDegrees>139.7856395</LongitudeDegrees>
      </Position>
      <AltitudeMeters>2</AltitudeMeters>
      <DistanceMeters>272</DistanceMeters>
      <HeartRateBpm>
       <Value>114</Value>
      </HeartRateBpm>
      <Cadence>69</Cadence>
      <Extensions>
       <Speed>5.210000</Speed>
      </Extensions>
     </Trackpoint>
     <Trackpoint>
      <Time>2026-06-10T07:44:41Z</Time>
      <Position>
       <LatitudeDegrees>35.7018278</LatitudeDegrees>
       <LongitudeDegrees>139.7856546</LongitudeDegrees>
      </Position>
      <AltitudeMeters>2</AltitudeMeters>
      <DistanceMeters>274</DistanceMeters>
      <HeartRateBpm>
       <Value>115</Value>
      </HeartRateBpm>
      <Cadence>69</Cadence>
      <Extensions>
       <Speed>5.210000</Speed>
      </Extensions>
     </Trackpoint>
     <Trackpoint>
      <Time>2026-06-10T07:44:42Z</Time>
      <Position>
       <LatitudeDegrees>35.7018261</LatitudeDegrees>
       <LongitudeDegrees>139.7856698</LongitudeDegrees>
      </Position>
      <AltitudeMeters>2</AltitudeMeters>
      <DistanceMeters>276</DistanceMeters>
      <HeartRateBpm>
       <Value>115</Value>
      </HeartRateBpm>
      <Cadence>69</Cadence>
      <Extensions>
       <Speed>5.210000</Speed>
      </Extensions>
     </Trackpoint>
     <Trackpoint>
      <Time>2026-06-10T07:44:43Z</Time>
      <Position>
       <LatitudeDegrees>35.7018243</LatitudeDegrees>
       <LongitudeDegrees>139.7856848</LongitudeDegrees>
      </Position>
      <AltitudeMeters>2</AltitudeMeters>
      <DistanceMeters>277</DistanceMeters>
      <HeartRateBpm>
       <Value>115</Value>
      </HeartRateBpm>
      <Cadence>70</Cadence>
      <Extensions>
       <Speed>5.210000</Speed>
      </Extensions>
     </Trackpoint>
     <Trackpoint>
      <Time>2026-06-10T07:44:44Z</Time>
      <Position>
       <LatitudeDegrees>35.7018226</LatitudeDegrees>
       <LongitudeDegrees>139.7856998</LongitudeDegrees>
      </Position>
      <AltitudeMeters>2</AltitudeMeters>
      <DistanceMeters>278</DistanceMeters>
      <HeartRateBpm>
       <Value>116</Value>
      </HeartRateBpm>
      <Cadence>70</Cadence>
      <Extensions>
       <Speed>5.210000</Speed>
      </Extensions>
     </Trackpoint>
     <Trackpoint>
      <Time>2026-06-10T07:44:45Z</Time>
      <Position>
       <LatitudeDegrees>35.7018204</LatitudeDegrees>
       <LongitudeDegrees>139.7857150</LongitudeDegrees>
      </Position>
      <AltitudeMeters>2</AltitudeMeters>
      <DistanceMeters>279</DistanceMeters>
      <HeartRateBpm>
       <Value>116</Value>
      </HeartRateBpm>
      <Cadence>70</Cadence>
      <Extensions>
       <Speed>5.220000</Speed>
      </Extensions>
     </Trackpoint>
     <Trackpoint>
      <Time>2026-06-10T07:44:46Z</Time>
      <Position>
       <LatitudeDegrees>35.7018183</LatitudeDegrees>
       <LongitudeDegrees>139.7857303</LongitudeDegrees>
      </Position>
      <AltitudeMeters>2</AltitudeMeters>
      <DistanceMeters>281</DistanceMeters>
      <HeartRateBpm>
       <Value>116</Value>
      </HeartRateBpm>
      <Cadence>70</Cadence>
      <Extensions>
       <Speed>5.240000</Speed>
      </Extensions>
     </Trackpoint>
     <Trackpoint>
      <Time>2026-06-10T07:44:47Z</Time>
      <Position>
       <LatitudeDegrees>35.7018164</LatitudeDegrees>
       <LongitudeDegrees>139.7857466</LongitudeDegrees>
      </Position>
      <AltitudeMeters>2</AltitudeMeters>
      <DistanceMeters>283</DistanceMeters>
      <HeartRateBpm>
       <Value>116</Value>
      </HeartRateBpm>
      <Cadence>71</Cadence>
      <Extensions>
       <Speed>5.260000</Speed>
      </Extensions>
     </Trackpoint>
     <Trackpoint>
      <Time>2026-06-10T07:44:48Z</Time>
      <Position>
       <LatitudeDegrees>35.7018146</LatitudeDegrees>
       <LongitudeDegrees>139.7857630</LongitudeDegrees>
      </Position>
      <AltitudeMeters>2</AltitudeMeters>
      <DistanceMeters>284</DistanceMeters>
      <HeartRateBpm>
       <Value>116</Value>
      </HeartRateBpm>
      <Cadence>70</Cadence>
      <Extensions>
       <Speed>5.270000</Speed>
      </Extensions>
     </Trackpoint>
     <Trackpoint>
      <Time>2026-06-10T07:44:49Z</Time>
      <Position>
       <LatitudeDegrees>35.7018127</LatitudeDegrees>
       <LongitudeDegrees>139.7857780</LongitudeDegrees>
      </Position>
      <AltitudeMeters>2</AltitudeMeters>
      <DistanceMeters>285</DistanceMeters>
      <HeartRateBpm>
       <Value>116</Value>
      </HeartRateBpm>
      <Cadence>70</Cadence>
      <Extensions>
       <Speed>5.280000</Speed>
      </Extensions>
     </Trackpoint>
     <Trackpoint>
      <Time>2026-06-10T07:44:50Z</Time>
      <Position>
       <LatitudeDegrees>35.7018109</LatitudeDegrees>
       <LongitudeDegrees>139.7857930</LongitudeDegrees>
      </Position>
      <AltitudeMeters>2</AltitudeMeters>
      <DistanceMeters>286</DistanceMeters>
      <HeartRateBpm>
       <Value>116</Value>
      </HeartRateBpm>
      <Cadence>70</Cadence>
      <Extensions>
       <Speed>5.280000</Speed>
      </Extensions>
     </Trackpoint>
     <Trackpoint>
      <Time>2026-06-10T07:44:51Z</Time>
      <Position>
       <LatitudeDegrees>35.7018092</LatitudeDegrees>
       <LongitudeDegrees>139.7858082</LongitudeDegrees>
      </Position>
      <AltitudeMeters>2</AltitudeMeters>
      <DistanceMeters>288</DistanceMeters>
      <HeartRateBpm>
       <Value>116</Value>
      </HeartRateBpm>
      <Cadence>71</Cadence>
      <Extensions>
       <Speed>5.280000</Speed>
      </Extensions>
     </Trackpoint>
     <Trackpoint>
      <Time>2026-06-10T07:44:52Z</Time>
      <Position>
       <LatitudeDegrees>35.7018075</LatitudeDegrees>
       <LongitudeDegrees>139.7858234</LongitudeDegrees>
      </Position>
      <AltitudeMeters>2</AltitudeMeters>
      <DistanceMeters>290</DistanceMeters>
      <HeartRateBpm>
       <Value>116</Value>
      </HeartRateBpm>
      <Cadence>71</Cadence>
      <Extensions>
       <Speed>5.280000</Speed>
      </Extensions>
     </Trackpoint>
     <Trackpoint>
      <Time>2026-06-10T07:44:53Z</Time>
      <Position>
       <LatitudeDegrees>35.7018059</LatitudeDegrees>
       <LongitudeDegrees>139.7858405</LongitudeDegrees>
      </Position>
      <AltitudeMeters>2</AltitudeMeters>
      <DistanceMeters>291</DistanceMeters>
      <HeartRateBpm>
       <Value>116</Value>
      </HeartRateBpm>
      <Cadence>71</Cadence>
      <Extensions>
       <Speed>5.280000</Speed>
      </Extensions>
     </Trackpoint>
     <Trackpoint>
      <Time>2026-06-10T07:44:54Z</Time>
      <Position>
       <LatitudeDegrees>35.7018044</LatitudeDegrees>
       <LongitudeDegrees>139.7858577</LongitudeDegrees>
      </Position>
      <AltitudeMeters>2</AltitudeMeters>
      <DistanceMeters>292</DistanceMeters>
      <HeartRateBpm>
       <Value>116</Value>
      </HeartRateBpm>
      <Cadence>70</Cadence>
      <Extensions>
       <Speed>5.280000</Speed>
      </Extensions>
     </Trackpoint>
     <Trackpoint>
      <Time>2026-06-10T07:44:55Z</Time>
      <Position>
       <LatitudeDegrees>35.7018018</LatitudeDegrees>
       <LongitudeDegrees>139.7858749</LongitudeDegrees>
      </Position>
      <AltitudeMeters>2</AltitudeMeters>
      <DistanceMeters>294</DistanceMeters>
      <HeartRateBpm>
       <Value>116</Value>
      </HeartRateBpm>
      <Cadence>70</Cadence>
      <Extensions>
       <Speed>5.280000</Speed>
      </Extensions>
     </Trackpoint>
     <Trackpoint>
      <Time>2026-06-10T07:44:56Z</Time>
      <Position>
       <LatitudeDegrees>35.7017992</LatitudeDegrees>
       <LongitudeDegrees>139.7858922</LongitudeDegrees>
      </Position>
      <AltitudeMeters>2</AltitudeMeters>
      <DistanceMeters>296</DistanceMeters>
      <HeartRateBpm>
       <Value>116</Value>
      </HeartRateBpm>
      <Cadence>70</Cadence>
      <Extensions>
       <Speed>5.290000</Speed>
      </Extensions>
     </Trackpoint>
     <Trackpoint>
      <Time>2026-06-10T07:44:57Z</Time>
      <Position>
       <LatitudeDegrees>35.7017933</LatitudeDegrees>
       <LongitudeDegrees>139.7859074</LongitudeDegrees>
      </Position>
      <AltitudeMeters>2</AltitudeMeters>
      <DistanceMeters>298</DistanceMeters>
      <HeartRateBpm>
       <Value>116</Value>
      </HeartRateBpm>
      <Cadence>70</Cadence>
      <Extensions>
       <Speed>5.300000</Speed>
      </Extensions>
     </Trackpoint>
     <Trackpoint>
      <Time>2026-06-10T07:44:58Z</Time>
      <Position>
       <LatitudeDegrees>35.7017874</LatitudeDegrees>
       <LongitudeDegrees>139.7859227</LongitudeDegrees>
      </Position>
      <AltitudeMeters>2</AltitudeMeters>
      <DistanceMeters>300</DistanceMeters>
      <HeartRateBpm>
       <Value>116</Value>
      </HeartRateBpm>
      <Cadence>70</Cadence>
      <Extensions>
       <Speed>5.330000</Speed>
      </Extensions>
     </Trackpoint>
     <Trackpoint>
      <Time>2026-06-10T07:44:59Z</Time>
      <Position>
       <LatitudeDegrees>35.7017750</LatitudeDegrees>
       <LongitudeDegrees>139.7859308</LongitudeDegrees>
      </Position>
      <AltitudeMeters>2</AltitudeMeters>
      <DistanceMeters>301</DistanceMeters>
      <HeartRateBpm>
       <Value>115</Value>
      </HeartRateBpm>
      <Cadence>71</Cadence>
      <Extensions>
       <Speed>5.360000</Speed>
      </Extensions>
     </Trackpoint>
     <Trackpoint>
      <Time>2026-06-10T07:45:00Z</Time>
      <Position>
       <LatitudeDegrees>35.7017627</LatitudeDegrees>
       <LongitudeDegrees>139.7859389</LongitudeDegrees>
      </Position>
      <AltitudeMeters>2</AltitudeMeters>
      <DistanceMeters>302</DistanceMeters>
      <HeartRateBpm>
       <Value>115</Value>
      </HeartRateBpm>
      <Cadence>71</Cadence>
      <Extensions>
       <Speed>5.400000</Speed>
      </Extensions>
     </Trackpoint>
     <Trackpoint>
      <Time>2026-06-10T07:45:01Z</Time>
      <Position>
       <LatitudeDegrees>35.7017478</LatitudeDegrees>
       <LongitudeDegrees>139.7859411</LongitudeDegrees>
      </Position>
      <AltitudeMeters>2</AltitudeMeters>
      <DistanceMeters>304</DistanceMeters>
      <HeartRateBpm>
       <Value>115</Value>
      </HeartRateBpm>
      <Cadence>71</Cadence>
      <Extensions>
       <Speed>5.450000</Speed>
      </Extensions>
     </Trackpoint>
     <Trackpoint>
      <Time>2026-06-10T07:45:02Z</Time>
      <Position>
       <LatitudeDegrees>35.7017329</LatitudeDegrees>
       <LongitudeDegrees>139.7859434</LongitudeDegrees>
      </Position>
      <AltitudeMeters>2</AltitudeMeters>
      <DistanceMeters>306</DistanceMeters>
      <HeartRateBpm>
       <Value>115</Value>
      </HeartRateBpm>
      <Cadence>71</Cadence>
      <Extensions>
       <Speed>5.500000</Speed>
      </Extensions>
     </Trackpoint>
     <Trackpoint>
      <Time>2026-06-10T07:45:03Z</Time>
      <Position>
       <LatitudeDegrees>35.7017177</LatitudeDegrees>
       <LongitudeDegrees>139.7859448</LongitudeDegrees>
      </Position>
      <AltitudeMeters>2</AltitudeMeters>
      <DistanceMeters>308</DistanceMeters>
      <HeartRateBpm>
       <Value>116</Value>
      </HeartRateBpm>
      <Cadence>71</Cadence>
      <Extensions>
       <Speed>5.560000</Speed>
      </Extensions>
     </Trackpoint>
     <Trackpoint>
      <Time>2026-06-10T07:45:04Z</Time>
      <Position>
       <LatitudeDegrees>35.7017026</LatitudeDegrees>
       <LongitudeDegrees>139.7859462</LongitudeDegrees>
      </Position>
      <AltitudeMeters>2</AltitudeMeters>
      <DistanceMeters>309</DistanceMeters>
      <HeartRateBpm>
       <Value>116</Value>
      </HeartRateBpm>
      <Cadence>71</Cadence>
      <Extensions>
       <Speed>5.610000</Speed>
      </Extensions>
     </Trackpoint>
     <Trackpoint>
      <Time>2026-06-10T07:45:05Z</Time>
      <Position>
       <LatitudeDegrees>35.7016897</LatitudeDegrees>
       <LongitudeDegrees>139.7859501</LongitudeDegrees>
      </Position>
      <AltitudeMeters>2</AltitudeMeters>
      <DistanceMeters>310</DistanceMeters>
      <HeartRateBpm>
       <Value>115</Value>
      </HeartRateBpm>
      <Cadence>71</Cadence>
      <Extensions>
       <Speed>5.660000</Speed>
      </Extensions>
     </Trackpoint>
     <Trackpoint>
      <Time>2026-06-10T07:45:06Z</Time>
      <Position>
       <LatitudeDegrees>35.7016769</LatitudeDegrees>
       <LongitudeDegrees>139.7859540</LongitudeDegrees>
      </Position>
      <AltitudeMeters>2</AltitudeMeters>
      <DistanceMeters>312</DistanceMeters>
      <HeartRateBpm>
       <Value>115</Value>
      </HeartRateBpm>
      <Cadence>71</Cadence>
      <Extensions>
       <Speed>5.700000</Speed>
      </Extensions>
     </Trackpoint>
     <Trackpoint>
      <Time>2026-06-10T07:45:07Z</Time>
      <Position>
       <LatitudeDegrees>35.7016655</LatitudeDegrees>
       <LongitudeDegrees>139.7859603</LongitudeDegrees>
      </Position>
      <AltitudeMeters>2</AltitudeMeters>
      <DistanceMeters>313</DistanceMeters>
      <HeartRateBpm>
       <Value>115</Value>
      </HeartRateBpm>
      <Cadence>72</Cadence>
      <Extensions>
       <Speed>5.740000</Speed>
      </Extensions>
     </Trackpoint>
     <Trackpoint>
      <Time>2026-06-10T07:45:08Z</Time>
      <Position>
       <LatitudeDegrees>35.7016541</LatitudeDegrees>
       <LongitudeDegrees>139.7859667</LongitudeDegrees>
      </Position>
      <AltitudeMeters>2</AltitudeMeters>
      <DistanceMeters>314</DistanceMeters>
      <HeartRateBpm>
       <Value>115</Value>
      </HeartRateBpm>
      <Cadence>71</Cadence>
      <Extensions>
       <Speed>5.740000</Speed>
      </Extensions>
     </Trackpoint>
     <Trackpoint>
      <Time>2026-06-10T07:45:09Z</Time>
      <Position>
       <LatitudeDegrees>35.7016433</LatitudeDegrees>
       <LongitudeDegrees>139.7859757</LongitudeDegrees>
      </Position>
      <AltitudeMeters>2</AltitudeMeters>
      <DistanceMeters>316</DistanceMeters>
      <HeartRateBpm>
       <Value>115</Value>
      </HeartRateBpm>
      <Cadence>71</Cadence>
      <Extensions>
       <Speed>5.740000</Speed>
      </Extensions>
     </Trackpoint>
     <Trackpoint>
      <Time>2026-06-10T07:45:10Z</Time>
      <Position>
       <LatitudeDegrees>35.7016326</LatitudeDegrees>
       <LongitudeDegrees>139.7859847</LongitudeDegrees>
      </Position>
      <AltitudeMeters>2</AltitudeMeters>
      <DistanceMeters>318</DistanceMeters>
      <HeartRateBpm>
       <Value>114</Value>
      </HeartRateBpm>
      <Cadence>71</Cadence>
      <Extensions>
       <Speed>5.690000</Speed>
      </Extensions>
     </Trackpoint>
     <Trackpoint>
      <Time>2026-06-10T07:45:11Z</Time>
      <Position>
       <LatitudeDegrees>35.7016244</LatitudeDegrees>
       <LongitudeDegrees>139.7859971</LongitudeDegrees>
      </Position>
      <AltitudeMeters>2</AltitudeMeters>
      <DistanceMeters>319</DistanceMeters>
      <HeartRateBpm>
       <Value>114</Value>
      </HeartRateBpm>
      <Cadence>71</Cadence>
      <Extensions>
       <Speed>5.650000</Speed>
      </Extensions>
     </Trackpoint>
     <Trackpoint>
      <Time>2026-06-10T07:45:12Z</Time>
      <Position>
       <LatitudeDegrees>35.7016163</LatitudeDegrees>
       <LongitudeDegrees>139.7860096</LongitudeDegrees>
      </Position>
      <AltitudeMeters>2</AltitudeMeters>
      <DistanceMeters>320</DistanceMeters>
      <HeartRateBpm>
       <Value>114</Value>
      </HeartRateBpm>
      <Cadence>70</Cadence>
      <Extensions>
       <Speed>5.620000</Speed>
      </Extensions>
     </Trackpoint>
     <Trackpoint>
      <Time>2026-06-10T07:45:13Z</Time>
      <Position>
       <LatitudeDegrees>35.7016128</LatitudeDegrees>
       <LongitudeDegrees>139.7860246</LongitudeDegrees>
      </Position>
      <AltitudeMeters>2</AltitudeMeters>
      <DistanceMeters>322</DistanceMeters>
      <HeartRateBpm>
       <Value>114</Value>
      </HeartRateBpm>
      <Cadence>70</Cadence>
      <Extensions>
       <Speed>5.600000</Speed>
      </Extensions>
     </Trackpoint>
     <Trackpoint>
      <Time>2026-06-10T07:45:14Z</Time>
      <Position>
       <LatitudeDegrees>35.7016094</LatitudeDegrees>
       <LongitudeDegrees>139.7860397</LongitudeDegrees>
      </Position>
      <AltitudeMeters>2</AltitudeMeters>
      <DistanceMeters>324</DistanceMeters>
      <HeartRateBpm>
       <Value>114</Value>
      </HeartRateBpm>
      <Cadence>69</Cadence>
      <Extensions>
       <Speed>5.590000</Speed>
      </Extensions>
     </Trackpoint>
     <Trackpoint>
      <Time>2026-06-10T07:45:15Z</Time>
      <Position>
       <LatitudeDegrees>35.7016097</LatitudeDegrees>
       <LongitudeDegrees>139.7860555</LongitudeDegrees>
      </Position>
      <AltitudeMeters>2</AltitudeMeters>
      <DistanceMeters>325</DistanceMeters>
      <HeartRateBpm>
       <Value>114</Value>
      </HeartRateBpm>
      <Cadence>69</Cadence>
      <Extensions>
       <Speed>5.580000</Speed>
      </Extensions>
     </Trackpoint>
     <Trackpoint>
      <Time>2026-06-10T07:45:16Z</Time>
      <Position>
       <LatitudeDegrees>35.7016101</LatitudeDegrees>
       <LongitudeDegrees>139.7860713</LongitudeDegrees>
      </Position>
      <AltitudeMeters>2</AltitudeMeters>
      <DistanceMeters>326</DistanceMeters>
      <HeartRateBpm>
       <Value>115</Value>
      </HeartRateBpm>
      <Cadence>69</Cadence>
      <Extensions>
       <Speed>5.580000</Speed>
      </Extensions>
     </Trackpoint>
     <Trackpoint>
      <Time>2026-06-10T07:45:17Z</Time>
      <Position>
       <LatitudeDegrees>35.7016131</LatitudeDegrees>
       <LongitudeDegrees>139.7860881</LongitudeDegrees>
      </Position>
      <AltitudeMeters>2</AltitudeMeters>
      <DistanceMeters>328</DistanceMeters>
      <HeartRateBpm>
       <Value>115</Value>
      </HeartRateBpm>
      <Cadence>70</Cadence>
      <Extensions>
       <Speed>5.580000</Speed>
      </Extensions>
     </Trackpoint>
     <Trackpoint>
      <Time>2026-06-10T07:45:18Z</Time>
      <Position>
       <LatitudeDegrees>35.7016161</LatitudeDegrees>
       <LongitudeDegrees>139.7861049</LongitudeDegrees>
      </Position>
      <AltitudeMeters>2</AltitudeMeters>
      <DistanceMeters>330</DistanceMeters>
      <HeartRateBpm>
       <Value>115</Value>
      </HeartRateBpm>
      <Cadence>70</Cadence>
      <Extensions>
       <Speed>5.570000</Speed>
      </Extensions>
     </Trackpoint>
     <Trackpoint>
      <Time>2026-06-10T07:45:19Z</Time>
      <Position>
       <LatitudeDegrees>35.7016201</LatitudeDegrees>
       <LongitudeDegrees>139.7861225</LongitudeDegrees>
      </Position>
      <AltitudeMeters>2</AltitudeMeters>
      <DistanceMeters>331</DistanceMeters>
      <HeartRateBpm>
       <Value>115</Value>
      </HeartRateBpm>
      <Cadence>71</Cadence>
      <Extensions>
       <Speed>5.570000</Speed>
      </Extensions>
     </Trackpoint>
     <Trackpoint>
      <Time>2026-06-10T07:45:20Z</Time>
      <Position>
       <LatitudeDegrees>35.7016241</LatitudeDegrees>
       <LongitudeDegrees>139.7861402</LongitudeDegrees>
      </Position>
      <AltitudeMeters>2</AltitudeMeters>
      <DistanceMeters>332</DistanceMeters>
      <HeartRateBpm>
       <Value>115</Value>
      </HeartRateBpm>
      <Cadence>71</Cadence>
      <Extensions>
       <Speed>5.570000</Speed>
      </Extensions>
     </Trackpoint>
     <Trackpoint>
      <Time>2026-06-10T07:45:21Z</Time>
      <Position>
       <LatitudeDegrees>35.7016269</LatitudeDegrees>
       <LongitudeDegrees>139.7861573</LongitudeDegrees>
      </Position>
      <AltitudeMeters>2</AltitudeMeters>
      <DistanceMeters>334</DistanceMeters>
      <HeartRateBpm>
       <Value>114</Value>
      </HeartRateBpm>
      <Cadence>71</Cadence>
      <Extensions>
       <Speed>5.570000</Speed>
      </Extensions>
     </Trackpoint>
     <Trackpoint>
      <Time>2026-06-10T07:45:22Z</Time>
      <Position>
       <LatitudeDegrees>35.7016297</LatitudeDegrees>
       <LongitudeDegrees>139.7861745</LongitudeDegrees>
      </Position>
      <AltitudeMeters>2</AltitudeMeters>
      <DistanceMeters>336</DistanceMeters>
      <HeartRateBpm>
       <Value>114</Value>
      </HeartRateBpm>
      <Cadence>71</Cadence>
      <Extensions>
       <Speed>5.580000</Speed>
      </Extensions>
     </Trackpoint>
     <Trackpoint>
      <Time>2026-06-10T07:45:23Z</Time>
      <Position>
       <LatitudeDegrees>35.7016302</LatitudeDegrees>
       <LongitudeDegrees>139.7861913</LongitudeDegrees>
      </Position>
      <AltitudeMeters>2</AltitudeMeters>
      <DistanceMeters>337</DistanceMeters>
      <HeartRateBpm>
       <Value>113</Value>
      </HeartRateBpm>
      <Cadence>71</Cadence>
      <Extensions>
       <Speed>5.590000</Speed>
      </Extensions>
     </Trackpoint>
     <Trackpoint>
      <Time>2026-06-10T07:45:24Z</Time>
      <Position>
       <LatitudeDegrees>35.7016307</LatitudeDegrees>
       <LongitudeDegrees>139.7862081</LongitudeDegrees>
      </Position>
      <AltitudeMeters>2</AltitudeMeters>
      <DistanceMeters>338</DistanceMeters>
      <HeartRateBpm>
       <Value>113</Value>
      </HeartRateBpm>
      <Cadence>71</Cadence>
      <Extensions>
       <Speed>5.590000</Speed>
      </Extensions>
     </Trackpoint>
     <Trackpoint>
      <Time>2026-06-10T07:45:25Z</Time>
      <Position>
       <LatitudeDegrees>35.7016289</LatitudeDegrees>
       <LongitudeDegrees>139.7862244</LongitudeDegrees>
      </Position>
      <AltitudeMeters>2</AltitudeMeters>
      <DistanceMeters>340</DistanceMeters>
      <HeartRateBpm>
       <Value>113</Value>
      </HeartRateBpm>
      <Cadence>71</Cadence>
      <Extensions>
       <Speed>5.590000</Speed>
      </Extensions>
     </Trackpoint>
     <Trackpoint>
      <Time>2026-06-10T07:45:26Z</Time>
      <Position>
       <LatitudeDegrees>35.7016271</LatitudeDegrees>
       <LongitudeDegrees>139.7862408</LongitudeDegrees>
      </Position>
      <AltitudeMeters>2</AltitudeMeters>
      <DistanceMeters>342</DistanceMeters>
      <HeartRateBpm>
       <Value>113</Value>
      </HeartRateBpm>
      <Cadence>71</Cadence>
      <Extensions>
       <Speed>5.580000</Speed>
      </Extensions>
     </Trackpoint>
     <Trackpoint>
      <Time>2026-06-10T07:45:27Z</Time>
      <Position>
       <LatitudeDegrees>35.7016244</LatitudeDegrees>
       <LongitudeDegrees>139.7862562</LongitudeDegrees>
      </Position>
      <AltitudeMeters>2</AltitudeMeters>
      <DistanceMeters>343</DistanceMeters>
      <HeartRateBpm>
       <Value>114</Value>
      </HeartRateBpm>
      <Cadence>71</Cadence>
      <Extensions>
       <Speed>5.580000</Speed>
      </Extensions>
     </Trackpoint>
     <Trackpoint>
      <Time>2026-06-10T07:45:28Z</Time>
      <Position>
       <LatitudeDegrees>35.7016218</LatitudeDegrees>
       <LongitudeDegrees>139.7862716</LongitudeDegrees>
      </Position>
      <AltitudeMeters>2</AltitudeMeters>
      <DistanceMeters>344</DistanceMeters>
      <HeartRateBpm>
       <Value>114</Value>
      </HeartRateBpm>
      <Cadence>71</Cadence>
      <Extensions>
       <Speed>5.570000</Speed>
      </Extensions>
     </Trackpoint>
     <Trackpoint>
      <Time>2026-06-10T07:45:29Z</Time>
      <Position>
       <LatitudeDegrees>35.7016199</LatitudeDegrees>
       <LongitudeDegrees>139.7862869</LongitudeDegrees>
      </Position>
      <AltitudeMeters>2</AltitudeMeters>
      <DistanceMeters>346</DistanceMeters>
      <HeartRateBpm>
       <Value>115</Value>
      </HeartRateBpm>
      <Cadence>71</Cadence>
      <Extensions>
       <Speed>5.570000</Speed>
      </Extensions>
     </Trackpoint>
     <Trackpoint>
      <Time>2026-06-10T07:45:30Z</Time>
      <Position>
       <LatitudeDegrees>35.7016181</LatitudeDegrees>
       <LongitudeDegrees>139.7863022</LongitudeDegrees>
      </Position>
      <AltitudeMeters>2</AltitudeMeters>
      <DistanceMeters>348</DistanceMeters>
      <HeartRateBpm>
       <Value>115</Value>
      </HeartRateBpm>
      <Cadence>71</Cadence>
      <Extensions>
       <Speed>5.560000</Speed>
      </Extensions>
     </Trackpoint>
     <Trackpoint>
      <Time>2026-06-10T07:45:31Z</Time>
      <Position>
       <LatitudeDegrees>35.7016175</LatitudeDegrees>
       <LongitudeDegrees>139.7863175</LongitudeDegrees>
      </Position>
      <AltitudeMeters>2</AltitudeMeters>
      <DistanceMeters>349</DistanceMeters>
      <HeartRateBpm>
       <Value>116</Value>
      </HeartRateBpm>
      <Cadence>71</Cadence>
      <Extensions>
       <Speed>5.560000</Speed>
      </Extensions>
     </Trackpoint>
     <Trackpoint>
      <Time>2026-06-10T07:45:32Z</Time>
      <Position>
       <LatitudeDegrees>35.7016170</LatitudeDegrees>
       <LongitudeDegrees>139.7863329</LongitudeDegrees>
      </Position>
      <AltitudeMeters>2</AltitudeMeters>
      <DistanceMeters>350</DistanceMeters>
      <HeartRateBpm>
       <Value>116</Value>
      </HeartRateBpm>
      <Cadence>71</Cadence>
      <Extensions>
       <Speed>5.550000</Speed>
      </Extensions>
     </Trackpoint>
     <Trackpoint>
      <Time>2026-06-10T07:45:33Z</Time>
      <Position>
       <LatitudeDegrees>35.7016172</LatitudeDegrees>
       <LongitudeDegrees>139.7863480</LongitudeDegrees>
      </Position>
      <AltitudeMeters>2</AltitudeMeters>
      <DistanceMeters>351</DistanceMeters>
      <HeartRateBpm>
       <Value>116</Value>
      </HeartRateBpm>
      <Cadence>71</Cadence>
      <Extensions>
       <Speed>5.540000</Speed>
      </Extensions>
     </Trackpoint>
     <Trackpoint>
      <Time>2026-06-10T07:45:34Z</Time>
      <Position>
       <LatitudeDegrees>35.7016174</LatitudeDegrees>
       <LongitudeDegrees>139.7863632</LongitudeDegrees>
      </Position>
      <AltitudeMeters>2</AltitudeMeters>
      <DistanceMeters>353</DistanceMeters>
      <HeartRateBpm>
       <Value>117</Value>
      </HeartRateBpm>
      <Cadence>71</Cadence>
      <Extensions>
       <Speed>5.530000</Speed>
      </Extensions>
     </Trackpoint>
     <Trackpoint>
      <Time>2026-06-10T07:45:35Z</Time>
      <Position>
       <LatitudeDegrees>35.7016177</LatitudeDegrees>
       <LongitudeDegrees>139.7863803</LongitudeDegrees>
      </Position>
      <AltitudeMeters>2</AltitudeMeters>
      <DistanceMeters>355</DistanceMeters>
      <HeartRateBpm>
       <Value>117</Value>
      </HeartRateBpm>
      <Cadence>71</Cadence>
      <Extensions>
       <Speed>5.530000</Speed>
      </Extensions>
     </Trackpoint>
     <Trackpoint>
      <Time>2026-06-10T07:45:36Z</Time>
      <Position>
       <LatitudeDegrees>35.7016180</LatitudeDegrees>
       <LongitudeDegrees>139.7863974</LongitudeDegrees>
      </Position>
      <AltitudeMeters>3</AltitudeMeters>
      <DistanceMeters>356</DistanceMeters>
      <HeartRateBpm>
       <Value>117</Value>
      </HeartRateBpm>
      <Cadence>71</Cadence>
      <Extensions>
       <Speed>5.520000</Speed>
      </Extensions>
     </Trackpoint>
     <Trackpoint>
      <Time>2026-06-10T07:45:37Z</Time>
      <Position>
       <LatitudeDegrees>35.7016182</LatitudeDegrees>
       <LongitudeDegrees>139.7864150</LongitudeDegrees>
      </Position>
      <AltitudeMeters>3</AltitudeMeters>
      <DistanceMeters>358</DistanceMeters>
      <HeartRateBpm>
       <Value>117</Value>
      </HeartRateBpm>
      <Cadence>71</Cadence>
      <Extensions>
       <Speed>5.520000</Speed>
      </Extensions>
     </Trackpoint>
     <Trackpoint>
      <Time>2026-06-10T07:45:38Z</Time>
      <Position>
       <LatitudeDegrees>35.7016184</LatitudeDegrees>
       <LongitudeDegrees>139.7864327</LongitudeDegrees>
      </Position>
      <AltitudeMeters>3</AltitudeMeters>
      <DistanceMeters>360</DistanceMeters>
      <HeartRateBpm>
       <Value>117</Value>
      </HeartRateBpm>
      <Cadence>71</Cadence>
      <Extensions>
       <Speed>5.510000</Speed>
      </Extensions>
     </Trackpoint>
     <Trackpoint>
      <Time>2026-06-10T07:45:39Z</Time>
      <Position>
       <LatitudeDegrees>35.7016192</LatitudeDegrees>
       <LongitudeDegrees>139.7864497</LongitudeDegrees>
      </Position>
      <AltitudeMeters>3</AltitudeMeters>
      <DistanceMeters>361</DistanceMeters>
      <HeartRateBpm>
       <Value>117</Value>
      </HeartRateBpm>
      <Cadence>71</Cadence>
      <Extensions>
       <Speed>5.510000</Speed>
      </Extensions>
     </Trackpoint>
     <Trackpoint>
      <Time>2026-06-10T07:45:40Z</Time>
      <Position>
       <LatitudeDegrees>35.7016200</LatitudeDegrees>
       <LongitudeDegrees>139.7864668</LongitudeDegrees>
      </Position>
      <AltitudeMeters>3</AltitudeMeters>
      <DistanceMeters>362</DistanceMeters>
      <HeartRateBpm>
       <Value>117</Value>
      </HeartRateBpm>
      <Cadence>71</Cadence>
      <Extensions>
       <Speed>5.510000</Speed>
      </Extensions>
     </Trackpoint>
     <Trackpoint>
      <Time>2026-06-10T07:45:41Z</Time>
      <Position>
       <LatitudeDegrees>35.7016204</LatitudeDegrees>
       <LongitudeDegrees>139.7864838</LongitudeDegrees>
      </Position>
      <AltitudeMeters>3</AltitudeMeters>
      <DistanceMeters>364</DistanceMeters>
      <HeartRateBpm>
       <Value>117</Value>
      </HeartRateBpm>
      <Cadence>71</Cadence>
      <Extensions>
       <Speed>5.510000</Speed>
      </Extensions>
     </Trackpoint>
     <Trackpoint>
      <Time>2026-06-10T07:45:42Z</Time>
      <Position>
       <LatitudeDegrees>35.7016208</LatitudeDegrees>
       <LongitudeDegrees>139.7865008</LongitudeDegrees>
      </Position>
      <AltitudeMeters>3</AltitudeMeters>
      <DistanceMeters>366</DistanceMeters>
      <HeartRateBpm>
       <Value>117</Value>
      </HeartRateBpm>
      <Cadence>71</Cadence>
      <Extensions>
       <Speed>5.510000</Speed>
      </Extensions>
     </Trackpoint>
     <Trackpoint>
      <Time>2026-06-10T07:45:43Z</Time>
      <Position>
       <LatitudeDegrees>35.7016200</LatitudeDegrees>
       <LongitudeDegrees>139.7865177</LongitudeDegrees>
      </Position>
      <AltitudeMeters>3</AltitudeMeters>
      <DistanceMeters>367</DistanceMeters>
      <HeartRateBpm>
       <Value>117</Value>
      </HeartRateBpm>
      <Cadence>71</Cadence>
      <Extensions>
       <Speed>5.510000</Speed>
      </Extensions>
     </Trackpoint>
     <Trackpoint>
      <Time>2026-06-10T07:45:44Z</Time>
      <Position>
       <LatitudeDegrees>35.7016193</LatitudeDegrees>
       <LongitudeDegrees>139.7865347</LongitudeDegrees>
      </Position>
      <AltitudeMeters>3</AltitudeMeters>
      <DistanceMeters>368</DistanceMeters>
      <HeartRateBpm>
       <Value>117</Value>
      </HeartRateBpm>
      <Cadence>71</Cadence>
      <Extensions>
       <Speed>5.510000</Speed>
      </Extensions>
     </Trackpoint>
     <Trackpoint>
      <Time>2026-06-10T07:45:45Z</Time>
      <Position>
       <LatitudeDegrees>35.7016180</LatitudeDegrees>
       <LongitudeDegrees>139.7865523</LongitudeDegrees>
      </Position>
      <AltitudeMeters>3</AltitudeMeters>
      <DistanceMeters>370</DistanceMeters>
      <HeartRateBpm>
       <Value>117</Value>
      </HeartRateBpm>
      <Cadence>71</Cadence>
      <Extensions>
       <Speed>5.510000</Speed>
      </Extensions>
     </Trackpoint>
     <Trackpoint>
      <Time>2026-06-10T07:45:46Z</Time>
      <Position>
       <LatitudeDegrees>35.7016167</LatitudeDegrees>
       <LongitudeDegrees>139.7865700</LongitudeDegrees>
      </Position>
      <AltitudeMeters>3</AltitudeMeters>
      <DistanceMeters>372</DistanceMeters>
      <HeartRateBpm>
       <Value>118</Value>
      </HeartRateBpm>
      <Cadence>71</Cadence>
      <Extensions>
       <Speed>5.510000</Speed>
      </Extensions>
     </Trackpoint>
     <Trackpoint>
      <Time>2026-06-10T07:45:47Z</Time>
      <Position>
       <LatitudeDegrees>35.7016166</LatitudeDegrees>
       <LongitudeDegrees>139.7865871</LongitudeDegrees>
      </Position>
      <AltitudeMeters>3</AltitudeMeters>
      <DistanceMeters>373</DistanceMeters>
      <HeartRateBpm>
       <Value>118</Value>
      </HeartRateBpm>
      <Cadence>72</Cadence>
      <Extensions>
       <Speed>5.520000</Speed>
      </Extensions>
     </Trackpoint>
     <Trackpoint>
      <Time>2026-06-10T07:45:48Z</Time>
      <Position>
       <LatitudeDegrees>35.7016165</LatitudeDegrees>
       <LongitudeDegrees>139.7866043</LongitudeDegrees>
      </Position>
      <AltitudeMeters>3</AltitudeMeters>
      <DistanceMeters>374</DistanceMeters>
      <HeartRateBpm>
       <Value>118</Value>
      </HeartRateBpm>
      <Cadence>72</Cadence>
      <Extensions>
       <Speed>5.530000</Speed>
      </Extensions>
     </Trackpoint>
     <Trackpoint>
      <Time>2026-06-10T07:45:49Z</Time>
      <Position>
       <LatitudeDegrees>35.7016170</LatitudeDegrees>
       <LongitudeDegrees>139.7866203</LongitudeDegrees>
      </Position>
      <AltitudeMeters>3</AltitudeMeters>
      <DistanceMeters>376</DistanceMeters>
      <HeartRateBpm>
       <Value>118</Value>
      </HeartRateBpm>
      <Cadence>73</Cadence>
      <Extensions>
       <Speed>5.540000</Speed>
      </Extensions>
     </Trackpoint>
     <Trackpoint>
      <Time>2026-06-10T07:45:50Z</Time>
      <Position>
       <LatitudeDegrees>35.7016176</LatitudeDegrees>
       <LongitudeDegrees>139.7866363</LongitudeDegrees>
      </Position>
      <AltitudeMeters>3</AltitudeMeters>
      <DistanceMeters>377</DistanceMeters>
      <HeartRateBpm>
       <Value>118</Value>
      </HeartRateBpm>
      <Cadence>73</Cadence>
      <Extensions>
       <Speed>5.540000</Speed>
      </Extensions>
     </Trackpoint>
     <Trackpoint>
      <Time>2026-06-10T07:45:51Z</Time>
      <Position>
       <LatitudeDegrees>35.7016190</LatitudeDegrees>
       <LongitudeDegrees>139.7866510</LongitudeDegrees>
      </Position>
      <AltitudeMeters>3</AltitudeMeters>
      <DistanceMeters>378</DistanceMeters>
      <HeartRateBpm>
       <Value>117</Value>
      </HeartRateBpm>
      <Cadence>73</Cadence>
      <Extensions>
       <Speed>5.550000</Speed>
      </Extensions>
     </Trackpoint>
     <Trackpoint>
      <Time>2026-06-10T07:45:52Z</Time>
      <Position>
       <LatitudeDegrees>35.7016204</LatitudeDegrees>
       <LongitudeDegrees>139.7866657</LongitudeDegrees>
      </Position>
      <AltitudeMeters>3</AltitudeMeters>
      <DistanceMeters>380</DistanceMeters>
      <HeartRateBpm>
       <Value>117</Value>
      </HeartRateBpm>
      <Cadence>73</Cadence>
      <Extensions>
       <Speed>5.540000</Speed>
      </Extensions>
     </Trackpoint>
     <Trackpoint>
      <Time>2026-06-10T07:45:53Z</Time>
      <Position>
       <LatitudeDegrees>35.7016214</LatitudeDegrees>
       <LongitudeDegrees>139.7866808</LongitudeDegrees>
      </Position>
      <AltitudeMeters>3</AltitudeMeters>
      <DistanceMeters>381</DistanceMeters>
      <HeartRateBpm>
       <Value>117</Value>
      </HeartRateBpm>
      <Cadence>73</Cadence>
      <Extensions>
       <Speed>5.540000</Speed>
      </Extensions>
     </Trackpoint>
     <Trackpoint>
      <Time>2026-06-10T07:45:54Z</Time>
      <Position>
       <LatitudeDegrees>35.7016225</LatitudeDegrees>
       <LongitudeDegrees>139.7866960</LongitudeDegrees>
      </Position>
      <AltitudeMeters>3</AltitudeMeters>
      <DistanceMeters>382</DistanceMeters>
      <HeartRateBpm>
       <Value>117</Value>
      </HeartRateBpm>
      <Cadence>72</Cadence>
      <Extensions>
       <Speed>5.540000</Speed>
      </Extensions>
     </Trackpoint>
     <Trackpoint>
      <Time>2026-06-10T07:45:55Z</Time>
      <Position>
       <LatitudeDegrees>35.7016233</LatitudeDegrees>
       <LongitudeDegrees>139.7867125</LongitudeDegrees>
      </Position>
      <AltitudeMeters>3</AltitudeMeters>
      <DistanceMeters>384</DistanceMeters>
      <HeartRateBpm>
       <Value>117</Value>
      </HeartRateBpm>
      <Cadence>72</Cadence>
      <Extensions>
       <Speed>5.540000</Speed>
      </Extensions>
     </Trackpoint>
     <Trackpoint>
      <Time>2026-06-10T07:45:56Z</Time>
      <Position>
       <LatitudeDegrees>35.7016241</LatitudeDegrees>
       <LongitudeDegrees>139.7867291</LongitudeDegrees>
      </Position>
      <AltitudeMeters>3</AltitudeMeters>
      <DistanceMeters>386</DistanceMeters>
      <HeartRateBpm>
       <Value>117</Value>
      </HeartRateBpm>
      <Cadence>71</Cadence>
      <Extensions>
       <Speed>5.500000</Speed>
      </Extensions>
     </Trackpoint>
     <Trackpoint>
      <Time>2026-06-10T07:45:57Z</Time>
      <Position>
       <LatitudeDegrees>35.7016243</LatitudeDegrees>
       <LongitudeDegrees>139.7867462</LongitudeDegrees>
      </Position>
      <AltitudeMeters>3</AltitudeMeters>
      <DistanceMeters>388</DistanceMeters>
      <HeartRateBpm>
       <Value>116</Value>
      </HeartRateBpm>
      <Cadence>71</Cadence>
      <Extensions>
       <Speed>5.460000</Speed>
      </Extensions>
     </Trackpoint>
     <Trackpoint>
      <Time>2026-06-10T07:45:58Z</Time>
      <Position>
       <LatitudeDegrees>35.7016246</LatitudeDegrees>
       <LongitudeDegrees>139.7867633</LongitudeDegrees>
      </Position>
      <AltitudeMeters>3</AltitudeMeters>
      <DistanceMeters>390</DistanceMeters>
      <HeartRateBpm>
       <Value>116</Value>
      </HeartRateBpm>
      <Cadence>71</Cadence>
      <Extensions>
       <Speed>5.440000</Speed>
      </Extensions>
     </Trackpoint>
     <Trackpoint>
      <Time>2026-06-10T07:45:59Z</Time>
      <Position>
       <LatitudeDegrees>35.7016246</LatitudeDegrees>
       <LongitudeDegrees>139.7867810</LongitudeDegrees>
      </Position>
      <AltitudeMeters>3</AltitudeMeters>
      <DistanceMeters>391</DistanceMeters>
      <HeartRateBpm>
       <Value>116</Value>
      </HeartRateBpm>
      <Cadence>71</Cadence>
      <Extensions>
       <Speed>5.420000</Speed>
      </Extensions>
     </Trackpoint>
     <Trackpoint>
      <Time>2026-06-10T07:46:00Z</Time>
      <Position>
       <LatitudeDegrees>35.7016246</LatitudeDegrees>
       <LongitudeDegrees>139.7867988</LongitudeDegrees>
      </Position>
      <AltitudeMeters>3</AltitudeMeters>
      <DistanceMeters>392</DistanceMeters>
      <HeartRateBpm>
       <Value>116</Value>
      </HeartRateBpm>
      <Cadence>70</Cadence>
      <Extensions>
       <Speed>5.410000</Speed>
      </Extensions>
     </Trackpoint>
     <Trackpoint>
      <Time>2026-06-10T07:46:01Z</Time>
      <Position>
       <LatitudeDegrees>35.7016254</LatitudeDegrees>
       <LongitudeDegrees>139.7868166</LongitudeDegrees>
      </Position>
      <AltitudeMeters>3</AltitudeMeters>
      <DistanceMeters>394</DistanceMeters>
      <HeartRateBpm>
       <Value>115</Value>
      </HeartRateBpm>
      <Cadence>69</Cadence>
      <Extensions>
       <Speed>5.410000</Speed>
      </Extensions>
     </Trackpoint>
     <Trackpoint>
      <Time>2026-06-10T07:46:02Z</Time>
      <Position>
       <LatitudeDegrees>35.7016262</LatitudeDegrees>
       <LongitudeDegrees>139.7868344</LongitudeDegrees>
      </Position>
      <AltitudeMeters>2</AltitudeMeters>
      <DistanceMeters>396</DistanceMeters>
      <HeartRateBpm>
       <Value>115</Value>
      </HeartRateBpm>
      <Cadence>69</Cadence>
      <Extensions>
       <Speed>5.410000</Speed>
      </Extensions>
     </Trackpoint>
     <Trackpoint>
      <Time>2026-06-10T07:46:03Z</Time>
      <Position>
       <LatitudeDegrees>35.7016273</LatitudeDegrees>
       <LongitudeDegrees>139.7868510</LongitudeDegrees>
      </Position>
      <AltitudeMeters>2</AltitudeMeters>
      <DistanceMeters>397</DistanceMeters>
      <HeartRateBpm>
       <Value>115</Value>
      </HeartRateBpm>
      <Cadence>68</Cadence>
      <Extensions>
       <Speed>5.410000</Speed>
      </Extensions>
     </Trackpoint>
     <Trackpoint>
      <Time>2026-06-10T07:46:04Z</Time>
      <Position>
       <LatitudeDegrees>35.7016285</LatitudeDegrees>
       <LongitudeDegrees>139.7868676</LongitudeDegrees>
      </Position>
      <AltitudeMeters>2</AltitudeMeters>
      <DistanceMeters>398</DistanceMeters>
      <HeartRateBpm>
       <Value>115</Value>
      </HeartRateBpm>
      <Cadence>68</Cadence>
      <Extensions>
       <Speed>5.410000</Speed>
      </Extensions>
     </Trackpoint>
     <Trackpoint>
      <Time>2026-06-10T07:46:05Z</Time>
      <Position>
       <LatitudeDegrees>35.7016288</LatitudeDegrees>
       <LongitudeDegrees>139.7868843</LongitudeDegrees>
      </Position>
      <AltitudeMeters>2</AltitudeMeters>
      <DistanceMeters>400</DistanceMeters>
      <HeartRateBpm>
       <Value>115</Value>
      </HeartRateBpm>
      <Cadence>68</Cadence>
      <Extensions>
       <Speed>5.410000</Speed>
      </Extensions>
     </Trackpoint>
     <Trackpoint>
      <Time>2026-06-10T07:46:06Z</Time>
      <Position>
       <LatitudeDegrees>35.7016292</LatitudeDegrees>
       <LongitudeDegrees>139.7869011</LongitudeDegrees>
      </Position>
      <AltitudeMeters>2</AltitudeMeters>
      <DistanceMeters>402</DistanceMeters>
      <HeartRateBpm>
       <Value>115</Value>
      </HeartRateBpm>
      <Cadence>68</Cadence>
      <Extensions>
       <Speed>5.410000</Speed>
      </Extensions>
     </Trackpoint>
     <Trackpoint>
      <Time>2026-06-10T07:46:07Z</Time>
      <Position>
       <LatitudeDegrees>35.7016292</LatitudeDegrees>
       <LongitudeDegrees>139.7869184</LongitudeDegrees>
      </Position>
      <AltitudeMeters>2</AltitudeMeters>
      <DistanceMeters>403</DistanceMeters>
      <HeartRateBpm>
       <Value>115</Value>
      </HeartRateBpm>
      <Cadence>68</Cadence>
      <Extensions>
       <Speed>5.410000</Speed>
      </Extensions>
     </Trackpoint>
     <Trackpoint>
      <Time>2026-06-10T07:46:08Z</Time>
      <Position>
       <LatitudeDegrees>35.7016293</LatitudeDegrees>
       <LongitudeDegrees>139.7869358</LongitudeDegrees>
      </Position>
      <AltitudeMeters>2</AltitudeMeters>
      <DistanceMeters>404</DistanceMeters>
      <HeartRateBpm>
       <Value>115</Value>
      </HeartRateBpm>
      <Cadence>68</Cadence>
      <Extensions>
       <Speed>5.410000</Speed>
      </Extensions>
     </Trackpoint>
     <Trackpoint>
      <Time>2026-06-10T07:46:09Z</Time>
      <Position>
       <LatitudeDegrees>35.7016292</LatitudeDegrees>
       <LongitudeDegrees>139.7869523</LongitudeDegrees>
      </Position>
      <AltitudeMeters>2</AltitudeMeters>
      <DistanceMeters>406</DistanceMeters>
      <HeartRateBpm>
       <Value>115</Value>
      </HeartRateBpm>
      <Cadence>69</Cadence>
      <Extensions>
       <Speed>5.410000</Speed>
      </Extensions>
     </Trackpoint>
     <Trackpoint>
      <Time>2026-06-10T07:46:10Z</Time>
      <Position>
       <LatitudeDegrees>35.7016291</LatitudeDegrees>
       <LongitudeDegrees>139.7869688</LongitudeDegrees>
      </Position>
      <AltitudeMeters>2</AltitudeMeters>
      <DistanceMeters>408</DistanceMeters>
      <HeartRateBpm>
       <Value>115</Value>
      </HeartRateBpm>
      <Cadence>69</Cadence>
      <Extensions>
       <Speed>5.410000</Speed>
      </Extensions>
     </Trackpoint>
     <Trackpoint>
      <Time>2026-06-10T07:46:11Z</Time>
      <Position>
       <LatitudeDegrees>35.7016294</LatitudeDegrees>
       <LongitudeDegrees>139.7869848</LongitudeDegrees>
      </Position>
      <AltitudeMeters>2</AltitudeMeters>
      <DistanceMeters>409</DistanceMeters>
      <HeartRateBpm>
       <Value>115</Value>
      </HeartRateBpm>
      <Cadence>69</Cadence>
      <Extensions>
       <Speed>5.410000</Speed>
      </Extensions>
     </Trackpoint>
     <Trackpoint>
      <Time>2026-06-10T07:46:12Z</Time>
      <Position>
       <LatitudeDegrees>35.7016297</LatitudeDegrees>
       <LongitudeDegrees>139.7870009</LongitudeDegrees>
      </Position>
      <AltitudeMeters>2</AltitudeMeters>
      <DistanceMeters>410</DistanceMeters>
      <HeartRateBpm>
       <Value>115</Value>
      </HeartRateBpm>
      <Cadence>69</Cadence>
      <Extensions>
       <Speed>5.410000</Speed>
      </Extensions>
     </Trackpoint>
     <Trackpoint>
      <Time>2026-06-10T07:46:13Z</Time>
      <Position>
       <LatitudeDegrees>35.7016312</LatitudeDegrees>
       <LongitudeDegrees>139.7870163</LongitudeDegrees>
      </Position>
      <AltitudeMeters>2</AltitudeMeters>
      <DistanceMeters>412</DistanceMeters>
      <HeartRateBpm>
       <Value>115</Value>
      </HeartRateBpm>
      <Cadence>69</Cadence>
      <Extensions>
       <Speed>5.410000</Speed>
      </Extensions>
     </Trackpoint>
     <Trackpoint>
      <Time>2026-06-10T07:46:14Z</Time>
      <Position>
       <LatitudeDegrees>35.7016327</LatitudeDegrees>
       <LongitudeDegrees>139.7870317</LongitudeDegrees>
      </Position>
      <AltitudeMeters>2</AltitudeMeters>
      <DistanceMeters>413</DistanceMeters>
      <HeartRateBpm>
       <Value>114</Value>
      </HeartRateBpm>
      <Cadence>69</Cadence>
      <Extensions>
       <Speed>5.410000</Speed>
      </Extensions>
     </Trackpoint>
     <Trackpoint>
      <Time>2026-06-10T07:46:15Z</Time>
      <Position>
       <LatitudeDegrees>35.7016365</LatitudeDegrees>
       <LongitudeDegrees>139.7870440</LongitudeDegrees>
      </Position>
      <AltitudeMeters>2</AltitudeMeters>
      <DistanceMeters>414</DistanceMeters>
      <HeartRateBpm>
       <Value>114</Value>
      </HeartRateBpm>
      <Cadence>70</Cadence>
      <Extensions>
       <Speed>5.410000</Speed>
      </Extensions>
     </Trackpoint>
     <Trackpoint>
      <Time>2026-06-10T07:46:16Z</Time>
      <Position>
       <LatitudeDegrees>35.7016404</LatitudeDegrees>
       <LongitudeDegrees>139.7870563</LongitudeDegrees>
      </Position>
      <AltitudeMeters>2</AltitudeMeters>
      <DistanceMeters>415</DistanceMeters>
      <HeartRateBpm>
       <Value>114</Value>
      </HeartRateBpm>
      <Cadence>70</Cadence>
      <Extensions>
       <Speed>5.400000</Speed>
      </Extensions>
     </Trackpoint>
     <Trackpoint>
      <Time>2026-06-10T07:46:17Z</Time>
      <Position>
       <LatitudeDegrees>35.7016460</LatitudeDegrees>
       <LongitudeDegrees>139.7870677</LongitudeDegrees>
      </Position>
      <AltitudeMeters>2</AltitudeMeters>
      <DistanceMeters>416</DistanceMeters>
      <HeartRateBpm>
       <Value>114</Value>
      </HeartRateBpm>
      <Cadence>70</Cadence>
      <Extensions>
       <Speed>5.400000</Speed>
      </Extensions>
     </Trackpoint>
     <Trackpoint>
      <Time>2026-06-10T07:46:18Z</Time>
      <Position>
       <LatitudeDegrees>35.7016517</LatitudeDegrees>
       <LongitudeDegrees>139.7870791</LongitudeDegrees>
      </Position>
      <AltitudeMeters>2</AltitudeMeters>
      <DistanceMeters>418</DistanceMeters>
      <HeartRateBpm>
       <Value>114</Value>
      </HeartRateBpm>
      <Cadence>70</Cadence>
      <Extensions>
       <Speed>5.390000</Speed>
      </Extensions>
     </Trackpoint>
     <Trackpoint>
      <Time>2026-06-10T07:46:19Z</Time>
      <Position>
       <LatitudeDegrees>35.7016585</LatitudeDegrees>
       <LongitudeDegrees>139.7870915</LongitudeDegrees>
      </Position>
      <AltitudeMeters>2</AltitudeMeters>
      <DistanceMeters>419</DistanceMeters>
      <HeartRateBpm>
       <Value>114</Value>
      </HeartRateBpm>
      <Cadence>70</Cadence>
      <Extensions>
       <Speed>5.390000</Speed>
      </Extensions>
     </Trackpoint>
     <Trackpoint>
      <Time>2026-06-10T07:46:20Z</Time>
      <Position>
       <LatitudeDegrees>35.7016653</LatitudeDegrees>
       <LongitudeDegrees>139.7871039</LongitudeDegrees>
      </Position>
      <AltitudeMeters>2</AltitudeMeters>
      <DistanceMeters>420</DistanceMeters>
      <HeartRateBpm>
       <Value>114</Value>
      </HeartRateBpm>
      <Cadence>70</Cadence>
      <Extensions>
       <Speed>5.380000</Speed>
      </Extensions>
     </Trackpoint>
     <Trackpoint>
      <Time>2026-06-10T07:46:21Z</Time>
      <Position>
       <LatitudeDegrees>35.7016726</LatitudeDegrees>
       <LongitudeDegrees>139.7871178</LongitudeDegrees>
      </Position>
      <AltitudeMeters>2</AltitudeMeters>
      <DistanceMeters>422</DistanceMeters>
      <HeartRateBpm>
       <Value>114</Value>
      </HeartRateBpm>
      <Cadence>70</Cadence>
      <Extensions>
       <Speed>5.380000</Speed>
      </Extensions>
     </Trackpoint>
     <Trackpoint>
      <Time>2026-06-10T07:46:22Z</Time>
      <Position>
       <LatitudeDegrees>35.7016799</LatitudeDegrees>
       <LongitudeDegrees>139.7871318</LongitudeDegrees>
      </Position>
      <AltitudeMeters>2</AltitudeMeters>
      <DistanceMeters>424</DistanceMeters>
      <HeartRateBpm>
       <Value>114</Value>
      </HeartRateBpm>
      <Cadence>70</Cadence>
      <Extensions>
       <Speed>5.340000</Speed>
      </Extensions>
     </Trackpoint>
     <Trackpoint>
      <Time>2026-06-10T07:46:23Z</Time>
      <Position>
       <LatitudeDegrees>35.7016857</LatitudeDegrees>
       <LongitudeDegrees>139.7871486</LongitudeDegrees>
      </Position>
      <AltitudeMeters>2</AltitudeMeters>
      <DistanceMeters>426</DistanceMeters>
      <HeartRateBpm>
       <Value>114</Value>
      </HeartRateBpm>
      <Cadence>70</Cadence>
      <Extensions>
       <Speed>5.310000</Speed>
      </Extensions>
     </Trackpoint>
     <Trackpoint>
      <Time>2026-06-10T07:46:24Z</Time>
      <Position>
       <LatitudeDegrees>35.7016916</LatitudeDegrees>
       <LongitudeDegrees>139.7871655</LongitudeDegrees>
      </Position>
      <AltitudeMeters>2</AltitudeMeters>
      <DistanceMeters>428</DistanceMeters>
      <HeartRateBpm>
       <Value>114</Value>
      </HeartRateBpm>
      <Cadence>69</Cadence>
      <Extensions>
       <Speed>5.310000</Speed>
      </Extensions>
     </Trackpoint>
     <Trackpoint>
      <Time>2026-06-10T07:46:25Z</Time>
      <Position>
       <LatitudeDegrees>35.7016951</LatitudeDegrees>
       <LongitudeDegrees>139.7871832</LongitudeDegrees>
      </Position>
      <AltitudeMeters>2</AltitudeMeters>
      <DistanceMeters>429</DistanceMeters>
      <HeartRateBpm>
       <Value>114</Value>
      </HeartRateBpm>
      <Cadence>69</Cadence>
      <Extensions>
       <Speed>5.310000</Speed>
      </Extensions>
     </Trackpoint>
     <Trackpoint>
      <Time>2026-06-10T07:46:26Z</Time>
      <Position>
       <LatitudeDegrees>35.7016986</LatitudeDegrees>
       <LongitudeDegrees>139.7872010</LongitudeDegrees>
      </Position>
      <AltitudeMeters>2</AltitudeMeters>
      <DistanceMeters>430</DistanceMeters>
      <HeartRateBpm>
       <Value>114</Value>
      </HeartRateBpm>
      <Cadence>69</Cadence>
      <Extensions>
       <Speed>5.320000</Speed>
      </Extensions>
     </Trackpoint>
     <Trackpoint>
      <Time>2026-06-10T07:46:27Z</Time>
      <Position>
       <LatitudeDegrees>35.7017030</LatitudeDegrees>
       <LongitudeDegrees>139.7872181</LongitudeDegrees>
      </Position>
      <AltitudeMeters>2</AltitudeMeters>
      <DistanceMeters>432</DistanceMeters>
      <HeartRateBpm>
       <Value>114</Value>
      </HeartRateBpm>
      <Cadence>69</Cadence>
      <Extensions>
       <Speed>5.330000</Speed>
      </Extensions>
     </Trackpoint>
     <Trackpoint>
      <Time>2026-06-10T07:46:28Z</Time>
      <Position>
       <LatitudeDegrees>35.7017075</LatitudeDegrees>
       <LongitudeDegrees>139.7872353</LongitudeDegrees>
      </Position>
      <AltitudeMeters>2</AltitudeMeters>
      <DistanceMeters>434</DistanceMeters>
      <HeartRateBpm>
       <Value>114</Value>
      </HeartRateBpm>
      <Cadence>69</Cadence>
      <Extensions>
       <Speed>5.350000</Speed>
      </Extensions>
     </Trackpoint>
     <Trackpoint>
      <Time>2026-06-10T07:46:29Z</Time>
      <Position>
       <LatitudeDegrees>35.7017127</LatitudeDegrees>
       <LongitudeDegrees>139.7872519</LongitudeDegrees>
      </Position>
      <AltitudeMeters>2</AltitudeMeters>
      <DistanceMeters>435</DistanceMeters>
      <HeartRateBpm>
       <Value>114</Value>
      </HeartRateBpm>
      <Cadence>70</Cadence>
      <Extensions>
       <Speed>5.380000</Speed>
      </Extensions>
     </Trackpoint>
     <Trackpoint>
      <Time>2026-06-10T07:46:30Z</Time>
      <Position>
       <LatitudeDegrees>35.7017180</LatitudeDegrees>
       <LongitudeDegrees>139.7872685</LongitudeDegrees>
      </Position>
      <AltitudeMeters>2</AltitudeMeters>
      <DistanceMeters>437</DistanceMeters>
      <HeartRateBpm>
       <Value>114</Value>
      </HeartRateBpm>
      <Cadence>70</Cadence>
      <Extensions>
       <Speed>5.410000</Speed>
      </Extensions>
     </Trackpoint>
     <Trackpoint>
      <Time>2026-06-10T07:46:31Z</Time>
      <Position>
       <LatitudeDegrees>35.7017233</LatitudeDegrees>
       <LongitudeDegrees>139.7872847</LongitudeDegrees>
      </Position>
      <AltitudeMeters>2</AltitudeMeters>
      <DistanceMeters>439</DistanceMeters>
      <HeartRateBpm>
       <Value>114</Value>
      </HeartRateBpm>
      <Cadence>70</Cadence>
      <Extensions>
       <Speed>5.450000</Speed>
      </Extensions>
     </Trackpoint>
     <Trackpoint>
      <Time>2026-06-10T07:46:32Z</Time>
      <Position>
       <LatitudeDegrees>35.7017286</LatitudeDegrees>
       <LongitudeDegrees>139.7873009</LongitudeDegrees>
      </Position>
      <AltitudeMeters>2</AltitudeMeters>
      <DistanceMeters>440</DistanceMeters>
      <HeartRateBpm>
       <Value>114</Value>
      </HeartRateBpm>
      <Cadence>70</Cadence>
      <Extensions>
       <Speed>5.480000</Speed>
      </Extensions>
     </Trackpoint>
     <Trackpoint>
      <Time>2026-06-10T07:46:33Z</Time>
      <Position>
       <LatitudeDegrees>35.7017364</LatitudeDegrees>
       <LongitudeDegrees>139.7873154</LongitudeDegrees>
      </Position>
      <AltitudeMeters>2</AltitudeMeters>
      <DistanceMeters>442</DistanceMeters>
      <HeartRateBpm>
       <Value>114</Value>
      </HeartRateBpm>
      <Cadence>71</Cadence>
      <Extensions>
       <Speed>5.510000</Speed>
      </Extensions>
     </Trackpoint>
     <Trackpoint>
      <Time>2026-06-10T07:46:34Z</Time>
      <Position>
       <LatitudeDegrees>35.7017442</LatitudeDegrees>
       <LongitudeDegrees>139.7873299</LongitudeDegrees>
      </Position>
      <AltitudeMeters>2</AltitudeMeters>
      <DistanceMeters>444</DistanceMeters>
      <HeartRateBpm>
       <Value>114</Value>
      </HeartRateBpm>
      <Cadence>71</Cadence>
      <Extensions>
       <Speed>5.510000</Speed>
      </Extensions>
     </Trackpoint>
     <Trackpoint>
      <Time>2026-06-10T07:46:35Z</Time>
      <Position>
       <LatitudeDegrees>35.7017533</LatitudeDegrees>
       <LongitudeDegrees>139.7873434</LongitudeDegrees>
      </Position>
      <AltitudeMeters>2</AltitudeMeters>
      <DistanceMeters>445</DistanceMeters>
      <HeartRateBpm>
       <Value>114</Value>
      </HeartRateBpm>
      <Cadence>71</Cadence>
      <Extensions>
       <Speed>5.520000</Speed>
      </Extensions>
     </Trackpoint>
     <Trackpoint>
      <Time>2026-06-10T07:46:36Z</Time>
      <Position>
       <LatitudeDegrees>35.7017625</LatitudeDegrees>
       <LongitudeDegrees>139.7873570</LongitudeDegrees>
      </Position>
      <AltitudeMeters>2</AltitudeMeters>
      <DistanceMeters>446</DistanceMeters>
      <HeartRateBpm>
       <Value>114</Value>
      </HeartRateBpm>
      <Cadence>71</Cadence>
      <Extensions>
       <Speed>5.520000</Speed>
      </Extensions>
     </Trackpoint>
     <Trackpoint>
      <Time>2026-06-10T07:46:37Z</Time>
      <Position>
       <LatitudeDegrees>35.7017719</LatitudeDegrees>
       <LongitudeDegrees>139.7873705</LongitudeDegrees>
      </Position>
      <AltitudeMeters>2</AltitudeMeters>
      <DistanceMeters>448</DistanceMeters>
      <HeartRateBpm>
       <Value>114</Value>
      </HeartRateBpm>
      <Cadence>71</Cadence>
      <Extensions>
       <Speed>5.530000</Speed>
      </Extensions>
     </Trackpoint>
     <Trackpoint>
      <Time>2026-06-10T07:46:38Z</Time>
      <Position>
       <LatitudeDegrees>35.7017813</LatitudeDegrees>
       <LongitudeDegrees>139.7873840</LongitudeDegrees>
      </Position>
      <AltitudeMeters>2</AltitudeMeters>
      <DistanceMeters>450</DistanceMeters>
      <HeartRateBpm>
       <Value>115</Value>
      </HeartRateBpm>
      <Cadence>71</Cadence>
      <Extensions>
       <Speed>5.530000</Speed>
      </Extensions>
     </Trackpoint>
     <Trackpoint>
      <Time>2026-06-10T07:46:39Z</Time>
      <Position>
       <LatitudeDegrees>35.7017900</LatitudeDegrees>
       <LongitudeDegrees>139.7873976</LongitudeDegrees>
      </Position>
      <AltitudeMeters>2</AltitudeMeters>
      <DistanceMeters>451</DistanceMeters>
      <HeartRateBpm>
       <Value>115</Value>
      </HeartRateBpm>
      <Cadence>71</Cadence>
      <Extensions>
       <Speed>5.540000</Speed>
      </Extensions>
     </Trackpoint>
     <Trackpoint>
      <Time>2026-06-10T07:46:40Z</Time>
      <Position>
       <LatitudeDegrees>35.7017987</LatitudeDegrees>
       <LongitudeDegrees>139.7874113</LongitudeDegrees>
      </Position>
      <AltitudeMeters>2</AltitudeMeters>
      <DistanceMeters>454</DistanceMeters>
      <HeartRateBpm>
       <Value>115</Value>
      </HeartRateBpm>
      <Cadence>71</Cadence>
      <Extensions>
       <Speed>5.530000</Speed>
      </Extensions>
     </Trackpoint>
     <Trackpoint>
      <Time>2026-06-10T07:46:41Z</Time>
      <Position>
       <LatitudeDegrees>35.7018064</LatitudeDegrees>
       <LongitudeDegrees>139.7874304</LongitudeDegrees>
      </Position>
      <AltitudeMeters>2</AltitudeMeters>
      <DistanceMeters>456</DistanceMeters>
      <HeartRateBpm>
       <Value>115</Value>
      </HeartRateBpm>
      <Cadence>71</Cadence>
      <Extensions>
       <Speed>5.530000</Speed>
      </Extensions>
     </Trackpoint>
     <Trackpoint>
      <Time>2026-06-10T07:46:42Z</Time>
      <Position>
       <LatitudeDegrees>35.7018141</LatitudeDegrees>
       <LongitudeDegrees>139.7874495</LongitudeDegrees>
      </Position>
      <AltitudeMeters>2</AltitudeMeters>
      <DistanceMeters>458</DistanceMeters>
      <HeartRateBpm>
       <Value>115</Value>
      </HeartRateBpm>
      <Cadence>71</Cadence>
      <Extensions>
       <Speed>5.540000</Speed>
      </Extensions>
     </Trackpoint>
     <Trackpoint>
      <Time>2026-06-10T07:46:43Z</Time>
      <Position>
       <LatitudeDegrees>35.7018191</LatitudeDegrees>
       <LongitudeDegrees>139.7874743</LongitudeDegrees>
      </Position>
      <AltitudeMeters>2</AltitudeMeters>
      <DistanceMeters>461</DistanceMeters>
      <HeartRateBpm>
       <Value>116</Value>
      </HeartRateBpm>
      <Cadence>71</Cadence>
      <Extensions>
       <Speed>5.560000</Speed>
      </Extensions>
     </Trackpoint>
     <Trackpoint>
      <Time>2026-06-10T07:46:44Z</Time>
      <Position>
       <LatitudeDegrees>35.7018242</LatitudeDegrees>
       <LongitudeDegrees>139.7874991</LongitudeDegrees>
      </Position>
      <AltitudeMeters>2</AltitudeMeters>
      <DistanceMeters>464</DistanceMeters>
      <HeartRateBpm>
       <Value>115</Value>
      </HeartRateBpm>
      <Cadence>71</Cadence>
      <Extensions>
       <Speed>5.570000</Speed>
      </Extensions>
     </Trackpoint>
     <Trackpoint>
      <Time>2026-06-10T07:46:45Z</Time>
      <Position>
       <LatitudeDegrees>35.7018222</LatitudeDegrees>
       <LongitudeDegrees>139.7875256</LongitudeDegrees>
      </Position>
      <AltitudeMeters>2</AltitudeMeters>
      <DistanceMeters>466</DistanceMeters>
      <HeartRateBpm>
       <Value>115</Value>
      </HeartRateBpm>
      <Cadence>71</Cadence>
      <Extensions>
       <Speed>5.590000</Speed>
      </Extensions>
     </Trackpoint>
     <Trackpoint>
      <Time>2026-06-10T07:46:46Z</Time>
      <Position>
       <LatitudeDegrees>35.7018203</LatitudeDegrees>
       <LongitudeDegrees>139.7875522</LongitudeDegrees>
      </Position>
      <AltitudeMeters>2</AltitudeMeters>
      <DistanceMeters>468</DistanceMeters>
      <HeartRateBpm>
       <Value>115</Value>
      </HeartRateBpm>
      <Cadence>71</Cadence>
      <Extensions>
       <Speed>5.590000</Speed>
      </Extensions>
     </Trackpoint>
     <Trackpoint>
      <Time>2026-06-10T07:46:47Z</Time>
      <Position>
       <LatitudeDegrees>35.7018118</LatitudeDegrees>
       <LongitudeDegrees>139.7875765</LongitudeDegrees>
      </Position>
      <AltitudeMeters>1</AltitudeMeters>
      <DistanceMeters>471</DistanceMeters>
      <HeartRateBpm>
       <Value>116</Value>
      </HeartRateBpm>
      <Cadence>71</Cadence>
      <Extensions>
       <Speed>5.590000</Speed>
      </Extensions>
     </Trackpoint>
     <Trackpoint>
      <Time>2026-06-10T07:46:48Z</Time>
      <Position>
       <LatitudeDegrees>35.7018034</LatitudeDegrees>
       <LongitudeDegrees>139.7876008</LongitudeDegrees>
      </Position>
      <AltitudeMeters>1</AltitudeMeters>
      <DistanceMeters>472</DistanceMeters>
      <HeartRateBpm>
       <Value>116</Value>
      </HeartRateBpm>
      <Cadence>71</Cadence>
      <Extensions>
       <Speed>5.590000</Speed>
      </Extensions>
     </Trackpoint>
     <Trackpoint>
      <Time>2026-06-10T07:46:49Z</Time>
      <Position>
       <LatitudeDegrees>35.7017975</LatitudeDegrees>
       <LongitudeDegrees>139.7876227</LongitudeDegrees>
      </Position>
      <AltitudeMeters>1</AltitudeMeters>
      <DistanceMeters>474</DistanceMeters>
      <HeartRateBpm>
       <Value>116</Value>
      </HeartRateBpm>
      <Cadence>71</Cadence>
      <Extensions>
       <Speed>5.600000</Speed>
      </Extensions>
     </Trackpoint>
     <Trackpoint>
      <Time>2026-06-10T07:46:50Z</Time>
      <Position>
       <LatitudeDegrees>35.7017917</LatitudeDegrees>
       <LongitudeDegrees>139.7876446</LongitudeDegrees>
      </Position>
      <AltitudeMeters>1</AltitudeMeters>
      <DistanceMeters>476</DistanceMeters>
      <HeartRateBpm>
       <Value>116</Value>
      </HeartRateBpm>
      <Cadence>71</Cadence>
      <Extensions>
       <Speed>5.600000</Speed>
      </Extensions>
     </Trackpoint>
     <Trackpoint>
      <Time>2026-06-10T07:46:51Z</Time>
      <Position>
       <LatitudeDegrees>35.7017908</LatitudeDegrees>
       <LongitudeDegrees>139.7876650</LongitudeDegrees>
      </Position>
      <AltitudeMeters>1</AltitudeMeters>
      <DistanceMeters>477</DistanceMeters>
      <HeartRateBpm>
       <Value>116</Value>
      </HeartRateBpm>
      <Cadence>71</Cadence>
      <Extensions>
       <Speed>5.610000</Speed>
      </Extensions>
     </Trackpoint>
     <Trackpoint>
      <Time>2026-06-10T07:46:52Z</Time>
      <Position>
       <LatitudeDegrees>35.7017900</LatitudeDegrees>
       <LongitudeDegrees>139.7876854</LongitudeDegrees>
      </Position>
      <AltitudeMeters>1</AltitudeMeters>
      <DistanceMeters>479</DistanceMeters>
      <HeartRateBpm>
       <Value>116</Value>
      </HeartRateBpm>
      <Cadence>71</Cadence>
      <Extensions>
       <Speed>5.610000</Speed>
      </Extensions>
     </Trackpoint>
     <Trackpoint>
      <Time>2026-06-10T07:46:53Z</Time>
      <Position>
       <LatitudeDegrees>35.7017924</LatitudeDegrees>
       <LongitudeDegrees>139.7877049</LongitudeDegrees>
      </Position>
      <AltitudeMeters>1</AltitudeMeters>
      <DistanceMeters>481</DistanceMeters>
      <HeartRateBpm>
       <Value>116</Value>
      </HeartRateBpm>
      <Cadence>71</Cadence>
      <Extensions>
       <Speed>5.620000</Speed>
      </Extensions>
     </Trackpoint>
     <Trackpoint>
      <Time>2026-06-10T07:46:54Z</Time>
      <Position>
       <LatitudeDegrees>35.7017949</LatitudeDegrees>
       <LongitudeDegrees>139.7877244</LongitudeDegrees>
      </Position>
      <AltitudeMeters>1</AltitudeMeters>
      <DistanceMeters>482</DistanceMeters>
      <HeartRateBpm>
       <Value>116</Value>
      </HeartRateBpm>
      <Cadence>71</Cadence>
      <Extensions>
       <Speed>5.620000</Speed>
      </Extensions>
     </Trackpoint>
     <Trackpoint>
      <Time>2026-06-10T07:46:55Z</Time>
      <Position>
       <LatitudeDegrees>35.7017987</LatitudeDegrees>
       <LongitudeDegrees>139.7877424</LongitudeDegrees>
      </Position>
      <AltitudeMeters>1</AltitudeMeters>
      <DistanceMeters>484</DistanceMeters>
      <HeartRateBpm>
       <Value>116</Value>
      </HeartRateBpm>
      <Cadence>71</Cadence>
      <Extensions>
       <Speed>5.620000</Speed>
      </Extensions>
     </Trackpoint>
     <Trackpoint>
      <Time>2026-06-10T07:46:56Z</Time>
      <Position>
       <LatitudeDegrees>35.7018025</LatitudeDegrees>
       <LongitudeDegrees>139.7877605</LongitudeDegrees>
      </Position>
      <AltitudeMeters>1</AltitudeMeters>
      <DistanceMeters>486</DistanceMeters>
      <HeartRateBpm>
       <Value>115</Value>
      </HeartRateBpm>
      <Cadence>71</Cadence>
      <Extensions>
       <Speed>5.640000</Speed>
      </Extensions>
     </Trackpoint>
     <Trackpoint>
      <Time>2026-06-10T07:46:57Z</Time>
      <Position>
       <LatitudeDegrees>35.7018065</LatitudeDegrees>
       <LongitudeDegrees>139.7877779</LongitudeDegrees>
      </Position>
      <AltitudeMeters>1</AltitudeMeters>
      <DistanceMeters>488</DistanceMeters>
      <HeartRateBpm>
       <Value>115</Value>
      </HeartRateBpm>
      <Cadence>71</Cadence>
      <Extensions>
       <Speed>5.670000</Speed>
      </Extensions>
     </Trackpoint>
     <Trackpoint>
      <Time>2026-06-10T07:46:58Z</Time>
      <Position>
       <LatitudeDegrees>35.7018106</LatitudeDegrees>
       <LongitudeDegrees>139.7877954</LongitudeDegrees>
      </Position>
      <AltitudeMeters>1</AltitudeMeters>
      <DistanceMeters>489</DistanceMeters>
      <HeartRateBpm>
       <Value>115</Value>
      </HeartRateBpm>
      <Cadence>72</Cadence>
      <Extensions>
       <Speed>5.780000</Speed>
      </Extensions>
     </Trackpoint>
     <Trackpoint>
      <Time>2026-06-10T07:46:59Z</Time>
      <Position>
       <LatitudeDegrees>35.7018146</LatitudeDegrees>
       <LongitudeDegrees>139.7878116</LongitudeDegrees>
      </Position>
      <AltitudeMeters>1</AltitudeMeters>
      <DistanceMeters>490</DistanceMeters>
      <HeartRateBpm>
       <Value>116</Value>
      </HeartRateBpm>
      <Cadence>72</Cadence>
      <Extensions>
       <Speed>5.890000</Speed>
      </Extensions>
     </Trackpoint>
     <Trackpoint>
      <Time>2026-06-10T07:47:00Z</Time>
      <Position>
       <LatitudeDegrees>35.7018186</LatitudeDegrees>
       <LongitudeDegrees>139.7878279</LongitudeDegrees>
      </Position>
      <AltitudeMeters>1</AltitudeMeters>
      <DistanceMeters>492</DistanceMeters>
      <HeartRateBpm>
       <Value>116</Value>
      </HeartRateBpm>
      <Cadence>72</Cadence>
      <Extensions>
       <Speed>5.960000</Speed>
      </Extensions>
     </Trackpoint>
     <Trackpoint>
      <Time>2026-06-10T07:47:01Z</Time>
      <Position>
       <LatitudeDegrees>35.7018210</LatitudeDegrees>
       <LongitudeDegrees>139.7878462</LongitudeDegrees>
      </Position>
      <AltitudeMeters>1</AltitudeMeters>
      <DistanceMeters>494</DistanceMeters>
      <HeartRateBpm>
       <Value>116</Value>
      </HeartRateBpm>
      <Cadence>73</Cadence>
      <Extensions>
       <Speed>6.040000</Speed>
      </Extensions>
     </Trackpoint>
     <Trackpoint>
      <Time>2026-06-10T07:47:02Z</Time>
      <Position>
       <LatitudeDegrees>35.7018235</LatitudeDegrees>
       <LongitudeDegrees>139.7878646</LongitudeDegrees>
      </Position>
      <AltitudeMeters>1</AltitudeMeters>
      <DistanceMeters>496</DistanceMeters>
      <HeartRateBpm>
       <Value>116</Value>
      </HeartRateBpm>
      <Cadence>73</Cadence>
      <Extensions>
       <Speed>6.120000</Speed>
      </Extensions>
     </Trackpoint>
     <Trackpoint>
      <Time>2026-06-10T07:47:03Z</Time>
      <Position>
       <LatitudeDegrees>35.7018238</LatitudeDegrees>
       <LongitudeDegrees>139.7878834</LongitudeDegrees>
      </Position>
      <AltitudeMeters>1</AltitudeMeters>
      <DistanceMeters>498</DistanceMeters>
      <HeartRateBpm>
       <Value>116</Value>
      </HeartRateBpm>
      <Cadence>73</Cadence>
      <Extensions>
       <Speed>6.200000</Speed>
      </Extensions>
     </Trackpoint>
     <Trackpoint>
      <Time>2026-06-10T07:47:04Z</Time>
      <Position>
       <LatitudeDegrees>35.7018241</LatitudeDegrees>
       <LongitudeDegrees>139.7879023</LongitudeDegrees>
      </Position>
      <AltitudeMeters>1</AltitudeMeters>
      <DistanceMeters>500</DistanceMeters>
      <HeartRateBpm>
       <Value>116</Value>
      </HeartRateBpm>
      <Cadence>73</Cadence>
      <Extensions>
       <Speed>6.240000</Speed>
      </Extensions>
     </Trackpoint>
     <Trackpoint>
      <Time>2026-06-10T07:47:05Z</Time>
      <Position>
       <LatitudeDegrees>35.7018217</LatitudeDegrees>
       <LongitudeDegrees>139.7879210</LongitudeDegrees>
      </Position>
      <AltitudeMeters>1</AltitudeMeters>
      <DistanceMeters>501</DistanceMeters>
      <HeartRateBpm>
       <Value>116</Value>
      </HeartRateBpm>
      <Cadence>73</Cadence>
      <Extensions>
       <Speed>6.280000</Speed>
      </Extensions>
     </Trackpoint>
     <Trackpoint>
      <Time>2026-06-10T07:47:06Z</Time>
      <Position>
       <LatitudeDegrees>35.7018193</LatitudeDegrees>
       <LongitudeDegrees>139.7879397</LongitudeDegrees>
      </Position>
      <AltitudeMeters>1</AltitudeMeters>
      <DistanceMeters>503</DistanceMeters>
      <HeartRateBpm>
       <Value>116</Value>
      </HeartRateBpm>
      <Cadence>72</Cadence>
      <Extensions>
       <Speed>6.310000</Speed>
      </Extensions>
     </Trackpoint>
     <Trackpoint>
      <Time>2026-06-10T07:47:07Z</Time>
      <Position>
       <LatitudeDegrees>35.7018152</LatitudeDegrees>
       <LongitudeDegrees>139.7879581</LongitudeDegrees>
      </Position>
      <AltitudeMeters>1</AltitudeMeters>
      <DistanceMeters>505</DistanceMeters>
      <HeartRateBpm>
       <Value>116</Value>
      </HeartRateBpm>
      <Cadence>72</Cadence>
      <Extensions>
       <Speed>6.340000</Speed>
      </Extensions>
     </Trackpoint>
     <Trackpoint>
      <Time>2026-06-10T07:47:08Z</Time>
      <Position>
       <LatitudeDegrees>35.7018112</LatitudeDegrees>
       <LongitudeDegrees>139.7879766</LongitudeDegrees>
      </Position>
      <AltitudeMeters>1</AltitudeMeters>
      <DistanceMeters>506</DistanceMeters>
      <HeartRateBpm>
       <Value>116</Value>
      </HeartRateBpm>
      <Cadence>72</Cadence>
      <Extensions>
       <Speed>6.360000</Speed>
      </Extensions>
     </Trackpoint>
     <Trackpoint>
      <Time>2026-06-10T07:47:09Z</Time>
      <Position>
       <LatitudeDegrees>35.7018076</LatitudeDegrees>
       <LongitudeDegrees>139.7879944</LongitudeDegrees>
      </Position>
      <AltitudeMeters>1</AltitudeMeters>
      <DistanceMeters>508</DistanceMeters>
      <HeartRateBpm>
       <Value>116</Value>
      </HeartRateBpm>
      <Cadence>72</Cadence>
      <Extensions>
       <Speed>6.390000</Speed>
      </Extensions>
     </Trackpoint>
     <Trackpoint>
      <Time>2026-06-10T07:47:10Z</Time>
      <Position>
       <LatitudeDegrees>35.7018040</LatitudeDegrees>
       <LongitudeDegrees>139.7880123</LongitudeDegrees>
      </Position>
      <AltitudeMeters>1</AltitudeMeters>
      <DistanceMeters>510</DistanceMeters>
      <HeartRateBpm>
       <Value>116</Value>
      </HeartRateBpm>
      <Cadence>72</Cadence>
      <Extensions>
       <Speed>6.400000</Speed>
      </Extensions>
     </Trackpoint>
     <Trackpoint>
      <Time>2026-06-10T07:47:11Z</Time>
      <Position>
       <LatitudeDegrees>35.7018013</LatitudeDegrees>
       <LongitudeDegrees>139.7880302</LongitudeDegrees>
      </Position>
      <AltitudeMeters>1</AltitudeMeters>
      <DistanceMeters>511</DistanceMeters>
      <HeartRateBpm>
       <Value>116</Value>
      </HeartRateBpm>
      <Cadence>72</Cadence>
      <Extensions>
       <Speed>6.420000</Speed>
      </Extensions>
     </Trackpoint>
     <Trackpoint>
      <Time>2026-06-10T07:47:12Z</Time>
      <Position>
       <LatitudeDegrees>35.7017986</LatitudeDegrees>
       <LongitudeDegrees>139.7880481</LongitudeDegrees>
      </Position>
      <AltitudeMeters>1</AltitudeMeters>
      <DistanceMeters>512</DistanceMeters>
      <HeartRateBpm>
       <Value>116</Value>
      </HeartRateBpm>
      <Cadence>72</Cadence>
      <Extensions>
       <Speed>6.430000</Speed>
      </Extensions>
     </Trackpoint>
     <Trackpoint>
      <Time>2026-06-10T07:47:13Z</Time>
      <Position>
       <LatitudeDegrees>35.7017936</LatitudeDegrees>
       <LongitudeDegrees>139.7880635</LongitudeDegrees>
      </Position>
      <AltitudeMeters>1</AltitudeMeters>
      <DistanceMeters>514</DistanceMeters>
      <HeartRateBpm>
       <Value>116</Value>
      </HeartRateBpm>
      <Cadence>72</Cadence>
      <Extensions>
       <Speed>6.440000</Speed>
      </Extensions>
     </Trackpoint>
     <Trackpoint>
      <Time>2026-06-10T07:47:14Z</Time>
      <Position>
       <LatitudeDegrees>35.7017886</LatitudeDegrees>
       <LongitudeDegrees>139.7880789</LongitudeDegrees>
      </Position>
      <AltitudeMeters>1</AltitudeMeters>
      <DistanceMeters>515</DistanceMeters>
      <HeartRateBpm>
       <Value>117</Value>
      </HeartRateBpm>
      <Cadence>72</Cadence>
      <Extensions>
       <Speed>6.440000</Speed>
      </Extensions>
     </Trackpoint>
     <Trackpoint>
      <Time>2026-06-10T07:47:15Z</Time>
      <Position>
       <LatitudeDegrees>35.7017835</LatitudeDegrees>
       <LongitudeDegrees>139.7880922</LongitudeDegrees>
      </Position>
      <AltitudeMeters>1</AltitudeMeters>
      <DistanceMeters>516</DistanceMeters>
      <HeartRateBpm>
       <Value>117</Value>
      </HeartRateBpm>
      <Cadence>72</Cadence>
      <Extensions>
       <Speed>6.450000</Speed>
      </Extensions>
     </Trackpoint>
     <Trackpoint>
      <Time>2026-06-10T07:47:16Z</Time>
      <Position>
       <LatitudeDegrees>35.7017784</LatitudeDegrees>
       <LongitudeDegrees>139.7881055</LongitudeDegrees>
      </Position>
      <AltitudeMeters>1</AltitudeMeters>
      <DistanceMeters>517</DistanceMeters>
      <HeartRateBpm>
       <Value>117</Value>
      </HeartRateBpm>
      <Cadence>72</Cadence>
      <Extensions>
       <Speed>6.440000</Speed>
      </Extensions>
     </Trackpoint>
     <Trackpoint>
      <Time>2026-06-10T07:47:17Z</Time>
      <Position>
       <LatitudeDegrees>35.7017743</LatitudeDegrees>
       <LongitudeDegrees>139.7881168</LongitudeDegrees>
      </Position>
      <AltitudeMeters>1</AltitudeMeters>
      <DistanceMeters>518</DistanceMeters>
      <HeartRateBpm>
       <Value>117</Value>
      </HeartRateBpm>
      <Cadence>72</Cadence>
      <Extensions>
       <Speed>6.430000</Speed>
      </Extensions>
     </Trackpoint>
     <Trackpoint>
      <Time>2026-06-10T07:47:18Z</Time>
      <Position>
       <LatitudeDegrees>35.7017702</LatitudeDegrees>
       <LongitudeDegrees>139.7881281</LongitudeDegrees>
      </Position>
      <AltitudeMeters>1</AltitudeMeters>
      <DistanceMeters>520</DistanceMeters>
      <HeartRateBpm>
       <Value>117</Value>
      </HeartRateBpm>
      <Cadence>72</Cadence>
      <Extensions>
       <Speed>6.420000</Speed>
      </Extensions>
     </Trackpoint>
     <Trackpoint>
      <Time>2026-06-10T07:47:19Z</Time>
      <Position>
       <LatitudeDegrees>35.7017707</LatitudeDegrees>
       <LongitudeDegrees>139.7881400</LongitudeDegrees>
      </Position>
      <AltitudeMeters>1</AltitudeMeters>
      <DistanceMeters>521</DistanceMeters>
      <HeartRateBpm>
       <Value>117</Value>
      </HeartRateBpm>
      <Cadence>72</Cadence>
      <Extensions>
       <Speed>6.410000</Speed>
      </Extensions>
     </Trackpoint>
     <Trackpoint>
      <Time>2026-06-10T07:47:20Z</Time>
      <Position>
       <LatitudeDegrees>35.7017712</LatitudeDegrees>
       <LongitudeDegrees>139.7881519</LongitudeDegrees>
      </Position>
      <AltitudeMeters>1</AltitudeMeters>
      <DistanceMeters>522</DistanceMeters>
      <HeartRateBpm>
       <Value>117</Value>
      </HeartRateBpm>
      <Cadence>72</Cadence>
      <Extensions>
       <Speed>6.400000</Speed>
      </Extensions>
     </Trackpoint>
     <Trackpoint>
      <Time>2026-06-10T07:47:21Z</Time>
      <Position>
       <LatitudeDegrees>35.7017770</LatitudeDegrees>
       <LongitudeDegrees>139.7881641</LongitudeDegrees>
      </Position>
      <AltitudeMeters>1</AltitudeMeters>
      <DistanceMeters>524</DistanceMeters>
      <HeartRateBpm>
       <Value>117</Value>
      </HeartRateBpm>
      <Cadence>73</Cadence>
      <Extensions>
       <Speed>6.390000</Speed>
      </Extensions>
     </Trackpoint>
     <Trackpoint>
      <Time>2026-06-10T07:47:22Z</Time>
      <Position>
       <LatitudeDegrees>35.7017828</LatitudeDegrees>
       <LongitudeDegrees>139.7881764</LongitudeDegrees>
      </Position>
      <AltitudeMeters>1</AltitudeMeters>
      <DistanceMeters>526</DistanceMeters>
      <HeartRateBpm>
       <Value>117</Value>
      </HeartRateBpm>
      <Cadence>73</Cadence>
      <Extensions>
       <Speed>6.380000</Speed>
      </Extensions>
     </Trackpoint>
     <Trackpoint>
      <Time>2026-06-10T07:47:23Z</Time>
      <Position>
       <LatitudeDegrees>35.7017921</LatitudeDegrees>
       <LongitudeDegrees>139.7881878</LongitudeDegrees>
      </Position>
      <AltitudeMeters>1</AltitudeMeters>
      <DistanceMeters>527</DistanceMeters>
      <HeartRateBpm>
       <Value>117</Value>
      </HeartRateBpm>
      <Cadence>74</Cadence>
      <Extensions>
       <Speed>6.380000</Speed>
      </Extensions>
     </Trackpoint>
     <Trackpoint>
      <Time>2026-06-10T07:47:24Z</Time>
      <Position>
       <LatitudeDegrees>35.7018015</LatitudeDegrees>
       <LongitudeDegrees>139.7881993</LongitudeDegrees>
      </Position>
      <AltitudeMeters>1</AltitudeMeters>
      <DistanceMeters>528</DistanceMeters>
      <HeartRateBpm>
       <Value>117</Value>
      </HeartRateBpm>
      <Cadence>75</Cadence>
      <Extensions>
       <Speed>6.370000</Speed>
      </Extensions>
     </Trackpoint>
     <Trackpoint>
      <Time>2026-06-10T07:47:25Z</Time>
      <Position>
       <LatitudeDegrees>35.7018132</LatitudeDegrees>
       <LongitudeDegrees>139.7882108</LongitudeDegrees>
      </Position>
      <AltitudeMeters>1</AltitudeMeters>
      <DistanceMeters>530</DistanceMeters>
      <HeartRateBpm>
       <Value>118</Value>
      </HeartRateBpm>
      <Cadence>75</Cadence>
      <Extensions>
       <Speed>6.370000</Speed>
      </Extensions>
     </Trackpoint>
     <Trackpoint>
      <Time>2026-06-10T07:47:26Z</Time>
      <Position>
       <LatitudeDegrees>35.7018249</LatitudeDegrees>
       <LongitudeDegrees>139.7882224</LongitudeDegrees>
      </Position>
      <AltitudeMeters>1</AltitudeMeters>
      <DistanceMeters>532</DistanceMeters>
      <HeartRateBpm>
       <Value>118</Value>
      </HeartRateBpm>
      <Cadence>76</Cadence>
      <Extensions>
       <Speed>6.370000</Speed>
      </Extensions>
     </Trackpoint>
     <Trackpoint>
      <Time>2026-06-10T07:47:27Z</Time>
      <Position>
       <LatitudeDegrees>35.7018374</LatitudeDegrees>
       <LongitudeDegrees>139.7882342</LongitudeDegrees>
      </Position>
      <AltitudeMeters>1</AltitudeMeters>
      <DistanceMeters>534</DistanceMeters>
      <HeartRateBpm>
       <Value>117</Value>
      </HeartRateBpm>
      <Cadence>77</Cadence>
      <Extensions>
       <Speed>6.370000</Speed>
      </Extensions>
     </Trackpoint>
     <Trackpoint>
      <Time>2026-06-10T07:47:28Z</Time>
      <Position>
       <LatitudeDegrees>35.7018500</LatitudeDegrees>
       <LongitudeDegrees>139.7882461</LongitudeDegrees>
      </Position>
      <AltitudeMeters>1</AltitudeMeters>
      <DistanceMeters>536</DistanceMeters>
      <HeartRateBpm>
       <Value>116</Value>
      </HeartRateBpm>
      <Cadence>77</Cadence>
      <Extensions>
       <Speed>6.370000</Speed>
      </Extensions>
     </Trackpoint>
     <Trackpoint>
      <Time>2026-06-10T07:47:29Z</Time>
      <Position>
       <LatitudeDegrees>35.7018612</LatitudeDegrees>
       <LongitudeDegrees>139.7882588</LongitudeDegrees>
      </Position>
      <AltitudeMeters>1</AltitudeMeters>
      <DistanceMeters>537</DistanceMeters>
      <HeartRateBpm>
       <Value>116</Value>
      </HeartRateBpm>
      <Cadence>78</Cadence>
      <Extensions>
       <Speed>6.370000</Speed>
      </Extensions>
     </Trackpoint>
     <Trackpoint>
      <Time>2026-06-10T07:47:30Z</Time>
      <Position>
       <LatitudeDegrees>35.7018725</LatitudeDegrees>
       <LongitudeDegrees>139.7882715</LongitudeDegrees>
      </Position>
      <AltitudeMeters>1</AltitudeMeters>
      <DistanceMeters>538</DistanceMeters>
      <HeartRateBpm>
       <Value>116</Value>
      </HeartRateBpm>
      <Cadence>78</Cadence>
      <Extensions>
       <Speed>6.320000</Speed>
      </Extensions>
     </Trackpoint>
     <Trackpoint>
      <Time>2026-06-10T07:47:31Z</Time>
      <Position>
       <LatitudeDegrees>35.7018796</LatitudeDegrees>
       <LongitudeDegrees>139.7882873</LongitudeDegrees>
      </Position>
      <AltitudeMeters>1</AltitudeMeters>
      <DistanceMeters>540</DistanceMeters>
      <HeartRateBpm>
       <Value>116</Value>
      </HeartRateBpm>
      <Cadence>78</Cadence>
      <Extensions>
       <Speed>6.270000</Speed>
      </Extensions>
     </Trackpoint>
     <Trackpoint>
      <Time>2026-06-10T07:47:32Z</Time>
      <Position>
       <LatitudeDegrees>35.7018868</LatitudeDegrees>
       <LongitudeDegrees>139.7883031</LongitudeDegrees>
      </Position>
      <AltitudeMeters>1</AltitudeMeters>
      <DistanceMeters>542</DistanceMeters>
      <HeartRateBpm>
       <Value>117</Value>
      </HeartRateBpm>
      <Cadence>78</Cadence>
      <Extensions>
       <Speed>6.260000</Speed>
      </Extensions>
     </Trackpoint>
     <Trackpoint>
      <Time>2026-06-10T07:47:33Z</Time>
      <Position>
       <LatitudeDegrees>35.7018876</LatitudeDegrees>
       <LongitudeDegrees>139.7883228</LongitudeDegrees>
      </Position>
      <AltitudeMeters>1</AltitudeMeters>
      <DistanceMeters>544</DistanceMeters>
      <HeartRateBpm>
       <Value>117</Value>
      </HeartRateBpm>
      <Cadence>78</Cadence>
      <Extensions>
       <Speed>6.250000</Speed>
      </Extensions>
     </Trackpoint>
     <Trackpoint>
      <Time>2026-06-10T07:47:34Z</Time>
      <Position>
       <LatitudeDegrees>35.7018885</LatitudeDegrees>
       <LongitudeDegrees>139.7883425</LongitudeDegrees>
      </Position>
      <AltitudeMeters>1</AltitudeMeters>
      <DistanceMeters>546</DistanceMeters>
      <HeartRateBpm>
       <Value>117</Value>
      </HeartRateBpm>
      <Cadence>77</Cadence>
      <Extensions>
       <Speed>6.240000</Speed>
      </Extensions>
     </Trackpoint>
     <Trackpoint>
      <Time>2026-06-10T07:47:35Z</Time>
      <Position>
       <LatitudeDegrees>35.7018841</LatitudeDegrees>
       <LongitudeDegrees>139.7883634</LongitudeDegrees>
      </Position>
      <AltitudeMeters>1</AltitudeMeters>
      <DistanceMeters>548</DistanceMeters>
      <HeartRateBpm>
       <Value>117</Value>
      </HeartRateBpm>
      <Cadence>77</Cadence>
      <Extensions>
       <Speed>6.240000</Speed>
      </Extensions>
     </Trackpoint>
     <Trackpoint>
      <Time>2026-06-10T07:47:36Z</Time>
      <Position>
       <LatitudeDegrees>35.7018797</LatitudeDegrees>
       <LongitudeDegrees>139.7883843</LongitudeDegrees>
      </Position>
      <AltitudeMeters>1</AltitudeMeters>
      <DistanceMeters>550</DistanceMeters>
      <HeartRateBpm>
       <Value>117</Value>
      </HeartRateBpm>
      <Cadence>77</Cadence>
      <Extensions>
       <Speed>6.220000</Speed>
      </Extensions>
     </Trackpoint>
     <Trackpoint>
      <Time>2026-06-10T07:47:37Z</Time>
      <Position>
       <LatitudeDegrees>35.7018733</LatitudeDegrees>
       <LongitudeDegrees>139.7884038</LongitudeDegrees>
      </Position>
      <AltitudeMeters>1</AltitudeMeters>
      <DistanceMeters>552</DistanceMeters>
      <HeartRateBpm>
       <Value>118</Value>
      </HeartRateBpm>
      <Cadence>77</Cadence>
      <Extensions>
       <Speed>6.200000</Speed>
      </Extensions>
     </Trackpoint>
     <Trackpoint>
      <Time>2026-06-10T07:47:38Z</Time>
      <Position>
       <LatitudeDegrees>35.7018670</LatitudeDegrees>
       <LongitudeDegrees>139.7884234</LongitudeDegrees>
      </Position>
      <AltitudeMeters>1</AltitudeMeters>
      <DistanceMeters>554</DistanceMeters>
      <HeartRateBpm>
       <Value>118</Value>
      </HeartRateBpm>
      <Cadence>77</Cadence>
      <Extensions>
       <Speed>6.180000</Speed>
      </Extensions>
     </Trackpoint>
     <Trackpoint>
      <Time>2026-06-10T07:47:39Z</Time>
      <Position>
       <LatitudeDegrees>35.7018592</LatitudeDegrees>
       <LongitudeDegrees>139.7884413</LongitudeDegrees>
      </Position>
      <AltitudeMeters>1</AltitudeMeters>
      <DistanceMeters>555</DistanceMeters>
      <HeartRateBpm>
       <Value>120</Value>
      </HeartRateBpm>
      <Cadence>77</Cadence>
      <Extensions>
       <Speed>6.170000</Speed>
      </Extensions>
     </Trackpoint>
     <Trackpoint>
      <Time>2026-06-10T07:47:40Z</Time>
      <Position>
       <LatitudeDegrees>35.7018515</LatitudeDegrees>
       <LongitudeDegrees>139.7884592</LongitudeDegrees>
      </Position>
      <AltitudeMeters>1</AltitudeMeters>
      <DistanceMeters>557</DistanceMeters>
      <HeartRateBpm>
       <Value>120</Value>
      </HeartRateBpm>
      <Cadence>77</Cadence>
      <Extensions>
       <Speed>6.170000</Speed>
      </Extensions>
     </Trackpoint>
     <Trackpoint>
      <Time>2026-06-10T07:47:41Z</Time>
      <Position>
       <LatitudeDegrees>35.7018442</LatitudeDegrees>
       <LongitudeDegrees>139.7884762</LongitudeDegrees>
      </Position>
      <AltitudeMeters>2</AltitudeMeters>
      <DistanceMeters>559</DistanceMeters>
      <HeartRateBpm>
       <Value>121</Value>
      </HeartRateBpm>
      <Cadence>77</Cadence>
      <Extensions>
       <Speed>6.170000</Speed>
      </Extensions>
     </Trackpoint>
     <Trackpoint>
      <Time>2026-06-10T07:47:42Z</Time>
      <Position>
       <LatitudeDegrees>35.7018369</LatitudeDegrees>
       <LongitudeDegrees>139.7884932</LongitudeDegrees>
      </Position>
      <AltitudeMeters>2</AltitudeMeters>
      <DistanceMeters>560</DistanceMeters>
      <HeartRateBpm>
       <Value>121</Value>
      </HeartRateBpm>
      <Cadence>77</Cadence>
      <Extensions>
       <Speed>6.160000</Speed>
      </Extensions>
     </Trackpoint>
     <Trackpoint>
      <Time>2026-06-10T07:47:43Z</Time>
      <Position>
       <LatitudeDegrees>35.7018311</LatitudeDegrees>
       <LongitudeDegrees>139.7885116</LongitudeDegrees>
      </Position>
      <AltitudeMeters>2</AltitudeMeters>
      <DistanceMeters>562</DistanceMeters>
      <HeartRateBpm>
       <Value>121</Value>
      </HeartRateBpm>
      <Cadence>78</Cadence>
      <Extensions>
       <Speed>6.160000</Speed>
      </Extensions>
     </Trackpoint>
     <Trackpoint>
      <Time>2026-06-10T07:47:44Z</Time>
      <Position>
       <LatitudeDegrees>35.7018253</LatitudeDegrees>
       <LongitudeDegrees>139.7885300</LongitudeDegrees>
      </Position>
      <AltitudeMeters>2</AltitudeMeters>
      <DistanceMeters>564</DistanceMeters>
      <HeartRateBpm>
       <Value>121</Value>
      </HeartRateBpm>
      <Cadence>79</Cadence>
      <Extensions>
       <Speed>6.150000</Speed>
      </Extensions>
     </Trackpoint>
     <Trackpoint>
      <Time>2026-06-10T07:47:45Z</Time>
      <Position>
       <LatitudeDegrees>35.7018201</LatitudeDegrees>
       <LongitudeDegrees>139.7885491</LongitudeDegrees>
      </Position>
      <AltitudeMeters>2</AltitudeMeters>
      <DistanceMeters>566</DistanceMeters>
      <HeartRateBpm>
       <Value>120</Value>
      </HeartRateBpm>
      <Cadence>80</Cadence>
      <Extensions>
       <Speed>6.150000</Speed>
      </Extensions>
     </Trackpoint>
     <Trackpoint>
      <Time>2026-06-10T07:47:46Z</Time>
      <Position>
       <LatitudeDegrees>35.7018150</LatitudeDegrees>
       <LongitudeDegrees>139.7885683</LongitudeDegrees>
      </Position>
      <AltitudeMeters>2</AltitudeMeters>
      <DistanceMeters>568</DistanceMeters>
      <HeartRateBpm>
       <Value>120</Value>
      </HeartRateBpm>
      <Cadence>79</Cadence>
      <Extensions>
       <Speed>6.150000</Speed>
      </Extensions>
     </Trackpoint>
     <Trackpoint>
      <Time>2026-06-10T07:47:47Z</Time>
      <Position>
       <LatitudeDegrees>35.7018085</LatitudeDegrees>
       <LongitudeDegrees>139.7885856</LongitudeDegrees>
      </Position>
      <AltitudeMeters>2</AltitudeMeters>
      <DistanceMeters>569</DistanceMeters>
      <HeartRateBpm>
       <Value>120</Value>
      </HeartRateBpm>
      <Cadence>79</Cadence>
      <Extensions>
       <Speed>6.150000</Speed>
      </Extensions>
     </Trackpoint>
     <Trackpoint>
      <Time>2026-06-10T07:47:48Z</Time>
      <Position>
       <LatitudeDegrees>35.7018020</LatitudeDegrees>
       <LongitudeDegrees>139.7886030</LongitudeDegrees>
      </Position>
      <AltitudeMeters>2</AltitudeMeters>
      <DistanceMeters>570</DistanceMeters>
      <HeartRateBpm>
       <Value>120</Value>
      </HeartRateBpm>
      <Cadence>79</Cadence>
      <Extensions>
       <Speed>6.160000</Speed>
      </Extensions>
     </Trackpoint>
     <Trackpoint>
      <Time>2026-06-10T07:47:49Z</Time>
      <Position>
       <LatitudeDegrees>35.7017958</LatitudeDegrees>
       <LongitudeDegrees>139.7886192</LongitudeDegrees>
      </Position>
      <AltitudeMeters>2</AltitudeMeters>
      <DistanceMeters>572</DistanceMeters>
      <HeartRateBpm>
       <Value>120</Value>
      </HeartRateBpm>
      <Cadence>79</Cadence>
      <Extensions>
       <Speed>6.170000</Speed>
      </Extensions>
     </Trackpoint>
     <Trackpoint>
      <Time>2026-06-10T07:47:50Z</Time>
      <Position>
       <LatitudeDegrees>35.7017896</LatitudeDegrees>
       <LongitudeDegrees>139.7886355</LongitudeDegrees>
      </Position>
      <AltitudeMeters>2</AltitudeMeters>
      <DistanceMeters>574</DistanceMeters>
      <HeartRateBpm>
       <Value>120</Value>
      </HeartRateBpm>
      <Cadence>78</Cadence>
      <Extensions>
       <Speed>6.170000</Speed>
      </Extensions>
     </Trackpoint>
     <Trackpoint>
      <Time>2026-06-10T07:47:51Z</Time>
      <Position>
       <LatitudeDegrees>35.7017853</LatitudeDegrees>
       <LongitudeDegrees>139.7886514</LongitudeDegrees>
      </Position>
      <AltitudeMeters>2</AltitudeMeters>
      <DistanceMeters>575</DistanceMeters>
      <HeartRateBpm>
       <Value>120</Value>
      </HeartRateBpm>
      <Cadence>78</Cadence>
      <Extensions>
       <Speed>6.170000</Speed>
      </Extensions>
     </Trackpoint>
     <Trackpoint>
      <Time>2026-06-10T07:47:52Z</Time>
      <Position>
       <LatitudeDegrees>35.7017810</LatitudeDegrees>
       <LongitudeDegrees>139.7886673</LongitudeDegrees>
      </Position>
      <AltitudeMeters>2</AltitudeMeters>
      <DistanceMeters>577</DistanceMeters>
      <HeartRateBpm>
       <Value>120</Value>
      </HeartRateBpm>
      <Cadence>77</Cadence>
      <Extensions>
       <Speed>6.160000</Speed>
      </Extensions>
     </Trackpoint>
     <Trackpoint>
      <Time>2026-06-10T07:47:53Z</Time>
      <Position>
       <LatitudeDegrees>35.7017769</LatitudeDegrees>
       <LongitudeDegrees>139.7886842</LongitudeDegrees>
      </Position>
      <AltitudeMeters>2</AltitudeMeters>
      <DistanceMeters>579</DistanceMeters>
      <HeartRateBpm>
       <Value>120</Value>
      </HeartRateBpm>
      <Cadence>76</Cadence>
      <Extensions>
       <Speed>6.150000</Speed>
      </Extensions>
     </Trackpoint>
     <Trackpoint>
      <Time>2026-06-10T07:47:54Z</Time>
      <Position>
       <LatitudeDegrees>35.7017728</LatitudeDegrees>
       <LongitudeDegrees>139.7887012</LongitudeDegrees>
      </Position>
      <AltitudeMeters>2</AltitudeMeters>
      <DistanceMeters>580</DistanceMeters>
      <HeartRateBpm>
       <Value>120</Value>
      </HeartRateBpm>
      <Cadence>76</Cadence>
      <Extensions>
       <Speed>6.130000</Speed>
      </Extensions>
     </Trackpoint>
     <Trackpoint>
      <Time>2026-06-10T07:47:55Z</Time>
      <Position>
       <LatitudeDegrees>35.7017686</LatitudeDegrees>
       <LongitudeDegrees>139.7887176</LongitudeDegrees>
      </Position>
      <AltitudeMeters>2</AltitudeMeters>
      <DistanceMeters>582</DistanceMeters>
      <HeartRateBpm>
       <Value>120</Value>
      </HeartRateBpm>
      <Cadence>76</Cadence>
      <Extensions>
       <Speed>6.120000</Speed>
      </Extensions>
     </Trackpoint>
     <Trackpoint>
      <Time>2026-06-10T07:47:56Z</Time>
      <Position>
       <LatitudeDegrees>35.7017645</LatitudeDegrees>
       <LongitudeDegrees>139.7887340</LongitudeDegrees>
      </Position>
      <AltitudeMeters>2</AltitudeMeters>
      <DistanceMeters>583</DistanceMeters>
      <HeartRateBpm>
       <Value>120</Value>
      </HeartRateBpm>
      <Cadence>75</Cadence>
      <Extensions>
       <Speed>6.110000</Speed>
      </Extensions>
     </Trackpoint>
     <Trackpoint>
      <Time>2026-06-10T07:47:57Z</Time>
      <Position>
       <LatitudeDegrees>35.7017607</LatitudeDegrees>
       <LongitudeDegrees>139.7887491</LongitudeDegrees>
      </Position>
      <AltitudeMeters>2</AltitudeMeters>
      <DistanceMeters>584</DistanceMeters>
      <HeartRateBpm>
       <Value>121</Value>
      </HeartRateBpm>
      <Cadence>75</Cadence>
      <Extensions>
       <Speed>6.100000</Speed>
      </Extensions>
     </Trackpoint>
     <Trackpoint>
      <Time>2026-06-10T07:47:58Z</Time>
      <Position>
       <LatitudeDegrees>35.7017569</LatitudeDegrees>
       <LongitudeDegrees>139.7887643</LongitudeDegrees>
      </Position>
      <AltitudeMeters>2</AltitudeMeters>
      <DistanceMeters>586</DistanceMeters>
      <HeartRateBpm>
       <Value>121</Value>
      </HeartRateBpm>
      <Cadence>74</Cadence>
      <Extensions>
       <Speed>6.080000</Speed>
      </Extensions>
     </Trackpoint>
     <Trackpoint>
      <Time>2026-06-10T07:47:59Z</Time>
      <Position>
       <LatitudeDegrees>35.7017536</LatitudeDegrees>
       <LongitudeDegrees>139.7887799</LongitudeDegrees>
      </Position>
      <AltitudeMeters>2</AltitudeMeters>
      <DistanceMeters>587</DistanceMeters>
      <HeartRateBpm>
       <Value>121</Value>
      </HeartRateBpm>
      <Cadence>73</Cadence>
      <Extensions>
       <Speed>6.060000</Speed>
      </Extensions>
     </Trackpoint>
     <Trackpoint>
      <Time>2026-06-10T07:48:00Z</Time>
      <Position>
       <LatitudeDegrees>35.7017503</LatitudeDegrees>
       <LongitudeDegrees>139.7887955</LongitudeDegrees>
      </Position>
      <AltitudeMeters>2</AltitudeMeters>
      <DistanceMeters>589</DistanceMeters>
      <HeartRateBpm>
       <Value>120</Value>
      </HeartRateBpm>
      <Cadence>73</Cadence>
      <Extensions>
       <Speed>6.040000</Speed>
      </Extensions>
     </Trackpoint>
     <Trackpoint>
      <Time>2026-06-10T07:48:01Z</Time>
      <Position>
       <LatitudeDegrees>35.7017481</LatitudeDegrees>
       <LongitudeDegrees>139.7888130</LongitudeDegrees>
      </Position>
      <AltitudeMeters>2</AltitudeMeters>
      <DistanceMeters>591</DistanceMeters>
      <HeartRateBpm>
       <Value>120</Value>
      </HeartRateBpm>
      <Cadence>73</Cadence>
      <Extensions>
       <Speed>6.030000</Speed>
      </Extensions>
     </Trackpoint>
     <Trackpoint>
      <Time>2026-06-10T07:48:02Z</Time>
      <Position>
       <LatitudeDegrees>35.7017460</LatitudeDegrees>
       <LongitudeDegrees>139.7888305</LongitudeDegrees>
      </Position>
      <AltitudeMeters>2</AltitudeMeters>
      <DistanceMeters>593</DistanceMeters>
      <HeartRateBpm>
       <Value>120</Value>
      </HeartRateBpm>
      <Cadence>73</Cadence>
      <Extensions>
       <Speed>6.020000</Speed>
      </Extensions>
     </Trackpoint>
     <Trackpoint>
      <Time>2026-06-10T07:48:03Z</Time>
      <Position>
       <LatitudeDegrees>35.7017447</LatitudeDegrees>
       <LongitudeDegrees>139.7888506</LongitudeDegrees>
      </Position>
      <AltitudeMeters>2</AltitudeMeters>
      <DistanceMeters>595</DistanceMeters>
      <HeartRateBpm>
       <Value>120</Value>
      </HeartRateBpm>
      <Cadence>74</Cadence>
      <Extensions>
       <Speed>6.020000</Speed>
      </Extensions>
     </Trackpoint>
     <Trackpoint>
      <Time>2026-06-10T07:48:04Z</Time>
      <Position>
       <LatitudeDegrees>35.7017435</LatitudeDegrees>
       <LongitudeDegrees>139.7888707</LongitudeDegrees>
      </Position>
      <AltitudeMeters>2</AltitudeMeters>
      <DistanceMeters>597</DistanceMeters>
      <HeartRateBpm>
       <Value>120</Value>
      </HeartRateBpm>
      <Cadence>74</Cadence>
      <Extensions>
       <Speed>6.010000</Speed>
      </Extensions>
     </Trackpoint>
     <Trackpoint>
      <Time>2026-06-10T07:48:05Z</Time>
      <Position>
       <LatitudeDegrees>35.7017444</LatitudeDegrees>
       <LongitudeDegrees>139.7888917</LongitudeDegrees>
      </Position>
      <AltitudeMeters>2</AltitudeMeters>
      <DistanceMeters>599</DistanceMeters>
      <HeartRateBpm>
       <Value>120</Value>
      </HeartRateBpm>
      <Cadence>74</Cadence>
      <Extensions>
       <Speed>6.010000</Speed>
      </Extensions>
     </Trackpoint>
     <Trackpoint>
      <Time>2026-06-10T07:48:06Z</Time>
      <Position>
       <LatitudeDegrees>35.7017453</LatitudeDegrees>
       <LongitudeDegrees>139.7889127</LongitudeDegrees>
      </Position>
      <AltitudeMeters>2</AltitudeMeters>
      <DistanceMeters>600</DistanceMeters>
      <HeartRateBpm>
       <Value>120</Value>
      </HeartRateBpm>
      <Cadence>74</Cadence>
      <Extensions>
       <Speed>6.020000</Speed>
      </Extensions>
     </Trackpoint>
     <Trackpoint>
      <Time>2026-06-10T07:48:07Z</Time>
      <Position>
       <LatitudeDegrees>35.7017482</LatitudeDegrees>
       <LongitudeDegrees>139.7889317</LongitudeDegrees>
      </Position>
      <AltitudeMeters>2</AltitudeMeters>
      <DistanceMeters>602</DistanceMeters>
      <HeartRateBpm>
       <Value>120</Value>
      </HeartRateBpm>
      <Cadence>75</Cadence>
      <Extensions>
       <Speed>6.030000</Speed>
      </Extensions>
     </Trackpoint>
     <Trackpoint>
      <Time>2026-06-10T07:48:08Z</Time>
      <Position>
       <LatitudeDegrees>35.7017511</LatitudeDegrees>
       <LongitudeDegrees>139.7889507</LongitudeDegrees>
      </Position>
      <AltitudeMeters>2</AltitudeMeters>
      <DistanceMeters>604</DistanceMeters>
      <HeartRateBpm>
       <Value>120</Value>
      </HeartRateBpm>
      <Cadence>75</Cadence>
      <Extensions>
       <Speed>6.040000</Speed>
      </Extensions>
     </Trackpoint>
     <Trackpoint>
      <Time>2026-06-10T07:48:09Z</Time>
      <Position>
       <LatitudeDegrees>35.7017552</LatitudeDegrees>
       <LongitudeDegrees>139.7889689</LongitudeDegrees>
      </Position>
      <AltitudeMeters>2</AltitudeMeters>
      <DistanceMeters>605</DistanceMeters>
      <HeartRateBpm>
       <Value>120</Value>
      </HeartRateBpm>
      <Cadence>76</Cadence>
      <Extensions>
       <Speed>6.060000</Speed>
      </Extensions>
     </Trackpoint>
     <Trackpoint>
      <Time>2026-06-10T07:48:10Z</Time>
      <Position>
       <LatitudeDegrees>35.7017593</LatitudeDegrees>
       <LongitudeDegrees>139.7889872</LongitudeDegrees>
      </Position>
      <AltitudeMeters>2</AltitudeMeters>
      <DistanceMeters>607</DistanceMeters>
      <HeartRateBpm>
       <Value>120</Value>
      </HeartRateBpm>
      <Cadence>76</Cadence>
      <Extensions>
       <Speed>6.070000</Speed>
      </Extensions>
     </Trackpoint>
     <Trackpoint>
      <Time>2026-06-10T07:48:11Z</Time>
      <Position>
       <LatitudeDegrees>35.7017636</LatitudeDegrees>
       <LongitudeDegrees>139.7890062</LongitudeDegrees>
      </Position>
      <AltitudeMeters>2</AltitudeMeters>
      <DistanceMeters>609</DistanceMeters>
      <HeartRateBpm>
       <Value>120</Value>
      </HeartRateBpm>
      <Cadence>76</Cadence>
      <Extensions>
       <Speed>6.080000</Speed>
      </Extensions>
     </Trackpoint>
     <Trackpoint>
      <Time>2026-06-10T07:48:12Z</Time>
      <Position>
       <LatitudeDegrees>35.7017680</LatitudeDegrees>
       <LongitudeDegrees>139.7890253</LongitudeDegrees>
      </Position>
      <AltitudeMeters>2</AltitudeMeters>
      <DistanceMeters>611</DistanceMeters>
      <HeartRateBpm>
       <Value>121</Value>
      </HeartRateBpm>
      <Cadence>76</Cadence>
      <Extensions>
       <Speed>6.090000</Speed>
      </Extensions>
     </Trackpoint>
     <Trackpoint>
      <Time>2026-06-10T07:48:13Z</Time>
      <Position>
       <LatitudeDegrees>35.7017711</LatitudeDegrees>
       <LongitudeDegrees>139.7890446</LongitudeDegrees>
      </Position>
      <AltitudeMeters>2</AltitudeMeters>
      <DistanceMeters>613</DistanceMeters>
      <HeartRateBpm>
       <Value>121</Value>
      </HeartRateBpm>
      <Cadence>77</Cadence>
      <Extensions>
       <Speed>6.100000</Speed>
      </Extensions>
     </Trackpoint>
     <Trackpoint>
      <Time>2026-06-10T07:48:14Z</Time>
      <Position>
       <LatitudeDegrees>35.7017743</LatitudeDegrees>
       <LongitudeDegrees>139.7890639</LongitudeDegrees>
      </Position>
      <AltitudeMeters>2</AltitudeMeters>
      <DistanceMeters>614</DistanceMeters>
      <HeartRateBpm>
       <Value>121</Value>
      </HeartRateBpm>
      <Cadence>76</Cadence>
      <Extensions>
       <Speed>6.100000</Speed>
      </Extensions>
     </Trackpoint>
     <Trackpoint>
      <Time>2026-06-10T07:48:15Z</Time>
      <Position>
       <LatitudeDegrees>35.7017759</LatitudeDegrees>
       <LongitudeDegrees>139.7890815</LongitudeDegrees>
      </Position>
      <AltitudeMeters>2</AltitudeMeters>
      <DistanceMeters>615</DistanceMeters>
      <HeartRateBpm>
       <Value>121</Value>
      </HeartRateBpm>
      <Cadence>76</Cadence>
      <Extensions>
       <Speed>6.110000</Speed>
      </Extensions>
     </Trackpoint>
     <Trackpoint>
      <Time>2026-06-10T07:48:16Z</Time>
      <Position>
       <LatitudeDegrees>35.7017775</LatitudeDegrees>
       <LongitudeDegrees>139.7890991</LongitudeDegrees>
      </Position>
      <AltitudeMeters>2</AltitudeMeters>
      <DistanceMeters>617</DistanceMeters>
      <HeartRateBpm>
       <Value>121</Value>
      </HeartRateBpm>
      <Cadence>76</Cadence>
      <Extensions>
       <Speed>6.110000</Speed>
      </Extensions>
     </Trackpoint>
     <Trackpoint>
      <Time>2026-06-10T07:48:17Z</Time>
      <Position>
       <LatitudeDegrees>35.7017775</LatitudeDegrees>
       <LongitudeDegrees>139.7891161</LongitudeDegrees>
      </Position>
      <AltitudeMeters>2</AltitudeMeters>
      <DistanceMeters>619</DistanceMeters>
      <HeartRateBpm>
       <Value>121</Value>
      </HeartRateBpm>
      <Cadence>76</Cadence>
      <Extensions>
       <Speed>6.120000</Speed>
      </Extensions>
     </Trackpoint>
     <Trackpoint>
      <Time>2026-06-10T07:48:18Z</Time>
      <Position>
       <LatitudeDegrees>35.7017775</LatitudeDegrees>
       <LongitudeDegrees>139.7891331</LongitudeDegrees>
      </Position>
      <AltitudeMeters>2</AltitudeMeters>
      <DistanceMeters>620</DistanceMeters>
      <HeartRateBpm>
       <Value>121</Value>
      </HeartRateBpm>
      <Cadence>76</Cadence>
      <Extensions>
       <Speed>6.120000</Speed>
      </Extensions>
     </Trackpoint>
     <Trackpoint>
      <Time>2026-06-10T07:48:19Z</Time>
      <Position>
       <LatitudeDegrees>35.7017768</LatitudeDegrees>
       <LongitudeDegrees>139.7891493</LongitudeDegrees>
      </Position>
      <AltitudeMeters>2</AltitudeMeters>
      <DistanceMeters>621</DistanceMeters>
      <HeartRateBpm>
       <Value>121</Value>
      </HeartRateBpm>
      <Cadence>76</Cadence>
      <Extensions>
       <Speed>6.120000</Speed>
      </Extensions>
     </Trackpoint>
     <Trackpoint>
      <Time>2026-06-10T07:48:20Z</Time>
      <Position>
       <LatitudeDegrees>35.7017762</LatitudeDegrees>
       <LongitudeDegrees>139.7891656</LongitudeDegrees>
      </Position>
      <AltitudeMeters>2</AltitudeMeters>
      <DistanceMeters>622</DistanceMeters>
      <HeartRateBpm>
       <Value>121</Value>
      </HeartRateBpm>
      <Cadence>76</Cadence>
      <Extensions>
       <Speed>6.100000</Speed>
      </Extensions>
     </Trackpoint>
     <Trackpoint>
      <Time>2026-06-10T07:48:21Z</Time>
      <Position>
       <LatitudeDegrees>35.7017759</LatitudeDegrees>
       <LongitudeDegrees>139.7891806</LongitudeDegrees>
      </Position>
      <AltitudeMeters>2</AltitudeMeters>
      <DistanceMeters>624</DistanceMeters>
      <HeartRateBpm>
       <Value>121</Value>
      </HeartRateBpm>
      <Cadence>75</Cadence>
      <Extensions>
       <Speed>6.090000</Speed>
      </Extensions>
     </Trackpoint>
     <Trackpoint>
      <Time>2026-06-10T07:48:22Z</Time>
      <Position>
       <LatitudeDegrees>35.7017757</LatitudeDegrees>
       <LongitudeDegrees>139.7891957</LongitudeDegrees>
      </Position>
      <AltitudeMeters>2</AltitudeMeters>
      <DistanceMeters>626</DistanceMeters>
      <HeartRateBpm>
       <Value>122</Value>
      </HeartRateBpm>
      <Cadence>75</Cadence>
      <Extensions>
       <Speed>6.070000</Speed>
      </Extensions>
     </Trackpoint>
     <Trackpoint>
      <Time>2026-06-10T07:48:23Z</Time>
      <Position>
       <LatitudeDegrees>35.7017760</LatitudeDegrees>
       <LongitudeDegrees>139.7892108</LongitudeDegrees>
      </Position>
      <AltitudeMeters>2</AltitudeMeters>
      <DistanceMeters>627</DistanceMeters>
      <HeartRateBpm>
       <Value>122</Value>
      </HeartRateBpm>
      <Cadence>75</Cadence>
      <Extensions>
       <Speed>6.060000</Speed>
      </Extensions>
     </Trackpoint>
     <Trackpoint>
      <Time>2026-06-10T07:48:24Z</Time>
      <Position>
       <LatitudeDegrees>35.7017763</LatitudeDegrees>
       <LongitudeDegrees>139.7892260</LongitudeDegrees>
      </Position>
      <AltitudeMeters>2</AltitudeMeters>
      <DistanceMeters>628</DistanceMeters>
      <HeartRateBpm>
       <Value>122</Value>
      </HeartRateBpm>
      <Cadence>75</Cadence>
      <Extensions>
       <Speed>6.020000</Speed>
      </Extensions>
     </Trackpoint>
     <Trackpoint>
      <Time>2026-06-10T07:48:25Z</Time>
      <Position>
       <LatitudeDegrees>35.7017765</LatitudeDegrees>
       <LongitudeDegrees>139.7892426</LongitudeDegrees>
      </Position>
      <AltitudeMeters>2</AltitudeMeters>
      <DistanceMeters>630</DistanceMeters>
      <HeartRateBpm>
       <Value>122</Value>
      </HeartRateBpm>
      <Cadence>75</Cadence>
      <Extensions>
       <Speed>5.980000</Speed>
      </Extensions>
     </Trackpoint>
     <Trackpoint>
      <Time>2026-06-10T07:48:26Z</Time>
      <Position>
       <LatitudeDegrees>35.7017768</LatitudeDegrees>
       <LongitudeDegrees>139.7892593</LongitudeDegrees>
      </Position>
      <AltitudeMeters>2</AltitudeMeters>
      <DistanceMeters>632</DistanceMeters>
      <HeartRateBpm>
       <Value>122</Value>
      </HeartRateBpm>
      <Cadence>75</Cadence>
      <Extensions>
       <Speed>5.970000</Speed>
      </Extensions>
     </Trackpoint>
     <Trackpoint>
      <Time>2026-06-10T07:48:27Z</Time>
      <Position>
       <LatitudeDegrees>35.7017752</LatitudeDegrees>
       <LongitudeDegrees>139.7892755</LongitudeDegrees>
      </Position>
      <AltitudeMeters>2</AltitudeMeters>
      <DistanceMeters>633</DistanceMeters>
      <HeartRateBpm>
       <Value>122</Value>
      </HeartRateBpm>
      <Cadence>75</Cadence>
      <Extensions>
       <Speed>5.960000</Speed>
      </Extensions>
     </Trackpoint>
     <Trackpoint>
      <Time>2026-06-10T07:48:28Z</Time>
      <Position>
       <LatitudeDegrees>35.7017736</LatitudeDegrees>
       <LongitudeDegrees>139.7892918</LongitudeDegrees>
      </Position>
      <AltitudeMeters>2</AltitudeMeters>
      <DistanceMeters>634</DistanceMeters>
      <HeartRateBpm>
       <Value>122</Value>
      </HeartRateBpm>
      <Cadence>75</Cadence>
      <Extensions>
       <Speed>5.960000</Speed>
      </Extensions>
     </Trackpoint>
     <Trackpoint>
      <Time>2026-06-10T07:48:29Z</Time>
      <Position>
       <LatitudeDegrees>35.7017705</LatitudeDegrees>
       <LongitudeDegrees>139.7893079</LongitudeDegrees>
      </Position>
      <AltitudeMeters>2</AltitudeMeters>
      <DistanceMeters>636</DistanceMeters>
      <HeartRateBpm>
       <Value>122</Value>
      </HeartRateBpm>
      <Cadence>75</Cadence>
      <Extensions>
       <Speed>5.960000</Speed>
      </Extensions>
     </Trackpoint>
     <Trackpoint>
      <Time>2026-06-10T07:48:30Z</Time>
      <Position>
       <LatitudeDegrees>35.7017674</LatitudeDegrees>
       <LongitudeDegrees>139.7893241</LongitudeDegrees>
      </Position>
      <AltitudeMeters>2</AltitudeMeters>
      <DistanceMeters>638</DistanceMeters>
      <HeartRateBpm>
       <Value>122</Value>
      </HeartRateBpm>
      <Cadence>75</Cadence>
      <Extensions>
       <Speed>5.960000</Speed>
      </Extensions>
     </Trackpoint>
     <Trackpoint>
      <Time>2026-06-10T07:48:31Z</Time>
      <Position>
       <LatitudeDegrees>35.7017647</LatitudeDegrees>
       <LongitudeDegrees>139.7893405</LongitudeDegrees>
      </Position>
      <AltitudeMeters>2</AltitudeMeters>
      <DistanceMeters>639</DistanceMeters>
      <HeartRateBpm>
       <Value>122</Value>
      </HeartRateBpm>
      <Cadence>76</Cadence>
      <Extensions>
       <Speed>5.960000</Speed>
      </Extensions>
     </Trackpoint>
     <Trackpoint>
      <Time>2026-06-10T07:48:32Z</Time>
      <Position>
       <LatitudeDegrees>35.7017621</LatitudeDegrees>
       <LongitudeDegrees>139.7893570</LongitudeDegrees>
      </Position>
      <AltitudeMeters>2</AltitudeMeters>
      <DistanceMeters>640</DistanceMeters>
      <HeartRateBpm>
       <Value>122</Value>
      </HeartRateBpm>
      <Cadence>76</Cadence>
      <Extensions>
       <Speed>5.960000</Speed>
      </Extensions>
     </Trackpoint>
     <Trackpoint>
      <Time>2026-06-10T07:48:33Z</Time>
      <Position>
       <LatitudeDegrees>35.7017620</LatitudeDegrees>
       <LongitudeDegrees>139.7893744</LongitudeDegrees>
      </Position>
      <AltitudeMeters>2</AltitudeMeters>
      <DistanceMeters>642</DistanceMeters>
      <HeartRateBpm>
       <Value>121</Value>
      </HeartRateBpm>
      <Cadence>76</Cadence>
      <Extensions>
       <Speed>5.960000</Speed>
      </Extensions>
     </Trackpoint>
     <Trackpoint>
      <Time>2026-06-10T07:48:34Z</Time>
      <Position>
       <LatitudeDegrees>35.7017619</LatitudeDegrees>
       <LongitudeDegrees>139.7893918</LongitudeDegrees>
      </Position>
      <AltitudeMeters>2</AltitudeMeters>
      <DistanceMeters>644</DistanceMeters>
      <HeartRateBpm>
       <Value>121</Value>
      </HeartRateBpm>
      <Cadence>76</Cadence>
      <Extensions>
       <Speed>5.960000</Speed>
      </Extensions>
     </Trackpoint>
     <Trackpoint>
      <Time>2026-06-10T07:48:35Z</Time>
      <Position>
       <LatitudeDegrees>35.7017623</LatitudeDegrees>
       <LongitudeDegrees>139.7894085</LongitudeDegrees>
      </Position>
      <AltitudeMeters>2</AltitudeMeters>
      <DistanceMeters>645</DistanceMeters>
      <HeartRateBpm>
       <Value>120</Value>
      </HeartRateBpm>
      <Cadence>76</Cadence>
      <Extensions>
       <Speed>5.960000</Speed>
      </Extensions>
     </Trackpoint>
     <Trackpoint>
      <Time>2026-06-10T07:48:36Z</Time>
      <Position>
       <LatitudeDegrees>35.7017627</LatitudeDegrees>
       <LongitudeDegrees>139.7894253</LongitudeDegrees>
      </Position>
      <AltitudeMeters>2</AltitudeMeters>
      <DistanceMeters>646</DistanceMeters>
      <HeartRateBpm>
       <Value>119</Value>
      </HeartRateBpm>
      <Cadence>76</Cadence>
      <Extensions>
       <Speed>5.950000</Speed>
      </Extensions>
     </Trackpoint>
     <Trackpoint>
      <Time>2026-06-10T07:48:37Z</Time>
      <Position>
       <LatitudeDegrees>35.7017592</LatitudeDegrees>
       <LongitudeDegrees>139.7894400</LongitudeDegrees>
      </Position>
      <AltitudeMeters>2</AltitudeMeters>
      <DistanceMeters>648</DistanceMeters>
      <HeartRateBpm>
       <Value>119</Value>
      </HeartRateBpm>
      <Cadence>76</Cadence>
      <Extensions>
       <Speed>5.950000</Speed>
      </Extensions>
     </Trackpoint>
     <Trackpoint>
      <Time>2026-06-10T07:48:38Z</Time>
      <Position>
       <LatitudeDegrees>35.7017558</LatitudeDegrees>
       <LongitudeDegrees>139.7894547</LongitudeDegrees>
      </Position>
      <AltitudeMeters>2</AltitudeMeters>
      <DistanceMeters>650</DistanceMeters>
      <HeartRateBpm>
       <Value>119</Value>
      </HeartRateBpm>
      <Cadence>77</Cadence>
      <Extensions>
       <Speed>5.940000</Speed>
      </Extensions>
     </Trackpoint>
     <Trackpoint>
      <Time>2026-06-10T07:48:39Z</Time>
      <Position>
       <LatitudeDegrees>35.7017478</LatitudeDegrees>
       <LongitudeDegrees>139.7894698</LongitudeDegrees>
      </Position>
      <AltitudeMeters>2</AltitudeMeters>
      <DistanceMeters>652</DistanceMeters>
      <HeartRateBpm>
       <Value>118</Value>
      </HeartRateBpm>
      <Cadence>77</Cadence>
      <Extensions>
       <Speed>5.940000</Speed>
      </Extensions>
     </Trackpoint>
     <Trackpoint>
      <Time>2026-06-10T07:48:40Z</Time>
      <Position>
       <LatitudeDegrees>35.7017398</LatitudeDegrees>
       <LongitudeDegrees>139.7894849</LongitudeDegrees>
      </Position>
      <AltitudeMeters>2</AltitudeMeters>
      <DistanceMeters>654</DistanceMeters>
      <HeartRateBpm>
       <Value>118</Value>
      </HeartRateBpm>
      <Cadence>77</Cadence>
      <Extensions>
       <Speed>5.940000</Speed>
      </Extensions>
     </Trackpoint>
     <Trackpoint>
      <Time>2026-06-10T07:48:41Z</Time>
      <Position>
       <LatitudeDegrees>35.7017306</LatitudeDegrees>
       <LongitudeDegrees>139.7895014</LongitudeDegrees>
      </Position>
      <AltitudeMeters>2</AltitudeMeters>
      <DistanceMeters>655</DistanceMeters>
      <HeartRateBpm>
       <Value>118</Value>
      </HeartRateBpm>
      <Cadence>77</Cadence>
      <Extensions>
       <Speed>5.940000</Speed>
      </Extensions>
     </Trackpoint>
     <Trackpoint>
      <Time>2026-06-10T07:48:42Z</Time>
      <Position>
       <LatitudeDegrees>35.7017214</LatitudeDegrees>
       <LongitudeDegrees>139.7895179</LongitudeDegrees>
      </Position>
      <AltitudeMeters>2</AltitudeMeters>
      <DistanceMeters>657</DistanceMeters>
      <HeartRateBpm>
       <Value>118</Value>
      </HeartRateBpm>
      <Cadence>77</Cadence>
      <Extensions>
       <Speed>5.920000</Speed>
      </Extensions>
     </Trackpoint>
     <Trackpoint>
      <Time>2026-06-10T07:48:43Z</Time>
      <Position>
       <LatitudeDegrees>35.7017128</LatitudeDegrees>
       <LongitudeDegrees>139.7895344</LongitudeDegrees>
      </Position>
      <AltitudeMeters>2</AltitudeMeters>
      <DistanceMeters>659</DistanceMeters>
      <HeartRateBpm>
       <Value>117</Value>
      </HeartRateBpm>
      <Cadence>77</Cadence>
      <Extensions>
       <Speed>5.900000</Speed>
      </Extensions>
     </Trackpoint>
     <Trackpoint>
      <Time>2026-06-10T07:48:44Z</Time>
      <Position>
       <LatitudeDegrees>35.7017043</LatitudeDegrees>
       <LongitudeDegrees>139.7895509</LongitudeDegrees>
      </Position>
      <AltitudeMeters>2</AltitudeMeters>
      <DistanceMeters>660</DistanceMeters>
      <HeartRateBpm>
       <Value>117</Value>
      </HeartRateBpm>
      <Cadence>76</Cadence>
      <Extensions>
       <Speed>5.890000</Speed>
      </Extensions>
     </Trackpoint>
     <Trackpoint>
      <Time>2026-06-10T07:48:45Z</Time>
      <Position>
       <LatitudeDegrees>35.7016988</LatitudeDegrees>
       <LongitudeDegrees>139.7895679</LongitudeDegrees>
      </Position>
      <AltitudeMeters>2</AltitudeMeters>
      <DistanceMeters>662</DistanceMeters>
      <HeartRateBpm>
       <Value>116</Value>
      </HeartRateBpm>
      <Cadence>76</Cadence>
      <Extensions>
       <Speed>5.880000</Speed>
      </Extensions>
     </Trackpoint>
     <Trackpoint>
      <Time>2026-06-10T07:48:46Z</Time>
      <Position>
       <LatitudeDegrees>35.7016934</LatitudeDegrees>
       <LongitudeDegrees>139.7895850</LongitudeDegrees>
      </Position>
      <AltitudeMeters>2</AltitudeMeters>
      <DistanceMeters>664</DistanceMeters>
      <HeartRateBpm>
       <Value>116</Value>
      </HeartRateBpm>
      <Cadence>75</Cadence>
      <Extensions>
       <Speed>5.870000</Speed>
      </Extensions>
     </Trackpoint>
     <Trackpoint>
      <Time>2026-06-10T07:48:47Z</Time>
      <Position>
       <LatitudeDegrees>35.7016908</LatitudeDegrees>
       <LongitudeDegrees>139.7896040</LongitudeDegrees>
      </Position>
      <AltitudeMeters>2</AltitudeMeters>
      <DistanceMeters>665</DistanceMeters>
      <HeartRateBpm>
       <Value>115</Value>
      </HeartRateBpm>
      <Cadence>74</Cadence>
      <Extensions>
       <Speed>5.870000</Speed>
      </Extensions>
     </Trackpoint>
     <Trackpoint>
      <Time>2026-06-10T07:48:48Z</Time>
      <Position>
       <LatitudeDegrees>35.7016882</LatitudeDegrees>
       <LongitudeDegrees>139.7896231</LongitudeDegrees>
      </Position>
      <AltitudeMeters>2</AltitudeMeters>
      <DistanceMeters>667</DistanceMeters>
      <HeartRateBpm>
       <Value>115</Value>
      </HeartRateBpm>
      <Cadence>74</Cadence>
      <Extensions>
       <Speed>5.840000</Speed>
      </Extensions>
     </Trackpoint>
     <Trackpoint>
      <Time>2026-06-10T07:48:49Z</Time>
      <Position>
       <LatitudeDegrees>35.7016868</LatitudeDegrees>
       <LongitudeDegrees>139.7896424</LongitudeDegrees>
      </Position>
      <AltitudeMeters>2</AltitudeMeters>
      <DistanceMeters>669</DistanceMeters>
      <HeartRateBpm>
       <Value>115</Value>
      </HeartRateBpm>
      <Cadence>73</Cadence>
      <Extensions>
       <Speed>5.810000</Speed>
      </Extensions>
     </Trackpoint>
     <Trackpoint>
      <Time>2026-06-10T07:48:50Z</Time>
      <Position>
       <LatitudeDegrees>35.7016854</LatitudeDegrees>
       <LongitudeDegrees>139.7896618</LongitudeDegrees>
      </Position>
      <AltitudeMeters>2</AltitudeMeters>
      <DistanceMeters>670</DistanceMeters>
      <HeartRateBpm>
       <Value>115</Value>
      </HeartRateBpm>
      <Cadence>73</Cadence>
      <Extensions>
       <Speed>5.800000</Speed>
      </Extensions>
     </Trackpoint>
     <Trackpoint>
      <Time>2026-06-10T07:48:51Z</Time>
      <Position>
       <LatitudeDegrees>35.7016864</LatitudeDegrees>
       <LongitudeDegrees>139.7896780</LongitudeDegrees>
      </Position>
      <AltitudeMeters>2</AltitudeMeters>
      <DistanceMeters>671</DistanceMeters>
      <HeartRateBpm>
       <Value>115</Value>
      </HeartRateBpm>
      <Cadence>73</Cadence>
      <Extensions>
       <Speed>5.800000</Speed>
      </Extensions>
     </Trackpoint>
     <Trackpoint>
      <Time>2026-06-10T07:48:52Z</Time>
      <Position>
       <LatitudeDegrees>35.7016874</LatitudeDegrees>
       <LongitudeDegrees>139.7896943</LongitudeDegrees>
      </Position>
      <AltitudeMeters>1</AltitudeMeters>
      <DistanceMeters>672</DistanceMeters>
      <HeartRateBpm>
       <Value>115</Value>
      </HeartRateBpm>
      <Cadence>73</Cadence>
      <Extensions>
       <Speed>5.790000</Speed>
      </Extensions>
     </Trackpoint>
     <Trackpoint>
      <Time>2026-06-10T07:48:53Z</Time>
      <Position>
       <LatitudeDegrees>35.7016906</LatitudeDegrees>
       <LongitudeDegrees>139.7897076</LongitudeDegrees>
      </Position>
      <AltitudeMeters>1</AltitudeMeters>
      <DistanceMeters>674</DistanceMeters>
      <HeartRateBpm>
       <Value>115</Value>
      </HeartRateBpm>
      <Cadence>73</Cadence>
      <Extensions>
       <Speed>5.790000</Speed>
      </Extensions>
     </Trackpoint>
     <Trackpoint>
      <Time>2026-06-10T07:48:54Z</Time>
      <Position>
       <LatitudeDegrees>35.7016938</LatitudeDegrees>
       <LongitudeDegrees>139.7897210</LongitudeDegrees>
      </Position>
      <AltitudeMeters>1</AltitudeMeters>
      <DistanceMeters>676</DistanceMeters>
      <HeartRateBpm>
       <Value>115</Value>
      </HeartRateBpm>
      <Cadence>74</Cadence>
      <Extensions>
       <Speed>5.780000</Speed>
      </Extensions>
     </Trackpoint>
     <Trackpoint>
      <Time>2026-06-10T07:48:55Z</Time>
      <Position>
       <LatitudeDegrees>35.7016970</LatitudeDegrees>
       <LongitudeDegrees>139.7897355</LongitudeDegrees>
      </Position>
      <AltitudeMeters>1</AltitudeMeters>
      <DistanceMeters>677</DistanceMeters>
      <HeartRateBpm>
       <Value>115</Value>
      </HeartRateBpm>
      <Cadence>74</Cadence>
      <Extensions>
       <Speed>5.780000</Speed>
      </Extensions>
     </Trackpoint>
     <Trackpoint>
      <Time>2026-06-10T07:48:56Z</Time>
      <Position>
       <LatitudeDegrees>35.7017002</LatitudeDegrees>
       <LongitudeDegrees>139.7897501</LongitudeDegrees>
      </Position>
      <AltitudeMeters>1</AltitudeMeters>
      <DistanceMeters>678</DistanceMeters>
      <HeartRateBpm>
       <Value>116</Value>
      </HeartRateBpm>
      <Cadence>74</Cadence>
      <Extensions>
       <Speed>5.760000</Speed>
      </Extensions>
     </Trackpoint>
     <Trackpoint>
      <Time>2026-06-10T07:48:57Z</Time>
      <Position>
       <LatitudeDegrees>35.7017017</LatitudeDegrees>
       <LongitudeDegrees>139.7897681</LongitudeDegrees>
      </Position>
      <AltitudeMeters>1</AltitudeMeters>
      <DistanceMeters>680</DistanceMeters>
      <HeartRateBpm>
       <Value>116</Value>
      </HeartRateBpm>
      <Cadence>75</Cadence>
      <Extensions>
       <Speed>5.750000</Speed>
      </Extensions>
     </Trackpoint>
     <Trackpoint>
      <Time>2026-06-10T07:48:58Z</Time>
      <Position>
       <LatitudeDegrees>35.7017033</LatitudeDegrees>
       <LongitudeDegrees>139.7897862</LongitudeDegrees>
      </Position>
      <AltitudeMeters>1</AltitudeMeters>
      <DistanceMeters>682</DistanceMeters>
      <HeartRateBpm>
       <Value>117</Value>
      </HeartRateBpm>
      <Cadence>75</Cadence>
      <Extensions>
       <Speed>5.740000</Speed>
      </Extensions>
     </Trackpoint>
     <Trackpoint>
      <Time>2026-06-10T07:48:59Z</Time>
      <Position>
       <LatitudeDegrees>35.7017014</LatitudeDegrees>
       <LongitudeDegrees>139.7898063</LongitudeDegrees>
      </Position>
      <AltitudeMeters>1</AltitudeMeters>
      <DistanceMeters>684</DistanceMeters>
      <HeartRateBpm>
       <Value>117</Value>
      </HeartRateBpm>
      <Cadence>75</Cadence>
      <Extensions>
       <Speed>5.730000</Speed>
      </Extensions>
     </Trackpoint>
     <Trackpoint>
      <Time>2026-06-10T07:49:00Z</Time>
      <Position>
       <LatitudeDegrees>35.7016996</LatitudeDegrees>
       <LongitudeDegrees>139.7898264</LongitudeDegrees>
      </Position>
      <AltitudeMeters>1</AltitudeMeters>
      <DistanceMeters>686</DistanceMeters>
      <HeartRateBpm>
       <Value>117</Value>
      </HeartRateBpm>
      <Cadence>75</Cadence>
      <Extensions>
       <Speed>5.730000</Speed>
      </Extensions>
     </Trackpoint>
     <Trackpoint>
      <Time>2026-06-10T07:49:01Z</Time>
      <Position>
       <LatitudeDegrees>35.7016948</LatitudeDegrees>
       <LongitudeDegrees>139.7898463</LongitudeDegrees>
      </Position>
      <AltitudeMeters>1</AltitudeMeters>
      <DistanceMeters>688</DistanceMeters>
      <HeartRateBpm>
       <Value>117</Value>
      </HeartRateBpm>
      <Cadence>76</Cadence>
      <Extensions>
       <Speed>5.730000</Speed>
      </Extensions>
     </Trackpoint>
     <Trackpoint>
      <Time>2026-06-10T07:49:02Z</Time>
      <Position>
       <LatitudeDegrees>35.7016901</LatitudeDegrees>
       <LongitudeDegrees>139.7898663</LongitudeDegrees>
      </Position>
      <AltitudeMeters>1</AltitudeMeters>
      <DistanceMeters>690</DistanceMeters>
      <HeartRateBpm>
       <Value>117</Value>
      </HeartRateBpm>
      <Cadence>76</Cadence>
      <Extensions>
       <Speed>5.750000</Speed>
      </Extensions>
     </Trackpoint>
     <Trackpoint>
      <Time>2026-06-10T07:49:03Z</Time>
      <Position>
       <LatitudeDegrees>35.7016851</LatitudeDegrees>
       <LongitudeDegrees>139.7898876</LongitudeDegrees>
      </Position>
      <AltitudeMeters>1</AltitudeMeters>
      <DistanceMeters>692</DistanceMeters>
      <HeartRateBpm>
       <Value>117</Value>
      </HeartRateBpm>
      <Cadence>76</Cadence>
      <Extensions>
       <Speed>5.770000</Speed>
      </Extensions>
     </Trackpoint>
     <Trackpoint>
      <Time>2026-06-10T07:49:04Z</Time>
      <Position>
       <LatitudeDegrees>35.7016802</LatitudeDegrees>
       <LongitudeDegrees>139.7899090</LongitudeDegrees>
      </Position>
      <AltitudeMeters>1</AltitudeMeters>
      <DistanceMeters>694</DistanceMeters>
      <HeartRateBpm>
       <Value>118</Value>
      </HeartRateBpm>
      <Cadence>77</Cadence>
      <Extensions>
       <Speed>5.810000</Speed>
      </Extensions>
     </Trackpoint>
     <Trackpoint>
      <Time>2026-06-10T07:49:05Z</Time>
      <Position>
       <LatitudeDegrees>35.7016774</LatitudeDegrees>
       <LongitudeDegrees>139.7899323</LongitudeDegrees>
      </Position>
      <AltitudeMeters>1</AltitudeMeters>
      <DistanceMeters>696</DistanceMeters>
      <HeartRateBpm>
       <Value>118</Value>
      </HeartRateBpm>
      <Cadence>77</Cadence>
      <Extensions>
       <Speed>5.860000</Speed>
      </Extensions>
     </Trackpoint>
     <Trackpoint>
      <Time>2026-06-10T07:49:06Z</Time>
      <Position>
       <LatitudeDegrees>35.7016747</LatitudeDegrees>
       <LongitudeDegrees>139.7899557</LongitudeDegrees>
      </Position>
      <AltitudeMeters>1</AltitudeMeters>
      <DistanceMeters>698</DistanceMeters>
      <HeartRateBpm>
       <Value>118</Value>
      </HeartRateBpm>
      <Cadence>78</Cadence>
      <Extensions>
       <Speed>5.920000</Speed>
      </Extensions>
     </Trackpoint>
     <Trackpoint>
      <Time>2026-06-10T07:49:07Z</Time>
      <Position>
       <LatitudeDegrees>35.7016741</LatitudeDegrees>
       <LongitudeDegrees>139.7899790</LongitudeDegrees>
      </Position>
      <AltitudeMeters>1</AltitudeMeters>
      <DistanceMeters>700</DistanceMeters>
      <HeartRateBpm>
       <Value>118</Value>
      </HeartRateBpm>
      <Cadence>78</Cadence>
      <Extensions>
       <Speed>5.980000</Speed>
      </Extensions>
     </Trackpoint>
     <Trackpoint>
      <Time>2026-06-10T07:49:08Z</Time>
      <Position>
       <LatitudeDegrees>35.7016735</LatitudeDegrees>
       <LongitudeDegrees>139.7900023</LongitudeDegrees>
      </Position>
      <AltitudeMeters>1</AltitudeMeters>
      <DistanceMeters>702</DistanceMeters>
      <HeartRateBpm>
       <Value>119</Value>
      </HeartRateBpm>
      <Cadence>78</Cadence>
      <Extensions>
       <Speed>6.060000</Speed>
      </Extensions>
     </Trackpoint>
     <Trackpoint>
      <Time>2026-06-10T07:49:09Z</Time>
      <Position>
       <LatitudeDegrees>35.7016743</LatitudeDegrees>
       <LongitudeDegrees>139.7900241</LongitudeDegrees>
      </Position>
      <AltitudeMeters>1</AltitudeMeters>
      <DistanceMeters>704</DistanceMeters>
      <HeartRateBpm>
       <Value>119</Value>
      </HeartRateBpm>
      <Cadence>79</Cadence>
      <Extensions>
       <Speed>6.140000</Speed>
      </Extensions>
     </Trackpoint>
     <Trackpoint>
      <Time>2026-06-10T07:49:10Z</Time>
      <Position>
       <LatitudeDegrees>35.7016752</LatitudeDegrees>
       <LongitudeDegrees>139.7900460</LongitudeDegrees>
      </Position>
      <AltitudeMeters>1</AltitudeMeters>
      <DistanceMeters>706</DistanceMeters>
      <HeartRateBpm>
       <Value>119</Value>
      </HeartRateBpm>
      <Cadence>79</Cadence>
      <Extensions>
       <Speed>6.220000</Speed>
      </Extensions>
     </Trackpoint>
     <Trackpoint>
      <Time>2026-06-10T07:49:11Z</Time>
      <Position>
       <LatitudeDegrees>35.7016725</LatitudeDegrees>
       <LongitudeDegrees>139.7900659</LongitudeDegrees>
      </Position>
      <AltitudeMeters>1</AltitudeMeters>
      <DistanceMeters>708</DistanceMeters>
      <HeartRateBpm>
       <Value>119</Value>
      </HeartRateBpm>
      <Cadence>80</Cadence>
      <Extensions>
       <Speed>6.300000</Speed>
      </Extensions>
     </Trackpoint>
     <Trackpoint>
      <Time>2026-06-10T07:49:12Z</Time>
      <Position>
       <LatitudeDegrees>35.7016699</LatitudeDegrees>
       <LongitudeDegrees>139.7900858</LongitudeDegrees>
      </Position>
      <AltitudeMeters>1</AltitudeMeters>
      <DistanceMeters>710</DistanceMeters>
      <HeartRateBpm>
       <Value>119</Value>
      </HeartRateBpm>
      <Cadence>80</Cadence>
      <Extensions>
       <Speed>6.350000</Speed>
      </Extensions>
     </Trackpoint>
     <Trackpoint>
      <Time>2026-06-10T07:49:13Z</Time>
      <Position>
       <LatitudeDegrees>35.7016650</LatitudeDegrees>
       <LongitudeDegrees>139.7901033</LongitudeDegrees>
      </Position>
      <AltitudeMeters>1</AltitudeMeters>
      <DistanceMeters>711</DistanceMeters>
      <HeartRateBpm>
       <Value>119</Value>
      </HeartRateBpm>
      <Cadence>80</Cadence>
      <Extensions>
       <Speed>6.400000</Speed>
      </Extensions>
     </Trackpoint>
     <Trackpoint>
      <Time>2026-06-10T07:49:14Z</Time>
      <Position>
       <LatitudeDegrees>35.7016602</LatitudeDegrees>
       <LongitudeDegrees>139.7901208</LongitudeDegrees>
      </Position>
      <AltitudeMeters>1</AltitudeMeters>
      <DistanceMeters>712</DistanceMeters>
      <HeartRateBpm>
       <Value>119</Value>
      </HeartRateBpm>
      <Cadence>79</Cadence>
      <Extensions>
       <Speed>6.400000</Speed>
      </Extensions>
     </Trackpoint>
     <Trackpoint>
      <Time>2026-06-10T07:49:15Z</Time>
      <Position>
       <LatitudeDegrees>35.7016566</LatitudeDegrees>
       <LongitudeDegrees>139.7901372</LongitudeDegrees>
      </Position>
      <AltitudeMeters>1</AltitudeMeters>
      <DistanceMeters>714</DistanceMeters>
      <HeartRateBpm>
       <Value>120</Value>
      </HeartRateBpm>
      <Cadence>79</Cadence>
      <Extensions>
       <Speed>6.410000</Speed>
      </Extensions>
     </Trackpoint>
     <Trackpoint>
      <Time>2026-06-10T07:49:16Z</Time>
      <Position>
       <LatitudeDegrees>35.7016531</LatitudeDegrees>
       <LongitudeDegrees>139.7901536</LongitudeDegrees>
      </Position>
      <AltitudeMeters>1</AltitudeMeters>
      <DistanceMeters>716</DistanceMeters>
      <HeartRateBpm>
       <Value>120</Value>
      </HeartRateBpm>
      <Cadence>79</Cadence>
      <Extensions>
       <Speed>6.410000</Speed>
      </Extensions>
     </Trackpoint>
     <Trackpoint>
      <Time>2026-06-10T07:49:17Z</Time>
      <Position>
       <LatitudeDegrees>35.7016527</LatitudeDegrees>
       <LongitudeDegrees>139.7901702</LongitudeDegrees>
      </Position>
      <AltitudeMeters>1</AltitudeMeters>
      <DistanceMeters>717</DistanceMeters>
      <HeartRateBpm>
       <Value>120</Value>
      </HeartRateBpm>
      <Cadence>79</Cadence>
      <Extensions>
       <Speed>6.410000</Speed>
      </Extensions>
     </Trackpoint>
     <Trackpoint>
      <Time>2026-06-10T07:49:18Z</Time>
      <Position>
       <LatitudeDegrees>35.7016523</LatitudeDegrees>
       <LongitudeDegrees>139.7901869</LongitudeDegrees>
      </Position>
      <AltitudeMeters>1</AltitudeMeters>
      <DistanceMeters>718</DistanceMeters>
      <HeartRateBpm>
       <Value>120</Value>
      </HeartRateBpm>
      <Cadence>79</Cadence>
      <Extensions>
       <Speed>6.400000</Speed>
      </Extensions>
     </Trackpoint>
     <Trackpoint>
      <Time>2026-06-10T07:49:19Z</Time>
      <Position>
       <LatitudeDegrees>35.7016552</LatitudeDegrees>
       <LongitudeDegrees>139.7902038</LongitudeDegrees>
      </Position>
      <AltitudeMeters>1</AltitudeMeters>
      <DistanceMeters>720</DistanceMeters>
      <HeartRateBpm>
       <Value>120</Value>
      </HeartRateBpm>
      <Cadence>79</Cadence>
      <Extensions>
       <Speed>6.390000</Speed>
      </Extensions>
     </Trackpoint>
     <Trackpoint>
      <Time>2026-06-10T07:49:20Z</Time>
      <Position>
       <LatitudeDegrees>35.7016581</LatitudeDegrees>
       <LongitudeDegrees>139.7902207</LongitudeDegrees>
      </Position>
      <AltitudeMeters>1</AltitudeMeters>
      <DistanceMeters>722</DistanceMeters>
      <HeartRateBpm>
       <Value>120</Value>
      </HeartRateBpm>
      <Cadence>79</Cadence>
      <Extensions>
       <Speed>6.380000</Speed>
      </Extensions>
     </Trackpoint>
     <Trackpoint>
      <Time>2026-06-10T07:49:21Z</Time>
      <Position>
       <LatitudeDegrees>35.7016621</LatitudeDegrees>
       <LongitudeDegrees>139.7902366</LongitudeDegrees>
      </Position>
      <AltitudeMeters>1</AltitudeMeters>
      <DistanceMeters>723</DistanceMeters>
      <HeartRateBpm>
       <Value>120</Value>
      </HeartRateBpm>
      <Cadence>79</Cadence>
      <Extensions>
       <Speed>6.370000</Speed>
      </Extensions>
     </Trackpoint>
     <Trackpoint>
      <Time>2026-06-10T07:49:22Z</Time>
      <Position>
       <LatitudeDegrees>35.7016661</LatitudeDegrees>
       <LongitudeDegrees>139.7902525</LongitudeDegrees>
      </Position>
      <AltitudeMeters>1</AltitudeMeters>
      <DistanceMeters>724</DistanceMeters>
      <HeartRateBpm>
       <Value>120</Value>
      </HeartRateBpm>
      <Cadence>79</Cadence>
      <Extensions>
       <Speed>6.360000</Speed>
      </Extensions>
     </Trackpoint>
     <Trackpoint>
      <Time>2026-06-10T07:49:23Z</Time>
      <Position>
       <LatitudeDegrees>35.7016694</LatitudeDegrees>
       <LongitudeDegrees>139.7902676</LongitudeDegrees>
      </Position>
      <AltitudeMeters>1</AltitudeMeters>
      <DistanceMeters>726</DistanceMeters>
      <HeartRateBpm>
       <Value>120</Value>
      </HeartRateBpm>
      <Cadence>79</Cadence>
      <Extensions>
       <Speed>6.350000</Speed>
      </Extensions>
     </Trackpoint>
     <Trackpoint>
      <Time>2026-06-10T07:49:24Z</Time>
      <Position>
       <LatitudeDegrees>35.7016728</LatitudeDegrees>
       <LongitudeDegrees>139.7902827</LongitudeDegrees>
      </Position>
      <AltitudeMeters>1</AltitudeMeters>
      <DistanceMeters>728</DistanceMeters>
      <HeartRateBpm>
       <Value>120</Value>
      </HeartRateBpm>
      <Cadence>79</Cadence>
      <Extensions>
       <Speed>6.340000</Speed>
      </Extensions>
     </Trackpoint>
     <Trackpoint>
      <Time>2026-06-10T07:49:25Z</Time>
      <Position>
       <LatitudeDegrees>35.7016743</LatitudeDegrees>
       <LongitudeDegrees>139.7902988</LongitudeDegrees>
      </Position>
      <AltitudeMeters>1</AltitudeMeters>
      <DistanceMeters>729</DistanceMeters>
      <HeartRateBpm>
       <Value>120</Value>
      </HeartRateBpm>
      <Cadence>79</Cadence>
      <Extensions>
       <Speed>6.330000</Speed>
      </Extensions>
     </Trackpoint>
     <Trackpoint>
      <Time>2026-06-10T07:49:26Z</Time>
      <Position>
       <LatitudeDegrees>35.7016759</LatitudeDegrees>
       <LongitudeDegrees>139.7903149</LongitudeDegrees>
      </Position>
      <AltitudeMeters>2</AltitudeMeters>
      <DistanceMeters>730</DistanceMeters>
      <HeartRateBpm>
       <Value>120</Value>
      </HeartRateBpm>
      <Cadence>79</Cadence>
      <Extensions>
       <Speed>6.310000</Speed>
      </Extensions>
     </Trackpoint>
     <Trackpoint>
      <Time>2026-06-10T07:49:27Z</Time>
      <Position>
       <LatitudeDegrees>35.7016762</LatitudeDegrees>
       <LongitudeDegrees>139.7903326</LongitudeDegrees>
      </Position>
      <AltitudeMeters>2</AltitudeMeters>
      <DistanceMeters>732</DistanceMeters>
      <HeartRateBpm>
       <Value>120</Value>
      </HeartRateBpm>
      <Cadence>79</Cadence>
      <Extensions>
       <Speed>6.300000</Speed>
      </Extensions>
     </Trackpoint>
     <Trackpoint>
      <Time>2026-06-10T07:49:28Z</Time>
      <Position>
       <LatitudeDegrees>35.7016765</LatitudeDegrees>
       <LongitudeDegrees>139.7903503</LongitudeDegrees>
      </Position>
      <AltitudeMeters>2</AltitudeMeters>
      <DistanceMeters>734</DistanceMeters>
      <HeartRateBpm>
       <Value>120</Value>
      </HeartRateBpm>
      <Cadence>78</Cadence>
      <Extensions>
       <Speed>6.250000</Speed>
      </Extensions>
     </Trackpoint>
     <Trackpoint>
      <Time>2026-06-10T07:49:29Z</Time>
      <Position>
       <LatitudeDegrees>35.7016759</LatitudeDegrees>
       <LongitudeDegrees>139.7903692</LongitudeDegrees>
      </Position>
      <AltitudeMeters>2</AltitudeMeters>
      <DistanceMeters>736</DistanceMeters>
      <HeartRateBpm>
       <Value>120</Value>
      </HeartRateBpm>
      <Cadence>78</Cadence>
      <Extensions>
       <Speed>6.200000</Speed>
      </Extensions>
     </Trackpoint>
     <Trackpoint>
      <Time>2026-06-10T07:49:30Z</Time>
      <Position>
       <LatitudeDegrees>35.7016753</LatitudeDegrees>
       <LongitudeDegrees>139.7903881</LongitudeDegrees>
      </Position>
      <AltitudeMeters>2</AltitudeMeters>
      <DistanceMeters>738</DistanceMeters>
      <HeartRateBpm>
       <Value>120</Value>
      </HeartRateBpm>
      <Cadence>77</Cadence>
      <Extensions>
       <Speed>6.170000</Speed>
      </Extensions>
     </Trackpoint>
     <Trackpoint>
      <Time>2026-06-10T07:49:31Z</Time>
      <Position>
       <LatitudeDegrees>35.7016748</LatitudeDegrees>
       <LongitudeDegrees>139.7904066</LongitudeDegrees>
      </Position>
      <AltitudeMeters>2</AltitudeMeters>
      <DistanceMeters>739</DistanceMeters>
      <HeartRateBpm>
       <Value>120</Value>
      </HeartRateBpm>
      <Cadence>77</Cadence>
      <Extensions>
       <Speed>6.140000</Speed>
      </Extensions>
     </Trackpoint>
     <Trackpoint>
      <Time>2026-06-10T07:49:32Z</Time>
      <Position>
       <LatitudeDegrees>35.7016743</LatitudeDegrees>
       <LongitudeDegrees>139.7904251</LongitudeDegrees>
      </Position>
      <AltitudeMeters>2</AltitudeMeters>
      <DistanceMeters>740</DistanceMeters>
      <HeartRateBpm>
       <Value>120</Value>
      </HeartRateBpm>
      <Cadence>76</Cadence>
      <Extensions>
       <Speed>6.130000</Speed>
      </Extensions>
     </Trackpoint>
     <Trackpoint>
      <Time>2026-06-10T07:49:33Z</Time>
      <Position>
       <LatitudeDegrees>35.7016743</LatitudeDegrees>
       <LongitudeDegrees>139.7904429</LongitudeDegrees>
      </Position>
      <AltitudeMeters>2</AltitudeMeters>
      <DistanceMeters>742</DistanceMeters>
      <HeartRateBpm>
       <Value>120</Value>
      </HeartRateBpm>
      <Cadence>76</Cadence>
      <Extensions>
       <Speed>6.130000</Speed>
      </Extensions>
     </Trackpoint>
     <Trackpoint>
      <Time>2026-06-10T07:49:34Z</Time>
      <Position>
       <LatitudeDegrees>35.7016743</LatitudeDegrees>
       <LongitudeDegrees>139.7904607</LongitudeDegrees>
      </Position>
      <AltitudeMeters>2</AltitudeMeters>
      <DistanceMeters>744</DistanceMeters>
      <HeartRateBpm>
       <Value>120</Value>
      </HeartRateBpm>
      <Cadence>76</Cadence>
      <Extensions>
       <Speed>6.130000</Speed>
      </Extensions>
     </Trackpoint>
     <Trackpoint>
      <Time>2026-06-10T07:49:35Z</Time>
      <Position>
       <LatitudeDegrees>35.7016748</LatitudeDegrees>
       <LongitudeDegrees>139.7904770</LongitudeDegrees>
      </Position>
      <AltitudeMeters>2</AltitudeMeters>
      <DistanceMeters>745</DistanceMeters>
      <HeartRateBpm>
       <Value>120</Value>
      </HeartRateBpm>
      <Cadence>76</Cadence>
      <Extensions>
       <Speed>6.130000</Speed>
      </Extensions>
     </Trackpoint>
     <Trackpoint>
      <Time>2026-06-10T07:49:36Z</Time>
      <Position>
       <LatitudeDegrees>35.7016753</LatitudeDegrees>
       <LongitudeDegrees>139.7904933</LongitudeDegrees>
      </Position>
      <AltitudeMeters>2</AltitudeMeters>
      <DistanceMeters>746</DistanceMeters>
      <HeartRateBpm>
       <Value>120</Value>
      </HeartRateBpm>
      <Cadence>76</Cadence>
      <Extensions>
       <Speed>6.130000</Speed>
      </Extensions>
     </Trackpoint>
     <Trackpoint>
      <Time>2026-06-10T07:49:37Z</Time>
      <Position>
       <LatitudeDegrees>35.7016750</LatitudeDegrees>
       <LongitudeDegrees>139.7905087</LongitudeDegrees>
      </Position>
      <AltitudeMeters>2</AltitudeMeters>
      <DistanceMeters>748</DistanceMeters>
      <HeartRateBpm>
       <Value>120</Value>
      </HeartRateBpm>
      <Cadence>76</Cadence>
      <Extensions>
       <Speed>6.130000</Speed>
      </Extensions>
     </Trackpoint>
     <Trackpoint>
      <Time>2026-06-10T07:49:38Z</Time>
      <Position>
       <LatitudeDegrees>35.7016747</LatitudeDegrees>
       <LongitudeDegrees>139.7905242</LongitudeDegrees>
      </Position>
      <AltitudeMeters>2</AltitudeMeters>
      <DistanceMeters>750</DistanceMeters>
      <HeartRateBpm>
       <Value>121</Value>
      </HeartRateBpm>
      <Cadence>76</Cadence>
      <Extensions>
       <Speed>6.120000</Speed>
      </Extensions>
     </Trackpoint>
     <Trackpoint>
      <Time>2026-06-10T07:49:39Z</Time>
      <Position>
       <LatitudeDegrees>35.7016724</LatitudeDegrees>
       <LongitudeDegrees>139.7905399</LongitudeDegrees>
      </Position>
      <AltitudeMeters>2</AltitudeMeters>
      <DistanceMeters>751</DistanceMeters>
      <HeartRateBpm>
       <Value>121</Value>
      </HeartRateBpm>
      <Cadence>76</Cadence>
      <Extensions>
       <Speed>6.120000</Speed>
      </Extensions>
     </Trackpoint>
     <Trackpoint>
      <Time>2026-06-10T07:49:40Z</Time>
      <Position>
       <LatitudeDegrees>35.7016701</LatitudeDegrees>
       <LongitudeDegrees>139.7905557</LongitudeDegrees>
      </Position>
      <AltitudeMeters>2</AltitudeMeters>
      <DistanceMeters>752</DistanceMeters>
      <HeartRateBpm>
       <Value>121</Value>
      </HeartRateBpm>
      <Cadence>76</Cadence>
      <Extensions>
       <Speed>6.090000</Speed>
      </Extensions>
     </Trackpoint>
     <Trackpoint>
      <Time>2026-06-10T07:49:41Z</Time>
      <Position>
       <LatitudeDegrees>35.7016676</LatitudeDegrees>
       <LongitudeDegrees>139.7905740</LongitudeDegrees>
      </Position>
      <AltitudeMeters>2</AltitudeMeters>
      <DistanceMeters>754</DistanceMeters>
      <HeartRateBpm>
       <Value>121</Value>
      </HeartRateBpm>
      <Cadence>76</Cadence>
      <Extensions>
       <Speed>6.060000</Speed>
      </Extensions>
     </Trackpoint>
     <Trackpoint>
      <Time>2026-06-10T07:49:42Z</Time>
      <Position>
       <LatitudeDegrees>35.7016651</LatitudeDegrees>
       <LongitudeDegrees>139.7905923</LongitudeDegrees>
      </Position>
      <AltitudeMeters>2</AltitudeMeters>
      <DistanceMeters>756</DistanceMeters>
      <HeartRateBpm>
       <Value>121</Value>
      </HeartRateBpm>
      <Cadence>75</Cadence>
      <Extensions>
       <Speed>6.030000</Speed>
      </Extensions>
     </Trackpoint>
     <Trackpoint>
      <Time>2026-06-10T07:49:43Z</Time>
      <Position>
       <LatitudeDegrees>35.7016630</LatitudeDegrees>
       <LongitudeDegrees>139.7906121</LongitudeDegrees>
      </Position>
      <AltitudeMeters>2</AltitudeMeters>
      <DistanceMeters>758</DistanceMeters>
      <HeartRateBpm>
       <Value>121</Value>
      </HeartRateBpm>
      <Cadence>75</Cadence>
      <Extensions>
       <Speed>6.000000</Speed>
      </Extensions>
     </Trackpoint>
     <Trackpoint>
      <Time>2026-06-10T07:49:44Z</Time>
      <Position>
       <LatitudeDegrees>35.7016610</LatitudeDegrees>
       <LongitudeDegrees>139.7906319</LongitudeDegrees>
      </Position>
      <AltitudeMeters>2</AltitudeMeters>
      <DistanceMeters>760</DistanceMeters>
      <HeartRateBpm>
       <Value>121</Value>
      </HeartRateBpm>
      <Cadence>75</Cadence>
      <Extensions>
       <Speed>6.000000</Speed>
      </Extensions>
     </Trackpoint>
     <Trackpoint>
      <Time>2026-06-10T07:49:45Z</Time>
      <Position>
       <LatitudeDegrees>35.7016601</LatitudeDegrees>
       <LongitudeDegrees>139.7906513</LongitudeDegrees>
      </Position>
      <AltitudeMeters>2</AltitudeMeters>
      <DistanceMeters>761</DistanceMeters>
      <HeartRateBpm>
       <Value>121</Value>
      </HeartRateBpm>
      <Cadence>74</Cadence>
      <Extensions>
       <Speed>6.000000</Speed>
      </Extensions>
     </Trackpoint>
     <Trackpoint>
      <Time>2026-06-10T07:49:46Z</Time>
      <Position>
       <LatitudeDegrees>35.7016593</LatitudeDegrees>
       <LongitudeDegrees>139.7906707</LongitudeDegrees>
      </Position>
      <AltitudeMeters>2</AltitudeMeters>
      <DistanceMeters>762</DistanceMeters>
      <HeartRateBpm>
       <Value>121</Value>
      </HeartRateBpm>
      <Cadence>74</Cadence>
      <Extensions>
       <Speed>6.000000</Speed>
      </Extensions>
     </Trackpoint>
     <Trackpoint>
      <Time>2026-06-10T07:49:47Z</Time>
      <Position>
       <LatitudeDegrees>35.7016589</LatitudeDegrees>
       <LongitudeDegrees>139.7906876</LongitudeDegrees>
      </Position>
      <AltitudeMeters>2</AltitudeMeters>
      <DistanceMeters>764</DistanceMeters>
      <HeartRateBpm>
       <Value>121</Value>
      </HeartRateBpm>
      <Cadence>73</Cadence>
      <Extensions>
       <Speed>6.010000</Speed>
      </Extensions>
     </Trackpoint>
     <Trackpoint>
      <Time>2026-06-10T07:49:48Z</Time>
      <Position>
       <LatitudeDegrees>35.7016586</LatitudeDegrees>
       <LongitudeDegrees>139.7907045</LongitudeDegrees>
      </Position>
      <AltitudeMeters>2</AltitudeMeters>
      <DistanceMeters>766</DistanceMeters>
      <HeartRateBpm>
       <Value>121</Value>
      </HeartRateBpm>
      <Cadence>73</Cadence>
      <Extensions>
       <Speed>6.010000</Speed>
      </Extensions>
     </Trackpoint>
     <Trackpoint>
      <Time>2026-06-10T07:49:49Z</Time>
      <Position>
       <LatitudeDegrees>35.7016568</LatitudeDegrees>
       <LongitudeDegrees>139.7907191</LongitudeDegrees>
      </Position>
      <AltitudeMeters>2</AltitudeMeters>
      <DistanceMeters>767</DistanceMeters>
      <HeartRateBpm>
       <Value>121</Value>
      </HeartRateBpm>
      <Cadence>73</Cadence>
      <Extensions>
       <Speed>6.010000</Speed>
      </Extensions>
     </Trackpoint>
     <Trackpoint>
      <Time>2026-06-10T07:49:50Z</Time>
      <Position>
       <LatitudeDegrees>35.7016551</LatitudeDegrees>
       <LongitudeDegrees>139.7907338</LongitudeDegrees>
      </Position>
      <AltitudeMeters>2</AltitudeMeters>
      <DistanceMeters>768</DistanceMeters>
      <HeartRateBpm>
       <Value>121</Value>
      </HeartRateBpm>
      <Cadence>73</Cadence>
      <Extensions>
       <Speed>6.000000</Speed>
      </Extensions>
     </Trackpoint>
     <Trackpoint>
      <Time>2026-06-10T07:49:51Z</Time>
      <Position>
       <LatitudeDegrees>35.7016518</LatitudeDegrees>
       <LongitudeDegrees>139.7907479</LongitudeDegrees>
      </Position>
      <AltitudeMeters>2</AltitudeMeters>
      <DistanceMeters>769</DistanceMeters>
      <HeartRateBpm>
       <Value>121</Value>
      </HeartRateBpm>
      <Cadence>73</Cadence>
      <Extensions>
       <Speed>5.990000</Speed>
      </Extensions>
     </Trackpoint>
     <Trackpoint>
      <Time>2026-06-10T07:49:52Z</Time>
      <Position>
       <LatitudeDegrees>35.7016486</LatitudeDegrees>
       <LongitudeDegrees>139.7907620</LongitudeDegrees>
      </Position>
      <AltitudeMeters>2</AltitudeMeters>
      <DistanceMeters>771</DistanceMeters>
      <HeartRateBpm>
       <Value>122</Value>
      </HeartRateBpm>
      <Cadence>73</Cadence>
      <Extensions>
       <Speed>5.970000</Speed>
      </Extensions>
     </Trackpoint>
     <Trackpoint>
      <Time>2026-06-10T07:49:53Z</Time>
      <Position>
       <LatitudeDegrees>35.7016439</LatitudeDegrees>
       <LongitudeDegrees>139.7907774</LongitudeDegrees>
      </Position>
      <AltitudeMeters>2</AltitudeMeters>
      <DistanceMeters>773</DistanceMeters>
      <HeartRateBpm>
       <Value>121</Value>
      </HeartRateBpm>
      <Cadence>73</Cadence>
      <Extensions>
       <Speed>5.960000</Speed>
      </Extensions>
     </Trackpoint>
     <Trackpoint>
      <Time>2026-06-10T07:49:54Z</Time>
      <Position>
       <LatitudeDegrees>35.7016393</LatitudeDegrees>
       <LongitudeDegrees>139.7907929</LongitudeDegrees>
      </Position>
      <AltitudeMeters>2</AltitudeMeters>
      <DistanceMeters>774</DistanceMeters>
      <HeartRateBpm>
       <Value>121</Value>
      </HeartRateBpm>
      <Cadence>73</Cadence>
      <Extensions>
       <Speed>5.950000</Speed>
      </Extensions>
     </Trackpoint>
     <Trackpoint>
      <Time>2026-06-10T07:49:55Z</Time>
      <Position>
       <LatitudeDegrees>35.7016334</LatitudeDegrees>
       <LongitudeDegrees>139.7908091</LongitudeDegrees>
      </Position>
      <AltitudeMeters>2</AltitudeMeters>
      <DistanceMeters>776</DistanceMeters>
      <HeartRateBpm>
       <Value>121</Value>
      </HeartRateBpm>
      <Cadence>74</Cadence>
      <Extensions>
       <Speed>5.940000</Speed>
      </Extensions>
     </Trackpoint>
     <Trackpoint>
      <Time>2026-06-10T07:49:56Z</Time>
      <Position>
       <LatitudeDegrees>35.7016275</LatitudeDegrees>
       <LongitudeDegrees>139.7908254</LongitudeDegrees>
      </Position>
      <AltitudeMeters>2</AltitudeMeters>
      <DistanceMeters>778</DistanceMeters>
      <HeartRateBpm>
       <Value>121</Value>
      </HeartRateBpm>
      <Cadence>74</Cadence>
      <Extensions>
       <Speed>5.940000</Speed>
      </Extensions>
     </Trackpoint>
     <Trackpoint>
      <Time>2026-06-10T07:49:57Z</Time>
      <Position>
       <LatitudeDegrees>35.7016211</LatitudeDegrees>
       <LongitudeDegrees>139.7908417</LongitudeDegrees>
      </Position>
      <AltitudeMeters>2</AltitudeMeters>
      <DistanceMeters>779</DistanceMeters>
      <HeartRateBpm>
       <Value>121</Value>
      </HeartRateBpm>
      <Cadence>74</Cadence>
      <Extensions>
       <Speed>5.940000</Speed>
      </Extensions>
     </Trackpoint>
     <Trackpoint>
      <Time>2026-06-10T07:49:58Z</Time>
      <Position>
       <LatitudeDegrees>35.7016147</LatitudeDegrees>
       <LongitudeDegrees>139.7908581</LongitudeDegrees>
      </Position>
      <AltitudeMeters>2</AltitudeMeters>
      <DistanceMeters>780</DistanceMeters>
      <HeartRateBpm>
       <Value>121</Value>
      </HeartRateBpm>
      <Cadence>74</Cadence>
      <Extensions>
       <Speed>5.930000</Speed>
      </Extensions>
     </Trackpoint>
     <Trackpoint>
      <Time>2026-06-10T07:49:59Z</Time>
      <Position>
       <LatitudeDegrees>35.7016079</LatitudeDegrees>
       <LongitudeDegrees>139.7908739</LongitudeDegrees>
      </Position>
      <AltitudeMeters>2</AltitudeMeters>
      <DistanceMeters>782</DistanceMeters>
      <HeartRateBpm>
       <Value>121</Value>
      </HeartRateBpm>
      <Cadence>74</Cadence>
      <Extensions>
       <Speed>5.920000</Speed>
      </Extensions>
     </Trackpoint>
     <Trackpoint>
      <Time>2026-06-10T07:50:00Z</Time>
      <Position>
       <LatitudeDegrees>35.7016012</LatitudeDegrees>
       <LongitudeDegrees>139.7908897</LongitudeDegrees>
      </Position>
      <AltitudeMeters>2</AltitudeMeters>
      <DistanceMeters>784</DistanceMeters>
      <HeartRateBpm>
       <Value>121</Value>
      </HeartRateBpm>
      <Cadence>75</Cadence>
      <Extensions>
       <Speed>5.910000</Speed>
      </Extensions>
     </Trackpoint>
     <Trackpoint>
      <Time>2026-06-10T07:50:01Z</Time>
      <Position>
       <LatitudeDegrees>35.7015955</LatitudeDegrees>
       <LongitudeDegrees>139.7909046</LongitudeDegrees>
      </Position>
      <AltitudeMeters>2</AltitudeMeters>
      <DistanceMeters>785</DistanceMeters>
      <HeartRateBpm>
       <Value>121</Value>
      </HeartRateBpm>
      <Cadence>75</Cadence>
      <Extensions>
       <Speed>5.910000</Speed>
      </Extensions>
     </Trackpoint>
     <Trackpoint>
      <Time>2026-06-10T07:50:02Z</Time>
      <Position>
       <LatitudeDegrees>35.7015898</LatitudeDegrees>
       <LongitudeDegrees>139.7909196</LongitudeDegrees>
      </Position>
      <AltitudeMeters>2</AltitudeMeters>
      <DistanceMeters>786</DistanceMeters>
      <HeartRateBpm>
       <Value>121</Value>
      </HeartRateBpm>
      <Cadence>75</Cadence>
      <Extensions>
       <Speed>5.900000</Speed>
      </Extensions>
     </Trackpoint>
     <Trackpoint>
      <Time>2026-06-10T07:50:03Z</Time>
      <Position>
       <LatitudeDegrees>35.7015855</LatitudeDegrees>
       <LongitudeDegrees>139.7909347</LongitudeDegrees>
      </Position>
      <AltitudeMeters>2</AltitudeMeters>
      <DistanceMeters>788</DistanceMeters>
      <HeartRateBpm>
       <Value>121</Value>
      </HeartRateBpm>
      <Cadence>75</Cadence>
      <Extensions>
       <Speed>5.900000</Speed>
      </Extensions>
     </Trackpoint>
     <Trackpoint>
      <Time>2026-06-10T07:50:04Z</Time>
      <Position>
       <LatitudeDegrees>35.7015812</LatitudeDegrees>
       <LongitudeDegrees>139.7909498</LongitudeDegrees>
      </Position>
      <AltitudeMeters>2</AltitudeMeters>
      <DistanceMeters>790</DistanceMeters>
      <HeartRateBpm>
       <Value>121</Value>
      </HeartRateBpm>
      <Cadence>75</Cadence>
      <Extensions>
       <Speed>5.900000</Speed>
      </Extensions>
     </Trackpoint>
     <Trackpoint>
      <Time>2026-06-10T07:50:05Z</Time>
      <Position>
       <LatitudeDegrees>35.7015803</LatitudeDegrees>
       <LongitudeDegrees>139.7909662</LongitudeDegrees>
      </Position>
      <AltitudeMeters>2</AltitudeMeters>
      <DistanceMeters>791</DistanceMeters>
      <HeartRateBpm>
       <Value>120</Value>
      </HeartRateBpm>
      <Cadence>75</Cadence>
      <Extensions>
       <Speed>5.900000</Speed>
      </Extensions>
     </Trackpoint>
     <Trackpoint>
      <Time>2026-06-10T07:50:06Z</Time>
      <Position>
       <LatitudeDegrees>35.7015795</LatitudeDegrees>
       <LongitudeDegrees>139.7909827</LongitudeDegrees>
      </Position>
      <AltitudeMeters>2</AltitudeMeters>
      <DistanceMeters>792</DistanceMeters>
      <HeartRateBpm>
       <Value>120</Value>
      </HeartRateBpm>
      <Cadence>75</Cadence>
      <Extensions>
       <Speed>5.900000</Speed>
      </Extensions>
     </Trackpoint>
     <Trackpoint>
      <Time>2026-06-10T07:50:07Z</Time>
      <Position>
       <LatitudeDegrees>35.7015790</LatitudeDegrees>
       <LongitudeDegrees>139.7909996</LongitudeDegrees>
      </Position>
      <AltitudeMeters>2</AltitudeMeters>
      <DistanceMeters>794</DistanceMeters>
      <HeartRateBpm>
       <Value>120</Value>
      </HeartRateBpm>
      <Cadence>75</Cadence>
      <Extensions>
       <Speed>5.900000</Speed>
      </Extensions>
     </Trackpoint>
     <Trackpoint>
      <Time>2026-06-10T07:50:08Z</Time>
      <Position>
       <LatitudeDegrees>35.7015786</LatitudeDegrees>
       <LongitudeDegrees>139.7910165</LongitudeDegrees>
      </Position>
      <AltitudeMeters>2</AltitudeMeters>
      <DistanceMeters>796</DistanceMeters>
      <HeartRateBpm>
       <Value>121</Value>
      </HeartRateBpm>
      <Cadence>75</Cadence>
      <Extensions>
       <Speed>5.900000</Speed>
      </Extensions>
     </Trackpoint>
     <Trackpoint>
      <Time>2026-06-10T07:50:09Z</Time>
      <Position>
       <LatitudeDegrees>35.7015763</LatitudeDegrees>
       <LongitudeDegrees>139.7910322</LongitudeDegrees>
      </Position>
      <AltitudeMeters>2</AltitudeMeters>
      <DistanceMeters>797</DistanceMeters>
      <HeartRateBpm>
       <Value>121</Value>
      </HeartRateBpm>
      <Cadence>76</Cadence>
      <Extensions>
       <Speed>5.900000</Speed>
      </Extensions>
     </Trackpoint>
     <Trackpoint>
      <Time>2026-06-10T07:50:10Z</Time>
      <Position>
       <LatitudeDegrees>35.7015740</LatitudeDegrees>
       <LongitudeDegrees>139.7910479</LongitudeDegrees>
      </Position>
      <AltitudeMeters>2</AltitudeMeters>
      <DistanceMeters>798</DistanceMeters>
      <HeartRateBpm>
       <Value>121</Value>
      </HeartRateBpm>
      <Cadence>75</Cadence>
      <Extensions>
       <Speed>5.890000</Speed>
      </Extensions>
     </Trackpoint>
     <Trackpoint>
      <Time>2026-06-10T07:50:11Z</Time>
      <Position>
       <LatitudeDegrees>35.7015716</LatitudeDegrees>
       <LongitudeDegrees>139.7910641</LongitudeDegrees>
      </Position>
      <AltitudeMeters>2</AltitudeMeters>
      <DistanceMeters>800</DistanceMeters>
      <HeartRateBpm>
       <Value>121</Value>
      </HeartRateBpm>
      <Cadence>75</Cadence>
      <Extensions>
       <Speed>5.890000</Speed>
      </Extensions>
     </Trackpoint>
     <Trackpoint>
      <Time>2026-06-10T07:50:12Z</Time>
      <Position>
       <LatitudeDegrees>35.7015693</LatitudeDegrees>
       <LongitudeDegrees>139.7910803</LongitudeDegrees>
      </Position>
      <AltitudeMeters>2</AltitudeMeters>
      <DistanceMeters>802</DistanceMeters>
      <HeartRateBpm>
       <Value>121</Value>
      </HeartRateBpm>
      <Cadence>74</Cadence>
      <Extensions>
       <Speed>5.880000</Speed>
      </Extensions>
     </Trackpoint>
     <Trackpoint>
      <Time>2026-06-10T07:50:13Z</Time>
      <Position>
       <LatitudeDegrees>35.7015684</LatitudeDegrees>
       <LongitudeDegrees>139.7910982</LongitudeDegrees>
      </Position>
      <AltitudeMeters>2</AltitudeMeters>
      <DistanceMeters>804</DistanceMeters>
      <HeartRateBpm>
       <Value>121</Value>
      </HeartRateBpm>
      <Cadence>74</Cadence>
      <Extensions>
       <Speed>5.880000</Speed>
      </Extensions>
     </Trackpoint>
     <Trackpoint>
      <Time>2026-06-10T07:50:14Z</Time>
      <Position>
       <LatitudeDegrees>35.7015676</LatitudeDegrees>
       <LongitudeDegrees>139.7911161</LongitudeDegrees>
      </Position>
      <AltitudeMeters>2</AltitudeMeters>
      <DistanceMeters>806</DistanceMeters>
      <HeartRateBpm>
       <Value>121</Value>
      </HeartRateBpm>
      <Cadence>74</Cadence>
      <Extensions>
       <Speed>5.880000</Speed>
      </Extensions>
     </Trackpoint>
     <Trackpoint>
      <Time>2026-06-10T07:50:15Z</Time>
      <Position>
       <LatitudeDegrees>35.7015696</LatitudeDegrees>
       <LongitudeDegrees>139.7911348</LongitudeDegrees>
      </Position>
      <AltitudeMeters>2</AltitudeMeters>
      <DistanceMeters>807</DistanceMeters>
      <HeartRateBpm>
       <Value>121</Value>
      </HeartRateBpm>
      <Cadence>73</Cadence>
      <Extensions>
       <Speed>5.880000</Speed>
      </Extensions>
     </Trackpoint>
     <Trackpoint>
      <Time>2026-06-10T07:50:16Z</Time>
      <Position>
       <LatitudeDegrees>35.7015716</LatitudeDegrees>
       <LongitudeDegrees>139.7911536</LongitudeDegrees>
      </Position>
      <AltitudeMeters>2</AltitudeMeters>
      <DistanceMeters>809</DistanceMeters>
      <HeartRateBpm>
       <Value>121</Value>
      </HeartRateBpm>
      <Cadence>73</Cadence>
      <Extensions>
       <Speed>5.890000</Speed>
      </Extensions>
     </Trackpoint>
     <Trackpoint>
      <Time>2026-06-10T07:50:17Z</Time>
      <Position>
       <LatitudeDegrees>35.7015762</LatitudeDegrees>
       <LongitudeDegrees>139.7911716</LongitudeDegrees>
      </Position>
      <AltitudeMeters>2</AltitudeMeters>
      <DistanceMeters>811</DistanceMeters>
      <HeartRateBpm>
       <Value>121</Value>
      </HeartRateBpm>
      <Cadence>74</Cadence>
      <Extensions>
       <Speed>5.900000</Speed>
      </Extensions>
     </Trackpoint>
     <Trackpoint>
      <Time>2026-06-10T07:50:18Z</Time>
      <Position>
       <LatitudeDegrees>35.7015808</LatitudeDegrees>
       <LongitudeDegrees>139.7911896</LongitudeDegrees>
      </Position>
      <AltitudeMeters>2</AltitudeMeters>
      <DistanceMeters>812</DistanceMeters>
      <HeartRateBpm>
       <Value>121</Value>
      </HeartRateBpm>
      <Cadence>74</Cadence>
      <Extensions>
       <Speed>5.910000</Speed>
      </Extensions>
     </Trackpoint>
     <Trackpoint>
      <Time>2026-06-10T07:50:19Z</Time>
      <Position>
       <LatitudeDegrees>35.7015861</LatitudeDegrees>
       <LongitudeDegrees>139.7912061</LongitudeDegrees>
      </Position>
      <AltitudeMeters>2</AltitudeMeters>
      <DistanceMeters>814</DistanceMeters>
      <HeartRateBpm>
       <Value>121</Value>
      </HeartRateBpm>
      <Cadence>74</Cadence>
      <Extensions>
       <Speed>5.920000</Speed>
      </Extensions>
     </Trackpoint>
     <Trackpoint>
      <Time>2026-06-10T07:50:20Z</Time>
      <Position>
       <LatitudeDegrees>35.7015914</LatitudeDegrees>
       <LongitudeDegrees>139.7912227</LongitudeDegrees>
      </Position>
      <AltitudeMeters>2</AltitudeMeters>
      <DistanceMeters>815</DistanceMeters>
      <HeartRateBpm>
       <Value>121</Value>
      </HeartRateBpm>
      <Cadence>74</Cadence>
      <Extensions>
       <Speed>5.930000</Speed>
      </Extensions>
     </Trackpoint>
     <Trackpoint>
      <Time>2026-06-10T07:50:21Z</Time>
      <Position>
       <LatitudeDegrees>35.7015955</LatitudeDegrees>
       <LongitudeDegrees>139.7912377</LongitudeDegrees>
      </Position>
      <AltitudeMeters>2</AltitudeMeters>
      <DistanceMeters>816</DistanceMeters>
      <HeartRateBpm>
       <Value>121</Value>
      </HeartRateBpm>
      <Cadence>74</Cadence>
      <Extensions>
       <Speed>5.940000</Speed>
      </Extensions>
     </Trackpoint>
     <Trackpoint>
      <Time>2026-06-10T07:50:22Z</Time>
      <Position>
       <LatitudeDegrees>35.7015997</LatitudeDegrees>
       <LongitudeDegrees>139.7912527</LongitudeDegrees>
      </Position>
      <AltitudeMeters>2</AltitudeMeters>
      <DistanceMeters>818</DistanceMeters>
      <HeartRateBpm>
       <Value>121</Value>
      </HeartRateBpm>
      <Cadence>74</Cadence>
      <Extensions>
       <Speed>5.940000</Speed>
      </Extensions>
     </Trackpoint>
     <Trackpoint>
      <Time>2026-06-10T07:50:23Z</Time>
      <Position>
       <LatitudeDegrees>35.7016022</LatitudeDegrees>
       <LongitudeDegrees>139.7912675</LongitudeDegrees>
      </Position>
      <AltitudeMeters>2</AltitudeMeters>
      <DistanceMeters>819</DistanceMeters>
      <HeartRateBpm>
       <Value>121</Value>
      </HeartRateBpm>
      <Cadence>74</Cadence>
      <Extensions>
       <Speed>5.950000</Speed>
      </Extensions>
     </Trackpoint>
     <Trackpoint>
      <Time>2026-06-10T07:50:24Z</Time>
      <Position>
       <LatitudeDegrees>35.7016048</LatitudeDegrees>
       <LongitudeDegrees>139.7912823</LongitudeDegrees>
      </Position>
      <AltitudeMeters>2</AltitudeMeters>
      <DistanceMeters>820</DistanceMeters>
      <HeartRateBpm>
       <Value>121</Value>
      </HeartRateBpm>
      <Cadence>73</Cadence>
      <Extensions>
       <Speed>5.940000</Speed>
      </Extensions>
     </Trackpoint>
     <Trackpoint>
      <Time>2026-06-10T07:50:25Z</Time>
      <Position>
       <LatitudeDegrees>35.7016047</LatitudeDegrees>
       <LongitudeDegrees>139.7912964</LongitudeDegrees>
      </Position>
      <AltitudeMeters>2</AltitudeMeters>
      <DistanceMeters>821</DistanceMeters>
      <HeartRateBpm>
       <Value>121</Value>
      </HeartRateBpm>
      <Cadence>73</Cadence>
      <Extensions>
       <Speed>5.930000</Speed>
      </Extensions>
     </Trackpoint>
     <Trackpoint>
      <Time>2026-06-10T07:50:26Z</Time>
      <Position>
       <LatitudeDegrees>35.7016046</LatitudeDegrees>
       <LongitudeDegrees>139.7913105</LongitudeDegrees>
      </Position>
      <AltitudeMeters>2</AltitudeMeters>
      <DistanceMeters>822</DistanceMeters>
      <HeartRateBpm>
       <Value>121</Value>
      </HeartRateBpm>
      <Cadence>73</Cadence>
      <Extensions>
       <Speed>5.920000</Speed>
      </Extensions>
     </Trackpoint>
     <Trackpoint>
      <Time>2026-06-10T07:50:27Z</Time>
      <Position>
       <LatitudeDegrees>35.7016033</LatitudeDegrees>
       <LongitudeDegrees>139.7913240</LongitudeDegrees>
      </Position>
      <AltitudeMeters>2</AltitudeMeters>
      <DistanceMeters>824</DistanceMeters>
      <HeartRateBpm>
       <Value>121</Value>
      </HeartRateBpm>
      <Cadence>73</Cadence>
      <Extensions>
       <Speed>5.910000</Speed>
      </Extensions>
     </Trackpoint>
     <Trackpoint>
      <Time>2026-06-10T07:50:28Z</Time>
      <Position>
       <LatitudeDegrees>35.7016021</LatitudeDegrees>
       <LongitudeDegrees>139.7913376</LongitudeDegrees>
      </Position>
      <AltitudeMeters>2</AltitudeMeters>
      <DistanceMeters>826</DistanceMeters>
      <HeartRateBpm>
       <Value>121</Value>
      </HeartRateBpm>
      <Cadence>73</Cadence>
      <Extensions>
       <Speed>5.890000</Speed>
      </Extensions>
     </Trackpoint>
     <Trackpoint>
      <Time>2026-06-10T07:50:29Z</Time>
      <Position>
       <LatitudeDegrees>35.7016013</LatitudeDegrees>
       <LongitudeDegrees>139.7913516</LongitudeDegrees>
      </Position>
      <AltitudeMeters>2</AltitudeMeters>
      <DistanceMeters>827</DistanceMeters>
      <HeartRateBpm>
       <Value>121</Value>
      </HeartRateBpm>
      <Cadence>73</Cadence>
      <Extensions>
       <Speed>5.880000</Speed>
      </Extensions>
     </Trackpoint>
     <Trackpoint>
      <Time>2026-06-10T07:50:30Z</Time>
      <Position>
       <LatitudeDegrees>35.7016005</LatitudeDegrees>
       <LongitudeDegrees>139.7913656</LongitudeDegrees>
      </Position>
      <AltitudeMeters>2</AltitudeMeters>
      <DistanceMeters>828</DistanceMeters>
      <HeartRateBpm>
       <Value>121</Value>
      </HeartRateBpm>
      <Cadence>73</Cadence>
      <Extensions>
       <Speed>5.860000</Speed>
      </Extensions>
     </Trackpoint>
     <Trackpoint>
      <Time>2026-06-10T07:50:31Z</Time>
      <Position>
       <LatitudeDegrees>35.7016018</LatitudeDegrees>
       <LongitudeDegrees>139.7913803</LongitudeDegrees>
      </Position>
      <AltitudeMeters>2</AltitudeMeters>
      <DistanceMeters>829</DistanceMeters>
      <HeartRateBpm>
       <Value>120</Value>
      </HeartRateBpm>
      <Cadence>73</Cadence>
      <Extensions>
       <Speed>5.850000</Speed>
      </Extensions>
     </Trackpoint>
     <Trackpoint>
      <Time>2026-06-10T07:50:32Z</Time>
      <Position>
       <LatitudeDegrees>35.7016031</LatitudeDegrees>
       <LongitudeDegrees>139.7913951</LongitudeDegrees>
      </Position>
      <AltitudeMeters>2</AltitudeMeters>
      <DistanceMeters>830</DistanceMeters>
      <HeartRateBpm>
       <Value>120</Value>
      </HeartRateBpm>
      <Cadence>73</Cadence>
      <Extensions>
       <Speed>5.860000</Speed>
      </Extensions>
     </Trackpoint>
     <Trackpoint>
      <Time>2026-06-10T07:50:33Z</Time>
      <Position>
       <LatitudeDegrees>35.7016045</LatitudeDegrees>
       <LongitudeDegrees>139.7914116</LongitudeDegrees>
      </Position>
      <AltitudeMeters>2</AltitudeMeters>
      <DistanceMeters>832</DistanceMeters>
      <HeartRateBpm>
       <Value>120</Value>
      </HeartRateBpm>
      <Cadence>73</Cadence>
      <Extensions>
       <Speed>5.880000</Speed>
      </Extensions>
     </Trackpoint>
     <Trackpoint>
      <Time>2026-06-10T07:50:34Z</Time>
      <Position>
       <LatitudeDegrees>35.7016059</LatitudeDegrees>
       <LongitudeDegrees>139.7914282</LongitudeDegrees>
      </Position>
      <AltitudeMeters>2</AltitudeMeters>
      <DistanceMeters>834</DistanceMeters>
      <HeartRateBpm>
       <Value>120</Value>
      </HeartRateBpm>
      <Cadence>73</Cadence>
      <Extensions>
       <Speed>5.880000</Speed>
      </Extensions>
     </Trackpoint>
     <Trackpoint>
      <Time>2026-06-10T07:50:35Z</Time>
      <Position>
       <LatitudeDegrees>35.7016044</LatitudeDegrees>
       <LongitudeDegrees>139.7914465</LongitudeDegrees>
      </Position>
      <AltitudeMeters>2</AltitudeMeters>
      <DistanceMeters>836</DistanceMeters>
      <HeartRateBpm>
       <Value>120</Value>
      </HeartRateBpm>
      <Cadence>74</Cadence>
      <Extensions>
       <Speed>5.890000</Speed>
      </Extensions>
     </Trackpoint>
     <Trackpoint>
      <Time>2026-06-10T07:50:36Z</Time>
      <Position>
       <LatitudeDegrees>35.7016030</LatitudeDegrees>
       <LongitudeDegrees>139.7914649</LongitudeDegrees>
      </Position>
      <AltitudeMeters>2</AltitudeMeters>
      <DistanceMeters>838</DistanceMeters>
      <HeartRateBpm>
       <Value>120</Value>
      </HeartRateBpm>
      <Cadence>74</Cadence>
      <Extensions>
       <Speed>5.880000</Speed>
      </Extensions>
     </Trackpoint>
     <Trackpoint>
      <Time>2026-06-10T07:50:37Z</Time>
      <Position>
       <LatitudeDegrees>35.7015997</LatitudeDegrees>
       <LongitudeDegrees>139.7914825</LongitudeDegrees>
      </Position>
      <AltitudeMeters>2</AltitudeMeters>
      <DistanceMeters>839</DistanceMeters>
      <HeartRateBpm>
       <Value>120</Value>
      </HeartRateBpm>
      <Cadence>74</Cadence>
      <Extensions>
       <Speed>5.870000</Speed>
      </Extensions>
     </Trackpoint>
     <Trackpoint>
      <Time>2026-06-10T07:50:38Z</Time>
      <Position>
       <LatitudeDegrees>35.7015965</LatitudeDegrees>
       <LongitudeDegrees>139.7915002</LongitudeDegrees>
      </Position>
      <AltitudeMeters>2</AltitudeMeters>
      <DistanceMeters>840</DistanceMeters>
      <HeartRateBpm>
       <Value>119</Value>
      </HeartRateBpm>
      <Cadence>74</Cadence>
      <Extensions>
       <Speed>5.870000</Speed>
      </Extensions>
     </Trackpoint>
     <Trackpoint>
      <Time>2026-06-10T07:50:39Z</Time>
      <Position>
       <LatitudeDegrees>35.7015932</LatitudeDegrees>
       <LongitudeDegrees>139.7915167</LongitudeDegrees>
      </Position>
      <AltitudeMeters>2</AltitudeMeters>
      <DistanceMeters>842</DistanceMeters>
      <HeartRateBpm>
       <Value>119</Value>
      </HeartRateBpm>
      <Cadence>74</Cadence>
      <Extensions>
       <Speed>5.870000</Speed>
      </Extensions>
     </Trackpoint>
     <Trackpoint>
      <Time>2026-06-10T07:50:40Z</Time>
      <Position>
       <LatitudeDegrees>35.7015899</LatitudeDegrees>
       <LongitudeDegrees>139.7915332</LongitudeDegrees>
      </Position>
      <AltitudeMeters>2</AltitudeMeters>
      <DistanceMeters>844</DistanceMeters>
      <HeartRateBpm>
       <Value>119</Value>
      </HeartRateBpm>
      <Cadence>74</Cadence>
      <Extensions>
       <Speed>5.860000</Speed>
      </Extensions>
     </Trackpoint>
     <Trackpoint>
      <Time>2026-06-10T07:50:41Z</Time>
      <Position>
       <LatitudeDegrees>35.7015869</LatitudeDegrees>
       <LongitudeDegrees>139.7915496</LongitudeDegrees>
      </Position>
      <AltitudeMeters>2</AltitudeMeters>
      <DistanceMeters>845</DistanceMeters>
      <HeartRateBpm>
       <Value>119</Value>
      </HeartRateBpm>
      <Cadence>74</Cadence>
      <Extensions>
       <Speed>5.850000</Speed>
      </Extensions>
     </Trackpoint>
     <Trackpoint>
      <Time>2026-06-10T07:50:42Z</Time>
      <Position>
       <LatitudeDegrees>35.7015840</LatitudeDegrees>
       <LongitudeDegrees>139.7915661</LongitudeDegrees>
      </Position>
      <AltitudeMeters>2</AltitudeMeters>
      <DistanceMeters>846</DistanceMeters>
      <HeartRateBpm>
       <Value>119</Value>
      </HeartRateBpm>
      <Cadence>74</Cadence>
      <Extensions>
       <Speed>5.840000</Speed>
      </Extensions>
     </Trackpoint>
     <Trackpoint>
      <Time>2026-06-10T07:50:43Z</Time>
      <Position>
       <LatitudeDegrees>35.7015828</LatitudeDegrees>
       <LongitudeDegrees>139.7915819</LongitudeDegrees>
      </Position>
      <AltitudeMeters>2</AltitudeMeters>
      <DistanceMeters>848</DistanceMeters>
      <HeartRateBpm>
       <Value>119</Value>
      </HeartRateBpm>
      <Cadence>74</Cadence>
      <Extensions>
       <Speed>5.840000</Speed>
      </Extensions>
     </Trackpoint>
     <Trackpoint>
      <Time>2026-06-10T07:50:44Z</Time>
      <Position>
       <LatitudeDegrees>35.7015817</LatitudeDegrees>
       <LongitudeDegrees>139.7915977</LongitudeDegrees>
      </Position>
      <AltitudeMeters>2</AltitudeMeters>
      <DistanceMeters>849</DistanceMeters>
      <HeartRateBpm>
       <Value>119</Value>
      </HeartRateBpm>
      <Cadence>74</Cadence>
      <Extensions>
       <Speed>5.840000</Speed>
      </Extensions>
     </Trackpoint>
     <Trackpoint>
      <Time>2026-06-10T07:50:45Z</Time>
      <Position>
       <LatitudeDegrees>35.7015819</LatitudeDegrees>
       <LongitudeDegrees>139.7916129</LongitudeDegrees>
      </Position>
      <AltitudeMeters>2</AltitudeMeters>
      <DistanceMeters>850</DistanceMeters>
      <HeartRateBpm>
       <Value>119</Value>
      </HeartRateBpm>
      <Cadence>74</Cadence>
      <Extensions>
       <Speed>5.840000</Speed>
      </Extensions>
     </Trackpoint>
     <Trackpoint>
      <Time>2026-06-10T07:50:46Z</Time>
      <Position>
       <LatitudeDegrees>35.7015822</LatitudeDegrees>
       <LongitudeDegrees>139.7916281</LongitudeDegrees>
      </Position>
      <AltitudeMeters>2</AltitudeMeters>
      <DistanceMeters>852</DistanceMeters>
      <HeartRateBpm>
       <Value>119</Value>
      </HeartRateBpm>
      <Cadence>74</Cadence>
      <Extensions>
       <Speed>5.840000</Speed>
      </Extensions>
     </Trackpoint>
     <Trackpoint>
      <Time>2026-06-10T07:50:47Z</Time>
      <Position>
       <LatitudeDegrees>35.7015815</LatitudeDegrees>
       <LongitudeDegrees>139.7916448</LongitudeDegrees>
      </Position>
      <AltitudeMeters>2</AltitudeMeters>
      <DistanceMeters>854</DistanceMeters>
      <HeartRateBpm>
       <Value>119</Value>
      </HeartRateBpm>
      <Cadence>74</Cadence>
      <Extensions>
       <Speed>5.840000</Speed>
      </Extensions>
     </Trackpoint>
     <Trackpoint>
      <Time>2026-06-10T07:50:48Z</Time>
      <Position>
       <LatitudeDegrees>35.7015808</LatitudeDegrees>
       <LongitudeDegrees>139.7916616</LongitudeDegrees>
      </Position>
      <AltitudeMeters>2</AltitudeMeters>
      <DistanceMeters>856</DistanceMeters>
      <HeartRateBpm>
       <Value>119</Value>
      </HeartRateBpm>
      <Cadence>74</Cadence>
      <Extensions>
       <Speed>5.830000</Speed>
      </Extensions>
     </Trackpoint>
     <Trackpoint>
      <Time>2026-06-10T07:50:49Z</Time>
      <Position>
       <LatitudeDegrees>35.7015813</LatitudeDegrees>
       <LongitudeDegrees>139.7916803</LongitudeDegrees>
      </Position>
      <AltitudeMeters>2</AltitudeMeters>
      <DistanceMeters>857</DistanceMeters>
      <HeartRateBpm>
       <Value>120</Value>
      </HeartRateBpm>
      <Cadence>74</Cadence>
      <Extensions>
       <Speed>5.830000</Speed>
      </Extensions>
     </Trackpoint>
     <Trackpoint>
      <Time>2026-06-10T07:50:50Z</Time>
      <Position>
       <LatitudeDegrees>35.7015818</LatitudeDegrees>
       <LongitudeDegrees>139.7916990</LongitudeDegrees>
      </Position>
      <AltitudeMeters>2</AltitudeMeters>
      <DistanceMeters>858</DistanceMeters>
      <HeartRateBpm>
       <Value>120</Value>
      </HeartRateBpm>
      <Cadence>73</Cadence>
      <Extensions>
       <Speed>5.830000</Speed>
      </Extensions>
     </Trackpoint>
     <Trackpoint>
      <Time>2026-06-10T07:50:51Z</Time>
      <Position>
       <LatitudeDegrees>35.7015834</LatitudeDegrees>
       <LongitudeDegrees>139.7917171</LongitudeDegrees>
      </Position>
      <AltitudeMeters>2</AltitudeMeters>
      <DistanceMeters>860</DistanceMeters>
      <HeartRateBpm>
       <Value>120</Value>
      </HeartRateBpm>
      <Cadence>73</Cadence>
      <Extensions>
       <Speed>5.830000</Speed>
      </Extensions>
     </Trackpoint>
     <Trackpoint>
      <Time>2026-06-10T07:50:52Z</Time>
      <Position>
       <LatitudeDegrees>35.7015850</LatitudeDegrees>
       <LongitudeDegrees>139.7917353</LongitudeDegrees>
      </Position>
      <AltitudeMeters>2</AltitudeMeters>
      <DistanceMeters>862</DistanceMeters>
      <HeartRateBpm>
       <Value>120</Value>
      </HeartRateBpm>
      <Cadence>73</Cadence>
      <Extensions>
       <Speed>5.820000</Speed>
      </Extensions>
     </Trackpoint>
     <Trackpoint>
      <Time>2026-06-10T07:50:53Z</Time>
      <Position>
       <LatitudeDegrees>35.7015867</LatitudeDegrees>
       <LongitudeDegrees>139.7917527</LongitudeDegrees>
      </Position>
      <AltitudeMeters>2</AltitudeMeters>
      <DistanceMeters>864</DistanceMeters>
      <HeartRateBpm>
       <Value>120</Value>
      </HeartRateBpm>
      <Cadence>73</Cadence>
      <Extensions>
       <Speed>5.810000</Speed>
      </Extensions>
     </Trackpoint>
     <Trackpoint>
      <Time>2026-06-10T07:50:54Z</Time>
      <Position>
       <LatitudeDegrees>35.7015885</LatitudeDegrees>
       <LongitudeDegrees>139.7917701</LongitudeDegrees>
      </Position>
      <AltitudeMeters>2</AltitudeMeters>
      <DistanceMeters>866</DistanceMeters>
      <HeartRateBpm>
       <Value>120</Value>
      </HeartRateBpm>
      <Cadence>72</Cadence>
      <Extensions>
       <Speed>5.750000</Speed>
      </Extensions>
     </Trackpoint>
     <Trackpoint>
      <Time>2026-06-10T07:50:55Z</Time>
      <Position>
       <LatitudeDegrees>35.7015887</LatitudeDegrees>
       <LongitudeDegrees>139.7917866</LongitudeDegrees>
      </Position>
      <AltitudeMeters>2</AltitudeMeters>
      <DistanceMeters>867</DistanceMeters>
      <HeartRateBpm>
       <Value>120</Value>
      </HeartRateBpm>
      <Cadence>72</Cadence>
      <Extensions>
       <Speed>5.690000</Speed>
      </Extensions>
     </Trackpoint>
     <Trackpoint>
      <Time>2026-06-10T07:50:56Z</Time>
      <Position>
       <LatitudeDegrees>35.7015889</LatitudeDegrees>
       <LongitudeDegrees>139.7918032</LongitudeDegrees>
      </Position>
      <AltitudeMeters>3</AltitudeMeters>
      <DistanceMeters>868</DistanceMeters>
      <HeartRateBpm>
       <Value>120</Value>
      </HeartRateBpm>
      <Cadence>72</Cadence>
      <Extensions>
       <Speed>5.670000</Speed>
      </Extensions>
     </Trackpoint>
     <Trackpoint>
      <Time>2026-06-10T07:50:57Z</Time>
      <Position>
       <LatitudeDegrees>35.7015868</LatitudeDegrees>
       <LongitudeDegrees>139.7918194</LongitudeDegrees>
      </Position>
      <AltitudeMeters>3</AltitudeMeters>
      <DistanceMeters>870</DistanceMeters>
      <HeartRateBpm>
       <Value>120</Value>
      </HeartRateBpm>
      <Cadence>72</Cadence>
      <Extensions>
       <Speed>5.660000</Speed>
      </Extensions>
     </Trackpoint>
     <Trackpoint>
      <Time>2026-06-10T07:50:58Z</Time>
      <Position>
       <LatitudeDegrees>35.7015847</LatitudeDegrees>
       <LongitudeDegrees>139.7918356</LongitudeDegrees>
      </Position>
      <AltitudeMeters>3</AltitudeMeters>
      <DistanceMeters>872</DistanceMeters>
      <HeartRateBpm>
       <Value>120</Value>
      </HeartRateBpm>
      <Cadence>73</Cadence>
      <Extensions>
       <Speed>5.660000</Speed>
      </Extensions>
     </Trackpoint>
     <Trackpoint>
      <Time>2026-06-10T07:50:59Z</Time>
      <Position>
       <LatitudeDegrees>35.7015822</LatitudeDegrees>
       <LongitudeDegrees>139.7918526</LongitudeDegrees>
      </Position>
      <AltitudeMeters>3</AltitudeMeters>
      <DistanceMeters>873</DistanceMeters>
      <HeartRateBpm>
       <Value>120</Value>
      </HeartRateBpm>
      <Cadence>73</Cadence>
      <Extensions>
       <Speed>5.660000</Speed>
      </Extensions>
     </Trackpoint>
     <Trackpoint>
      <Time>2026-06-10T07:51:00Z</Time>
      <Position>
       <LatitudeDegrees>35.7015797</LatitudeDegrees>
       <LongitudeDegrees>139.7918697</LongitudeDegrees>
      </Position>
      <AltitudeMeters>3</AltitudeMeters>
      <DistanceMeters>874</DistanceMeters>
      <HeartRateBpm>
       <Value>121</Value>
      </HeartRateBpm>
      <Cadence>73</Cadence>
      <Extensions>
       <Speed>5.650000</Speed>
      </Extensions>
     </Trackpoint>
     <Trackpoint>
      <Time>2026-06-10T07:51:01Z</Time>
      <Position>
       <LatitudeDegrees>35.7015773</LatitudeDegrees>
       <LongitudeDegrees>139.7918879</LongitudeDegrees>
      </Position>
      <AltitudeMeters>3</AltitudeMeters>
      <DistanceMeters>876</DistanceMeters>
      <HeartRateBpm>
       <Value>121</Value>
      </HeartRateBpm>
      <Cadence>74</Cadence>
      <Extensions>
       <Speed>5.650000</Speed>
      </Extensions>
     </Trackpoint>
     <Trackpoint>
      <Time>2026-06-10T07:51:02Z</Time>
      <Position>
       <LatitudeDegrees>35.7015749</LatitudeDegrees>
       <LongitudeDegrees>139.7919062</LongitudeDegrees>
      </Position>
      <AltitudeMeters>3</AltitudeMeters>
      <DistanceMeters>878</DistanceMeters>
      <HeartRateBpm>
       <Value>121</Value>
      </HeartRateBpm>
      <Cadence>74</Cadence>
      <Extensions>
       <Speed>5.650000</Speed>
      </Extensions>
     </Trackpoint>
     <Trackpoint>
      <Time>2026-06-10T07:51:03Z</Time>
      <Position>
       <LatitudeDegrees>35.7015732</LatitudeDegrees>
       <LongitudeDegrees>139.7919245</LongitudeDegrees>
      </Position>
      <AltitudeMeters>3</AltitudeMeters>
      <DistanceMeters>880</DistanceMeters>
      <HeartRateBpm>
       <Value>121</Value>
      </HeartRateBpm>
      <Cadence>74</Cadence>
      <Extensions>
       <Speed>5.660000</Speed>
      </Extensions>
     </Trackpoint>
     <Trackpoint>
      <Time>2026-06-10T07:51:04Z</Time>
      <Position>
       <LatitudeDegrees>35.7015715</LatitudeDegrees>
       <LongitudeDegrees>139.7919429</LongitudeDegrees>
      </Position>
      <AltitudeMeters>3</AltitudeMeters>
      <DistanceMeters>881</DistanceMeters>
      <HeartRateBpm>
       <Value>121</Value>
      </HeartRateBpm>
      <Cadence>73</Cadence>
      <Extensions>
       <Speed>5.660000</Speed>
      </Extensions>
     </Trackpoint>
     <Trackpoint>
      <Time>2026-06-10T07:51:05Z</Time>
      <Position>
       <LatitudeDegrees>35.7015709</LatitudeDegrees>
       <LongitudeDegrees>139.7919599</LongitudeDegrees>
      </Position>
      <AltitudeMeters>3</AltitudeMeters>
      <DistanceMeters>882</DistanceMeters>
      <HeartRateBpm>
       <Value>122</Value>
      </HeartRateBpm>
      <Cadence>73</Cadence>
      <Extensions>
       <Speed>5.670000</Speed>
      </Extensions>
     </Trackpoint>
     <Trackpoint>
      <Time>2026-06-10T07:51:06Z</Time>
      <Position>
       <LatitudeDegrees>35.7015703</LatitudeDegrees>
       <LongitudeDegrees>139.7919769</LongitudeDegrees>
      </Position>
      <AltitudeMeters>3</AltitudeMeters>
      <DistanceMeters>884</DistanceMeters>
      <HeartRateBpm>
       <Value>122</Value>
      </HeartRateBpm>
      <Cadence>73</Cadence>
      <Extensions>
       <Speed>5.670000</Speed>
      </Extensions>
     </Trackpoint>
     <Trackpoint>
      <Time>2026-06-10T07:51:07Z</Time>
      <Position>
       <LatitudeDegrees>35.7015700</LatitudeDegrees>
       <LongitudeDegrees>139.7919937</LongitudeDegrees>
      </Position>
      <AltitudeMeters>3</AltitudeMeters>
      <DistanceMeters>885</DistanceMeters>
      <HeartRateBpm>
       <Value>122</Value>
      </HeartRateBpm>
      <Cadence>73</Cadence>
      <Extensions>
       <Speed>5.680000</Speed>
      </Extensions>
     </Trackpoint>
     <Trackpoint>
      <Time>2026-06-10T07:51:08Z</Time>
      <Position>
       <LatitudeDegrees>35.7015698</LatitudeDegrees>
       <LongitudeDegrees>139.7920105</LongitudeDegrees>
      </Position>
      <AltitudeMeters>3</AltitudeMeters>
      <DistanceMeters>887</DistanceMeters>
      <HeartRateBpm>
       <Value>122</Value>
      </HeartRateBpm>
      <Cadence>73</Cadence>
      <Extensions>
       <Speed>5.680000</Speed>
      </Extensions>
     </Trackpoint>
     <Trackpoint>
      <Time>2026-06-10T07:51:09Z</Time>
      <Position>
       <LatitudeDegrees>35.7015692</LatitudeDegrees>
       <LongitudeDegrees>139.7920275</LongitudeDegrees>
      </Position>
      <AltitudeMeters>3</AltitudeMeters>
      <DistanceMeters>889</DistanceMeters>
      <HeartRateBpm>
       <Value>122</Value>
      </HeartRateBpm>
      <Cadence>73</Cadence>
      <Extensions>
       <Speed>5.690000</Speed>
      </Extensions>
     </Trackpoint>
     <Trackpoint>
      <Time>2026-06-10T07:51:10Z</Time>
      <Position>
       <LatitudeDegrees>35.7015687</LatitudeDegrees>
       <LongitudeDegrees>139.7920445</LongitudeDegrees>
      </Position>
      <AltitudeMeters>3</AltitudeMeters>
      <DistanceMeters>890</DistanceMeters>
      <HeartRateBpm>
       <Value>123</Value>
      </HeartRateBpm>
      <Cadence>73</Cadence>
      <Extensions>
       <Speed>5.690000</Speed>
      </Extensions>
     </Trackpoint>
     <Trackpoint>
      <Time>2026-06-10T07:51:11Z</Time>
      <Position>
       <LatitudeDegrees>35.7015667</LatitudeDegrees>
       <LongitudeDegrees>139.7920619</LongitudeDegrees>
      </Position>
      <AltitudeMeters>3</AltitudeMeters>
      <DistanceMeters>892</DistanceMeters>
      <HeartRateBpm>
       <Value>123</Value>
      </HeartRateBpm>
      <Cadence>73</Cadence>
      <Extensions>
       <Speed>5.690000</Speed>
      </Extensions>
     </Trackpoint>
     <Trackpoint>
      <Time>2026-06-10T07:51:12Z</Time>
      <Position>
       <LatitudeDegrees>35.7015647</LatitudeDegrees>
       <LongitudeDegrees>139.7920794</LongitudeDegrees>
      </Position>
      <AltitudeMeters>3</AltitudeMeters>
      <DistanceMeters>894</DistanceMeters>
      <HeartRateBpm>
       <Value>123</Value>
      </HeartRateBpm>
      <Cadence>73</Cadence>
      <Extensions>
       <Speed>5.690000</Speed>
      </Extensions>
     </Trackpoint>
     <Trackpoint>
      <Time>2026-06-10T07:51:13Z</Time>
      <Position>
       <LatitudeDegrees>35.7015626</LatitudeDegrees>
       <LongitudeDegrees>139.7920967</LongitudeDegrees>
      </Position>
      <AltitudeMeters>3</AltitudeMeters>
      <DistanceMeters>895</DistanceMeters>
      <HeartRateBpm>
       <Value>123</Value>
      </HeartRateBpm>
      <Cadence>73</Cadence>
      <Extensions>
       <Speed>5.700000</Speed>
      </Extensions>
     </Trackpoint>
     <Trackpoint>
      <Time>2026-06-10T07:51:14Z</Time>
      <Position>
       <LatitudeDegrees>35.7015605</LatitudeDegrees>
       <LongitudeDegrees>139.7921140</LongitudeDegrees>
      </Position>
      <AltitudeMeters>3</AltitudeMeters>
      <DistanceMeters>896</DistanceMeters>
      <HeartRateBpm>
       <Value>123</Value>
      </HeartRateBpm>
      <Cadence>73</Cadence>
      <Extensions>
       <Speed>5.700000</Speed>
      </Extensions>
     </Trackpoint>
     <Trackpoint>
      <Time>2026-06-10T07:51:15Z</Time>
      <Position>
       <LatitudeDegrees>35.7015589</LatitudeDegrees>
       <LongitudeDegrees>139.7921303</LongitudeDegrees>
      </Position>
      <AltitudeMeters>3</AltitudeMeters>
      <DistanceMeters>898</DistanceMeters>
      <HeartRateBpm>
       <Value>123</Value>
      </HeartRateBpm>
      <Cadence>73</Cadence>
      <Extensions>
       <Speed>5.700000</Speed>
      </Extensions>
     </Trackpoint>
     <Trackpoint>
      <Time>2026-06-10T07:51:16Z</Time>
      <Position>
       <LatitudeDegrees>35.7015573</LatitudeDegrees>
       <LongitudeDegrees>139.7921466</LongitudeDegrees>
      </Position>
      <AltitudeMeters>3</AltitudeMeters>
      <DistanceMeters>899</DistanceMeters>
      <HeartRateBpm>
       <Value>123</Value>
      </HeartRateBpm>
      <Cadence>73</Cadence>
      <Extensions>
       <Speed>5.690000</Speed>
      </Extensions>
     </Trackpoint>
     <Trackpoint>
      <Time>2026-06-10T07:51:17Z</Time>
      <Position>
       <LatitudeDegrees>35.7015569</LatitudeDegrees>
       <LongitudeDegrees>139.7921618</LongitudeDegrees>
      </Position>
      <AltitudeMeters>3</AltitudeMeters>
      <DistanceMeters>900</DistanceMeters>
      <HeartRateBpm>
       <Value>123</Value>
      </HeartRateBpm>
      <Cadence>73</Cadence>
      <Extensions>
       <Speed>5.690000</Speed>
      </Extensions>
     </Trackpoint>
     <Trackpoint>
      <Time>2026-06-10T07:51:18Z</Time>
      <Position>
       <LatitudeDegrees>35.7015565</LatitudeDegrees>
       <LongitudeDegrees>139.7921770</LongitudeDegrees>
      </Position>
      <AltitudeMeters>3</AltitudeMeters>
      <DistanceMeters>902</DistanceMeters>
      <HeartRateBpm>
       <Value>123</Value>
      </HeartRateBpm>
      <Cadence>73</Cadence>
      <Extensions>
       <Speed>5.680000</Speed>
      </Extensions>
     </Trackpoint>
     <Trackpoint>
      <Time>2026-06-10T07:51:19Z</Time>
      <Position>
       <LatitudeDegrees>35.7015572</LatitudeDegrees>
       <LongitudeDegrees>139.7921924</LongitudeDegrees>
      </Position>
      <AltitudeMeters>3</AltitudeMeters>
      <DistanceMeters>903</DistanceMeters>
      <HeartRateBpm>
       <Value>123</Value>
      </HeartRateBpm>
      <Cadence>74</Cadence>
      <Extensions>
       <Speed>5.670000</Speed>
      </Extensions>
     </Trackpoint>
     <Trackpoint>
      <Time>2026-06-10T07:51:20Z</Time>
      <Position>
       <LatitudeDegrees>35.7015579</LatitudeDegrees>
       <LongitudeDegrees>139.7922078</LongitudeDegrees>
      </Position>
      <AltitudeMeters>3</AltitudeMeters>
      <DistanceMeters>905</DistanceMeters>
      <HeartRateBpm>
       <Value>123</Value>
      </HeartRateBpm>
      <Cadence>74</Cadence>
      <Extensions>
       <Speed>5.650000</Speed>
      </Extensions>
     </Trackpoint>
     <Trackpoint>
      <Time>2026-06-10T07:51:21Z</Time>
      <Position>
       <LatitudeDegrees>35.7015579</LatitudeDegrees>
       <LongitudeDegrees>139.7922247</LongitudeDegrees>
      </Position>
      <AltitudeMeters>3</AltitudeMeters>
      <DistanceMeters>907</DistanceMeters>
      <HeartRateBpm>
       <Value>123</Value>
      </HeartRateBpm>
      <Cadence>74</Cadence>
      <Extensions>
       <Speed>5.630000</Speed>
      </Extensions>
     </Trackpoint>
     <Trackpoint>
      <Time>2026-06-10T07:51:22Z</Time>
      <Position>
       <LatitudeDegrees>35.7015580</LatitudeDegrees>
       <LongitudeDegrees>139.7922416</LongitudeDegrees>
      </Position>
      <AltitudeMeters>3</AltitudeMeters>
      <DistanceMeters>908</DistanceMeters>
      <HeartRateBpm>
       <Value>123</Value>
      </HeartRateBpm>
      <Cadence>74</Cadence>
      <Extensions>
       <Speed>5.610000</Speed>
      </Extensions>
     </Trackpoint>
     <Trackpoint>
      <Time>2026-06-10T07:51:23Z</Time>
      <Position>
       <LatitudeDegrees>35.7015572</LatitudeDegrees>
       <LongitudeDegrees>139.7922595</LongitudeDegrees>
      </Position>
      <AltitudeMeters>3</AltitudeMeters>
      <DistanceMeters>910</DistanceMeters>
      <HeartRateBpm>
       <Value>123</Value>
      </HeartRateBpm>
      <Cadence>74</Cadence>
      <Extensions>
       <Speed>5.590000</Speed>
      </Extensions>
     </Trackpoint>
     <Trackpoint>
      <Time>2026-06-10T07:51:24Z</Time>
      <Position>
       <LatitudeDegrees>35.7015564</LatitudeDegrees>
       <LongitudeDegrees>139.7922774</LongitudeDegrees>
      </Position>
      <AltitudeMeters>3</AltitudeMeters>
      <DistanceMeters>912</DistanceMeters>
      <HeartRateBpm>
       <Value>123</Value>
      </HeartRateBpm>
      <Cadence>74</Cadence>
      <Extensions>
       <Speed>5.580000</Speed>
      </Extensions>
     </Trackpoint>
     <Trackpoint>
      <Time>2026-06-10T07:51:25Z</Time>
      <Position>
       <LatitudeDegrees>35.7015539</LatitudeDegrees>
       <LongitudeDegrees>139.7922947</LongitudeDegrees>
      </Position>
      <AltitudeMeters>3</AltitudeMeters>
      <DistanceMeters>913</DistanceMeters>
      <HeartRateBpm>
       <Value>123</Value>
      </HeartRateBpm>
      <Cadence>74</Cadence>
      <Extensions>
       <Speed>5.570000</Speed>
      </Extensions>
     </Trackpoint>
     <Trackpoint>
      <Time>2026-06-10T07:51:26Z</Time>
      <Position>
       <LatitudeDegrees>35.7015515</LatitudeDegrees>
       <LongitudeDegrees>139.7923120</LongitudeDegrees>
      </Position>
      <AltitudeMeters>4</AltitudeMeters>
      <DistanceMeters>914</DistanceMeters>
      <HeartRateBpm>
       <Value>123</Value>
      </HeartRateBpm>
      <Cadence>74</Cadence>
      <Extensions>
       <Speed>5.570000</Speed>
      </Extensions>
     </Trackpoint>
     <Trackpoint>
      <Time>2026-06-10T07:51:27Z</Time>
      <Position>
       <LatitudeDegrees>35.7015472</LatitudeDegrees>
       <LongitudeDegrees>139.7923278</LongitudeDegrees>
      </Position>
      <AltitudeMeters>4</AltitudeMeters>
      <DistanceMeters>916</DistanceMeters>
      <HeartRateBpm>
       <Value>122</Value>
      </HeartRateBpm>
      <Cadence>74</Cadence>
      <Extensions>
       <Speed>5.570000</Speed>
      </Extensions>
     </Trackpoint>
     <Trackpoint>
      <Time>2026-06-10T07:51:28Z</Time>
      <Position>
       <LatitudeDegrees>35.7015430</LatitudeDegrees>
       <LongitudeDegrees>139.7923436</LongitudeDegrees>
      </Position>
      <AltitudeMeters>4</AltitudeMeters>
      <DistanceMeters>918</DistanceMeters>
      <HeartRateBpm>
       <Value>122</Value>
      </HeartRateBpm>
      <Cadence>74</Cadence>
      <Extensions>
       <Speed>5.560000</Speed>
      </Extensions>
     </Trackpoint>
     <Trackpoint>
      <Time>2026-06-10T07:51:29Z</Time>
      <Position>
       <LatitudeDegrees>35.7015366</LatitudeDegrees>
       <LongitudeDegrees>139.7923594</LongitudeDegrees>
      </Position>
      <AltitudeMeters>4</AltitudeMeters>
      <DistanceMeters>919</DistanceMeters>
      <HeartRateBpm>
       <Value>122</Value>
      </HeartRateBpm>
      <Cadence>74</Cadence>
      <Extensions>
       <Speed>5.560000</Speed>
      </Extensions>
     </Trackpoint>
     <Trackpoint>
      <Time>2026-06-10T07:51:30Z</Time>
      <Position>
       <LatitudeDegrees>35.7015303</LatitudeDegrees>
       <LongitudeDegrees>139.7923752</LongitudeDegrees>
      </Position>
      <AltitudeMeters>4</AltitudeMeters>
      <DistanceMeters>920</DistanceMeters>
      <HeartRateBpm>
       <Value>122</Value>
      </HeartRateBpm>
      <Cadence>74</Cadence>
      <Extensions>
       <Speed>5.560000</Speed>
      </Extensions>
     </Trackpoint>
     <Trackpoint>
      <Time>2026-06-10T07:51:31Z</Time>
      <Position>
       <LatitudeDegrees>35.7015232</LatitudeDegrees>
       <LongitudeDegrees>139.7923904</LongitudeDegrees>
      </Position>
      <AltitudeMeters>4</AltitudeMeters>
      <DistanceMeters>922</DistanceMeters>
      <HeartRateBpm>
       <Value>122</Value>
      </HeartRateBpm>
      <Cadence>74</Cadence>
      <Extensions>
       <Speed>5.560000</Speed>
      </Extensions>
     </Trackpoint>
     <Trackpoint>
      <Time>2026-06-10T07:51:32Z</Time>
      <Position>
       <LatitudeDegrees>35.7015161</LatitudeDegrees>
       <LongitudeDegrees>139.7924056</LongitudeDegrees>
      </Position>
      <AltitudeMeters>4</AltitudeMeters>
      <DistanceMeters>924</DistanceMeters>
      <HeartRateBpm>
       <Value>122</Value>
      </HeartRateBpm>
      <Cadence>73</Cadence>
      <Extensions>
       <Speed>5.550000</Speed>
      </Extensions>
     </Trackpoint>
     <Trackpoint>
      <Time>2026-06-10T07:51:33Z</Time>
      <Position>
       <LatitudeDegrees>35.7015089</LatitudeDegrees>
       <LongitudeDegrees>139.7924206</LongitudeDegrees>
      </Position>
      <AltitudeMeters>4</AltitudeMeters>
      <DistanceMeters>926</DistanceMeters>
      <HeartRateBpm>
       <Value>122</Value>
      </HeartRateBpm>
      <Cadence>73</Cadence>
      <Extensions>
       <Speed>5.550000</Speed>
      </Extensions>
     </Trackpoint>
     <Trackpoint>
      <Time>2026-06-10T07:51:34Z</Time>
      <Position>
       <LatitudeDegrees>35.7015017</LatitudeDegrees>
       <LongitudeDegrees>139.7924356</LongitudeDegrees>
      </Position>
      <AltitudeMeters>4</AltitudeMeters>
      <DistanceMeters>927</DistanceMeters>
      <HeartRateBpm>
       <Value>122</Value>
      </HeartRateBpm>
      <Cadence>73</Cadence>
      <Extensions>
       <Speed>5.550000</Speed>
      </Extensions>
     </Trackpoint>
     <Trackpoint>
      <Time>2026-06-10T07:51:35Z</Time>
      <Position>
       <LatitudeDegrees>35.7014964</LatitudeDegrees>
       <LongitudeDegrees>139.7924502</LongitudeDegrees>
      </Position>
      <AltitudeMeters>4</AltitudeMeters>
      <DistanceMeters>928</DistanceMeters>
      <HeartRateBpm>
       <Value>122</Value>
      </HeartRateBpm>
      <Cadence>73</Cadence>
      <Extensions>
       <Speed>5.560000</Speed>
      </Extensions>
     </Trackpoint>
     <Trackpoint>
      <Time>2026-06-10T07:51:36Z</Time>
      <Position>
       <LatitudeDegrees>35.7014911</LatitudeDegrees>
       <LongitudeDegrees>139.7924649</LongitudeDegrees>
      </Position>
      <AltitudeMeters>4</AltitudeMeters>
      <DistanceMeters>930</DistanceMeters>
      <HeartRateBpm>
       <Value>122</Value>
      </HeartRateBpm>
      <Cadence>73</Cadence>
      <Extensions>
       <Speed>5.550000</Speed>
      </Extensions>
     </Trackpoint>
     <Trackpoint>
      <Time>2026-06-10T07:51:37Z</Time>
      <Position>
       <LatitudeDegrees>35.7014861</LatitudeDegrees>
       <LongitudeDegrees>139.7924795</LongitudeDegrees>
      </Position>
      <AltitudeMeters>4</AltitudeMeters>
      <DistanceMeters>931</DistanceMeters>
      <HeartRateBpm>
       <Value>121</Value>
      </HeartRateBpm>
      <Cadence>73</Cadence>
      <Extensions>
       <Speed>5.550000</Speed>
      </Extensions>
     </Trackpoint>
     <Trackpoint>
      <Time>2026-06-10T07:51:38Z</Time>
      <Position>
       <LatitudeDegrees>35.7014812</LatitudeDegrees>
       <LongitudeDegrees>139.7924941</LongitudeDegrees>
      </Position>
      <AltitudeMeters>4</AltitudeMeters>
      <DistanceMeters>932</DistanceMeters>
      <HeartRateBpm>
       <Value>121</Value>
      </HeartRateBpm>
      <Cadence>73</Cadence>
      <Extensions>
       <Speed>5.540000</Speed>
      </Extensions>
     </Trackpoint>
     <Trackpoint>
      <Time>2026-06-10T07:51:39Z</Time>
      <Position>
       <LatitudeDegrees>35.7014754</LatitudeDegrees>
       <LongitudeDegrees>139.7925087</LongitudeDegrees>
      </Position>
      <AltitudeMeters>4</AltitudeMeters>
      <DistanceMeters>934</DistanceMeters>
      <HeartRateBpm>
       <Value>121</Value>
      </HeartRateBpm>
      <Cadence>73</Cadence>
      <Extensions>
       <Speed>5.530000</Speed>
      </Extensions>
     </Trackpoint>
     <Trackpoint>
      <Time>2026-06-10T07:51:40Z</Time>
      <Position>
       <LatitudeDegrees>35.7014696</LatitudeDegrees>
       <LongitudeDegrees>139.7925233</LongitudeDegrees>
      </Position>
      <AltitudeMeters>4</AltitudeMeters>
      <DistanceMeters>936</DistanceMeters>
      <HeartRateBpm>
       <Value>120</Value>
      </HeartRateBpm>
      <Cadence>72</Cadence>
      <Extensions>
       <Speed>5.520000</Speed>
      </Extensions>
     </Trackpoint>
     <Trackpoint>
      <Time>2026-06-10T07:51:41Z</Time>
      <Position>
       <LatitudeDegrees>35.7014631</LatitudeDegrees>
       <LongitudeDegrees>139.7925370</LongitudeDegrees>
      </Position>
      <AltitudeMeters>4</AltitudeMeters>
      <DistanceMeters>937</DistanceMeters>
      <HeartRateBpm>
       <Value>120</Value>
      </HeartRateBpm>
      <Cadence>72</Cadence>
      <Extensions>
       <Speed>5.510000</Speed>
      </Extensions>
     </Trackpoint>
     <Trackpoint>
      <Time>2026-06-10T07:51:42Z</Time>
      <Position>
       <LatitudeDegrees>35.7014566</LatitudeDegrees>
       <LongitudeDegrees>139.7925508</LongitudeDegrees>
      </Position>
      <AltitudeMeters>4</AltitudeMeters>
      <DistanceMeters>938</DistanceMeters>
      <HeartRateBpm>
       <Value>120</Value>
      </HeartRateBpm>
      <Cadence>72</Cadence>
      <Extensions>
       <Speed>5.500000</Speed>
      </Extensions>
     </Trackpoint>
     <Trackpoint>
      <Time>2026-06-10T07:51:43Z</Time>
      <Position>
       <LatitudeDegrees>35.7014496</LatitudeDegrees>
       <LongitudeDegrees>139.7925633</LongitudeDegrees>
      </Position>
      <AltitudeMeters>4</AltitudeMeters>
      <DistanceMeters>940</DistanceMeters>
      <HeartRateBpm>
       <Value>120</Value>
      </HeartRateBpm>
      <Cadence>72</Cadence>
      <Extensions>
       <Speed>5.490000</Speed>
      </Extensions>
     </Trackpoint>
     <Trackpoint>
      <Time>2026-06-10T07:51:44Z</Time>
      <Position>
       <LatitudeDegrees>35.7014427</LatitudeDegrees>
       <LongitudeDegrees>139.7925758</LongitudeDegrees>
      </Position>
      <AltitudeMeters>4</AltitudeMeters>
      <DistanceMeters>942</DistanceMeters>
      <HeartRateBpm>
       <Value>120</Value>
      </HeartRateBpm>
      <Cadence>72</Cadence>
      <Extensions>
       <Speed>5.480000</Speed>
      </Extensions>
     </Trackpoint>
     <Trackpoint>
      <Time>2026-06-10T07:51:45Z</Time>
      <Position>
       <LatitudeDegrees>35.7014352</LatitudeDegrees>
       <LongitudeDegrees>139.7925886</LongitudeDegrees>
      </Position>
      <AltitudeMeters>4</AltitudeMeters>
      <DistanceMeters>943</DistanceMeters>
      <HeartRateBpm>
       <Value>120</Value>
      </HeartRateBpm>
      <Cadence>72</Cadence>
      <Extensions>
       <Speed>5.470000</Speed>
      </Extensions>
     </Trackpoint>
     <Trackpoint>
      <Time>2026-06-10T07:51:46Z</Time>
      <Position>
       <LatitudeDegrees>35.7014277</LatitudeDegrees>
       <LongitudeDegrees>139.7926014</LongitudeDegrees>
      </Position>
      <AltitudeMeters>5</AltitudeMeters>
      <DistanceMeters>944</DistanceMeters>
      <HeartRateBpm>
       <Value>121</Value>
      </HeartRateBpm>
      <Cadence>72</Cadence>
      <Extensions>
       <Speed>5.470000</Speed>
      </Extensions>
     </Trackpoint>
     <Trackpoint>
      <Time>2026-06-10T07:51:47Z</Time>
      <Position>
       <LatitudeDegrees>35.7014207</LatitudeDegrees>
       <LongitudeDegrees>139.7926137</LongitudeDegrees>
      </Position>
      <AltitudeMeters>5</AltitudeMeters>
      <DistanceMeters>945</DistanceMeters>
      <HeartRateBpm>
       <Value>121</Value>
      </HeartRateBpm>
      <Cadence>72</Cadence>
      <Extensions>
       <Speed>5.470000</Speed>
      </Extensions>
     </Trackpoint>
     <Trackpoint>
      <Time>2026-06-10T07:51:48Z</Time>
      <Position>
       <LatitudeDegrees>35.7014137</LatitudeDegrees>
       <LongitudeDegrees>139.7926260</LongitudeDegrees>
      </Position>
      <AltitudeMeters>5</AltitudeMeters>
      <DistanceMeters>946</DistanceMeters>
      <HeartRateBpm>
       <Value>121</Value>
      </HeartRateBpm>
      <Cadence>72</Cadence>
      <Extensions>
       <Speed>5.460000</Speed>
      </Extensions>
     </Trackpoint>
     <Trackpoint>
      <Time>2026-06-10T07:51:49Z</Time>
      <Position>
       <LatitudeDegrees>35.7014071</LatitudeDegrees>
       <LongitudeDegrees>139.7926389</LongitudeDegrees>
      </Position>
      <AltitudeMeters>5</AltitudeMeters>
      <DistanceMeters>948</DistanceMeters>
      <HeartRateBpm>
       <Value>121</Value>
      </HeartRateBpm>
      <Cadence>72</Cadence>
      <Extensions>
       <Speed>5.460000</Speed>
      </Extensions>
     </Trackpoint>
     <Trackpoint>
      <Time>2026-06-10T07:51:50Z</Time>
      <Position>
       <LatitudeDegrees>35.7014005</LatitudeDegrees>
       <LongitudeDegrees>139.7926519</LongitudeDegrees>
      </Position>
      <AltitudeMeters>5</AltitudeMeters>
      <DistanceMeters>950</DistanceMeters>
      <HeartRateBpm>
       <Value>121</Value>
      </HeartRateBpm>
      <Cadence>72</Cadence>
      <Extensions>
       <Speed>5.460000</Speed>
      </Extensions>
     </Trackpoint>
     <Trackpoint>
      <Time>2026-06-10T07:51:51Z</Time>
      <Position>
       <LatitudeDegrees>35.7013934</LatitudeDegrees>
       <LongitudeDegrees>139.7926677</LongitudeDegrees>
      </Position>
      <AltitudeMeters>5</AltitudeMeters>
      <DistanceMeters>952</DistanceMeters>
      <HeartRateBpm>
       <Value>121</Value>
      </HeartRateBpm>
      <Cadence>72</Cadence>
      <Extensions>
       <Speed>5.460000</Speed>
      </Extensions>
     </Trackpoint>
     <Trackpoint>
      <Time>2026-06-10T07:51:52Z</Time>
      <Position>
       <LatitudeDegrees>35.7013863</LatitudeDegrees>
       <LongitudeDegrees>139.7926835</LongitudeDegrees>
      </Position>
      <AltitudeMeters>5</AltitudeMeters>
      <DistanceMeters>954</DistanceMeters>
      <HeartRateBpm>
       <Value>122</Value>
      </HeartRateBpm>
      <Cadence>72</Cadence>
      <Extensions>
       <Speed>5.470000</Speed>
      </Extensions>
     </Trackpoint>
     <Trackpoint>
      <Time>2026-06-10T07:51:53Z</Time>
      <Position>
       <LatitudeDegrees>35.7013799</LatitudeDegrees>
       <LongitudeDegrees>139.7927027</LongitudeDegrees>
      </Position>
      <AltitudeMeters>5</AltitudeMeters>
      <DistanceMeters>956</DistanceMeters>
      <HeartRateBpm>
       <Value>122</Value>
      </HeartRateBpm>
      <Cadence>73</Cadence>
      <Extensions>
       <Speed>5.480000</Speed>
      </Extensions>
     </Trackpoint>
     <Trackpoint>
      <Time>2026-06-10T07:51:54Z</Time>
      <Position>
       <LatitudeDegrees>35.7013736</LatitudeDegrees>
       <LongitudeDegrees>139.7927219</LongitudeDegrees>
      </Position>
      <AltitudeMeters>5</AltitudeMeters>
      <DistanceMeters>958</DistanceMeters>
      <HeartRateBpm>
       <Value>122</Value>
      </HeartRateBpm>
      <Cadence>73</Cadence>
      <Extensions>
       <Speed>5.510000</Speed>
      </Extensions>
     </Trackpoint>
     <Trackpoint>
      <Time>2026-06-10T07:51:55Z</Time>
      <Position>
       <LatitudeDegrees>35.7013664</LatitudeDegrees>
       <LongitudeDegrees>139.7927422</LongitudeDegrees>
      </Position>
      <AltitudeMeters>5</AltitudeMeters>
      <DistanceMeters>960</DistanceMeters>
      <HeartRateBpm>
       <Value>123</Value>
      </HeartRateBpm>
      <Cadence>73</Cadence>
      <Extensions>
       <Speed>5.540000</Speed>
      </Extensions>
     </Trackpoint>
     <Trackpoint>
      <Time>2026-06-10T07:51:56Z</Time>
      <Position>
       <LatitudeDegrees>35.7013593</LatitudeDegrees>
       <LongitudeDegrees>139.7927626</LongitudeDegrees>
      </Position>
      <AltitudeMeters>5</AltitudeMeters>
      <DistanceMeters>962</DistanceMeters>
      <HeartRateBpm>
       <Value>123</Value>
      </HeartRateBpm>
      <Cadence>72</Cadence>
      <Extensions>
       <Speed>5.580000</Speed>
      </Extensions>
     </Trackpoint>
     <Trackpoint>
      <Time>2026-06-10T07:51:57Z</Time>
      <Position>
       <LatitudeDegrees>35.7013521</LatitudeDegrees>
       <LongitudeDegrees>139.7927817</LongitudeDegrees>
      </Position>
      <AltitudeMeters>5</AltitudeMeters>
      <DistanceMeters>963</DistanceMeters>
      <HeartRateBpm>
       <Value>124</Value>
      </HeartRateBpm>
      <Cadence>72</Cadence>
      <Extensions>
       <Speed>5.620000</Speed>
      </Extensions>
     </Trackpoint>
     <Trackpoint>
      <Time>2026-06-10T07:51:58Z</Time>
      <Position>
       <LatitudeDegrees>35.7013449</LatitudeDegrees>
       <LongitudeDegrees>139.7928009</LongitudeDegrees>
      </Position>
      <AltitudeMeters>5</AltitudeMeters>
      <DistanceMeters>964</DistanceMeters>
      <HeartRateBpm>
       <Value>124</Value>
      </HeartRateBpm>
      <Cadence>72</Cadence>
      <Extensions>
       <Speed>5.650000</Speed>
      </Extensions>
     </Trackpoint>
     <Trackpoint>
      <Time>2026-06-10T07:51:59Z</Time>
      <Position>
       <LatitudeDegrees>35.7013385</LatitudeDegrees>
       <LongitudeDegrees>139.7928163</LongitudeDegrees>
      </Position>
      <AltitudeMeters>5</AltitudeMeters>
      <DistanceMeters>966</DistanceMeters>
      <HeartRateBpm>
       <Value>124</Value>
      </HeartRateBpm>
      <Cadence>72</Cadence>
      <Extensions>
       <Speed>5.690000</Speed>
      </Extensions>
     </Trackpoint>
     <Trackpoint>
      <Time>2026-06-10T07:52:00Z</Time>
      <Position>
       <LatitudeDegrees>35.7013321</LatitudeDegrees>
       <LongitudeDegrees>139.7928318</LongitudeDegrees>
      </Position>
      <AltitudeMeters>5</AltitudeMeters>
      <DistanceMeters>967</DistanceMeters>
      <HeartRateBpm>
       <Value>124</Value>
      </HeartRateBpm>
      <Cadence>72</Cadence>
      <Extensions>
       <Speed>5.710000</Speed>
      </Extensions>
     </Trackpoint>
     <Trackpoint>
      <Time>2026-06-10T07:52:01Z</Time>
      <Position>
       <LatitudeDegrees>35.7013269</LatitudeDegrees>
       <LongitudeDegrees>139.7928445</LongitudeDegrees>
      </Position>
      <AltitudeMeters>5</AltitudeMeters>
      <DistanceMeters>968</DistanceMeters>
      <HeartRateBpm>
       <Value>125</Value>
      </HeartRateBpm>
      <Cadence>72</Cadence>
      <Extensions>
       <Speed>5.730000</Speed>
      </Extensions>
     </Trackpoint>
     <Trackpoint>
      <Time>2026-06-10T07:52:02Z</Time>
      <Position>
       <LatitudeDegrees>35.7013218</LatitudeDegrees>
       <LongitudeDegrees>139.7928573</LongitudeDegrees>
      </Position>
      <AltitudeMeters>5</AltitudeMeters>
      <DistanceMeters>970</DistanceMeters>
      <HeartRateBpm>
       <Value>125</Value>
      </HeartRateBpm>
      <Cadence>72</Cadence>
      <Extensions>
       <Speed>5.720000</Speed>
      </Extensions>
     </Trackpoint>
     <Trackpoint>
      <Time>2026-06-10T07:52:03Z</Time>
      <Position>
       <LatitudeDegrees>35.7013164</LatitudeDegrees>
       <LongitudeDegrees>139.7928700</LongitudeDegrees>
      </Position>
      <AltitudeMeters>5</AltitudeMeters>
      <DistanceMeters>971</DistanceMeters>
      <HeartRateBpm>
       <Value>125</Value>
      </HeartRateBpm>
      <Cadence>72</Cadence>
      <Extensions>
       <Speed>5.710000</Speed>
      </Extensions>
     </Trackpoint>
     <Trackpoint>
      <Time>2026-06-10T07:52:04Z</Time>
      <Position>
       <LatitudeDegrees>35.7013110</LatitudeDegrees>
       <LongitudeDegrees>139.7928827</LongitudeDegrees>
      </Position>
      <AltitudeMeters>5</AltitudeMeters>
      <DistanceMeters>972</DistanceMeters>
      <HeartRateBpm>
       <Value>125</Value>
      </HeartRateBpm>
      <Cadence>72</Cadence>
      <Extensions>
       <Speed>5.680000</Speed>
      </Extensions>
     </Trackpoint>
     <Trackpoint>
      <Time>2026-06-10T07:52:05Z</Time>
      <Position>
       <LatitudeDegrees>35.7013054</LatitudeDegrees>
       <LongitudeDegrees>139.7928972</LongitudeDegrees>
      </Position>
      <AltitudeMeters>5</AltitudeMeters>
      <DistanceMeters>974</DistanceMeters>
      <HeartRateBpm>
       <Value>125</Value>
      </HeartRateBpm>
      <Cadence>73</Cadence>
      <Extensions>
       <Speed>5.650000</Speed>
      </Extensions>
     </Trackpoint>
     <Trackpoint>
      <Time>2026-06-10T07:52:06Z</Time>
      <Position>
       <LatitudeDegrees>35.7012998</LatitudeDegrees>
       <LongitudeDegrees>139.7929117</LongitudeDegrees>
      </Position>
      <AltitudeMeters>6</AltitudeMeters>
      <DistanceMeters>976</DistanceMeters>
      <HeartRateBpm>
       <Value>125</Value>
      </HeartRateBpm>
      <Cadence>73</Cadence>
      <Extensions>
       <Speed>5.620000</Speed>
      </Extensions>
     </Trackpoint>
     <Trackpoint>
      <Time>2026-06-10T07:52:07Z</Time>
      <Position>
       <LatitudeDegrees>35.7012940</LatitudeDegrees>
       <LongitudeDegrees>139.7929267</LongitudeDegrees>
      </Position>
      <AltitudeMeters>6</AltitudeMeters>
      <DistanceMeters>977</DistanceMeters>
      <HeartRateBpm>
       <Value>125</Value>
      </HeartRateBpm>
      <Cadence>73</Cadence>
      <Extensions>
       <Speed>5.600000</Speed>
      </Extensions>
     </Trackpoint>
     <Trackpoint>
      <Time>2026-06-10T07:52:08Z</Time>
      <Position>
       <LatitudeDegrees>35.7012883</LatitudeDegrees>
       <LongitudeDegrees>139.7929418</LongitudeDegrees>
      </Position>
      <AltitudeMeters>6</AltitudeMeters>
      <DistanceMeters>978</DistanceMeters>
      <HeartRateBpm>
       <Value>125</Value>
      </HeartRateBpm>
      <Cadence>72</Cadence>
      <Extensions>
       <Speed>5.590000</Speed>
      </Extensions>
     </Trackpoint>
     <Trackpoint>
      <Time>2026-06-10T07:52:09Z</Time>
      <Position>
       <LatitudeDegrees>35.7012827</LatitudeDegrees>
       <LongitudeDegrees>139.7929563</LongitudeDegrees>
      </Position>
      <AltitudeMeters>6</AltitudeMeters>
      <DistanceMeters>980</DistanceMeters>
      <HeartRateBpm>
       <Value>125</Value>
      </HeartRateBpm>
      <Cadence>72</Cadence>
      <Extensions>
       <Speed>5.580000</Speed>
      </Extensions>
     </Trackpoint>
     <Trackpoint>
      <Time>2026-06-10T07:52:10Z</Time>
      <Position>
       <LatitudeDegrees>35.7012771</LatitudeDegrees>
       <LongitudeDegrees>139.7929709</LongitudeDegrees>
      </Position>
      <AltitudeMeters>6</AltitudeMeters>
      <DistanceMeters>982</DistanceMeters>
      <HeartRateBpm>
       <Value>124</Value>
      </HeartRateBpm>
      <Cadence>72</Cadence>
      <Extensions>
       <Speed>5.570000</Speed>
      </Extensions>
     </Trackpoint>
     <Trackpoint>
      <Time>2026-06-10T07:52:11Z</Time>
      <Position>
       <LatitudeDegrees>35.7012711</LatitudeDegrees>
       <LongitudeDegrees>139.7929854</LongitudeDegrees>
      </Position>
      <AltitudeMeters>6</AltitudeMeters>
      <DistanceMeters>983</DistanceMeters>
      <HeartRateBpm>
       <Value>124</Value>
      </HeartRateBpm>
      <Cadence>72</Cadence>
      <Extensions>
       <Speed>5.570000</Speed>
      </Extensions>
     </Trackpoint>
     <Trackpoint>
      <Time>2026-06-10T07:52:12Z</Time>
      <Position>
       <LatitudeDegrees>35.7012651</LatitudeDegrees>
       <LongitudeDegrees>139.7930000</LongitudeDegrees>
      </Position>
      <AltitudeMeters>6</AltitudeMeters>
      <DistanceMeters>984</DistanceMeters>
      <HeartRateBpm>
       <Value>124</Value>
      </HeartRateBpm>
      <Cadence>72</Cadence>
      <Extensions>
       <Speed>5.550000</Speed>
      </Extensions>
     </Trackpoint>
     <Trackpoint>
      <Time>2026-06-10T07:52:13Z</Time>
      <Position>
       <LatitudeDegrees>35.7012594</LatitudeDegrees>
       <LongitudeDegrees>139.7930137</LongitudeDegrees>
      </Position>
      <AltitudeMeters>6</AltitudeMeters>
      <DistanceMeters>985</DistanceMeters>
      <HeartRateBpm>
       <Value>124</Value>
      </HeartRateBpm>
      <Cadence>72</Cadence>
      <Extensions>
       <Speed>5.540000</Speed>
      </Extensions>
     </Trackpoint>
     <Trackpoint>
      <Time>2026-06-10T07:52:14Z</Time>
      <Position>
       <LatitudeDegrees>35.7012538</LatitudeDegrees>
       <LongitudeDegrees>139.7930275</LongitudeDegrees>
      </Position>
      <AltitudeMeters>6</AltitudeMeters>
      <DistanceMeters>986</DistanceMeters>
      <HeartRateBpm>
       <Value>124</Value>
      </HeartRateBpm>
      <Cadence>72</Cadence>
      <Extensions>
       <Speed>5.520000</Speed>
      </Extensions>
     </Trackpoint>
     <Trackpoint>
      <Time>2026-06-10T07:52:15Z</Time>
      <Position>
       <LatitudeDegrees>35.7012482</LatitudeDegrees>
       <LongitudeDegrees>139.7930408</LongitudeDegrees>
      </Position>
      <AltitudeMeters>6</AltitudeMeters>
      <DistanceMeters>988</DistanceMeters>
      <HeartRateBpm>
       <Value>124</Value>
      </HeartRateBpm>
      <Cadence>71</Cadence>
      <Extensions>
       <Speed>5.500000</Speed>
      </Extensions>
     </Trackpoint>
     <Trackpoint>
      <Time>2026-06-10T07:52:16Z</Time>
      <Position>
       <LatitudeDegrees>35.7012426</LatitudeDegrees>
       <LongitudeDegrees>139.7930542</LongitudeDegrees>
      </Position>
      <AltitudeMeters>6</AltitudeMeters>
      <DistanceMeters>990</DistanceMeters>
      <HeartRateBpm>
       <Value>123</Value>
      </HeartRateBpm>
      <Cadence>71</Cadence>
      <Extensions>
       <Speed>5.470000</Speed>
      </Extensions>
     </Trackpoint>
     <Trackpoint>
      <Time>2026-06-10T07:52:17Z</Time>
      <Position>
       <LatitudeDegrees>35.7012370</LatitudeDegrees>
       <LongitudeDegrees>139.7930679</LongitudeDegrees>
      </Position>
      <AltitudeMeters>6</AltitudeMeters>
      <DistanceMeters>991</DistanceMeters>
      <HeartRateBpm>
       <Value>122</Value>
      </HeartRateBpm>
      <Cadence>71</Cadence>
      <Extensions>
       <Speed>5.450000</Speed>
      </Extensions>
     </Trackpoint>
     <Trackpoint>
      <Time>2026-06-10T07:52:18Z</Time>
      <Position>
       <LatitudeDegrees>35.7012314</LatitudeDegrees>
       <LongitudeDegrees>139.7930817</LongitudeDegrees>
      </Position>
      <AltitudeMeters>6</AltitudeMeters>
      <DistanceMeters>992</DistanceMeters>
      <HeartRateBpm>
       <Value>122</Value>
      </HeartRateBpm>
      <Cadence>71</Cadence>
      <Extensions>
       <Speed>5.420000</Speed>
      </Extensions>
     </Trackpoint>
     <Trackpoint>
      <Time>2026-06-10T07:52:19Z</Time>
      <Position>
       <LatitudeDegrees>35.7012249</LatitudeDegrees>
       <LongitudeDegrees>139.7930962</LongitudeDegrees>
      </Position>
      <AltitudeMeters>6</AltitudeMeters>
      <DistanceMeters>994</DistanceMeters>
      <HeartRateBpm>
       <Value>122</Value>
      </HeartRateBpm>
      <Cadence>71</Cadence>
      <Extensions>
       <Speed>5.400000</Speed>
      </Extensions>
     </Trackpoint>
     <Trackpoint>
      <Time>2026-06-10T07:52:20Z</Time>
      <Position>
       <LatitudeDegrees>35.7012184</LatitudeDegrees>
       <LongitudeDegrees>139.7931107</LongitudeDegrees>
      </Position>
      <AltitudeMeters>6</AltitudeMeters>
      <DistanceMeters>996</DistanceMeters>
      <HeartRateBpm>
       <Value>122</Value>
      </HeartRateBpm>
      <Cadence>71</Cadence>
      <Extensions>
       <Speed>5.390000</Speed>
      </Extensions>
     </Trackpoint>
     <Trackpoint>
      <Time>2026-06-10T07:52:21Z</Time>
      <Position>
       <LatitudeDegrees>35.7012121</LatitudeDegrees>
       <LongitudeDegrees>139.7931251</LongitudeDegrees>
      </Position>
      <AltitudeMeters>6</AltitudeMeters>
      <DistanceMeters>997</DistanceMeters>
      <HeartRateBpm>
       <Value>121</Value>
      </HeartRateBpm>
      <Cadence>71</Cadence>
      <Extensions>
       <Speed>5.380000</Speed>
      </Extensions>
     </Trackpoint>
     <Trackpoint>
      <Time>2026-06-10T07:52:22Z</Time>
      <Position>
       <LatitudeDegrees>35.7012058</LatitudeDegrees>
       <LongitudeDegrees>139.7931395</LongitudeDegrees>
      </Position>
      <AltitudeMeters>6</AltitudeMeters>
      <DistanceMeters>998</DistanceMeters>
      <HeartRateBpm>
       <Value>122</Value>
      </HeartRateBpm>
      <Cadence>71</Cadence>
      <Extensions>
       <Speed>5.380000</Speed>
      </Extensions>
     </Trackpoint>
     <Trackpoint>
      <Time>2026-06-10T07:52:23Z</Time>
      <Position>
       <LatitudeDegrees>35.7012006</LatitudeDegrees>
       <LongitudeDegrees>139.7931529</LongitudeDegrees>
      </Position>
      <AltitudeMeters>6</AltitudeMeters>
      <DistanceMeters>1000</DistanceMeters>
      <HeartRateBpm>
       <Value>122</Value>
      </HeartRateBpm>
      <Cadence>71</Cadence>
      <Extensions>
       <Speed>5.380000</Speed>
      </Extensions>
     </Trackpoint>
    </Track>
   </Lap>
   <Lap StartTime="2026-06-10T07:52:23Z">
    <TotalTimeSeconds>603</TotalTimeSeconds>
    <DistanceMeters>1000</DistanceMeters>
    <Intensity>Active</Intensity>
    <TriggerMethod>Manual</TriggerMethod>
    <MaximumHeartRateBpm>
     <Value>124</Value>
    </MaximumHeartRateBpm>
    <AverageHeartRateBpm>
     <Value>120</Value>
    </AverageHeartRateBpm>
    <Track>
     <Trackpoint>
      <Time>2026-06-10T07:52:23Z</Time>
      <Position>
       <LatitudeDegrees>35.7012006</LatitudeDegrees>
       <LongitudeDegrees>139.7931529</LongitudeDegrees>
      </Position>
      <AltitudeMeters>6</AltitudeMeters>
      <DistanceMeters>1000</DistanceMeters>
      <HeartRateBpm>
       <Value>122</Value>
      </HeartRateBpm>
      <Cadence>71</Cadence>
      <Extensions>
       <Speed>5.380000</Speed>
      </Extensions>
     </Trackpoint>
     <Trackpoint>
      <Time>2026-06-10T07:52:24Z</Time>
      <Position>
       <LatitudeDegrees>35.7011955</LatitudeDegrees>
       <LongitudeDegrees>139.7931663</LongitudeDegrees>
      </Position>
      <AltitudeMeters>6</AltitudeMeters>
      <DistanceMeters>1001</DistanceMeters>
      <HeartRateBpm>
       <Value>123</Value>
      </HeartRateBpm>
      <Cadence>71</Cadence>
      <Extensions>
       <Speed>5.370000</Speed>
      </Extensions>
     </Trackpoint>
     <Trackpoint>
      <Time>2026-06-10T07:52:25Z</Time>
      <Position>
       <LatitudeDegrees>35.7011911</LatitudeDegrees>
       <LongitudeDegrees>139.7931793</LongitudeDegrees>
      </Position>
      <AltitudeMeters>6</AltitudeMeters>
      <DistanceMeters>1002</DistanceMeters>
      <HeartRateBpm>
       <Value>123</Value>
      </HeartRateBpm>
      <Cadence>72</Cadence>
      <Extensions>
       <Speed>5.360000</Speed>
      </Extensions>
     </Trackpoint>
     <Trackpoint>
      <Time>2026-06-10T07:52:26Z</Time>
      <Position>
       <LatitudeDegrees>35.7011868</LatitudeDegrees>
       <LongitudeDegrees>139.7931924</LongitudeDegrees>
      </Position>
      <AltitudeMeters>7</AltitudeMeters>
      <DistanceMeters>1004</DistanceMeters>
      <HeartRateBpm>
       <Value>123</Value>
      </HeartRateBpm>
      <Cadence>72</Cadence>
      <Extensions>
       <Speed>5.340000</Speed>
      </Extensions>
     </Trackpoint>
     <Trackpoint>
      <Time>2026-06-10T07:52:27Z</Time>
      <Position>
       <LatitudeDegrees>35.7011822</LatitudeDegrees>
       <LongitudeDegrees>139.7932061</LongitudeDegrees>
      </Position>
      <AltitudeMeters>7</AltitudeMeters>
      <DistanceMeters>1005</DistanceMeters>
      <HeartRateBpm>
       <Value>122</Value>
      </HeartRateBpm>
      <Cadence>72</Cadence>
      <Extensions>
       <Speed>5.320000</Speed>
      </Extensions>
     </Trackpoint>
     <Trackpoint>
      <Time>2026-06-10T07:52:28Z</Time>
      <Position>
       <LatitudeDegrees>35.7011776</LatitudeDegrees>
       <LongitudeDegrees>139.7932199</LongitudeDegrees>
      </Position>
      <AltitudeMeters>7</AltitudeMeters>
      <DistanceMeters>1006</DistanceMeters>
      <HeartRateBpm>
       <Value>123</Value>
      </HeartRateBpm>
      <Cadence>72</Cadence>
      <Extensions>
       <Speed>5.300000</Speed>
      </Extensions>
     </Trackpoint>
     <Trackpoint>
      <Time>2026-06-10T07:52:29Z</Time>
      <Position>
       <LatitudeDegrees>35.7011722</LatitudeDegrees>
       <LongitudeDegrees>139.7932348</LongitudeDegrees>
      </Position>
      <AltitudeMeters>7</AltitudeMeters>
      <DistanceMeters>1008</DistanceMeters>
      <HeartRateBpm>
       <Value>123</Value>
      </HeartRateBpm>
      <Cadence>72</Cadence>
      <Extensions>
       <Speed>5.290000</Speed>
      </Extensions>
     </Trackpoint>
     <Trackpoint>
      <Time>2026-06-10T07:52:30Z</Time>
      <Position>
       <LatitudeDegrees>35.7011669</LatitudeDegrees>
       <LongitudeDegrees>139.7932497</LongitudeDegrees>
      </Position>
      <AltitudeMeters>7</AltitudeMeters>
      <DistanceMeters>1010</DistanceMeters>
      <HeartRateBpm>
       <Value>123</Value>
      </HeartRateBpm>
      <Cadence>72</Cadence>
      <Extensions>
       <Speed>5.280000</Speed>
      </Extensions>
     </Trackpoint>
     <Trackpoint>
      <Time>2026-06-10T07:52:31Z</Time>
      <Position>
       <LatitudeDegrees>35.7011611</LatitudeDegrees>
       <LongitudeDegrees>139.7932647</LongitudeDegrees>
      </Position>
      <AltitudeMeters>7</AltitudeMeters>
      <DistanceMeters>1011</DistanceMeters>
      <HeartRateBpm>
       <Value>123</Value>
      </HeartRateBpm>
      <Cadence>72</Cadence>
      <Extensions>
       <Speed>5.270000</Speed>
      </Extensions>
     </Trackpoint>
     <Trackpoint>
      <Time>2026-06-10T07:52:32Z</Time>
      <Position>
       <LatitudeDegrees>35.7011553</LatitudeDegrees>
       <LongitudeDegrees>139.7932798</LongitudeDegrees>
      </Position>
      <AltitudeMeters>7</AltitudeMeters>
      <DistanceMeters>1012</DistanceMeters>
      <HeartRateBpm>
       <Value>123</Value>
      </HeartRateBpm>
      <Cadence>72</Cadence>
      <Extensions>
       <Speed>5.270000</Speed>
      </Extensions>
     </Trackpoint>
     <Trackpoint>
      <Time>2026-06-10T07:52:33Z</Time>
      <Position>
       <LatitudeDegrees>35.7011494</LatitudeDegrees>
       <LongitudeDegrees>139.7932950</LongitudeDegrees>
      </Position>
      <AltitudeMeters>7</AltitudeMeters>
      <DistanceMeters>1014</DistanceMeters>
      <HeartRateBpm>
       <Value>123</Value>
      </HeartRateBpm>
      <Cadence>72</Cadence>
      <Extensions>
       <Speed>5.280000</Speed>
      </Extensions>
     </Trackpoint>
     <Trackpoint>
      <Time>2026-06-10T07:52:34Z</Time>
      <Position>
       <LatitudeDegrees>35.7011435</LatitudeDegrees>
       <LongitudeDegrees>139.7933102</LongitudeDegrees>
      </Position>
      <AltitudeMeters>7</AltitudeMeters>
      <DistanceMeters>1016</DistanceMeters>
      <HeartRateBpm>
       <Value>123</Value>
      </HeartRateBpm>
      <Cadence>72</Cadence>
      <Extensions>
       <Speed>5.280000</Speed>
      </Extensions>
     </Trackpoint>
     <Trackpoint>
      <Time>2026-06-10T07:52:35Z</Time>
      <Position>
       <LatitudeDegrees>35.7011378</LatitudeDegrees>
       <LongitudeDegrees>139.7933255</LongitudeDegrees>
      </Position>
      <AltitudeMeters>7</AltitudeMeters>
      <DistanceMeters>1017</DistanceMeters>
      <HeartRateBpm>
       <Value>123</Value>
      </HeartRateBpm>
      <Cadence>73</Cadence>
      <Extensions>
       <Speed>5.290000</Speed>
      </Extensions>
     </Trackpoint>
     <Trackpoint>
      <Time>2026-06-10T07:52:36Z</Time>
      <Position>
       <LatitudeDegrees>35.7011321</LatitudeDegrees>
       <LongitudeDegrees>139.7933408</LongitudeDegrees>
      </Position>
      <AltitudeMeters>7</AltitudeMeters>
      <DistanceMeters>1018</DistanceMeters>
      <HeartRateBpm>
       <Value>124</Value>
      </HeartRateBpm>
      <Cadence>73</Cadence>
      <Extensions>
       <Speed>5.290000</Speed>
      </Extensions>
     </Trackpoint>
     <Trackpoint>
      <Time>2026-06-10T07:52:37Z</Time>
      <Position>
       <LatitudeDegrees>35.7011268</LatitudeDegrees>
       <LongitudeDegrees>139.7933567</LongitudeDegrees>
      </Position>
      <AltitudeMeters>7</AltitudeMeters>
      <DistanceMeters>1020</DistanceMeters>
      <HeartRateBpm>
       <Value>124</Value>
      </HeartRateBpm>
      <Cadence>73</Cadence>
      <Extensions>
       <Speed>5.290000</Speed>
      </Extensions>
     </Trackpoint>
     <Trackpoint>
      <Time>2026-06-10T07:52:38Z</Time>
      <Position>
       <LatitudeDegrees>35.7011216</LatitudeDegrees>
       <LongitudeDegrees>139.7933727</LongitudeDegrees>
      </Position>
      <AltitudeMeters>7</AltitudeMeters>
      <DistanceMeters>1022</DistanceMeters>
      <HeartRateBpm>
       <Value>124</Value>
      </HeartRateBpm>
      <Cadence>73</Cadence>
      <Extensions>
       <Speed>5.300000</Speed>
      </Extensions>
     </Trackpoint>
     <Trackpoint>
      <Time>2026-06-10T07:52:39Z</Time>
      <Position>
       <LatitudeDegrees>35.7011162</LatitudeDegrees>
       <LongitudeDegrees>139.7933891</LongitudeDegrees>
      </Position>
      <AltitudeMeters>7</AltitudeMeters>
      <DistanceMeters>1023</DistanceMeters>
      <HeartRateBpm>
       <Value>124</Value>
      </HeartRateBpm>
      <Cadence>73</Cadence>
      <Extensions>
       <Speed>5.310000</Speed>
      </Extensions>
     </Trackpoint>
     <Trackpoint>
      <Time>2026-06-10T07:52:40Z</Time>
      <Position>
       <LatitudeDegrees>35.7011109</LatitudeDegrees>
       <LongitudeDegrees>139.7934056</LongitudeDegrees>
      </Position>
      <AltitudeMeters>7</AltitudeMeters>
      <DistanceMeters>1025</DistanceMeters>
      <HeartRateBpm>
       <Value>124</Value>
      </HeartRateBpm>
      <Cadence>73</Cadence>
      <Extensions>
       <Speed>5.320000</Speed>
      </Extensions>
     </Trackpoint>
     <Trackpoint>
      <Time>2026-06-10T07:52:41Z</Time>
      <Position>
       <LatitudeDegrees>35.7011046</LatitudeDegrees>
       <LongitudeDegrees>139.7934217</LongitudeDegrees>
      </Position>
      <AltitudeMeters>7</AltitudeMeters>
      <DistanceMeters>1027</DistanceMeters>
      <HeartRateBpm>
       <Value>124</Value>
      </HeartRateBpm>
      <Cadence>73</Cadence>
      <Extensions>
       <Speed>5.340000</Speed>
      </Extensions>
     </Trackpoint>
     <Trackpoint>
      <Time>2026-06-10T07:52:42Z</Time>
      <Position>
       <LatitudeDegrees>35.7010983</LatitudeDegrees>
       <LongitudeDegrees>139.7934379</LongitudeDegrees>
      </Position>
      <AltitudeMeters>7</AltitudeMeters>
      <DistanceMeters>1028</DistanceMeters>
      <HeartRateBpm>
       <Value>124</Value>
      </HeartRateBpm>
      <Cadence>73</Cadence>
      <Extensions>
       <Speed>5.360000</Speed>
      </Extensions>
     </Trackpoint>
     <Trackpoint>
      <Time>2026-06-10T07:52:43Z</Time>
      <Position>
       <LatitudeDegrees>35.7010911</LatitudeDegrees>
       <LongitudeDegrees>139.7934527</LongitudeDegrees>
      </Position>
      <AltitudeMeters>7</AltitudeMeters>
      <DistanceMeters>1030</DistanceMeters>
      <HeartRateBpm>
       <Value>124</Value>
      </HeartRateBpm>
      <Cadence>73</Cadence>
      <Extensions>
       <Speed>5.380000</Speed>
      </Extensions>
     </Trackpoint>
     <Trackpoint>
      <Time>2026-06-10T07:52:44Z</Time>
      <Position>
       <LatitudeDegrees>35.7010840</LatitudeDegrees>
       <LongitudeDegrees>139.7934675</LongitudeDegrees>
      </Position>
      <AltitudeMeters>7</AltitudeMeters>
      <DistanceMeters>1032</DistanceMeters>
      <HeartRateBpm>
       <Value>124</Value>
      </HeartRateBpm>
      <Cadence>73</Cadence>
      <Extensions>
       <Speed>5.400000</Speed>
      </Extensions>
     </Trackpoint>
     <Trackpoint>
      <Time>2026-06-10T07:52:45Z</Time>
      <Position>
       <LatitudeDegrees>35.7010768</LatitudeDegrees>
       <LongitudeDegrees>139.7934827</LongitudeDegrees>
      </Position>
      <AltitudeMeters>7</AltitudeMeters>
      <DistanceMeters>1033</DistanceMeters>
      <HeartRateBpm>
       <Value>124</Value>
      </HeartRateBpm>
      <Cadence>74</Cadence>
      <Extensions>
       <Speed>5.420000</Speed>
      </Extensions>
     </Trackpoint>
     <Trackpoint>
      <Time>2026-06-10T07:52:46Z</Time>
      <Position>
       <LatitudeDegrees>35.7010696</LatitudeDegrees>
       <LongitudeDegrees>139.7934980</LongitudeDegrees>
      </Position>
      <AltitudeMeters>7</AltitudeMeters>
      <DistanceMeters>1034</DistanceMeters>
      <HeartRateBpm>
       <Value>124</Value>
      </HeartRateBpm>
      <Cadence>74</Cadence>
      <Extensions>
       <Speed>5.430000</Speed>
      </Extensions>
     </Trackpoint>
     <Trackpoint>
      <Time>2026-06-10T07:52:47Z</Time>
      <Position>
       <LatitudeDegrees>35.7010635</LatitudeDegrees>
       <LongitudeDegrees>139.7935141</LongitudeDegrees>
      </Position>
      <AltitudeMeters>7</AltitudeMeters>
      <DistanceMeters>1036</DistanceMeters>
      <HeartRateBpm>
       <Value>124</Value>
      </HeartRateBpm>
      <Cadence>74</Cadence>
      <Extensions>
       <Speed>5.450000</Speed>
      </Extensions>
     </Trackpoint>
     <Trackpoint>
      <Time>2026-06-10T07:52:48Z</Time>
      <Position>
       <LatitudeDegrees>35.7010574</LatitudeDegrees>
       <LongitudeDegrees>139.7935302</LongitudeDegrees>
      </Position>
      <AltitudeMeters>7</AltitudeMeters>
      <DistanceMeters>1038</DistanceMeters>
      <HeartRateBpm>
       <Value>124</Value>
      </HeartRateBpm>
      <Cadence>74</Cadence>
      <Extensions>
       <Speed>5.460000</Speed>
      </Extensions>
     </Trackpoint>
     <Trackpoint>
      <Time>2026-06-10T07:52:49Z</Time>
      <Position>
       <LatitudeDegrees>35.7010513</LatitudeDegrees>
       <LongitudeDegrees>139.7935468</LongitudeDegrees>
      </Position>
      <AltitudeMeters>7</AltitudeMeters>
      <DistanceMeters>1040</DistanceMeters>
      <HeartRateBpm>
       <Value>123</Value>
      </HeartRateBpm>
      <Cadence>74</Cadence>
      <Extensions>
       <Speed>5.480000</Speed>
      </Extensions>
     </Trackpoint>
     <Trackpoint>
      <Time>2026-06-10T07:52:50Z</Time>
      <Position>
       <LatitudeDegrees>35.7010453</LatitudeDegrees>
       <LongitudeDegrees>139.7935634</LongitudeDegrees>
      </Position>
      <AltitudeMeters>7</AltitudeMeters>
      <DistanceMeters>1042</DistanceMeters>
      <HeartRateBpm>
       <Value>123</Value>
      </HeartRateBpm>
      <Cadence>74</Cadence>
      <Extensions>
       <Speed>5.490000</Speed>
      </Extensions>
     </Trackpoint>
     <Trackpoint>
      <Time>2026-06-10T07:52:51Z</Time>
      <Position>
       <LatitudeDegrees>35.7010389</LatitudeDegrees>
       <LongitudeDegrees>139.7935799</LongitudeDegrees>
      </Position>
      <AltitudeMeters>7</AltitudeMeters>
      <DistanceMeters>1043</DistanceMeters>
      <HeartRateBpm>
       <Value>123</Value>
      </HeartRateBpm>
      <Cadence>75</Cadence>
      <Extensions>
       <Speed>5.510000</Speed>
      </Extensions>
     </Trackpoint>
     <Trackpoint>
      <Time>2026-06-10T07:52:52Z</Time>
      <Position>
       <LatitudeDegrees>35.7010326</LatitudeDegrees>
       <LongitudeDegrees>139.7935965</LongitudeDegrees>
      </Position>
      <AltitudeMeters>7</AltitudeMeters>
      <DistanceMeters>1044</DistanceMeters>
      <HeartRateBpm>
       <Value>122</Value>
      </HeartRateBpm>
      <Cadence>75</Cadence>
      <Extensions>
       <Speed>5.530000</Speed>
      </Extensions>
     </Trackpoint>
     <Trackpoint>
      <Time>2026-06-10T07:52:53Z</Time>
      <Position>
       <LatitudeDegrees>35.7010263</LatitudeDegrees>
       <LongitudeDegrees>139.7936132</LongitudeDegrees>
      </Position>
      <AltitudeMeters>7</AltitudeMeters>
      <DistanceMeters>1046</DistanceMeters>
      <HeartRateBpm>
       <Value>122</Value>
      </HeartRateBpm>
      <Cadence>75</Cadence>
      <Extensions>
       <Speed>5.560000</Speed>
      </Extensions>
     </Trackpoint>
     <Trackpoint>
      <Time>2026-06-10T07:52:54Z</Time>
      <Position>
       <LatitudeDegrees>35.7010200</LatitudeDegrees>
       <LongitudeDegrees>139.7936299</LongitudeDegrees>
      </Position>
      <AltitudeMeters>7</AltitudeMeters>
      <DistanceMeters>1048</DistanceMeters>
      <HeartRateBpm>
       <Value>122</Value>
      </HeartRateBpm>
      <Cadence>75</Cadence>
      <Extensions>
       <Speed>5.580000</Speed>
      </Extensions>
     </Trackpoint>
     <Trackpoint>
      <Time>2026-06-10T07:52:55Z</Time>
      <Position>
       <LatitudeDegrees>35.7010138</LatitudeDegrees>
       <LongitudeDegrees>139.7936455</LongitudeDegrees>
      </Position>
      <AltitudeMeters>7</AltitudeMeters>
      <DistanceMeters>1049</DistanceMeters>
      <HeartRateBpm>
       <Value>122</Value>
      </HeartRateBpm>
      <Cadence>75</Cadence>
      <Extensions>
       <Speed>5.600000</Speed>
      </Extensions>
     </Trackpoint>
     <Trackpoint>
      <Time>2026-06-10T07:52:56Z</Time>
      <Position>
       <LatitudeDegrees>35.7010076</LatitudeDegrees>
       <LongitudeDegrees>139.7936611</LongitudeDegrees>
      </Position>
      <AltitudeMeters>7</AltitudeMeters>
      <DistanceMeters>1050</DistanceMeters>
      <HeartRateBpm>
       <Value>122</Value>
      </HeartRateBpm>
      <Cadence>74</Cadence>
      <Extensions>
       <Speed>5.610000</Speed>
      </Extensions>
     </Trackpoint>
     <Trackpoint>
      <Time>2026-06-10T07:52:57Z</Time>
      <Position>
       <LatitudeDegrees>35.7010019</LatitudeDegrees>
       <LongitudeDegrees>139.7936761</LongitudeDegrees>
      </Position>
      <AltitudeMeters>6</AltitudeMeters>
      <DistanceMeters>1052</DistanceMeters>
      <HeartRateBpm>
       <Value>122</Value>
      </HeartRateBpm>
      <Cadence>74</Cadence>
      <Extensions>
       <Speed>5.620000</Speed>
      </Extensions>
     </Trackpoint>
     <Trackpoint>
      <Time>2026-06-10T07:52:58Z</Time>
      <Position>
       <LatitudeDegrees>35.7009962</LatitudeDegrees>
       <LongitudeDegrees>139.7936912</LongitudeDegrees>
      </Position>
      <AltitudeMeters>6</AltitudeMeters>
      <DistanceMeters>1054</DistanceMeters>
      <HeartRateBpm>
       <Value>122</Value>
      </HeartRateBpm>
      <Cadence>74</Cadence>
      <Extensions>
       <Speed>5.620000</Speed>
      </Extensions>
     </Trackpoint>
     <Trackpoint>
      <Time>2026-06-10T07:52:59Z</Time>
      <Position>
       <LatitudeDegrees>35.7009906</LatitudeDegrees>
       <LongitudeDegrees>139.7937062</LongitudeDegrees>
      </Position>
      <AltitudeMeters>6</AltitudeMeters>
      <DistanceMeters>1055</DistanceMeters>
      <HeartRateBpm>
       <Value>122</Value>
      </HeartRateBpm>
      <Cadence>74</Cadence>
      <Extensions>
       <Speed>5.620000</Speed>
      </Extensions>
     </Trackpoint>
     <Trackpoint>
      <Time>2026-06-10T07:53:00Z</Time>
      <Position>
       <LatitudeDegrees>35.7009851</LatitudeDegrees>
       <LongitudeDegrees>139.7937213</LongitudeDegrees>
      </Position>
      <AltitudeMeters>6</AltitudeMeters>
      <DistanceMeters>1056</DistanceMeters>
      <HeartRateBpm>
       <Value>122</Value>
      </HeartRateBpm>
      <Cadence>73</Cadence>
      <Extensions>
       <Speed>5.610000</Speed>
      </Extensions>
     </Trackpoint>
     <Trackpoint>
      <Time>2026-06-10T07:53:01Z</Time>
      <Position>
       <LatitudeDegrees>35.7009794</LatitudeDegrees>
       <LongitudeDegrees>139.7937365</LongitudeDegrees>
      </Position>
      <AltitudeMeters>6</AltitudeMeters>
      <DistanceMeters>1058</DistanceMeters>
      <HeartRateBpm>
       <Value>122</Value>
      </HeartRateBpm>
      <Cadence>73</Cadence>
      <Extensions>
       <Speed>5.610000</Speed>
      </Extensions>
     </Trackpoint>
     <Trackpoint>
      <Time>2026-06-10T07:53:02Z</Time>
      <Position>
       <LatitudeDegrees>35.7009738</LatitudeDegrees>
       <LongitudeDegrees>139.7937517</LongitudeDegrees>
      </Position>
      <AltitudeMeters>6</AltitudeMeters>
      <DistanceMeters>1060</DistanceMeters>
      <HeartRateBpm>
       <Value>123</Value>
      </HeartRateBpm>
      <Cadence>73</Cadence>
      <Extensions>
       <Speed>5.600000</Speed>
      </Extensions>
     </Trackpoint>
     <Trackpoint>
      <Time>2026-06-10T07:53:03Z</Time>
      <Position>
       <LatitudeDegrees>35.7009669</LatitudeDegrees>
       <LongitudeDegrees>139.7937672</LongitudeDegrees>
      </Position>
      <AltitudeMeters>6</AltitudeMeters>
      <DistanceMeters>1062</DistanceMeters>
      <HeartRateBpm>
       <Value>123</Value>
      </HeartRateBpm>
      <Cadence>73</Cadence>
      <Extensions>
       <Speed>5.590000</Speed>
      </Extensions>
     </Trackpoint>
     <Trackpoint>
      <Time>2026-06-10T07:53:04Z</Time>
      <Position>
       <LatitudeDegrees>35.7009601</LatitudeDegrees>
       <LongitudeDegrees>139.7937827</LongitudeDegrees>
      </Position>
      <AltitudeMeters>6</AltitudeMeters>
      <DistanceMeters>1063</DistanceMeters>
      <HeartRateBpm>
       <Value>123</Value>
      </HeartRateBpm>
      <Cadence>73</Cadence>
      <Extensions>
       <Speed>5.590000</Speed>
      </Extensions>
     </Trackpoint>
     <Trackpoint>
      <Time>2026-06-10T07:53:05Z</Time>
      <Position>
       <LatitudeDegrees>35.7009536</LatitudeDegrees>
       <LongitudeDegrees>139.7937976</LongitudeDegrees>
      </Position>
      <AltitudeMeters>6</AltitudeMeters>
      <DistanceMeters>1064</DistanceMeters>
      <HeartRateBpm>
       <Value>123</Value>
      </HeartRateBpm>
      <Cadence>73</Cadence>
      <Extensions>
       <Speed>5.590000</Speed>
      </Extensions>
     </Trackpoint>
     <Trackpoint>
      <Time>2026-06-10T07:53:06Z</Time>
      <Position>
       <LatitudeDegrees>35.7009472</LatitudeDegrees>
       <LongitudeDegrees>139.7938125</LongitudeDegrees>
      </Position>
      <AltitudeMeters>6</AltitudeMeters>
      <DistanceMeters>1066</DistanceMeters>
      <HeartRateBpm>
       <Value>123</Value>
      </HeartRateBpm>
      <Cadence>73</Cadence>
      <Extensions>
       <Speed>5.590000</Speed>
      </Extensions>
     </Trackpoint>
     <Trackpoint>
      <Time>2026-06-10T07:53:07Z</Time>
      <Position>
       <LatitudeDegrees>35.7009410</LatitudeDegrees>
       <LongitudeDegrees>139.7938283</LongitudeDegrees>
      </Position>
      <AltitudeMeters>6</AltitudeMeters>
      <DistanceMeters>1068</DistanceMeters>
      <HeartRateBpm>
       <Value>123</Value>
      </HeartRateBpm>
      <Cadence>73</Cadence>
      <Extensions>
       <Speed>5.600000</Speed>
      </Extensions>
     </Trackpoint>
     <Trackpoint>
      <Time>2026-06-10T07:53:08Z</Time>
      <Position>
       <LatitudeDegrees>35.7009349</LatitudeDegrees>
       <LongitudeDegrees>139.7938442</LongitudeDegrees>
      </Position>
      <AltitudeMeters>6</AltitudeMeters>
      <DistanceMeters>1070</DistanceMeters>
      <HeartRateBpm>
       <Value>123</Value>
      </HeartRateBpm>
      <Cadence>73</Cadence>
      <Extensions>
       <Speed>5.600000</Speed>
      </Extensions>
     </Trackpoint>
     <Trackpoint>
      <Time>2026-06-10T07:53:09Z</Time>
      <Position>
       <LatitudeDegrees>35.7009290</LatitudeDegrees>
       <LongitudeDegrees>139.7938607</LongitudeDegrees>
      </Position>
      <AltitudeMeters>6</AltitudeMeters>
      <DistanceMeters>1071</DistanceMeters>
      <HeartRateBpm>
       <Value>123</Value>
      </HeartRateBpm>
      <Cadence>73</Cadence>
      <Extensions>
       <Speed>5.610000</Speed>
      </Extensions>
     </Trackpoint>
     <Trackpoint>
      <Time>2026-06-10T07:53:10Z</Time>
      <Position>
       <LatitudeDegrees>35.7009231</LatitudeDegrees>
       <LongitudeDegrees>139.7938773</LongitudeDegrees>
      </Position>
      <AltitudeMeters>6</AltitudeMeters>
      <DistanceMeters>1073</DistanceMeters>
      <HeartRateBpm>
       <Value>123</Value>
      </HeartRateBpm>
      <Cadence>73</Cadence>
      <Extensions>
       <Speed>5.620000</Speed>
      </Extensions>
     </Trackpoint>
     <Trackpoint>
      <Time>2026-06-10T07:53:11Z</Time>
      <Position>
       <LatitudeDegrees>35.7009166</LatitudeDegrees>
       <LongitudeDegrees>139.7938948</LongitudeDegrees>
      </Position>
      <AltitudeMeters>6</AltitudeMeters>
      <DistanceMeters>1075</DistanceMeters>
      <HeartRateBpm>
       <Value>123</Value>
      </HeartRateBpm>
      <Cadence>73</Cadence>
      <Extensions>
       <Speed>5.630000</Speed>
      </Extensions>
     </Trackpoint>
     <Trackpoint>
      <Time>2026-06-10T07:53:12Z</Time>
      <Position>
       <LatitudeDegrees>35.7009101</LatitudeDegrees>
       <LongitudeDegrees>139.7939124</LongitudeDegrees>
      </Position>
      <AltitudeMeters>6</AltitudeMeters>
      <DistanceMeters>1076</DistanceMeters>
      <HeartRateBpm>
       <Value>122</Value>
      </HeartRateBpm>
      <Cadence>73</Cadence>
      <Extensions>
       <Speed>5.640000</Speed>
      </Extensions>
     </Trackpoint>
     <Trackpoint>
      <Time>2026-06-10T07:53:13Z</Time>
      <Position>
       <LatitudeDegrees>35.7009036</LatitudeDegrees>
       <LongitudeDegrees>139.7939290</LongitudeDegrees>
      </Position>
      <AltitudeMeters>6</AltitudeMeters>
      <DistanceMeters>1078</DistanceMeters>
      <HeartRateBpm>
       <Value>122</Value>
      </HeartRateBpm>
      <Cadence>73</Cadence>
      <Extensions>
       <Speed>5.660000</Speed>
      </Extensions>
     </Trackpoint>
     <Trackpoint>
      <Time>2026-06-10T07:53:14Z</Time>
      <Position>
       <LatitudeDegrees>35.7008971</LatitudeDegrees>
       <LongitudeDegrees>139.7939457</LongitudeDegrees>
      </Position>
      <AltitudeMeters>6</AltitudeMeters>
      <DistanceMeters>1080</DistanceMeters>
      <HeartRateBpm>
       <Value>122</Value>
      </HeartRateBpm>
      <Cadence>73</Cadence>
      <Extensions>
       <Speed>5.680000</Speed>
      </Extensions>
     </Trackpoint>
     <Trackpoint>
      <Time>2026-06-10T07:53:15Z</Time>
      <Position>
       <LatitudeDegrees>35.7008908</LatitudeDegrees>
       <LongitudeDegrees>139.7939616</LongitudeDegrees>
      </Position>
      <AltitudeMeters>6</AltitudeMeters>
      <DistanceMeters>1081</DistanceMeters>
      <HeartRateBpm>
       <Value>121</Value>
      </HeartRateBpm>
      <Cadence>73</Cadence>
      <Extensions>
       <Speed>5.700000</Speed>
      </Extensions>
     </Trackpoint>
     <Trackpoint>
      <Time>2026-06-10T07:53:16Z</Time>
      <Position>
       <LatitudeDegrees>35.7008845</LatitudeDegrees>
       <LongitudeDegrees>139.7939776</LongitudeDegrees>
      </Position>
      <AltitudeMeters>6</AltitudeMeters>
      <DistanceMeters>1082</DistanceMeters>
      <HeartRateBpm>
       <Value>121</Value>
      </HeartRateBpm>
      <Cadence>73</Cadence>
      <Extensions>
       <Speed>5.710000</Speed>
      </Extensions>
     </Trackpoint>
     <Trackpoint>
      <Time>2026-06-10T07:53:17Z</Time>
      <Position>
       <LatitudeDegrees>35.7008781</LatitudeDegrees>
       <LongitudeDegrees>139.7939932</LongitudeDegrees>
      </Position>
      <AltitudeMeters>6</AltitudeMeters>
      <DistanceMeters>1084</DistanceMeters>
      <HeartRateBpm>
       <Value>120</Value>
      </HeartRateBpm>
      <Cadence>74</Cadence>
      <Extensions>
       <Speed>5.730000</Speed>
      </Extensions>
     </Trackpoint>
     <Trackpoint>
      <Time>2026-06-10T07:53:18Z</Time>
      <Position>
       <LatitudeDegrees>35.7008718</LatitudeDegrees>
       <LongitudeDegrees>139.7940089</LongitudeDegrees>
      </Position>
      <AltitudeMeters>6</AltitudeMeters>
      <DistanceMeters>1086</DistanceMeters>
      <HeartRateBpm>
       <Value>120</Value>
      </HeartRateBpm>
      <Cadence>73</Cadence>
      <Extensions>
       <Speed>5.730000</Speed>
      </Extensions>
     </Trackpoint>
     <Trackpoint>
      <Time>2026-06-10T07:53:19Z</Time>
      <Position>
       <LatitudeDegrees>35.7008652</LatitudeDegrees>
       <LongitudeDegrees>139.7940253</LongitudeDegrees>
      </Position>
      <AltitudeMeters>6</AltitudeMeters>
      <DistanceMeters>1088</DistanceMeters>
      <HeartRateBpm>
       <Value>120</Value>
      </HeartRateBpm>
      <Cadence>73</Cadence>
      <Extensions>
       <Speed>5.740000</Speed>
      </Extensions>
     </Trackpoint>
     <Trackpoint>
      <Time>2026-06-10T07:53:20Z</Time>
      <Position>
       <LatitudeDegrees>35.7008586</LatitudeDegrees>
       <LongitudeDegrees>139.7940418</LongitudeDegrees>
      </Position>
      <AltitudeMeters>6</AltitudeMeters>
      <DistanceMeters>1090</DistanceMeters>
      <HeartRateBpm>
       <Value>120</Value>
      </HeartRateBpm>
      <Cadence>73</Cadence>
      <Extensions>
       <Speed>5.750000</Speed>
      </Extensions>
     </Trackpoint>
     <Trackpoint>
      <Time>2026-06-10T07:53:21Z</Time>
      <Position>
       <LatitudeDegrees>35.7008516</LatitudeDegrees>
       <LongitudeDegrees>139.7940598</LongitudeDegrees>
      </Position>
      <AltitudeMeters>6</AltitudeMeters>
      <DistanceMeters>1092</DistanceMeters>
      <HeartRateBpm>
       <Value>120</Value>
      </HeartRateBpm>
      <Cadence>73</Cadence>
      <Extensions>
       <Speed>5.760000</Speed>
      </Extensions>
     </Trackpoint>
     <Trackpoint>
      <Time>2026-06-10T07:53:22Z</Time>
      <Position>
       <LatitudeDegrees>35.7008447</LatitudeDegrees>
       <LongitudeDegrees>139.7940779</LongitudeDegrees>
      </Position>
      <AltitudeMeters>6</AltitudeMeters>
      <DistanceMeters>1094</DistanceMeters>
      <HeartRateBpm>
       <Value>119</Value>
      </HeartRateBpm>
      <Cadence>73</Cadence>
      <Extensions>
       <Speed>5.770000</Speed>
      </Extensions>
     </Trackpoint>
     <Trackpoint>
      <Time>2026-06-10T07:53:23Z</Time>
      <Position>
       <LatitudeDegrees>35.7008376</LatitudeDegrees>
       <LongitudeDegrees>139.7940956</LongitudeDegrees>
      </Position>
      <AltitudeMeters>6</AltitudeMeters>
      <DistanceMeters>1095</DistanceMeters>
      <HeartRateBpm>
       <Value>119</Value>
      </HeartRateBpm>
      <Cadence>73</Cadence>
      <Extensions>
       <Speed>5.780000</Speed>
      </Extensions>
     </Trackpoint>
     <Trackpoint>
      <Time>2026-06-10T07:53:24Z</Time>
      <Position>
       <LatitudeDegrees>35.7008305</LatitudeDegrees>
       <LongitudeDegrees>139.7941133</LongitudeDegrees>
      </Position>
      <AltitudeMeters>6</AltitudeMeters>
      <DistanceMeters>1096</DistanceMeters>
      <HeartRateBpm>
       <Value>119</Value>
      </HeartRateBpm>
      <Cadence>73</Cadence>
      <Extensions>
       <Speed>5.790000</Speed>
      </Extensions>
     </Trackpoint>
     <Trackpoint>
      <Time>2026-06-10T07:53:25Z</Time>
      <Position>
       <LatitudeDegrees>35.7008236</LatitudeDegrees>
       <LongitudeDegrees>139.7941286</LongitudeDegrees>
      </Position>
      <AltitudeMeters>6</AltitudeMeters>
      <DistanceMeters>1098</DistanceMeters>
      <HeartRateBpm>
       <Value>120</Value>
      </HeartRateBpm>
      <Cadence>73</Cadence>
      <Extensions>
       <Speed>5.810000</Speed>
      </Extensions>
     </Trackpoint>
     <Trackpoint>
      <Time>2026-06-10T07:53:26Z</Time>
      <Position>
       <LatitudeDegrees>35.7008167</LatitudeDegrees>
       <LongitudeDegrees>139.7941439</LongitudeDegrees>
      </Position>
      <AltitudeMeters>6</AltitudeMeters>
      <DistanceMeters>1100</DistanceMeters>
      <HeartRateBpm>
       <Value>120</Value>
      </HeartRateBpm>
      <Cadence>73</Cadence>
      <Extensions>
       <Speed>5.810000</Speed>
      </Extensions>
     </Trackpoint>
     <Trackpoint>
      <Time>2026-06-10T07:53:27Z</Time>
      <Position>
       <LatitudeDegrees>35.7008089</LatitudeDegrees>
       <LongitudeDegrees>139.7941580</LongitudeDegrees>
      </Position>
      <AltitudeMeters>5</AltitudeMeters>
      <DistanceMeters>1101</DistanceMeters>
      <HeartRateBpm>
       <Value>120</Value>
      </HeartRateBpm>
      <Cadence>73</Cadence>
      <Extensions>
       <Speed>5.810000</Speed>
      </Extensions>
     </Trackpoint>
     <Trackpoint>
      <Time>2026-06-10T07:53:28Z</Time>
      <Position>
       <LatitudeDegrees>35.7008011</LatitudeDegrees>
       <LongitudeDegrees>139.7941721</LongitudeDegrees>
      </Position>
      <AltitudeMeters>5</AltitudeMeters>
      <DistanceMeters>1102</DistanceMeters>
      <HeartRateBpm>
       <Value>120</Value>
      </HeartRateBpm>
      <Cadence>73</Cadence>
      <Extensions>
       <Speed>5.790000</Speed>
      </Extensions>
     </Trackpoint>
     <Trackpoint>
      <Time>2026-06-10T07:53:29Z</Time>
      <Position>
       <LatitudeDegrees>35.7007938</LatitudeDegrees>
       <LongitudeDegrees>139.7941858</LongitudeDegrees>
      </Position>
      <AltitudeMeters>5</AltitudeMeters>
      <DistanceMeters>1104</DistanceMeters>
      <HeartRateBpm>
       <Value>120</Value>
      </HeartRateBpm>
      <Cadence>74</Cadence>
      <Extensions>
       <Speed>5.780000</Speed>
      </Extensions>
     </Trackpoint>
     <Trackpoint>
      <Time>2026-06-10T07:53:30Z</Time>
      <Position>
       <LatitudeDegrees>35.7007866</LatitudeDegrees>
       <LongitudeDegrees>139.7941995</LongitudeDegrees>
      </Position>
      <AltitudeMeters>5</AltitudeMeters>
      <DistanceMeters>1105</DistanceMeters>
      <HeartRateBpm>
       <Value>119</Value>
      </HeartRateBpm>
      <Cadence>74</Cadence>
      <Extensions>
       <Speed>5.770000</Speed>
      </Extensions>
     </Trackpoint>
     <Trackpoint>
      <Time>2026-06-10T07:53:31Z</Time>
      <Position>
       <LatitudeDegrees>35.7007823</LatitudeDegrees>
       <LongitudeDegrees>139.7942128</LongitudeDegrees>
      </Position>
      <AltitudeMeters>5</AltitudeMeters>
      <DistanceMeters>1106</DistanceMeters>
      <HeartRateBpm>
       <Value>119</Value>
      </HeartRateBpm>
      <Cadence>74</Cadence>
      <Extensions>
       <Speed>5.760000</Speed>
      </Extensions>
     </Trackpoint>
     <Trackpoint>
      <Time>2026-06-10T07:53:32Z</Time>
      <Position>
       <LatitudeDegrees>35.7007781</LatitudeDegrees>
       <LongitudeDegrees>139.7942262</LongitudeDegrees>
      </Position>
      <AltitudeMeters>5</AltitudeMeters>
      <DistanceMeters>1108</DistanceMeters>
      <HeartRateBpm>
       <Value>119</Value>
      </HeartRateBpm>
      <Cadence>74</Cadence>
      <Extensions>
       <Speed>5.750000</Speed>
      </Extensions>
     </Trackpoint>
     <Trackpoint>
      <Time>2026-06-10T07:53:33Z</Time>
      <Position>
       <LatitudeDegrees>35.7007742</LatitudeDegrees>
       <LongitudeDegrees>139.7942409</LongitudeDegrees>
      </Position>
      <AltitudeMeters>5</AltitudeMeters>
      <DistanceMeters>1109</DistanceMeters>
      <HeartRateBpm>
       <Value>119</Value>
      </HeartRateBpm>
      <Cadence>74</Cadence>
      <Extensions>
       <Speed>5.740000</Speed>
      </Extensions>
     </Trackpoint>
     <Trackpoint>
      <Time>2026-06-10T07:53:34Z</Time>
      <Position>
       <LatitudeDegrees>35.7007704</LatitudeDegrees>
       <LongitudeDegrees>139.7942557</LongitudeDegrees>
      </Position>
      <AltitudeMeters>5</AltitudeMeters>
      <DistanceMeters>1110</DistanceMeters>
      <HeartRateBpm>
       <Value>119</Value>
      </HeartRateBpm>
      <Cadence>74</Cadence>
      <Extensions>
       <Speed>5.730000</Speed>
      </Extensions>
     </Trackpoint>
     <Trackpoint>
      <Time>2026-06-10T07:53:35Z</Time>
      <Position>
       <LatitudeDegrees>35.7007670</LatitudeDegrees>
       <LongitudeDegrees>139.7942696</LongitudeDegrees>
      </Position>
      <AltitudeMeters>5</AltitudeMeters>
      <DistanceMeters>1112</DistanceMeters>
      <HeartRateBpm>
       <Value>119</Value>
      </HeartRateBpm>
      <Cadence>74</Cadence>
      <Extensions>
       <Speed>5.730000</Speed>
      </Extensions>
     </Trackpoint>
     <Trackpoint>
      <Time>2026-06-10T07:53:36Z</Time>
      <Position>
       <LatitudeDegrees>35.7007637</LatitudeDegrees>
       <LongitudeDegrees>139.7942836</LongitudeDegrees>
      </Position>
      <AltitudeMeters>5</AltitudeMeters>
      <DistanceMeters>1113</DistanceMeters>
      <HeartRateBpm>
       <Value>120</Value>
      </HeartRateBpm>
      <Cadence>73</Cadence>
      <Extensions>
       <Speed>5.720000</Speed>
      </Extensions>
     </Trackpoint>
     <Trackpoint>
      <Time>2026-06-10T07:53:37Z</Time>
      <Position>
       <LatitudeDegrees>35.7007575</LatitudeDegrees>
       <LongitudeDegrees>139.7942961</LongitudeDegrees>
      </Position>
      <AltitudeMeters>5</AltitudeMeters>
      <DistanceMeters>1114</DistanceMeters>
      <HeartRateBpm>
       <Value>120</Value>
      </HeartRateBpm>
      <Cadence>73</Cadence>
      <Extensions>
       <Speed>5.720000</Speed>
      </Extensions>
     </Trackpoint>
     <Trackpoint>
      <Time>2026-06-10T07:53:38Z</Time>
      <Position>
       <LatitudeDegrees>35.7007513</LatitudeDegrees>
       <LongitudeDegrees>139.7943086</LongitudeDegrees>
      </Position>
      <AltitudeMeters>5</AltitudeMeters>
      <DistanceMeters>1116</DistanceMeters>
      <HeartRateBpm>
       <Value>120</Value>
      </HeartRateBpm>
      <Cadence>73</Cadence>
      <Extensions>
       <Speed>5.710000</Speed>
      </Extensions>
     </Trackpoint>
     <Trackpoint>
      <Time>2026-06-10T07:53:39Z</Time>
      <Position>
       <LatitudeDegrees>35.7007424</LatitudeDegrees>
       <LongitudeDegrees>139.7943200</LongitudeDegrees>
      </Position>
      <AltitudeMeters>5</AltitudeMeters>
      <DistanceMeters>1118</DistanceMeters>
      <HeartRateBpm>
       <Value>120</Value>
      </HeartRateBpm>
      <Cadence>73</Cadence>
      <Extensions>
       <Speed>5.710000</Speed>
      </Extensions>
     </Trackpoint>
     <Trackpoint>
      <Time>2026-06-10T07:53:40Z</Time>
      <Position>
       <LatitudeDegrees>35.7007336</LatitudeDegrees>
       <LongitudeDegrees>139.7943314</LongitudeDegrees>
      </Position>
      <AltitudeMeters>5</AltitudeMeters>
      <DistanceMeters>1119</DistanceMeters>
      <HeartRateBpm>
       <Value>121</Value>
      </HeartRateBpm>
      <Cadence>73</Cadence>
      <Extensions>
       <Speed>5.700000</Speed>
      </Extensions>
     </Trackpoint>
     <Trackpoint>
      <Time>2026-06-10T07:53:41Z</Time>
      <Position>
       <LatitudeDegrees>35.7007246</LatitudeDegrees>
       <LongitudeDegrees>139.7943422</LongitudeDegrees>
      </Position>
      <AltitudeMeters>5</AltitudeMeters>
      <DistanceMeters>1120</DistanceMeters>
      <HeartRateBpm>
       <Value>121</Value>
      </HeartRateBpm>
      <Cadence>73</Cadence>
      <Extensions>
       <Speed>5.700000</Speed>
      </Extensions>
     </Trackpoint>
     <Trackpoint>
      <Time>2026-06-10T07:53:42Z</Time>
      <Position>
       <LatitudeDegrees>35.7007157</LatitudeDegrees>
       <LongitudeDegrees>139.7943530</LongitudeDegrees>
      </Position>
      <AltitudeMeters>4</AltitudeMeters>
      <DistanceMeters>1122</DistanceMeters>
      <HeartRateBpm>
       <Value>120</Value>
      </HeartRateBpm>
      <Cadence>73</Cadence>
      <Extensions>
       <Speed>5.690000</Speed>
      </Extensions>
     </Trackpoint>
     <Trackpoint>
      <Time>2026-06-10T07:53:43Z</Time>
      <Position>
       <LatitudeDegrees>35.7007081</LatitudeDegrees>
       <LongitudeDegrees>139.7943645</LongitudeDegrees>
      </Position>
      <AltitudeMeters>4</AltitudeMeters>
      <DistanceMeters>1123</DistanceMeters>
      <HeartRateBpm>
       <Value>120</Value>
      </HeartRateBpm>
      <Cadence>73</Cadence>
      <Extensions>
       <Speed>5.690000</Speed>
      </Extensions>
     </Trackpoint>
     <Trackpoint>
      <Time>2026-06-10T07:53:44Z</Time>
      <Position>
       <LatitudeDegrees>35.7007005</LatitudeDegrees>
       <LongitudeDegrees>139.7943760</LongitudeDegrees>
      </Position>
      <AltitudeMeters>4</AltitudeMeters>
      <DistanceMeters>1124</DistanceMeters>
      <HeartRateBpm>
       <Value>120</Value>
      </HeartRateBpm>
      <Cadence>73</Cadence>
      <Extensions>
       <Speed>5.670000</Speed>
      </Extensions>
     </Trackpoint>
     <Trackpoint>
      <Time>2026-06-10T07:53:45Z</Time>
      <Position>
       <LatitudeDegrees>35.7006944</LatitudeDegrees>
       <LongitudeDegrees>139.7943899</LongitudeDegrees>
      </Position>
      <AltitudeMeters>4</AltitudeMeters>
      <DistanceMeters>1126</DistanceMeters>
      <HeartRateBpm>
       <Value>120</Value>
      </HeartRateBpm>
      <Cadence>73</Cadence>
      <Extensions>
       <Speed>5.660000</Speed>
      </Extensions>
     </Trackpoint>
     <Trackpoint>
      <Time>2026-06-10T07:53:46Z</Time>
      <Position>
       <LatitudeDegrees>35.7006883</LatitudeDegrees>
       <LongitudeDegrees>139.7944038</LongitudeDegrees>
      </Position>
      <AltitudeMeters>4</AltitudeMeters>
      <DistanceMeters>1128</DistanceMeters>
      <HeartRateBpm>
       <Value>120</Value>
      </HeartRateBpm>
      <Cadence>73</Cadence>
      <Extensions>
       <Speed>5.630000</Speed>
      </Extensions>
     </Trackpoint>
     <Trackpoint>
      <Time>2026-06-10T07:53:47Z</Time>
      <Position>
       <LatitudeDegrees>35.7006815</LatitudeDegrees>
       <LongitudeDegrees>139.7944198</LongitudeDegrees>
      </Position>
      <AltitudeMeters>4</AltitudeMeters>
      <DistanceMeters>1129</DistanceMeters>
      <HeartRateBpm>
       <Value>119</Value>
      </HeartRateBpm>
      <Cadence>73</Cadence>
      <Extensions>
       <Speed>5.600000</Speed>
      </Extensions>
     </Trackpoint>
     <Trackpoint>
      <Time>2026-06-10T07:53:48Z</Time>
      <Position>
       <LatitudeDegrees>35.7006748</LatitudeDegrees>
       <LongitudeDegrees>139.7944359</LongitudeDegrees>
      </Position>
      <AltitudeMeters>4</AltitudeMeters>
      <DistanceMeters>1131</DistanceMeters>
      <HeartRateBpm>
       <Value>119</Value>
      </HeartRateBpm>
      <Cadence>73</Cadence>
      <Extensions>
       <Speed>5.590000</Speed>
      </Extensions>
     </Trackpoint>
     <Trackpoint>
      <Time>2026-06-10T07:53:49Z</Time>
      <Position>
       <LatitudeDegrees>35.7006668</LatitudeDegrees>
       <LongitudeDegrees>139.7944533</LongitudeDegrees>
      </Position>
      <AltitudeMeters>4</AltitudeMeters>
      <DistanceMeters>1133</DistanceMeters>
      <HeartRateBpm>
       <Value>120</Value>
      </HeartRateBpm>
      <Cadence>73</Cadence>
      <Extensions>
       <Speed>5.580000</Speed>
      </Extensions>
     </Trackpoint>
     <Trackpoint>
      <Time>2026-06-10T07:53:50Z</Time>
      <Position>
       <LatitudeDegrees>35.7006588</LatitudeDegrees>
       <LongitudeDegrees>139.7944708</LongitudeDegrees>
      </Position>
      <AltitudeMeters>4</AltitudeMeters>
      <DistanceMeters>1135</DistanceMeters>
      <HeartRateBpm>
       <Value>120</Value>
      </HeartRateBpm>
      <Cadence>73</Cadence>
      <Extensions>
       <Speed>5.600000</Speed>
      </Extensions>
     </Trackpoint>
     <Trackpoint>
      <Time>2026-06-10T07:53:51Z</Time>
      <Position>
       <LatitudeDegrees>35.7006497</LatitudeDegrees>
       <LongitudeDegrees>139.7944895</LongitudeDegrees>
      </Position>
      <AltitudeMeters>4</AltitudeMeters>
      <DistanceMeters>1137</DistanceMeters>
      <HeartRateBpm>
       <Value>120</Value>
      </HeartRateBpm>
      <Cadence>73</Cadence>
      <Extensions>
       <Speed>5.620000</Speed>
      </Extensions>
     </Trackpoint>
     <Trackpoint>
      <Time>2026-06-10T07:53:52Z</Time>
      <Position>
       <LatitudeDegrees>35.7006406</LatitudeDegrees>
       <LongitudeDegrees>139.7945083</LongitudeDegrees>
      </Position>
      <AltitudeMeters>3</AltitudeMeters>
      <DistanceMeters>1139</DistanceMeters>
      <HeartRateBpm>
       <Value>120</Value>
      </HeartRateBpm>
      <Cadence>73</Cadence>
      <Extensions>
       <Speed>5.690000</Speed>
      </Extensions>
     </Trackpoint>
     <Trackpoint>
      <Time>2026-06-10T07:53:53Z</Time>
      <Position>
       <LatitudeDegrees>35.7006326</LatitudeDegrees>
       <LongitudeDegrees>139.7945288</LongitudeDegrees>
      </Position>
      <AltitudeMeters>3</AltitudeMeters>
      <DistanceMeters>1141</DistanceMeters>
      <HeartRateBpm>
       <Value>119</Value>
      </HeartRateBpm>
      <Cadence>73</Cadence>
      <Extensions>
       <Speed>5.770000</Speed>
      </Extensions>
     </Trackpoint>
     <Trackpoint>
      <Time>2026-06-10T07:53:54Z</Time>
      <Position>
       <LatitudeDegrees>35.7006247</LatitudeDegrees>
       <LongitudeDegrees>139.7945493</LongitudeDegrees>
      </Position>
      <AltitudeMeters>3</AltitudeMeters>
      <DistanceMeters>1143</DistanceMeters>
      <HeartRateBpm>
       <Value>119</Value>
      </HeartRateBpm>
      <Cadence>73</Cadence>
      <Extensions>
       <Speed>5.850000</Speed>
      </Extensions>
     </Trackpoint>
     <Trackpoint>
      <Time>2026-06-10T07:53:55Z</Time>
      <Position>
       <LatitudeDegrees>35.7006186</LatitudeDegrees>
       <LongitudeDegrees>139.7945705</LongitudeDegrees>
      </Position>
      <AltitudeMeters>3</AltitudeMeters>
      <DistanceMeters>1145</DistanceMeters>
      <HeartRateBpm>
       <Value>119</Value>
      </HeartRateBpm>
      <Cadence>73</Cadence>
      <Extensions>
       <Speed>5.940000</Speed>
      </Extensions>
     </Trackpoint>
     <Trackpoint>
      <Time>2026-06-10T07:53:56Z</Time>
      <Position>
       <LatitudeDegrees>35.7006125</LatitudeDegrees>
       <LongitudeDegrees>139.7945918</LongitudeDegrees>
      </Position>
      <AltitudeMeters>3</AltitudeMeters>
      <DistanceMeters>1147</DistanceMeters>
      <HeartRateBpm>
       <Value>119</Value>
      </HeartRateBpm>
      <Cadence>73</Cadence>
      <Extensions>
       <Speed>6.000000</Speed>
      </Extensions>
     </Trackpoint>
     <Trackpoint>
      <Time>2026-06-10T07:53:57Z</Time>
      <Position>
       <LatitudeDegrees>35.7006091</LatitudeDegrees>
       <LongitudeDegrees>139.7946138</LongitudeDegrees>
      </Position>
      <AltitudeMeters>3</AltitudeMeters>
      <DistanceMeters>1149</DistanceMeters>
      <HeartRateBpm>
       <Value>119</Value>
      </HeartRateBpm>
      <Cadence>73</Cadence>
      <Extensions>
       <Speed>6.060000</Speed>
      </Extensions>
     </Trackpoint>
     <Trackpoint>
      <Time>2026-06-10T07:53:58Z</Time>
      <Position>
       <LatitudeDegrees>35.7006057</LatitudeDegrees>
       <LongitudeDegrees>139.7946359</LongitudeDegrees>
      </Position>
      <AltitudeMeters>3</AltitudeMeters>
      <DistanceMeters>1151</DistanceMeters>
      <HeartRateBpm>
       <Value>119</Value>
      </HeartRateBpm>
      <Cadence>73</Cadence>
      <Extensions>
       <Speed>6.100000</Speed>
      </Extensions>
     </Trackpoint>
     <Trackpoint>
      <Time>2026-06-10T07:53:59Z</Time>
      <Position>
       <LatitudeDegrees>35.7006002</LatitudeDegrees>
       <LongitudeDegrees>139.7946559</LongitudeDegrees>
      </Position>
      <AltitudeMeters>3</AltitudeMeters>
      <DistanceMeters>1153</DistanceMeters>
      <HeartRateBpm>
       <Value>119</Value>
      </HeartRateBpm>
      <Cadence>73</Cadence>
      <Extensions>
       <Speed>6.150000</Speed>
      </Extensions>
     </Trackpoint>
     <Trackpoint>
      <Time>2026-06-10T07:54:00Z</Time>
      <Position>
       <LatitudeDegrees>35.7005947</LatitudeDegrees>
       <LongitudeDegrees>139.7946760</LongitudeDegrees>
      </Position>
      <AltitudeMeters>3</AltitudeMeters>
      <DistanceMeters>1155</DistanceMeters>
      <HeartRateBpm>
       <Value>118</Value>
      </HeartRateBpm>
      <Cadence>73</Cadence>
      <Extensions>
       <Speed>6.190000</Speed>
      </Extensions>
     </Trackpoint>
     <Trackpoint>
      <Time>2026-06-10T07:54:01Z</Time>
      <Position>
       <LatitudeDegrees>35.7005843</LatitudeDegrees>
       <LongitudeDegrees>139.7946930</LongitudeDegrees>
      </Position>
      <AltitudeMeters>3</AltitudeMeters>
      <DistanceMeters>1157</DistanceMeters>
      <HeartRateBpm>
       <Value>118</Value>
      </HeartRateBpm>
      <Cadence>73</Cadence>
      <Extensions>
       <Speed>6.230000</Speed>
      </Extensions>
     </Trackpoint>
     <Trackpoint>
      <Time>2026-06-10T07:54:02Z</Time>
      <Position>
       <LatitudeDegrees>35.7005740</LatitudeDegrees>
       <LongitudeDegrees>139.7947100</LongitudeDegrees>
      </Position>
      <AltitudeMeters>3</AltitudeMeters>
      <DistanceMeters>1159</DistanceMeters>
      <HeartRateBpm>
       <Value>117</Value>
      </HeartRateBpm>
      <Cadence>73</Cadence>
      <Extensions>
       <Speed>6.250000</Speed>
      </Extensions>
     </Trackpoint>
     <Trackpoint>
      <Time>2026-06-10T07:54:03Z</Time>
      <Position>
       <LatitudeDegrees>35.7005638</LatitudeDegrees>
       <LongitudeDegrees>139.7947269</LongitudeDegrees>
      </Position>
      <AltitudeMeters>3</AltitudeMeters>
      <DistanceMeters>1161</DistanceMeters>
      <HeartRateBpm>
       <Value>117</Value>
      </HeartRateBpm>
      <Cadence>73</Cadence>
      <Extensions>
       <Speed>6.280000</Speed>
      </Extensions>
     </Trackpoint>
     <Trackpoint>
      <Time>2026-06-10T07:54:04Z</Time>
      <Position>
       <LatitudeDegrees>35.7005536</LatitudeDegrees>
       <LongitudeDegrees>139.7947438</LongitudeDegrees>
      </Position>
      <AltitudeMeters>3</AltitudeMeters>
      <DistanceMeters>1162</DistanceMeters>
      <HeartRateBpm>
       <Value>117</Value>
      </HeartRateBpm>
      <Cadence>72</Cadence>
      <Extensions>
       <Speed>6.300000</Speed>
      </Extensions>
     </Trackpoint>
     <Trackpoint>
      <Time>2026-06-10T07:54:05Z</Time>
      <Position>
       <LatitudeDegrees>35.7005458</LatitudeDegrees>
       <LongitudeDegrees>139.7947605</LongitudeDegrees>
      </Position>
      <AltitudeMeters>3</AltitudeMeters>
      <DistanceMeters>1164</DistanceMeters>
      <HeartRateBpm>
       <Value>116</Value>
      </HeartRateBpm>
      <Cadence>72</Cadence>
      <Extensions>
       <Speed>6.320000</Speed>
      </Extensions>
     </Trackpoint>
     <Trackpoint>
      <Time>2026-06-10T07:54:06Z</Time>
      <Position>
       <LatitudeDegrees>35.7005381</LatitudeDegrees>
       <LongitudeDegrees>139.7947773</LongitudeDegrees>
      </Position>
      <AltitudeMeters>3</AltitudeMeters>
      <DistanceMeters>1166</DistanceMeters>
      <HeartRateBpm>
       <Value>116</Value>
      </HeartRateBpm>
      <Cadence>72</Cadence>
      <Extensions>
       <Speed>6.330000</Speed>
      </Extensions>
     </Trackpoint>
     <Trackpoint>
      <Time>2026-06-10T07:54:07Z</Time>
      <Position>
       <LatitudeDegrees>35.7005327</LatitudeDegrees>
       <LongitudeDegrees>139.7947939</LongitudeDegrees>
      </Position>
      <AltitudeMeters>2</AltitudeMeters>
      <DistanceMeters>1167</DistanceMeters>
      <HeartRateBpm>
       <Value>116</Value>
      </HeartRateBpm>
      <Cadence>72</Cadence>
      <Extensions>
       <Speed>6.350000</Speed>
      </Extensions>
     </Trackpoint>
     <Trackpoint>
      <Time>2026-06-10T07:54:08Z</Time>
      <Position>
       <LatitudeDegrees>35.7005273</LatitudeDegrees>
       <LongitudeDegrees>139.7948105</LongitudeDegrees>
      </Position>
      <AltitudeMeters>2</AltitudeMeters>
      <DistanceMeters>1169</DistanceMeters>
      <HeartRateBpm>
       <Value>116</Value>
      </HeartRateBpm>
      <Cadence>72</Cadence>
      <Extensions>
       <Speed>6.350000</Speed>
      </Extensions>
     </Trackpoint>
     <Trackpoint>
      <Time>2026-06-10T07:54:09Z</Time>
      <Position>
       <LatitudeDegrees>35.7005252</LatitudeDegrees>
       <LongitudeDegrees>139.7948285</LongitudeDegrees>
      </Position>
      <AltitudeMeters>2</AltitudeMeters>
      <DistanceMeters>1171</DistanceMeters>
      <HeartRateBpm>
       <Value>116</Value>
      </HeartRateBpm>
      <Cadence>72</Cadence>
      <Extensions>
       <Speed>6.360000</Speed>
      </Extensions>
     </Trackpoint>
     <Trackpoint>
      <Time>2026-06-10T07:54:10Z</Time>
      <Position>
       <LatitudeDegrees>35.7005232</LatitudeDegrees>
       <LongitudeDegrees>139.7948465</LongitudeDegrees>
      </Position>
      <AltitudeMeters>2</AltitudeMeters>
      <DistanceMeters>1172</DistanceMeters>
      <HeartRateBpm>
       <Value>116</Value>
      </HeartRateBpm>
      <Cadence>72</Cadence>
      <Extensions>
       <Speed>6.390000</Speed>
      </Extensions>
     </Trackpoint>
     <Trackpoint>
      <Time>2026-06-10T07:54:11Z</Time>
      <Position>
       <LatitudeDegrees>35.7005253</LatitudeDegrees>
       <LongitudeDegrees>139.7948627</LongitudeDegrees>
      </Position>
      <AltitudeMeters>2</AltitudeMeters>
      <DistanceMeters>1173</DistanceMeters>
      <HeartRateBpm>
       <Value>116</Value>
      </HeartRateBpm>
      <Cadence>72</Cadence>
      <Extensions>
       <Speed>6.430000</Speed>
      </Extensions>
     </Trackpoint>
     <Trackpoint>
      <Time>2026-06-10T07:54:12Z</Time>
      <Position>
       <LatitudeDegrees>35.7005275</LatitudeDegrees>
       <LongitudeDegrees>139.7948789</LongitudeDegrees>
      </Position>
      <AltitudeMeters>2</AltitudeMeters>
      <DistanceMeters>1174</DistanceMeters>
      <HeartRateBpm>
       <Value>115</Value>
      </HeartRateBpm>
      <Cadence>72</Cadence>
      <Extensions>
       <Speed>6.450000</Speed>
      </Extensions>
     </Trackpoint>
     <Trackpoint>
      <Time>2026-06-10T07:54:13Z</Time>
      <Position>
       <LatitudeDegrees>35.7005284</LatitudeDegrees>
       <LongitudeDegrees>139.7948952</LongitudeDegrees>
      </Position>
      <AltitudeMeters>2</AltitudeMeters>
      <DistanceMeters>1176</DistanceMeters>
      <HeartRateBpm>
       <Value>115</Value>
      </HeartRateBpm>
      <Cadence>72</Cadence>
      <Extensions>
       <Speed>6.480000</Speed>
      </Extensions>
     </Trackpoint>
     <Trackpoint>
      <Time>2026-06-10T07:54:14Z</Time>
      <Position>
       <LatitudeDegrees>35.7005293</LatitudeDegrees>
       <LongitudeDegrees>139.7949115</LongitudeDegrees>
      </Position>
      <AltitudeMeters>2</AltitudeMeters>
      <DistanceMeters>1178</DistanceMeters>
      <HeartRateBpm>
       <Value>115</Value>
      </HeartRateBpm>
      <Cadence>72</Cadence>
      <Extensions>
       <Speed>6.480000</Speed>
      </Extensions>
     </Trackpoint>
     <Trackpoint>
      <Time>2026-06-10T07:54:15Z</Time>
      <Position>
       <LatitudeDegrees>35.7005250</LatitudeDegrees>
       <LongitudeDegrees>139.7949306</LongitudeDegrees>
      </Position>
      <AltitudeMeters>2</AltitudeMeters>
      <DistanceMeters>1181</DistanceMeters>
      <HeartRateBpm>
       <Value>115</Value>
      </HeartRateBpm>
      <Cadence>72</Cadence>
      <Extensions>
       <Speed>6.480000</Speed>
      </Extensions>
     </Trackpoint>
     <Trackpoint>
      <Time>2026-06-10T07:54:16Z</Time>
      <Position>
       <LatitudeDegrees>35.7005208</LatitudeDegrees>
       <LongitudeDegrees>139.7949497</LongitudeDegrees>
      </Position>
      <AltitudeMeters>2</AltitudeMeters>
      <DistanceMeters>1182</DistanceMeters>
      <HeartRateBpm>
       <Value>116</Value>
      </HeartRateBpm>
      <Cadence>72</Cadence>
      <Extensions>
       <Speed>6.470000</Speed>
      </Extensions>
     </Trackpoint>
     <Trackpoint>
      <Time>2026-06-10T07:54:17Z</Time>
      <Position>
       <LatitudeDegrees>35.7005142</LatitudeDegrees>
       <LongitudeDegrees>139.7949686</LongitudeDegrees>
      </Position>
      <AltitudeMeters>2</AltitudeMeters>
      <DistanceMeters>1184</DistanceMeters>
      <HeartRateBpm>
       <Value>116</Value>
      </HeartRateBpm>
      <Cadence>72</Cadence>
      <Extensions>
       <Speed>6.470000</Speed>
      </Extensions>
     </Trackpoint>
     <Trackpoint>
      <Time>2026-06-10T07:54:18Z</Time>
      <Position>
       <LatitudeDegrees>35.7005076</LatitudeDegrees>
       <LongitudeDegrees>139.7949875</LongitudeDegrees>
      </Position>
      <AltitudeMeters>2</AltitudeMeters>
      <DistanceMeters>1186</DistanceMeters>
      <HeartRateBpm>
       <Value>117</Value>
      </HeartRateBpm>
      <Cadence>72</Cadence>
      <Extensions>
       <Speed>6.460000</Speed>
      </Extensions>
     </Trackpoint>
     <Trackpoint>
      <Time>2026-06-10T07:54:19Z</Time>
      <Position>
       <LatitudeDegrees>35.7005002</LatitudeDegrees>
       <LongitudeDegrees>139.7950039</LongitudeDegrees>
      </Position>
      <AltitudeMeters>2</AltitudeMeters>
      <DistanceMeters>1187</DistanceMeters>
      <HeartRateBpm>
       <Value>117</Value>
      </HeartRateBpm>
      <Cadence>72</Cadence>
      <Extensions>
       <Speed>6.460000</Speed>
      </Extensions>
     </Trackpoint>
     <Trackpoint>
      <Time>2026-06-10T07:54:20Z</Time>
      <Position>
       <LatitudeDegrees>35.7004928</LatitudeDegrees>
       <LongitudeDegrees>139.7950204</LongitudeDegrees>
      </Position>
      <AltitudeMeters>2</AltitudeMeters>
      <DistanceMeters>1189</DistanceMeters>
      <HeartRateBpm>
       <Value>117</Value>
      </HeartRateBpm>
      <Cadence>72</Cadence>
      <Extensions>
       <Speed>6.460000</Speed>
      </Extensions>
     </Trackpoint>
     <Trackpoint>
      <Time>2026-06-10T07:54:21Z</Time>
      <Position>
       <LatitudeDegrees>35.7004846</LatitudeDegrees>
       <LongitudeDegrees>139.7950361</LongitudeDegrees>
      </Position>
      <AltitudeMeters>2</AltitudeMeters>
      <DistanceMeters>1191</DistanceMeters>
      <HeartRateBpm>
       <Value>117</Value>
      </HeartRateBpm>
      <Cadence>72</Cadence>
      <Extensions>
       <Speed>6.460000</Speed>
      </Extensions>
     </Trackpoint>
     <Trackpoint>
      <Time>2026-06-10T07:54:22Z</Time>
      <Position>
       <LatitudeDegrees>35.7004765</LatitudeDegrees>
       <LongitudeDegrees>139.7950519</LongitudeDegrees>
      </Position>
      <AltitudeMeters>2</AltitudeMeters>
      <DistanceMeters>1192</DistanceMeters>
      <HeartRateBpm>
       <Value>117</Value>
      </HeartRateBpm>
      <Cadence>72</Cadence>
      <Extensions>
       <Speed>6.450000</Speed>
      </Extensions>
     </Trackpoint>
     <Trackpoint>
      <Time>2026-06-10T07:54:23Z</Time>
      <Position>
       <LatitudeDegrees>35.7004685</LatitudeDegrees>
       <LongitudeDegrees>139.7950677</LongitudeDegrees>
      </Position>
      <AltitudeMeters>2</AltitudeMeters>
      <DistanceMeters>1194</DistanceMeters>
      <HeartRateBpm>
       <Value>117</Value>
      </HeartRateBpm>
      <Cadence>72</Cadence>
      <Extensions>
       <Speed>6.440000</Speed>
      </Extensions>
     </Trackpoint>
     <Trackpoint>
      <Time>2026-06-10T07:54:24Z</Time>
      <Position>
       <LatitudeDegrees>35.7004606</LatitudeDegrees>
       <LongitudeDegrees>139.7950835</LongitudeDegrees>
      </Position>
      <AltitudeMeters>2</AltitudeMeters>
      <DistanceMeters>1196</DistanceMeters>
      <HeartRateBpm>
       <Value>117</Value>
      </HeartRateBpm>
      <Cadence>72</Cadence>
      <Extensions>
       <Speed>6.430000</Speed>
      </Extensions>
     </Trackpoint>
     <Trackpoint>
      <Time>2026-06-10T07:54:25Z</Time>
      <Position>
       <LatitudeDegrees>35.7004524</LatitudeDegrees>
       <LongitudeDegrees>139.7950985</LongitudeDegrees>
      </Position>
      <AltitudeMeters>2</AltitudeMeters>
      <DistanceMeters>1197</DistanceMeters>
      <HeartRateBpm>
       <Value>117</Value>
      </HeartRateBpm>
      <Cadence>73</Cadence>
      <Extensions>
       <Speed>6.430000</Speed>
      </Extensions>
     </Trackpoint>
     <Trackpoint>
      <Time>2026-06-10T07:54:26Z</Time>
      <Position>
       <LatitudeDegrees>35.7004442</LatitudeDegrees>
       <LongitudeDegrees>139.7951135</LongitudeDegrees>
      </Position>
      <AltitudeMeters>2</AltitudeMeters>
      <DistanceMeters>1198</DistanceMeters>
      <HeartRateBpm>
       <Value>116</Value>
      </HeartRateBpm>
      <Cadence>73</Cadence>
      <Extensions>
       <Speed>6.420000</Speed>
      </Extensions>
     </Trackpoint>
     <Trackpoint>
      <Time>2026-06-10T07:54:27Z</Time>
      <Position>
       <LatitudeDegrees>35.7004371</LatitudeDegrees>
       <LongitudeDegrees>139.7951275</LongitudeDegrees>
      </Position>
      <AltitudeMeters>2</AltitudeMeters>
      <DistanceMeters>1200</DistanceMeters>
      <HeartRateBpm>
       <Value>116</Value>
      </HeartRateBpm>
      <Cadence>73</Cadence>
      <Extensions>
       <Speed>6.410000</Speed>
      </Extensions>
     </Trackpoint>
     <Trackpoint>
      <Time>2026-06-10T07:54:28Z</Time>
      <Position>
       <LatitudeDegrees>35.7004301</LatitudeDegrees>
       <LongitudeDegrees>139.7951415</LongitudeDegrees>
      </Position>
      <AltitudeMeters>2</AltitudeMeters>
      <DistanceMeters>1202</DistanceMeters>
      <HeartRateBpm>
       <Value>116</Value>
      </HeartRateBpm>
      <Cadence>73</Cadence>
      <Extensions>
       <Speed>6.400000</Speed>
      </Extensions>
     </Trackpoint>
     <Trackpoint>
      <Time>2026-06-10T07:54:29Z</Time>
      <Position>
       <LatitudeDegrees>35.7004255</LatitudeDegrees>
       <LongitudeDegrees>139.7951566</LongitudeDegrees>
      </Position>
      <AltitudeMeters>2</AltitudeMeters>
      <DistanceMeters>1203</DistanceMeters>
      <HeartRateBpm>
       <Value>115</Value>
      </HeartRateBpm>
      <Cadence>73</Cadence>
      <Extensions>
       <Speed>6.390000</Speed>
      </Extensions>
     </Trackpoint>
     <Trackpoint>
      <Time>2026-06-10T07:54:30Z</Time>
      <Position>
       <LatitudeDegrees>35.7004210</LatitudeDegrees>
       <LongitudeDegrees>139.7951718</LongitudeDegrees>
      </Position>
      <AltitudeMeters>2</AltitudeMeters>
      <DistanceMeters>1204</DistanceMeters>
      <HeartRateBpm>
       <Value>115</Value>
      </HeartRateBpm>
      <Cadence>73</Cadence>
      <Extensions>
       <Speed>6.370000</Speed>
      </Extensions>
     </Trackpoint>
     <Trackpoint>
      <Time>2026-06-10T07:54:31Z</Time>
      <Position>
       <LatitudeDegrees>35.7004188</LatitudeDegrees>
       <LongitudeDegrees>139.7951883</LongitudeDegrees>
      </Position>
      <AltitudeMeters>2</AltitudeMeters>
      <DistanceMeters>1206</DistanceMeters>
      <HeartRateBpm>
       <Value>115</Value>
      </HeartRateBpm>
      <Cadence>73</Cadence>
      <Extensions>
       <Speed>6.360000</Speed>
      </Extensions>
     </Trackpoint>
     <Trackpoint>
      <Time>2026-06-10T07:54:32Z</Time>
      <Position>
       <LatitudeDegrees>35.7004167</LatitudeDegrees>
       <LongitudeDegrees>139.7952049</LongitudeDegrees>
      </Position>
      <AltitudeMeters>1</AltitudeMeters>
      <DistanceMeters>1208</DistanceMeters>
      <HeartRateBpm>
       <Value>115</Value>
      </HeartRateBpm>
      <Cadence>73</Cadence>
      <Extensions>
       <Speed>6.340000</Speed>
      </Extensions>
     </Trackpoint>
     <Trackpoint>
      <Time>2026-06-10T07:54:33Z</Time>
      <Position>
       <LatitudeDegrees>35.7004154</LatitudeDegrees>
       <LongitudeDegrees>139.7952230</LongitudeDegrees>
      </Position>
      <AltitudeMeters>1</AltitudeMeters>
      <DistanceMeters>1210</DistanceMeters>
      <HeartRateBpm>
       <Value>116</Value>
      </HeartRateBpm>
      <Cadence>73</Cadence>
      <Extensions>
       <Speed>6.320000</Speed>
      </Extensions>
     </Trackpoint>
     <Trackpoint>
      <Time>2026-06-10T07:54:34Z</Time>
      <Position>
       <LatitudeDegrees>35.7004141</LatitudeDegrees>
       <LongitudeDegrees>139.7952411</LongitudeDegrees>
      </Position>
      <AltitudeMeters>1</AltitudeMeters>
      <DistanceMeters>1211</DistanceMeters>
      <HeartRateBpm>
       <Value>116</Value>
      </HeartRateBpm>
      <Cadence>72</Cadence>
      <Extensions>
       <Speed>6.300000</Speed>
      </Extensions>
     </Trackpoint>
     <Trackpoint>
      <Time>2026-06-10T07:54:35Z</Time>
      <Position>
       <LatitudeDegrees>35.7004143</LatitudeDegrees>
       <LongitudeDegrees>139.7952581</LongitudeDegrees>
      </Position>
      <AltitudeMeters>1</AltitudeMeters>
      <DistanceMeters>1212</DistanceMeters>
      <HeartRateBpm>
       <Value>116</Value>
      </HeartRateBpm>
      <Cadence>72</Cadence>
      <Extensions>
       <Speed>6.290000</Speed>
      </Extensions>
     </Trackpoint>
     <Trackpoint>
      <Time>2026-06-10T07:54:36Z</Time>
      <Position>
       <LatitudeDegrees>35.7004146</LatitudeDegrees>
       <LongitudeDegrees>139.7952752</LongitudeDegrees>
      </Position>
      <AltitudeMeters>1</AltitudeMeters>
      <DistanceMeters>1214</DistanceMeters>
      <HeartRateBpm>
       <Value>116</Value>
      </HeartRateBpm>
      <Cadence>72</Cadence>
      <Extensions>
       <Speed>6.270000</Speed>
      </Extensions>
     </Trackpoint>
     <Trackpoint>
      <Time>2026-06-10T07:54:37Z</Time>
      <Position>
       <LatitudeDegrees>35.7004164</LatitudeDegrees>
       <LongitudeDegrees>139.7952926</LongitudeDegrees>
      </Position>
      <AltitudeMeters>1</AltitudeMeters>
      <DistanceMeters>1215</DistanceMeters>
      <HeartRateBpm>
       <Value>116</Value>
      </HeartRateBpm>
      <Cadence>73</Cadence>
      <Extensions>
       <Speed>6.260000</Speed>
      </Extensions>
     </Trackpoint>
     <Trackpoint>
      <Time>2026-06-10T07:54:38Z</Time>
      <Position>
       <LatitudeDegrees>35.7004183</LatitudeDegrees>
       <LongitudeDegrees>139.7953100</LongitudeDegrees>
      </Position>
      <AltitudeMeters>1</AltitudeMeters>
      <DistanceMeters>1217</DistanceMeters>
      <HeartRateBpm>
       <Value>116</Value>
      </HeartRateBpm>
      <Cadence>72</Cadence>
      <Extensions>
       <Speed>6.240000</Speed>
      </Extensions>
     </Trackpoint>
     <Trackpoint>
      <Time>2026-06-10T07:54:39Z</Time>
      <Position>
       <LatitudeDegrees>35.7004203</LatitudeDegrees>
       <LongitudeDegrees>139.7953282</LongitudeDegrees>
      </Position>
      <AltitudeMeters>1</AltitudeMeters>
      <DistanceMeters>1219</DistanceMeters>
      <HeartRateBpm>
       <Value>116</Value>
      </HeartRateBpm>
      <Cadence>72</Cadence>
      <Extensions>
       <Speed>6.220000</Speed>
      </Extensions>
     </Trackpoint>
     <Trackpoint>
      <Time>2026-06-10T07:54:40Z</Time>
      <Position>
       <LatitudeDegrees>35.7004223</LatitudeDegrees>
       <LongitudeDegrees>139.7953465</LongitudeDegrees>
      </Position>
      <AltitudeMeters>1</AltitudeMeters>
      <DistanceMeters>1220</DistanceMeters>
      <HeartRateBpm>
       <Value>116</Value>
      </HeartRateBpm>
      <Cadence>72</Cadence>
      <Extensions>
       <Speed>6.200000</Speed>
      </Extensions>
     </Trackpoint>
     <Trackpoint>
      <Time>2026-06-10T07:54:41Z</Time>
      <Position>
       <LatitudeDegrees>35.7004225</LatitudeDegrees>
       <LongitudeDegrees>139.7953642</LongitudeDegrees>
      </Position>
      <AltitudeMeters>1</AltitudeMeters>
      <DistanceMeters>1222</DistanceMeters>
      <HeartRateBpm>
       <Value>116</Value>
      </HeartRateBpm>
      <Cadence>72</Cadence>
      <Extensions>
       <Speed>6.190000</Speed>
      </Extensions>
     </Trackpoint>
     <Trackpoint>
      <Time>2026-06-10T07:54:42Z</Time>
      <Position>
       <LatitudeDegrees>35.7004227</LatitudeDegrees>
       <LongitudeDegrees>139.7953819</LongitudeDegrees>
      </Position>
      <AltitudeMeters>1</AltitudeMeters>
      <DistanceMeters>1224</DistanceMeters>
      <HeartRateBpm>
       <Value>116</Value>
      </HeartRateBpm>
      <Cadence>72</Cadence>
      <Extensions>
       <Speed>6.160000</Speed>
      </Extensions>
     </Trackpoint>
     <Trackpoint>
      <Time>2026-06-10T07:54:43Z</Time>
      <Position>
       <LatitudeDegrees>35.7004219</LatitudeDegrees>
       <LongitudeDegrees>139.7953995</LongitudeDegrees>
      </Position>
      <AltitudeMeters>1</AltitudeMeters>
      <DistanceMeters>1225</DistanceMeters>
      <HeartRateBpm>
       <Value>116</Value>
      </HeartRateBpm>
      <Cadence>72</Cadence>
      <Extensions>
       <Speed>6.130000</Speed>
      </Extensions>
     </Trackpoint>
     <Trackpoint>
      <Time>2026-06-10T07:54:44Z</Time>
      <Position>
       <LatitudeDegrees>35.7004212</LatitudeDegrees>
       <LongitudeDegrees>139.7954171</LongitudeDegrees>
      </Position>
      <AltitudeMeters>1</AltitudeMeters>
      <DistanceMeters>1227</DistanceMeters>
      <HeartRateBpm>
       <Value>117</Value>
      </HeartRateBpm>
      <Cadence>72</Cadence>
      <Extensions>
       <Speed>6.120000</Speed>
      </Extensions>
     </Trackpoint>
     <Trackpoint>
      <Time>2026-06-10T07:54:45Z</Time>
      <Position>
       <LatitudeDegrees>35.7004200</LatitudeDegrees>
       <LongitudeDegrees>139.7954358</LongitudeDegrees>
      </Position>
      <AltitudeMeters>1</AltitudeMeters>
      <DistanceMeters>1229</DistanceMeters>
      <HeartRateBpm>
       <Value>117</Value>
      </HeartRateBpm>
      <Cadence>72</Cadence>
      <Extensions>
       <Speed>6.110000</Speed>
      </Extensions>
     </Trackpoint>
     <Trackpoint>
      <Time>2026-06-10T07:54:46Z</Time>
      <Position>
       <LatitudeDegrees>35.7004188</LatitudeDegrees>
       <LongitudeDegrees>139.7954545</LongitudeDegrees>
      </Position>
      <AltitudeMeters>1</AltitudeMeters>
      <DistanceMeters>1231</DistanceMeters>
      <HeartRateBpm>
       <Value>117</Value>
      </HeartRateBpm>
      <Cadence>72</Cadence>
      <Extensions>
       <Speed>6.100000</Speed>
      </Extensions>
     </Trackpoint>
     <Trackpoint>
      <Time>2026-06-10T07:54:47Z</Time>
      <Position>
       <LatitudeDegrees>35.7004168</LatitudeDegrees>
       <LongitudeDegrees>139.7954749</LongitudeDegrees>
      </Position>
      <AltitudeMeters>0</AltitudeMeters>
      <DistanceMeters>1233</DistanceMeters>
      <HeartRateBpm>
       <Value>117</Value>
      </HeartRateBpm>
      <Cadence>72</Cadence>
      <Extensions>
       <Speed>6.090000</Speed>
      </Extensions>
     </Trackpoint>
     <Trackpoint>
      <Time>2026-06-10T07:54:48Z</Time>
      <Position>
       <LatitudeDegrees>35.7004149</LatitudeDegrees>
       <LongitudeDegrees>139.7954954</LongitudeDegrees>
      </Position>
      <AltitudeMeters>0</AltitudeMeters>
      <DistanceMeters>1234</DistanceMeters>
      <HeartRateBpm>
       <Value>116</Value>
      </HeartRateBpm>
      <Cadence>72</Cadence>
      <Extensions>
       <Speed>6.080000</Speed>
      </Extensions>
     </Trackpoint>
     <Trackpoint>
      <Time>2026-06-10T07:54:49Z</Time>
      <Position>
       <LatitudeDegrees>35.7004120</LatitudeDegrees>
       <LongitudeDegrees>139.7955156</LongitudeDegrees>
      </Position>
      <AltitudeMeters>0</AltitudeMeters>
      <DistanceMeters>1236</DistanceMeters>
      <HeartRateBpm>
       <Value>116</Value>
      </HeartRateBpm>
      <Cadence>72</Cadence>
      <Extensions>
       <Speed>6.080000</Speed>
      </Extensions>
     </Trackpoint>
     <Trackpoint>
      <Time>2026-06-10T07:54:50Z</Time>
      <Position>
       <LatitudeDegrees>35.7004092</LatitudeDegrees>
       <LongitudeDegrees>139.7955359</LongitudeDegrees>
      </Position>
      <AltitudeMeters>0</AltitudeMeters>
      <DistanceMeters>1238</DistanceMeters>
      <HeartRateBpm>
       <Value>116</Value>
      </HeartRateBpm>
      <Cadence>72</Cadence>
      <Extensions>
       <Speed>6.080000</Speed>
      </Extensions>
     </Trackpoint>
     <Trackpoint>
      <Time>2026-06-10T07:54:51Z</Time>
      <Position>
       <LatitudeDegrees>35.7004084</LatitudeDegrees>
       <LongitudeDegrees>139.7955561</LongitudeDegrees>
      </Position>
      <AltitudeMeters>0</AltitudeMeters>
      <DistanceMeters>1240</DistanceMeters>
      <HeartRateBpm>
       <Value>116</Value>
      </HeartRateBpm>
      <Cadence>72</Cadence>
      <Extensions>
       <Speed>6.080000</Speed>
      </Extensions>
     </Trackpoint>
     <Trackpoint>
      <Time>2026-06-10T07:54:52Z</Time>
      <Position>
       <LatitudeDegrees>35.7004076</LatitudeDegrees>
       <LongitudeDegrees>139.7955764</LongitudeDegrees>
      </Position>
      <AltitudeMeters>0</AltitudeMeters>
      <DistanceMeters>1242</DistanceMeters>
      <HeartRateBpm>
       <Value>116</Value>
      </HeartRateBpm>
      <Cadence>72</Cadence>
      <Extensions>
       <Speed>6.110000</Speed>
      </Extensions>
     </Trackpoint>
     <Trackpoint>
      <Time>2026-06-10T07:54:53Z</Time>
      <Position>
       <LatitudeDegrees>35.7004080</LatitudeDegrees>
       <LongitudeDegrees>139.7955973</LongitudeDegrees>
      </Position>
      <AltitudeMeters>0</AltitudeMeters>
      <DistanceMeters>1244</DistanceMeters>
      <HeartRateBpm>
       <Value>117</Value>
      </HeartRateBpm>
      <Cadence>72</Cadence>
      <Extensions>
       <Speed>6.150000</Speed>
      </Extensions>
     </Trackpoint>
     <Trackpoint>
      <Time>2026-06-10T07:54:54Z</Time>
      <Position>
       <LatitudeDegrees>35.7004085</LatitudeDegrees>
       <LongitudeDegrees>139.7956183</LongitudeDegrees>
      </Position>
      <AltitudeMeters>0</AltitudeMeters>
      <DistanceMeters>1246</DistanceMeters>
      <HeartRateBpm>
       <Value>117</Value>
      </HeartRateBpm>
      <Cadence>72</Cadence>
      <Extensions>
       <Speed>6.160000</Speed>
      </Extensions>
     </Trackpoint>
     <Trackpoint>
      <Time>2026-06-10T07:54:55Z</Time>
      <Position>
       <LatitudeDegrees>35.7004086</LatitudeDegrees>
       <LongitudeDegrees>139.7956376</LongitudeDegrees>
      </Position>
      <AltitudeMeters>0</AltitudeMeters>
      <DistanceMeters>1247</DistanceMeters>
      <HeartRateBpm>
       <Value>117</Value>
      </HeartRateBpm>
      <Cadence>72</Cadence>
      <Extensions>
       <Speed>6.180000</Speed>
      </Extensions>
     </Trackpoint>
     <Trackpoint>
      <Time>2026-06-10T07:54:56Z</Time>
      <Position>
       <LatitudeDegrees>35.7004087</LatitudeDegrees>
       <LongitudeDegrees>139.7956569</LongitudeDegrees>
      </Position>
      <AltitudeMeters>0</AltitudeMeters>
      <DistanceMeters>1248</DistanceMeters>
      <HeartRateBpm>
       <Value>117</Value>
      </HeartRateBpm>
      <Cadence>72</Cadence>
      <Extensions>
       <Speed>6.210000</Speed>
      </Extensions>
     </Trackpoint>
     <Trackpoint>
      <Time>2026-06-10T07:54:57Z</Time>
      <Position>
       <LatitudeDegrees>35.7004076</LatitudeDegrees>
       <LongitudeDegrees>139.7956747</LongitudeDegrees>
      </Position>
      <AltitudeMeters>0</AltitudeMeters>
      <DistanceMeters>1250</DistanceMeters>
      <HeartRateBpm>
       <Value>117</Value>
      </HeartRateBpm>
      <Cadence>73</Cadence>
      <Extensions>
       <Speed>6.240000</Speed>
      </Extensions>
     </Trackpoint>
     <Trackpoint>
      <Time>2026-06-10T07:54:58Z</Time>
      <Position>
       <LatitudeDegrees>35.7004066</LatitudeDegrees>
       <LongitudeDegrees>139.7956926</LongitudeDegrees>
      </Position>
      <AltitudeMeters>0</AltitudeMeters>
      <DistanceMeters>1252</DistanceMeters>
      <HeartRateBpm>
       <Value>117</Value>
      </HeartRateBpm>
      <Cadence>73</Cadence>
      <Extensions>
       <Speed>6.250000</Speed>
      </Extensions>
     </Trackpoint>
     <Trackpoint>
      <Time>2026-06-10T07:54:59Z</Time>
      <Position>
       <LatitudeDegrees>35.7004052</LatitudeDegrees>
       <LongitudeDegrees>139.7957083</LongitudeDegrees>
      </Position>
      <AltitudeMeters>0</AltitudeMeters>
      <DistanceMeters>1253</DistanceMeters>
      <HeartRateBpm>
       <Value>117</Value>
      </HeartRateBpm>
      <Cadence>73</Cadence>
      <Extensions>
       <Speed>6.260000</Speed>
      </Extensions>
     </Trackpoint>
     <Trackpoint>
      <Time>2026-06-10T07:55:00Z</Time>
      <Position>
       <LatitudeDegrees>35.7004039</LatitudeDegrees>
       <LongitudeDegrees>139.7957240</LongitudeDegrees>
      </Position>
      <AltitudeMeters>0</AltitudeMeters>
      <DistanceMeters>1254</DistanceMeters>
      <HeartRateBpm>
       <Value>117</Value>
      </HeartRateBpm>
      <Cadence>73</Cadence>
      <Extensions>
       <Speed>6.250000</Speed>
      </Extensions>
     </Trackpoint>
     <Trackpoint>
      <Time>2026-06-10T07:55:01Z</Time>
      <Position>
       <LatitudeDegrees>35.7004015</LatitudeDegrees>
       <LongitudeDegrees>139.7957410</LongitudeDegrees>
      </Position>
      <AltitudeMeters>0</AltitudeMeters>
      <DistanceMeters>1256</DistanceMeters>
      <HeartRateBpm>
       <Value>117</Value>
      </HeartRateBpm>
      <Cadence>73</Cadence>
      <Extensions>
       <Speed>6.250000</Speed>
      </Extensions>
     </Trackpoint>
     <Trackpoint>
      <Time>2026-06-10T07:55:02Z</Time>
      <Position>
       <LatitudeDegrees>35.7003991</LatitudeDegrees>
       <LongitudeDegrees>139.7957581</LongitudeDegrees>
      </Position>
      <AltitudeMeters>0</AltitudeMeters>
      <DistanceMeters>1258</DistanceMeters>
      <HeartRateBpm>
       <Value>116</Value>
      </HeartRateBpm>
      <Cadence>73</Cadence>
      <Extensions>
       <Speed>6.240000</Speed>
      </Extensions>
     </Trackpoint>
     <Trackpoint>
      <Time>2026-06-10T07:55:03Z</Time>
      <Position>
       <LatitudeDegrees>35.7003953</LatitudeDegrees>
       <LongitudeDegrees>139.7957772</LongitudeDegrees>
      </Position>
      <AltitudeMeters>0</AltitudeMeters>
      <DistanceMeters>1260</DistanceMeters>
      <HeartRateBpm>
       <Value>116</Value>
      </HeartRateBpm>
      <Cadence>73</Cadence>
      <Extensions>
       <Speed>6.240000</Speed>
      </Extensions>
     </Trackpoint>
     <Trackpoint>
      <Time>2026-06-10T07:55:04Z</Time>
      <Position>
       <LatitudeDegrees>35.7003916</LatitudeDegrees>
       <LongitudeDegrees>139.7957963</LongitudeDegrees>
      </Position>
      <AltitudeMeters>0</AltitudeMeters>
      <DistanceMeters>1262</DistanceMeters>
      <HeartRateBpm>
       <Value>116</Value>
      </HeartRateBpm>
      <Cadence>73</Cadence>
      <Extensions>
       <Speed>6.230000</Speed>
      </Extensions>
     </Trackpoint>
     <Trackpoint>
      <Time>2026-06-10T07:55:05Z</Time>
      <Position>
       <LatitudeDegrees>35.7003867</LatitudeDegrees>
       <LongitudeDegrees>139.7958143</LongitudeDegrees>
      </Position>
      <AltitudeMeters>0</AltitudeMeters>
      <DistanceMeters>1263</DistanceMeters>
      <HeartRateBpm>
       <Value>116</Value>
      </HeartRateBpm>
      <Cadence>73</Cadence>
      <Extensions>
       <Speed>6.230000</Speed>
      </Extensions>
     </Trackpoint>
     <Trackpoint>
      <Time>2026-06-10T07:55:06Z</Time>
      <Position>
       <LatitudeDegrees>35.7003818</LatitudeDegrees>
       <LongitudeDegrees>139.7958324</LongitudeDegrees>
      </Position>
      <AltitudeMeters>-1</AltitudeMeters>
      <DistanceMeters>1265</DistanceMeters>
      <HeartRateBpm>
       <Value>116</Value>
      </HeartRateBpm>
      <Cadence>72</Cadence>
      <Extensions>
       <Speed>6.230000</Speed>
      </Extensions>
     </Trackpoint>
     <Trackpoint>
      <Time>2026-06-10T07:55:07Z</Time>
      <Position>
       <LatitudeDegrees>35.7003767</LatitudeDegrees>
       <LongitudeDegrees>139.7958496</LongitudeDegrees>
      </Position>
      <AltitudeMeters>-1</AltitudeMeters>
      <DistanceMeters>1267</DistanceMeters>
      <HeartRateBpm>
       <Value>116</Value>
      </HeartRateBpm>
      <Cadence>72</Cadence>
      <Extensions>
       <Speed>6.240000</Speed>
      </Extensions>
     </Trackpoint>
     <Trackpoint>
      <Time>2026-06-10T07:55:08Z</Time>
      <Position>
       <LatitudeDegrees>35.7003717</LatitudeDegrees>
       <LongitudeDegrees>139.7958669</LongitudeDegrees>
      </Position>
      <AltitudeMeters>-1</AltitudeMeters>
      <DistanceMeters>1268</DistanceMeters>
      <HeartRateBpm>
       <Value>116</Value>
      </HeartRateBpm>
      <Cadence>72</Cadence>
      <Extensions>
       <Speed>6.240000</Speed>
      </Extensions>
     </Trackpoint>
     <Trackpoint>
      <Time>2026-06-10T07:55:09Z</Time>
      <Position>
       <LatitudeDegrees>35.7003659</LatitudeDegrees>
       <LongitudeDegrees>139.7958847</LongitudeDegrees>
      </Position>
      <AltitudeMeters>-1</AltitudeMeters>
      <DistanceMeters>1270</DistanceMeters>
      <HeartRateBpm>
       <Value>116</Value>
      </HeartRateBpm>
      <Cadence>72</Cadence>
      <Extensions>
       <Speed>6.240000</Speed>
      </Extensions>
     </Trackpoint>
     <Trackpoint>
      <Time>2026-06-10T07:55:10Z</Time>
      <Position>
       <LatitudeDegrees>35.7003601</LatitudeDegrees>
       <LongitudeDegrees>139.7959026</LongitudeDegrees>
      </Position>
      <AltitudeMeters>-1</AltitudeMeters>
      <DistanceMeters>1272</DistanceMeters>
      <HeartRateBpm>
       <Value>116</Value>
      </HeartRateBpm>
      <Cadence>72</Cadence>
      <Extensions>
       <Speed>6.240000</Speed>
      </Extensions>
     </Trackpoint>
     <Trackpoint>
      <Time>2026-06-10T07:55:11Z</Time>
      <Position>
       <LatitudeDegrees>35.7003545</LatitudeDegrees>
       <LongitudeDegrees>139.7959205</LongitudeDegrees>
      </Position>
      <AltitudeMeters>-1</AltitudeMeters>
      <DistanceMeters>1274</DistanceMeters>
      <HeartRateBpm>
       <Value>116</Value>
      </HeartRateBpm>
      <Cadence>72</Cadence>
      <Extensions>
       <Speed>6.240000</Speed>
      </Extensions>
     </Trackpoint>
     <Trackpoint>
      <Time>2026-06-10T07:55:12Z</Time>
      <Position>
       <LatitudeDegrees>35.7003489</LatitudeDegrees>
       <LongitudeDegrees>139.7959385</LongitudeDegrees>
      </Position>
      <AltitudeMeters>-1</AltitudeMeters>
      <DistanceMeters>1275</DistanceMeters>
      <HeartRateBpm>
       <Value>116</Value>
      </HeartRateBpm>
      <Cadence>72</Cadence>
      <Extensions>
       <Speed>6.240000</Speed>
      </Extensions>
     </Trackpoint>
     <Trackpoint>
      <Time>2026-06-10T07:55:13Z</Time>
      <Position>
       <LatitudeDegrees>35.7003444</LatitudeDegrees>
       <LongitudeDegrees>139.7959552</LongitudeDegrees>
      </Position>
      <AltitudeMeters>-1</AltitudeMeters>
      <DistanceMeters>1276</DistanceMeters>
      <HeartRateBpm>
       <Value>116</Value>
      </HeartRateBpm>
      <Cadence>72</Cadence>
      <Extensions>
       <Speed>6.250000</Speed>
      </Extensions>
     </Trackpoint>
     <Trackpoint>
      <Time>2026-06-10T07:55:14Z</Time>
      <Position>
       <LatitudeDegrees>35.7003400</LatitudeDegrees>
       <LongitudeDegrees>139.7959720</LongitudeDegrees>
      </Position>
      <AltitudeMeters>-1</AltitudeMeters>
      <DistanceMeters>1278</DistanceMeters>
      <HeartRateBpm>
       <Value>116</Value>
      </HeartRateBpm>
      <Cadence>72</Cadence>
      <Extensions>
       <Speed>6.250000</Speed>
      </Extensions>
     </Trackpoint>
     <Trackpoint>
      <Time>2026-06-10T07:55:15Z</Time>
      <Position>
       <LatitudeDegrees>35.7003369</LatitudeDegrees>
       <LongitudeDegrees>139.7959889</LongitudeDegrees>
      </Position>
      <AltitudeMeters>-1</AltitudeMeters>
      <DistanceMeters>1280</DistanceMeters>
      <HeartRateBpm>
       <Value>117</Value>
      </HeartRateBpm>
      <Cadence>72</Cadence>
      <Extensions>
       <Speed>6.250000</Speed>
      </Extensions>
     </Trackpoint>
     <Trackpoint>
      <Time>2026-06-10T07:55:16Z</Time>
      <Position>
       <LatitudeDegrees>35.7003339</LatitudeDegrees>
       <LongitudeDegrees>139.7960058</LongitudeDegrees>
      </Position>
      <AltitudeMeters>-1</AltitudeMeters>
      <DistanceMeters>1282</DistanceMeters>
      <HeartRateBpm>
       <Value>117</Value>
      </HeartRateBpm>
      <Cadence>72</Cadence>
      <Extensions>
       <Speed>6.240000</Speed>
      </Extensions>
     </Trackpoint>
     <Trackpoint>
      <Time>2026-06-10T07:55:17Z</Time>
      <Position>
       <LatitudeDegrees>35.7003305</LatitudeDegrees>
       <LongitudeDegrees>139.7960218</LongitudeDegrees>
      </Position>
      <AltitudeMeters>-1</AltitudeMeters>
      <DistanceMeters>1283</DistanceMeters>
      <HeartRateBpm>
       <Value>117</Value>
      </HeartRateBpm>
      <Cadence>72</Cadence>
      <Extensions>
       <Speed>6.230000</Speed>
      </Extensions>
     </Trackpoint>
     <Trackpoint>
      <Time>2026-06-10T07:55:18Z</Time>
      <Position>
       <LatitudeDegrees>35.7003271</LatitudeDegrees>
       <LongitudeDegrees>139.7960378</LongitudeDegrees>
      </Position>
      <AltitudeMeters>-1</AltitudeMeters>
      <DistanceMeters>1284</DistanceMeters>
      <HeartRateBpm>
       <Value>117</Value>
      </HeartRateBpm>
      <Cadence>72</Cadence>
      <Extensions>
       <Speed>6.210000</Speed>
      </Extensions>
     </Trackpoint>
     <Trackpoint>
      <Time>2026-06-10T07:55:19Z</Time>
      <Position>
       <LatitudeDegrees>35.7003241</LatitudeDegrees>
       <LongitudeDegrees>139.7960534</LongitudeDegrees>
      </Position>
      <AltitudeMeters>-1</AltitudeMeters>
      <DistanceMeters>1285</DistanceMeters>
      <HeartRateBpm>
       <Value>117</Value>
      </HeartRateBpm>
      <Cadence>72</Cadence>
      <Extensions>
       <Speed>6.200000</Speed>
      </Extensions>
     </Trackpoint>
     <Trackpoint>
      <Time>2026-06-10T07:55:20Z</Time>
      <Position>
       <LatitudeDegrees>35.7003211</LatitudeDegrees>
       <LongitudeDegrees>139.7960691</LongitudeDegrees>
      </Position>
      <AltitudeMeters>-1</AltitudeMeters>
      <DistanceMeters>1287</DistanceMeters>
      <HeartRateBpm>
       <Value>117</Value>
      </HeartRateBpm>
      <Cadence>72</Cadence>
      <Extensions>
       <Speed>6.180000</Speed>
      </Extensions>
     </Trackpoint>
     <Trackpoint>
      <Time>2026-06-10T07:55:21Z</Time>
      <Position>
       <LatitudeDegrees>35.7003202</LatitudeDegrees>
       <LongitudeDegrees>139.7960868</LongitudeDegrees>
      </Position>
      <AltitudeMeters>-1</AltitudeMeters>
      <DistanceMeters>1289</DistanceMeters>
      <HeartRateBpm>
       <Value>117</Value>
      </HeartRateBpm>
      <Cadence>72</Cadence>
      <Extensions>
       <Speed>6.170000</Speed>
      </Extensions>
     </Trackpoint>
     <Trackpoint>
      <Time>2026-06-10T07:55:22Z</Time>
      <Position>
       <LatitudeDegrees>35.7003193</LatitudeDegrees>
       <LongitudeDegrees>139.7961045</LongitudeDegrees>
      </Position>
      <AltitudeMeters>-1</AltitudeMeters>
      <DistanceMeters>1291</DistanceMeters>
      <HeartRateBpm>
       <Value>118</Value>
      </HeartRateBpm>
      <Cadence>72</Cadence>
      <Extensions>
       <Speed>6.160000</Speed>
      </Extensions>
     </Trackpoint>
     <Trackpoint>
      <Time>2026-06-10T07:55:23Z</Time>
      <Position>
       <LatitudeDegrees>35.7003188</LatitudeDegrees>
       <LongitudeDegrees>139.7961235</LongitudeDegrees>
      </Position>
      <AltitudeMeters>-1</AltitudeMeters>
      <DistanceMeters>1293</DistanceMeters>
      <HeartRateBpm>
       <Value>118</Value>
      </HeartRateBpm>
      <Cadence>72</Cadence>
      <Extensions>
       <Speed>6.150000</Speed>
      </Extensions>
     </Trackpoint>
     <Trackpoint>
      <Time>2026-06-10T07:55:24Z</Time>
      <Position>
       <LatitudeDegrees>35.7003183</LatitudeDegrees>
       <LongitudeDegrees>139.7961425</LongitudeDegrees>
      </Position>
      <AltitudeMeters>-1</AltitudeMeters>
      <DistanceMeters>1294</DistanceMeters>
      <HeartRateBpm>
       <Value>118</Value>
      </HeartRateBpm>
      <Cadence>72</Cadence>
      <Extensions>
       <Speed>6.140000</Speed>
      </Extensions>
     </Trackpoint>
     <Trackpoint>
      <Time>2026-06-10T07:55:25Z</Time>
      <Position>
       <LatitudeDegrees>35.7003178</LatitudeDegrees>
       <LongitudeDegrees>139.7961617</LongitudeDegrees>
      </Position>
      <AltitudeMeters>-1</AltitudeMeters>
      <DistanceMeters>1296</DistanceMeters>
      <HeartRateBpm>
       <Value>118</Value>
      </HeartRateBpm>
      <Cadence>72</Cadence>
      <Extensions>
       <Speed>6.140000</Speed>
      </Extensions>
     </Trackpoint>
     <Trackpoint>
      <Time>2026-06-10T07:55:26Z</Time>
      <Position>
       <LatitudeDegrees>35.7003174</LatitudeDegrees>
       <LongitudeDegrees>139.7961810</LongitudeDegrees>
      </Position>
      <AltitudeMeters>-1</AltitudeMeters>
      <DistanceMeters>1298</DistanceMeters>
      <HeartRateBpm>
       <Value>118</Value>
      </HeartRateBpm>
      <Cadence>72</Cadence>
      <Extensions>
       <Speed>6.130000</Speed>
      </Extensions>
     </Trackpoint>
     <Trackpoint>
      <Time>2026-06-10T07:55:27Z</Time>
      <Position>
       <LatitudeDegrees>35.7003208</LatitudeDegrees>
       <LongitudeDegrees>139.7962004</LongitudeDegrees>
      </Position>
      <AltitudeMeters>-1</AltitudeMeters>
      <DistanceMeters>1300</DistanceMeters>
      <HeartRateBpm>
       <Value>119</Value>
      </HeartRateBpm>
      <Cadence>72</Cadence>
      <Extensions>
       <Speed>6.130000</Speed>
      </Extensions>
     </Trackpoint>
     <Trackpoint>
      <Time>2026-06-10T07:55:28Z</Time>
      <Position>
       <LatitudeDegrees>35.7003243</LatitudeDegrees>
       <LongitudeDegrees>139.7962198</LongitudeDegrees>
      </Position>
      <AltitudeMeters>-1</AltitudeMeters>
      <DistanceMeters>1302</DistanceMeters>
      <HeartRateBpm>
       <Value>119</Value>
      </HeartRateBpm>
      <Cadence>72</Cadence>
      <Extensions>
       <Speed>6.120000</Speed>
      </Extensions>
     </Trackpoint>
     <Trackpoint>
      <Time>2026-06-10T07:55:29Z</Time>
      <Position>
       <LatitudeDegrees>35.7003299</LatitudeDegrees>
       <LongitudeDegrees>139.7962391</LongitudeDegrees>
      </Position>
      <AltitudeMeters>-1</AltitudeMeters>
      <DistanceMeters>1304</DistanceMeters>
      <HeartRateBpm>
       <Value>119</Value>
      </HeartRateBpm>
      <Cadence>72</Cadence>
      <Extensions>
       <Speed>6.120000</Speed>
      </Extensions>
     </Trackpoint>
     <Trackpoint>
      <Time>2026-06-10T07:55:30Z</Time>
      <Position>
       <LatitudeDegrees>35.7003355</LatitudeDegrees>
       <LongitudeDegrees>139.7962584</LongitudeDegrees>
      </Position>
      <AltitudeMeters>-1</AltitudeMeters>
      <DistanceMeters>1306</DistanceMeters>
      <HeartRateBpm>
       <Value>119</Value>
      </HeartRateBpm>
      <Cadence>72</Cadence>
      <Extensions>
       <Speed>6.120000</Speed>
      </Extensions>
     </Trackpoint>
     <Trackpoint>
      <Time>2026-06-10T07:55:31Z</Time>
      <Position>
       <LatitudeDegrees>35.7003399</LatitudeDegrees>
       <LongitudeDegrees>139.7962766</LongitudeDegrees>
      </Position>
      <AltitudeMeters>-1</AltitudeMeters>
      <DistanceMeters>1307</DistanceMeters>
      <HeartRateBpm>
       <Value>118</Value>
      </HeartRateBpm>
      <Cadence>72</Cadence>
      <Extensions>
       <Speed>6.130000</Speed>
      </Extensions>
     </Trackpoint>
     <Trackpoint>
      <Time>2026-06-10T07:55:32Z</Time>
      <Position>
       <LatitudeDegrees>35.7003443</LatitudeDegrees>
       <LongitudeDegrees>139.7962949</LongitudeDegrees>
      </Position>
      <AltitudeMeters>-1</AltitudeMeters>
      <DistanceMeters>1308</DistanceMeters>
      <HeartRateBpm>
       <Value>119</Value>
      </HeartRateBpm>
      <Cadence>72</Cadence>
      <Extensions>
       <Speed>6.130000</Speed>
      </Extensions>
     </Trackpoint>
     <Trackpoint>
      <Time>2026-06-10T07:55:33Z</Time>
      <Position>
       <LatitudeDegrees>35.7003457</LatitudeDegrees>
       <LongitudeDegrees>139.7963121</LongitudeDegrees>
      </Position>
      <AltitudeMeters>-1</AltitudeMeters>
      <DistanceMeters>1310</DistanceMeters>
      <HeartRateBpm>
       <Value>118</Value>
      </HeartRateBpm>
      <Cadence>73</Cadence>
      <Extensions>
       <Speed>6.140000</Speed>
      </Extensions>
     </Trackpoint>
     <Trackpoint>
      <Time>2026-06-10T07:55:34Z</Time>
      <Position>
       <LatitudeDegrees>35.7003471</LatitudeDegrees>
       <LongitudeDegrees>139.7963293</LongitudeDegrees>
      </Position>
      <AltitudeMeters>-1</AltitudeMeters>
      <DistanceMeters>1311</DistanceMeters>
      <HeartRateBpm>
       <Value>118</Value>
      </HeartRateBpm>
      <Cadence>73</Cadence>
      <Extensions>
       <Speed>6.140000</Speed>
      </Extensions>
     </Trackpoint>
     <Trackpoint>
      <Time>2026-06-10T07:55:35Z</Time>
      <Position>
       <LatitudeDegrees>35.7003463</LatitudeDegrees>
       <LongitudeDegrees>139.7963455</LongitudeDegrees>
      </Position>
      <AltitudeMeters>-1</AltitudeMeters>
      <DistanceMeters>1312</DistanceMeters>
      <HeartRateBpm>
       <Value>119</Value>
      </HeartRateBpm>
      <Cadence>73</Cadence>
      <Extensions>
       <Speed>6.140000</Speed>
      </Extensions>
     </Trackpoint>
     <Trackpoint>
      <Time>2026-06-10T07:55:36Z</Time>
      <Position>
       <LatitudeDegrees>35.7003455</LatitudeDegrees>
       <LongitudeDegrees>139.7963618</LongitudeDegrees>
      </Position>
      <AltitudeMeters>-1</AltitudeMeters>
      <DistanceMeters>1314</DistanceMeters>
      <HeartRateBpm>
       <Value>119</Value>
      </HeartRateBpm>
      <Cadence>73</Cadence>
      <Extensions>
       <Speed>6.130000</Speed>
      </Extensions>
     </Trackpoint>
     <Trackpoint>
      <Time>2026-06-10T07:55:37Z</Time>
      <Position>
       <LatitudeDegrees>35.7003428</LatitudeDegrees>
       <LongitudeDegrees>139.7963774</LongitudeDegrees>
      </Position>
      <AltitudeMeters>-1</AltitudeMeters>
      <DistanceMeters>1315</DistanceMeters>
      <HeartRateBpm>
       <Value>119</Value>
      </HeartRateBpm>
      <Cadence>73</Cadence>
      <Extensions>
       <Speed>6.120000</Speed>
      </Extensions>
     </Trackpoint>
     <Trackpoint>
      <Time>2026-06-10T07:55:38Z</Time>
      <Position>
       <LatitudeDegrees>35.7003401</LatitudeDegrees>
       <LongitudeDegrees>139.7963931</LongitudeDegrees>
      </Position>
      <AltitudeMeters>-1</AltitudeMeters>
      <DistanceMeters>1317</DistanceMeters>
      <HeartRateBpm>
       <Value>120</Value>
      </HeartRateBpm>
      <Cadence>73</Cadence>
      <Extensions>
       <Speed>6.110000</Speed>
      </Extensions>
     </Trackpoint>
     <Trackpoint>
      <Time>2026-06-10T07:55:39Z</Time>
      <Position>
       <LatitudeDegrees>35.7003358</LatitudeDegrees>
       <LongitudeDegrees>139.7964096</LongitudeDegrees>
      </Position>
      <AltitudeMeters>-1</AltitudeMeters>
      <DistanceMeters>1319</DistanceMeters>
      <HeartRateBpm>
       <Value>120</Value>
      </HeartRateBpm>
      <Cadence>73</Cadence>
      <Extensions>
       <Speed>6.100000</Speed>
      </Extensions>
     </Trackpoint>
     <Trackpoint>
      <Time>2026-06-10T07:55:40Z</Time>
      <Position>
       <LatitudeDegrees>35.7003315</LatitudeDegrees>
       <LongitudeDegrees>139.7964261</LongitudeDegrees>
      </Position>
      <AltitudeMeters>-1</AltitudeMeters>
      <DistanceMeters>1320</DistanceMeters>
      <HeartRateBpm>
       <Value>120</Value>
      </HeartRateBpm>
      <Cadence>72</Cadence>
      <Extensions>
       <Speed>6.070000</Speed>
      </Extensions>
     </Trackpoint>
     <Trackpoint>
      <Time>2026-06-10T07:55:41Z</Time>
      <Position>
       <LatitudeDegrees>35.7003278</LatitudeDegrees>
       <LongitudeDegrees>139.7964439</LongitudeDegrees>
      </Position>
      <AltitudeMeters>-1</AltitudeMeters>
      <DistanceMeters>1322</DistanceMeters>
      <HeartRateBpm>
       <Value>120</Value>
      </HeartRateBpm>
      <Cadence>72</Cadence>
      <Extensions>
       <Speed>6.040000</Speed>
      </Extensions>
     </Trackpoint>
     <Trackpoint>
      <Time>2026-06-10T07:55:42Z</Time>
      <Position>
       <LatitudeDegrees>35.7003241</LatitudeDegrees>
       <LongitudeDegrees>139.7964617</LongitudeDegrees>
      </Position>
      <AltitudeMeters>-1</AltitudeMeters>
      <DistanceMeters>1324</DistanceMeters>
      <HeartRateBpm>
       <Value>120</Value>
      </HeartRateBpm>
      <Cadence>72</Cadence>
      <Extensions>
       <Speed>6.020000</Speed>
      </Extensions>
     </Trackpoint>
     <Trackpoint>
      <Time>2026-06-10T07:55:43Z</Time>
      <Position>
       <LatitudeDegrees>35.7003207</LatitudeDegrees>
       <LongitudeDegrees>139.7964798</LongitudeDegrees>
      </Position>
      <AltitudeMeters>-1</AltitudeMeters>
      <DistanceMeters>1325</DistanceMeters>
      <HeartRateBpm>
       <Value>120</Value>
      </HeartRateBpm>
      <Cadence>72</Cadence>
      <Extensions>
       <Speed>6.000000</Speed>
      </Extensions>
     </Trackpoint>
     <Trackpoint>
      <Time>2026-06-10T07:55:44Z</Time>
      <Position>
       <LatitudeDegrees>35.7003174</LatitudeDegrees>
       <LongitudeDegrees>139.7964979</LongitudeDegrees>
      </Position>
      <AltitudeMeters>-1</AltitudeMeters>
      <DistanceMeters>1327</DistanceMeters>
      <HeartRateBpm>
       <Value>120</Value>
      </HeartRateBpm>
      <Cadence>72</Cadence>
      <Extensions>
       <Speed>6.000000</Speed>
      </Extensions>
     </Trackpoint>
     <Trackpoint>
      <Time>2026-06-10T07:55:45Z</Time>
      <Position>
       <LatitudeDegrees>35.7003146</LatitudeDegrees>
       <LongitudeDegrees>139.7965161</LongitudeDegrees>
      </Position>
      <AltitudeMeters>-1</AltitudeMeters>
      <DistanceMeters>1329</DistanceMeters>
      <HeartRateBpm>
       <Value>120</Value>
      </HeartRateBpm>
      <Cadence>72</Cadence>
      <Extensions>
       <Speed>6.000000</Speed>
      </Extensions>
     </Trackpoint>
     <Trackpoint>
      <Time>2026-06-10T07:55:46Z</Time>
      <Position>
       <LatitudeDegrees>35.7003118</LatitudeDegrees>
       <LongitudeDegrees>139.7965344</LongitudeDegrees>
      </Position>
      <AltitudeMeters>-1</AltitudeMeters>
      <DistanceMeters>1330</DistanceMeters>
      <HeartRateBpm>
       <Value>120</Value>
      </HeartRateBpm>
      <Cadence>72</Cadence>
      <Extensions>
       <Speed>5.990000</Speed>
      </Extensions>
     </Trackpoint>
     <Trackpoint>
      <Time>2026-06-10T07:55:47Z</Time>
      <Position>
       <LatitudeDegrees>35.7003108</LatitudeDegrees>
       <LongitudeDegrees>139.7965537</LongitudeDegrees>
      </Position>
      <AltitudeMeters>-1</AltitudeMeters>
      <DistanceMeters>1332</DistanceMeters>
      <HeartRateBpm>
       <Value>120</Value>
      </HeartRateBpm>
      <Cadence>73</Cadence>
      <Extensions>
       <Speed>5.990000</Speed>
      </Extensions>
     </Trackpoint>
     <Trackpoint>
      <Time>2026-06-10T07:55:48Z</Time>
      <Position>
       <LatitudeDegrees>35.7003098</LatitudeDegrees>
       <LongitudeDegrees>139.7965730</LongitudeDegrees>
      </Position>
      <AltitudeMeters>-1</AltitudeMeters>
      <DistanceMeters>1334</DistanceMeters>
      <HeartRateBpm>
       <Value>120</Value>
      </HeartRateBpm>
      <Cadence>73</Cadence>
      <Extensions>
       <Speed>5.990000</Speed>
      </Extensions>
     </Trackpoint>
     <Trackpoint>
      <Time>2026-06-10T07:55:49Z</Time>
      <Position>
       <LatitudeDegrees>35.7003095</LatitudeDegrees>
       <LongitudeDegrees>139.7965948</LongitudeDegrees>
      </Position>
      <AltitudeMeters>-1</AltitudeMeters>
      <DistanceMeters>1337</DistanceMeters>
      <HeartRateBpm>
       <Value>120</Value>
      </HeartRateBpm>
      <Cadence>74</Cadence>
      <Extensions>
       <Speed>5.990000</Speed>
      </Extensions>
     </Trackpoint>
     <Trackpoint>
      <Time>2026-06-10T07:55:50Z</Time>
      <Position>
       <LatitudeDegrees>35.7003092</LatitudeDegrees>
       <LongitudeDegrees>139.7966167</LongitudeDegrees>
      </Position>
      <AltitudeMeters>-1</AltitudeMeters>
      <DistanceMeters>1339</DistanceMeters>
      <HeartRateBpm>
       <Value>121</Value>
      </HeartRateBpm>
      <Cadence>75</Cadence>
      <Extensions>
       <Speed>6.060000</Speed>
      </Extensions>
     </Trackpoint>
     <Trackpoint>
      <Time>2026-06-10T07:55:51Z</Time>
      <Position>
       <LatitudeDegrees>35.7003079</LatitudeDegrees>
       <LongitudeDegrees>139.7966404</LongitudeDegrees>
      </Position>
      <AltitudeMeters>-1</AltitudeMeters>
      <DistanceMeters>1341</DistanceMeters>
      <HeartRateBpm>
       <Value>121</Value>
      </HeartRateBpm>
      <Cadence>76</Cadence>
      <Extensions>
       <Speed>6.140000</Speed>
      </Extensions>
     </Trackpoint>
     <Trackpoint>
      <Time>2026-06-10T07:55:52Z</Time>
      <Position>
       <LatitudeDegrees>35.7003067</LatitudeDegrees>
       <LongitudeDegrees>139.7966641</LongitudeDegrees>
      </Position>
      <AltitudeMeters>-1</AltitudeMeters>
      <DistanceMeters>1344</DistanceMeters>
      <HeartRateBpm>
       <Value>121</Value>
      </HeartRateBpm>
      <Cadence>77</Cadence>
      <Extensions>
       <Speed>6.290000</Speed>
      </Extensions>
     </Trackpoint>
     <Trackpoint>
      <Time>2026-06-10T07:55:53Z</Time>
      <Position>
       <LatitudeDegrees>35.7003074</LatitudeDegrees>
       <LongitudeDegrees>139.7966896</LongitudeDegrees>
      </Position>
      <AltitudeMeters>-1</AltitudeMeters>
      <DistanceMeters>1346</DistanceMeters>
      <HeartRateBpm>
       <Value>121</Value>
      </HeartRateBpm>
      <Cadence>78</Cadence>
      <Extensions>
       <Speed>6.440000</Speed>
      </Extensions>
     </Trackpoint>
     <Trackpoint>
      <Time>2026-06-10T07:55:54Z</Time>
      <Position>
       <LatitudeDegrees>35.7003081</LatitudeDegrees>
       <LongitudeDegrees>139.7967152</LongitudeDegrees>
      </Position>
      <AltitudeMeters>-1</AltitudeMeters>
      <DistanceMeters>1348</DistanceMeters>
      <HeartRateBpm>
       <Value>121</Value>
      </HeartRateBpm>
      <Cadence>79</Cadence>
      <Extensions>
       <Speed>6.630000</Speed>
      </Extensions>
     </Trackpoint>
     <Trackpoint>
      <Time>2026-06-10T07:55:55Z</Time>
      <Position>
       <LatitudeDegrees>35.7003093</LatitudeDegrees>
       <LongitudeDegrees>139.7967393</LongitudeDegrees>
      </Position>
      <AltitudeMeters>-1</AltitudeMeters>
      <DistanceMeters>1350</DistanceMeters>
      <HeartRateBpm>
       <Value>122</Value>
      </HeartRateBpm>
      <Cadence>79</Cadence>
      <Extensions>
       <Speed>6.830000</Speed>
      </Extensions>
     </Trackpoint>
     <Trackpoint>
      <Time>2026-06-10T07:55:56Z</Time>
      <Position>
       <LatitudeDegrees>35.7003106</LatitudeDegrees>
       <LongitudeDegrees>139.7967634</LongitudeDegrees>
      </Position>
      <AltitudeMeters>-1</AltitudeMeters>
      <DistanceMeters>1352</DistanceMeters>
      <HeartRateBpm>
       <Value>122</Value>
      </HeartRateBpm>
      <Cadence>79</Cadence>
      <Extensions>
       <Speed>6.930000</Speed>
      </Extensions>
     </Trackpoint>
     <Trackpoint>
      <Time>2026-06-10T07:55:57Z</Time>
      <Position>
       <LatitudeDegrees>35.7003100</LatitudeDegrees>
       <LongitudeDegrees>139.7967828</LongitudeDegrees>
      </Position>
      <AltitudeMeters>-1</AltitudeMeters>
      <DistanceMeters>1353</DistanceMeters>
      <HeartRateBpm>
       <Value>121</Value>
      </HeartRateBpm>
      <Cadence>79</Cadence>
      <Extensions>
       <Speed>7.030000</Speed>
      </Extensions>
     </Trackpoint>
     <Trackpoint>
      <Time>2026-06-10T07:55:58Z</Time>
      <Position>
       <LatitudeDegrees>35.7003095</LatitudeDegrees>
       <LongitudeDegrees>139.7968023</LongitudeDegrees>
      </Position>
      <AltitudeMeters>-1</AltitudeMeters>
      <DistanceMeters>1354</DistanceMeters>
      <HeartRateBpm>
       <Value>121</Value>
      </HeartRateBpm>
      <Cadence>78</Cadence>
      <Extensions>
       <Speed>7.020000</Speed>
      </Extensions>
     </Trackpoint>
     <Trackpoint>
      <Time>2026-06-10T07:55:59Z</Time>
      <Position>
       <LatitudeDegrees>35.7003088</LatitudeDegrees>
       <LongitudeDegrees>139.7968188</LongitudeDegrees>
      </Position>
      <AltitudeMeters>-1</AltitudeMeters>
      <DistanceMeters>1356</DistanceMeters>
      <HeartRateBpm>
       <Value>120</Value>
      </HeartRateBpm>
      <Cadence>77</Cadence>
      <Extensions>
       <Speed>7.010000</Speed>
      </Extensions>
     </Trackpoint>
     <Trackpoint>
      <Time>2026-06-10T07:56:00Z</Time>
      <Position>
       <LatitudeDegrees>35.7003081</LatitudeDegrees>
       <LongitudeDegrees>139.7968353</LongitudeDegrees>
      </Position>
      <AltitudeMeters>-1</AltitudeMeters>
      <DistanceMeters>1357</DistanceMeters>
      <HeartRateBpm>
       <Value>120</Value>
      </HeartRateBpm>
      <Cadence>76</Cadence>
      <Extensions>
       <Speed>6.870000</Speed>
      </Extensions>
     </Trackpoint>
     <Trackpoint>
      <Time>2026-06-10T07:56:01Z</Time>
      <Position>
       <LatitudeDegrees>35.7003086</LatitudeDegrees>
       <LongitudeDegrees>139.7968502</LongitudeDegrees>
      </Position>
      <AltitudeMeters>-1</AltitudeMeters>
      <DistanceMeters>1358</DistanceMeters>
      <HeartRateBpm>
       <Value>118</Value>
      </HeartRateBpm>
      <Cadence>76</Cadence>
      <Extensions>
       <Speed>6.740000</Speed>
      </Extensions>
     </Trackpoint>
     <Trackpoint>
      <Time>2026-06-10T07:56:02Z</Time>
      <Position>
       <LatitudeDegrees>35.7003091</LatitudeDegrees>
       <LongitudeDegrees>139.7968651</LongitudeDegrees>
      </Position>
      <AltitudeMeters>-1</AltitudeMeters>
      <DistanceMeters>1360</DistanceMeters>
      <HeartRateBpm>
       <Value>116</Value>
      </HeartRateBpm>
      <Cadence>75</Cadence>
      <Extensions>
       <Speed>6.580000</Speed>
      </Extensions>
     </Trackpoint>
     <Trackpoint>
      <Time>2026-06-10T07:56:03Z</Time>
      <Position>
       <LatitudeDegrees>35.7003107</LatitudeDegrees>
       <LongitudeDegrees>139.7968798</LongitudeDegrees>
      </Position>
      <AltitudeMeters>-1</AltitudeMeters>
      <DistanceMeters>1361</DistanceMeters>
      <HeartRateBpm>
       <Value>116</Value>
      </HeartRateBpm>
      <Cadence>74</Cadence>
      <Extensions>
       <Speed>6.420000</Speed>
      </Extensions>
     </Trackpoint>
     <Trackpoint>
      <Time>2026-06-10T07:56:04Z</Time>
      <Position>
       <LatitudeDegrees>35.7003124</LatitudeDegrees>
       <LongitudeDegrees>139.7968946</LongitudeDegrees>
      </Position>
      <AltitudeMeters>-1</AltitudeMeters>
      <DistanceMeters>1362</DistanceMeters>
      <HeartRateBpm>
       <Value>115</Value>
      </HeartRateBpm>
      <Cadence>73</Cadence>
      <Extensions>
       <Speed>6.280000</Speed>
      </Extensions>
     </Trackpoint>
     <Trackpoint>
      <Time>2026-06-10T07:56:05Z</Time>
      <Position>
       <LatitudeDegrees>35.7003150</LatitudeDegrees>
       <LongitudeDegrees>139.7969100</LongitudeDegrees>
      </Position>
      <AltitudeMeters>-1</AltitudeMeters>
      <DistanceMeters>1364</DistanceMeters>
      <HeartRateBpm>
       <Value>115</Value>
      </HeartRateBpm>
      <Cadence>73</Cadence>
      <Extensions>
       <Speed>6.150000</Speed>
      </Extensions>
     </Trackpoint>
     <Trackpoint>
      <Time>2026-06-10T07:56:06Z</Time>
      <Position>
       <LatitudeDegrees>35.7003177</LatitudeDegrees>
       <LongitudeDegrees>139.7969254</LongitudeDegrees>
      </Position>
      <AltitudeMeters>-1</AltitudeMeters>
      <DistanceMeters>1366</DistanceMeters>
      <HeartRateBpm>
       <Value>115</Value>
      </HeartRateBpm>
      <Cadence>72</Cadence>
      <Extensions>
       <Speed>6.050000</Speed>
      </Extensions>
     </Trackpoint>
     <Trackpoint>
      <Time>2026-06-10T07:56:07Z</Time>
      <Position>
       <LatitudeDegrees>35.7003193</LatitudeDegrees>
       <LongitudeDegrees>139.7969426</LongitudeDegrees>
      </Position>
      <AltitudeMeters>-1</AltitudeMeters>
      <DistanceMeters>1368</DistanceMeters>
      <HeartRateBpm>
       <Value>115</Value>
      </HeartRateBpm>
      <Cadence>72</Cadence>
      <Extensions>
       <Speed>5.950000</Speed>
      </Extensions>
     </Trackpoint>
     <Trackpoint>
      <Time>2026-06-10T07:56:08Z</Time>
      <Position>
       <LatitudeDegrees>35.7003210</LatitudeDegrees>
       <LongitudeDegrees>139.7969599</LongitudeDegrees>
      </Position>
      <AltitudeMeters>-1</AltitudeMeters>
      <DistanceMeters>1369</DistanceMeters>
      <HeartRateBpm>
       <Value>115</Value>
      </HeartRateBpm>
      <Cadence>72</Cadence>
      <Extensions>
       <Speed>5.910000</Speed>
      </Extensions>
     </Trackpoint>
     <Trackpoint>
      <Time>2026-06-10T07:56:09Z</Time>
      <Position>
       <LatitudeDegrees>35.7003201</LatitudeDegrees>
       <LongitudeDegrees>139.7969758</LongitudeDegrees>
      </Position>
      <AltitudeMeters>-1</AltitudeMeters>
      <DistanceMeters>1370</DistanceMeters>
      <HeartRateBpm>
       <Value>116</Value>
      </HeartRateBpm>
      <Cadence>72</Cadence>
      <Extensions>
       <Speed>5.870000</Speed>
      </Extensions>
     </Trackpoint>
     <Trackpoint>
      <Time>2026-06-10T07:56:10Z</Time>
      <Position>
       <LatitudeDegrees>35.7003193</LatitudeDegrees>
       <LongitudeDegrees>139.7969918</LongitudeDegrees>
      </Position>
      <AltitudeMeters>-1</AltitudeMeters>
      <DistanceMeters>1371</DistanceMeters>
      <HeartRateBpm>
       <Value>117</Value>
      </HeartRateBpm>
      <Cadence>72</Cadence>
      <Extensions>
       <Speed>5.860000</Speed>
      </Extensions>
     </Trackpoint>
     <Trackpoint>
      <Time>2026-06-10T07:56:11Z</Time>
      <Position>
       <LatitudeDegrees>35.7003131</LatitudeDegrees>
       <LongitudeDegrees>139.7970011</LongitudeDegrees>
      </Position>
      <AltitudeMeters>-1</AltitudeMeters>
      <DistanceMeters>1372</DistanceMeters>
      <HeartRateBpm>
       <Value>117</Value>
      </HeartRateBpm>
      <Cadence>72</Cadence>
      <Extensions>
       <Speed>5.850000</Speed>
      </Extensions>
     </Trackpoint>
     <Trackpoint>
      <Time>2026-06-10T07:56:12Z</Time>
      <Position>
       <LatitudeDegrees>35.7003069</LatitudeDegrees>
       <LongitudeDegrees>139.7970104</LongitudeDegrees>
      </Position>
      <AltitudeMeters>-1</AltitudeMeters>
      <DistanceMeters>1374</DistanceMeters>
      <HeartRateBpm>
       <Value>117</Value>
      </HeartRateBpm>
      <Cadence>72</Cadence>
      <Extensions>
       <Speed>5.840000</Speed>
      </Extensions>
     </Trackpoint>
     <Trackpoint>
      <Time>2026-06-10T07:56:13Z</Time>
      <Position>
       <LatitudeDegrees>35.7002933</LatitudeDegrees>
       <LongitudeDegrees>139.7970125</LongitudeDegrees>
      </Position>
      <AltitudeMeters>-1</AltitudeMeters>
      <DistanceMeters>1376</DistanceMeters>
      <HeartRateBpm>
       <Value>117</Value>
      </HeartRateBpm>
      <Cadence>72</Cadence>
      <Extensions>
       <Speed>5.840000</Speed>
      </Extensions>
     </Trackpoint>
     <Trackpoint>
      <Time>2026-06-10T07:56:14Z</Time>
      <Position>
       <LatitudeDegrees>35.7002797</LatitudeDegrees>
       <LongitudeDegrees>139.7970147</LongitudeDegrees>
      </Position>
      <AltitudeMeters>-1</AltitudeMeters>
      <DistanceMeters>1378</DistanceMeters>
      <HeartRateBpm>
       <Value>117</Value>
      </HeartRateBpm>
      <Cadence>73</Cadence>
      <Extensions>
       <Speed>5.860000</Speed>
      </Extensions>
     </Trackpoint>
     <Trackpoint>
      <Time>2026-06-10T07:56:15Z</Time>
      <Position>
       <LatitudeDegrees>35.7002633</LatitudeDegrees>
       <LongitudeDegrees>139.7970132</LongitudeDegrees>
      </Position>
      <AltitudeMeters>-1</AltitudeMeters>
      <DistanceMeters>1380</DistanceMeters>
      <HeartRateBpm>
       <Value>117</Value>
      </HeartRateBpm>
      <Cadence>74</Cadence>
      <Extensions>
       <Speed>5.890000</Speed>
      </Extensions>
     </Trackpoint>
     <Trackpoint>
      <Time>2026-06-10T07:56:16Z</Time>
      <Position>
       <LatitudeDegrees>35.7002469</LatitudeDegrees>
       <LongitudeDegrees>139.7970117</LongitudeDegrees>
      </Position>
      <AltitudeMeters>-1</AltitudeMeters>
      <DistanceMeters>1382</DistanceMeters>
      <HeartRateBpm>
       <Value>117</Value>
      </HeartRateBpm>
      <Cadence>75</Cadence>
      <Extensions>
       <Speed>5.980000</Speed>
      </Extensions>
     </Trackpoint>
     <Trackpoint>
      <Time>2026-06-10T07:56:17Z</Time>
      <Position>
       <LatitudeDegrees>35.7002308</LatitudeDegrees>
       <LongitudeDegrees>139.7970096</LongitudeDegrees>
      </Position>
      <AltitudeMeters>-1</AltitudeMeters>
      <DistanceMeters>1383</DistanceMeters>
      <HeartRateBpm>
       <Value>117</Value>
      </HeartRateBpm>
      <Cadence>76</Cadence>
      <Extensions>
       <Speed>6.070000</Speed>
      </Extensions>
     </Trackpoint>
     <Trackpoint>
      <Time>2026-06-10T07:56:18Z</Time>
      <Position>
       <LatitudeDegrees>35.7002147</LatitudeDegrees>
       <LongitudeDegrees>139.7970076</LongitudeDegrees>
      </Position>
      <AltitudeMeters>-1</AltitudeMeters>
      <DistanceMeters>1384</DistanceMeters>
      <HeartRateBpm>
       <Value>117</Value>
      </HeartRateBpm>
      <Cadence>77</Cadence>
      <Extensions>
       <Speed>6.130000</Speed>
      </Extensions>
     </Trackpoint>
     <Trackpoint>
      <Time>2026-06-10T07:56:19Z</Time>
      <Position>
       <LatitudeDegrees>35.7001998</LatitudeDegrees>
       <LongitudeDegrees>139.7970064</LongitudeDegrees>
      </Position>
      <AltitudeMeters>-1</AltitudeMeters>
      <DistanceMeters>1386</DistanceMeters>
      <HeartRateBpm>
       <Value>117</Value>
      </HeartRateBpm>
      <Cadence>77</Cadence>
      <Extensions>
       <Speed>6.190000</Speed>
      </Extensions>
     </Trackpoint>
     <Trackpoint>
      <Time>2026-06-10T07:56:20Z</Time>
      <Position>
       <LatitudeDegrees>35.7001850</LatitudeDegrees>
       <LongitudeDegrees>139.7970053</LongitudeDegrees>
      </Position>
      <AltitudeMeters>-1</AltitudeMeters>
      <DistanceMeters>1388</DistanceMeters>
      <HeartRateBpm>
       <Value>117</Value>
      </HeartRateBpm>
      <Cadence>77</Cadence>
      <Extensions>
       <Speed>6.190000</Speed>
      </Extensions>
     </Trackpoint>
     <Trackpoint>
      <Time>2026-06-10T07:56:21Z</Time>
      <Position>
       <LatitudeDegrees>35.7001722</LatitudeDegrees>
       <LongitudeDegrees>139.7970052</LongitudeDegrees>
      </Position>
      <AltitudeMeters>-1</AltitudeMeters>
      <DistanceMeters>1389</DistanceMeters>
      <HeartRateBpm>
       <Value>117</Value>
      </HeartRateBpm>
      <Cadence>78</Cadence>
      <Extensions>
       <Speed>6.190000</Speed>
      </Extensions>
     </Trackpoint>
     <Trackpoint>
      <Time>2026-06-10T07:56:22Z</Time>
      <Position>
       <LatitudeDegrees>35.7001595</LatitudeDegrees>
       <LongitudeDegrees>139.7970052</LongitudeDegrees>
      </Position>
      <AltitudeMeters>-1</AltitudeMeters>
      <DistanceMeters>1390</DistanceMeters>
      <HeartRateBpm>
       <Value>118</Value>
      </HeartRateBpm>
      <Cadence>77</Cadence>
      <Extensions>
       <Speed>6.170000</Speed>
      </Extensions>
     </Trackpoint>
     <Trackpoint>
      <Time>2026-06-10T07:56:23Z</Time>
      <Position>
       <LatitudeDegrees>35.7001490</LatitudeDegrees>
       <LongitudeDegrees>139.7970076</LongitudeDegrees>
      </Position>
      <AltitudeMeters>-1</AltitudeMeters>
      <DistanceMeters>1391</DistanceMeters>
      <HeartRateBpm>
       <Value>118</Value>
      </HeartRateBpm>
      <Cadence>77</Cadence>
      <Extensions>
       <Speed>6.150000</Speed>
      </Extensions>
     </Trackpoint>
     <Trackpoint>
      <Time>2026-06-10T07:56:24Z</Time>
      <Position>
       <LatitudeDegrees>35.7001385</LatitudeDegrees>
       <LongitudeDegrees>139.7970100</LongitudeDegrees>
      </Position>
      <AltitudeMeters>-1</AltitudeMeters>
      <DistanceMeters>1392</DistanceMeters>
      <HeartRateBpm>
       <Value>119</Value>
      </HeartRateBpm>
      <Cadence>77</Cadence>
      <Extensions>
       <Speed>6.120000</Speed>
      </Extensions>
     </Trackpoint>
     <Trackpoint>
      <Time>2026-06-10T07:56:25Z</Time>
      <Position>
       <LatitudeDegrees>35.7001280</LatitudeDegrees>
       <LongitudeDegrees>139.7970158</LongitudeDegrees>
      </Position>
      <AltitudeMeters>-1</AltitudeMeters>
      <DistanceMeters>1394</DistanceMeters>
      <HeartRateBpm>
       <Value>119</Value>
      </HeartRateBpm>
      <Cadence>77</Cadence>
      <Extensions>
       <Speed>6.090000</Speed>
      </Extensions>
     </Trackpoint>
     <Trackpoint>
      <Time>2026-06-10T07:56:26Z</Time>
      <Position>
       <LatitudeDegrees>35.7001175</LatitudeDegrees>
       <LongitudeDegrees>139.7970216</LongitudeDegrees>
      </Position>
      <AltitudeMeters>-1</AltitudeMeters>
      <DistanceMeters>1396</DistanceMeters>
      <HeartRateBpm>
       <Value>120</Value>
      </HeartRateBpm>
      <Cadence>77</Cadence>
      <Extensions>
       <Speed>6.060000</Speed>
      </Extensions>
     </Trackpoint>
     <Trackpoint>
      <Time>2026-06-10T07:56:27Z</Time>
      <Position>
       <LatitudeDegrees>35.7001064</LatitudeDegrees>
       <LongitudeDegrees>139.7970285</LongitudeDegrees>
      </Position>
      <AltitudeMeters>-1</AltitudeMeters>
      <DistanceMeters>1397</DistanceMeters>
      <HeartRateBpm>
       <Value>120</Value>
      </HeartRateBpm>
      <Cadence>77</Cadence>
      <Extensions>
       <Speed>6.030000</Speed>
      </Extensions>
     </Trackpoint>
     <Trackpoint>
      <Time>2026-06-10T07:56:28Z</Time>
      <Position>
       <LatitudeDegrees>35.7000953</LatitudeDegrees>
       <LongitudeDegrees>139.7970355</LongitudeDegrees>
      </Position>
      <AltitudeMeters>-1</AltitudeMeters>
      <DistanceMeters>1398</DistanceMeters>
      <HeartRateBpm>
       <Value>120</Value>
      </HeartRateBpm>
      <Cadence>76</Cadence>
      <Extensions>
       <Speed>5.990000</Speed>
      </Extensions>
     </Trackpoint>
     <Trackpoint>
      <Time>2026-06-10T07:56:29Z</Time>
      <Position>
       <LatitudeDegrees>35.7000826</LatitudeDegrees>
       <LongitudeDegrees>139.7970409</LongitudeDegrees>
      </Position>
      <AltitudeMeters>-1</AltitudeMeters>
      <DistanceMeters>1400</DistanceMeters>
      <HeartRateBpm>
       <Value>120</Value>
      </HeartRateBpm>
      <Cadence>76</Cadence>
      <Extensions>
       <Speed>5.950000</Speed>
      </Extensions>
     </Trackpoint>
     <Trackpoint>
      <Time>2026-06-10T07:56:30Z</Time>
      <Position>
       <LatitudeDegrees>35.7000700</LatitudeDegrees>
       <LongitudeDegrees>139.7970463</LongitudeDegrees>
      </Position>
      <AltitudeMeters>-1</AltitudeMeters>
      <DistanceMeters>1402</DistanceMeters>
      <HeartRateBpm>
       <Value>120</Value>
      </HeartRateBpm>
      <Cadence>76</Cadence>
      <Extensions>
       <Speed>5.920000</Speed>
      </Extensions>
     </Trackpoint>
     <Trackpoint>
      <Time>2026-06-10T07:56:31Z</Time>
      <Position>
       <LatitudeDegrees>35.7000552</LatitudeDegrees>
       <LongitudeDegrees>139.7970498</LongitudeDegrees>
      </Position>
      <AltitudeMeters>-1</AltitudeMeters>
      <DistanceMeters>1403</DistanceMeters>
      <HeartRateBpm>
       <Value>119</Value>
      </HeartRateBpm>
      <Cadence>77</Cadence>
      <Extensions>
       <Speed>5.900000</Speed>
      </Extensions>
     </Trackpoint>
     <Trackpoint>
      <Time>2026-06-10T07:56:32Z</Time>
      <Position>
       <LatitudeDegrees>35.7000404</LatitudeDegrees>
       <LongitudeDegrees>139.7970534</LongitudeDegrees>
      </Position>
      <AltitudeMeters>-1</AltitudeMeters>
      <DistanceMeters>1405</DistanceMeters>
      <HeartRateBpm>
       <Value>119</Value>
      </HeartRateBpm>
      <Cadence>77</Cadence>
      <Extensions>
       <Speed>5.890000</Speed>
      </Extensions>
     </Trackpoint>
     <Trackpoint>
      <Time>2026-06-10T07:56:33Z</Time>
      <Position>
       <LatitudeDegrees>35.7000253</LatitudeDegrees>
       <LongitudeDegrees>139.7970563</LongitudeDegrees>
      </Position>
      <AltitudeMeters>-1</AltitudeMeters>
      <DistanceMeters>1407</DistanceMeters>
      <HeartRateBpm>
       <Value>119</Value>
      </HeartRateBpm>
      <Cadence>77</Cadence>
      <Extensions>
       <Speed>5.880000</Speed>
      </Extensions>
     </Trackpoint>
     <Trackpoint>
      <Time>2026-06-10T07:56:34Z</Time>
      <Position>
       <LatitudeDegrees>35.7000102</LatitudeDegrees>
       <LongitudeDegrees>139.7970592</LongitudeDegrees>
      </Position>
      <AltitudeMeters>-1</AltitudeMeters>
      <DistanceMeters>1408</DistanceMeters>
      <HeartRateBpm>
       <Value>120</Value>
      </HeartRateBpm>
      <Cadence>77</Cadence>
      <Extensions>
       <Speed>5.870000</Speed>
      </Extensions>
     </Trackpoint>
     <Trackpoint>
      <Time>2026-06-10T07:56:35Z</Time>
      <Position>
       <LatitudeDegrees>35.6999952</LatitudeDegrees>
       <LongitudeDegrees>139.7970616</LongitudeDegrees>
      </Position>
      <AltitudeMeters>-1</AltitudeMeters>
      <DistanceMeters>1410</DistanceMeters>
      <HeartRateBpm>
       <Value>120</Value>
      </HeartRateBpm>
      <Cadence>77</Cadence>
      <Extensions>
       <Speed>5.870000</Speed>
      </Extensions>
     </Trackpoint>
     <Trackpoint>
      <Time>2026-06-10T07:56:36Z</Time>
      <Position>
       <LatitudeDegrees>35.6999803</LatitudeDegrees>
       <LongitudeDegrees>139.7970641</LongitudeDegrees>
      </Position>
      <AltitudeMeters>-1</AltitudeMeters>
      <DistanceMeters>1412</DistanceMeters>
      <HeartRateBpm>
       <Value>120</Value>
      </HeartRateBpm>
      <Cadence>77</Cadence>
      <Extensions>
       <Speed>5.860000</Speed>
      </Extensions>
     </Trackpoint>
     <Trackpoint>
      <Time>2026-06-10T07:56:37Z</Time>
      <Position>
       <LatitudeDegrees>35.6999657</LatitudeDegrees>
       <LongitudeDegrees>139.7970660</LongitudeDegrees>
      </Position>
      <AltitudeMeters>-1</AltitudeMeters>
      <DistanceMeters>1413</DistanceMeters>
      <HeartRateBpm>
       <Value>120</Value>
      </HeartRateBpm>
      <Cadence>77</Cadence>
      <Extensions>
       <Speed>5.860000</Speed>
      </Extensions>
     </Trackpoint>
     <Trackpoint>
      <Time>2026-06-10T07:56:38Z</Time>
      <Position>
       <LatitudeDegrees>35.6999511</LatitudeDegrees>
       <LongitudeDegrees>139.7970680</LongitudeDegrees>
      </Position>
      <AltitudeMeters>-1</AltitudeMeters>
      <DistanceMeters>1414</DistanceMeters>
      <HeartRateBpm>
       <Value>120</Value>
      </HeartRateBpm>
      <Cadence>77</Cadence>
      <Extensions>
       <Speed>5.860000</Speed>
      </Extensions>
     </Trackpoint>
     <Trackpoint>
      <Time>2026-06-10T07:56:39Z</Time>
      <Position>
       <LatitudeDegrees>35.6999374</LatitudeDegrees>
       <LongitudeDegrees>139.7970688</LongitudeDegrees>
      </Position>
      <AltitudeMeters>-1</AltitudeMeters>
      <DistanceMeters>1416</DistanceMeters>
      <HeartRateBpm>
       <Value>120</Value>
      </HeartRateBpm>
      <Cadence>77</Cadence>
      <Extensions>
       <Speed>5.860000</Speed>
      </Extensions>
     </Trackpoint>
     <Trackpoint>
      <Time>2026-06-10T07:56:40Z</Time>
      <Position>
       <LatitudeDegrees>35.6999238</LatitudeDegrees>
       <LongitudeDegrees>139.7970696</LongitudeDegrees>
      </Position>
      <AltitudeMeters>-1</AltitudeMeters>
      <DistanceMeters>1418</DistanceMeters>
      <HeartRateBpm>
       <Value>120</Value>
      </HeartRateBpm>
      <Cadence>77</Cadence>
      <Extensions>
       <Speed>5.850000</Speed>
      </Extensions>
     </Trackpoint>
     <Trackpoint>
      <Time>2026-06-10T07:56:41Z</Time>
      <Position>
       <LatitudeDegrees>35.6999104</LatitudeDegrees>
       <LongitudeDegrees>139.7970701</LongitudeDegrees>
      </Position>
      <AltitudeMeters>-1</AltitudeMeters>
      <DistanceMeters>1419</DistanceMeters>
      <HeartRateBpm>
       <Value>120</Value>
      </HeartRateBpm>
      <Cadence>78</Cadence>
      <Extensions>
       <Speed>5.850000</Speed>
      </Extensions>
     </Trackpoint>
     <Trackpoint>
      <Time>2026-06-10T07:56:42Z</Time>
      <Position>
       <LatitudeDegrees>35.6998970</LatitudeDegrees>
       <LongitudeDegrees>139.7970706</LongitudeDegrees>
      </Position>
      <AltitudeMeters>-1</AltitudeMeters>
      <DistanceMeters>1420</DistanceMeters>
      <HeartRateBpm>
       <Value>119</Value>
      </HeartRateBpm>
      <Cadence>78</Cadence>
      <Extensions>
       <Speed>5.840000</Speed>
      </Extensions>
     </Trackpoint>
     <Trackpoint>
      <Time>2026-06-10T07:56:43Z</Time>
      <Position>
       <LatitudeDegrees>35.6998826</LatitudeDegrees>
       <LongitudeDegrees>139.7970711</LongitudeDegrees>
      </Position>
      <AltitudeMeters>-1</AltitudeMeters>
      <DistanceMeters>1422</DistanceMeters>
      <HeartRateBpm>
       <Value>119</Value>
      </HeartRateBpm>
      <Cadence>78</Cadence>
      <Extensions>
       <Speed>5.830000</Speed>
      </Extensions>
     </Trackpoint>
     <Trackpoint>
      <Time>2026-06-10T07:56:44Z</Time>
      <Position>
       <LatitudeDegrees>35.6998683</LatitudeDegrees>
       <LongitudeDegrees>139.7970717</LongitudeDegrees>
      </Position>
      <AltitudeMeters>-1</AltitudeMeters>
      <DistanceMeters>1424</DistanceMeters>
      <HeartRateBpm>
       <Value>119</Value>
      </HeartRateBpm>
      <Cadence>78</Cadence>
      <Extensions>
       <Speed>5.820000</Speed>
      </Extensions>
     </Trackpoint>
     <Trackpoint>
      <Time>2026-06-10T07:56:45Z</Time>
      <Position>
       <LatitudeDegrees>35.6998533</LatitudeDegrees>
       <LongitudeDegrees>139.7970730</LongitudeDegrees>
      </Position>
      <AltitudeMeters>-1</AltitudeMeters>
      <DistanceMeters>1426</DistanceMeters>
      <HeartRateBpm>
       <Value>119</Value>
      </HeartRateBpm>
      <Cadence>78</Cadence>
      <Extensions>
       <Speed>5.820000</Speed>
      </Extensions>
     </Trackpoint>
     <Trackpoint>
      <Time>2026-06-10T07:56:46Z</Time>
      <Position>
       <LatitudeDegrees>35.6998383</LatitudeDegrees>
       <LongitudeDegrees>139.7970744</LongitudeDegrees>
      </Position>
      <AltitudeMeters>-1</AltitudeMeters>
      <DistanceMeters>1428</DistanceMeters>
      <HeartRateBpm>
       <Value>119</Value>
      </HeartRateBpm>
      <Cadence>78</Cadence>
      <Extensions>
       <Speed>5.810000</Speed>
      </Extensions>
     </Trackpoint>
     <Trackpoint>
      <Time>2026-06-10T07:56:47Z</Time>
      <Position>
       <LatitudeDegrees>35.6998238</LatitudeDegrees>
       <LongitudeDegrees>139.7970759</LongitudeDegrees>
      </Position>
      <AltitudeMeters>-1</AltitudeMeters>
      <DistanceMeters>1429</DistanceMeters>
      <HeartRateBpm>
       <Value>119</Value>
      </HeartRateBpm>
      <Cadence>78</Cadence>
      <Extensions>
       <Speed>5.810000</Speed>
      </Extensions>
     </Trackpoint>
     <Trackpoint>
      <Time>2026-06-10T07:56:48Z</Time>
      <Position>
       <LatitudeDegrees>35.6998093</LatitudeDegrees>
       <LongitudeDegrees>139.7970775</LongitudeDegrees>
      </Position>
      <AltitudeMeters>-1</AltitudeMeters>
      <DistanceMeters>1430</DistanceMeters>
      <HeartRateBpm>
       <Value>119</Value>
      </HeartRateBpm>
      <Cadence>78</Cadence>
      <Extensions>
       <Speed>5.810000</Speed>
      </Extensions>
     </Trackpoint>
     <Trackpoint>
      <Time>2026-06-10T07:56:49Z</Time>
      <Position>
       <LatitudeDegrees>35.6997949</LatitudeDegrees>
       <LongitudeDegrees>139.7970785</LongitudeDegrees>
      </Position>
      <AltitudeMeters>-1</AltitudeMeters>
      <DistanceMeters>1432</DistanceMeters>
      <HeartRateBpm>
       <Value>119</Value>
      </HeartRateBpm>
      <Cadence>78</Cadence>
      <Extensions>
       <Speed>5.810000</Speed>
      </Extensions>
     </Trackpoint>
     <Trackpoint>
      <Time>2026-06-10T07:56:50Z</Time>
      <Position>
       <LatitudeDegrees>35.6997806</LatitudeDegrees>
       <LongitudeDegrees>139.7970796</LongitudeDegrees>
      </Position>
      <AltitudeMeters>-1</AltitudeMeters>
      <DistanceMeters>1434</DistanceMeters>
      <HeartRateBpm>
       <Value>119</Value>
      </HeartRateBpm>
      <Cadence>78</Cadence>
      <Extensions>
       <Speed>5.800000</Speed>
      </Extensions>
     </Trackpoint>
     <Trackpoint>
      <Time>2026-06-10T07:56:51Z</Time>
      <Position>
       <LatitudeDegrees>35.6997665</LatitudeDegrees>
       <LongitudeDegrees>139.7970807</LongitudeDegrees>
      </Position>
      <AltitudeMeters>-1</AltitudeMeters>
      <DistanceMeters>1435</DistanceMeters>
      <HeartRateBpm>
       <Value>119</Value>
      </HeartRateBpm>
      <Cadence>78</Cadence>
      <Extensions>
       <Speed>5.800000</Speed>
      </Extensions>
     </Trackpoint>
     <Trackpoint>
      <Time>2026-06-10T07:56:52Z</Time>
      <Position>
       <LatitudeDegrees>35.6997525</LatitudeDegrees>
       <LongitudeDegrees>139.7970819</LongitudeDegrees>
      </Position>
      <AltitudeMeters>-1</AltitudeMeters>
      <DistanceMeters>1436</DistanceMeters>
      <HeartRateBpm>
       <Value>119</Value>
      </HeartRateBpm>
      <Cadence>78</Cadence>
      <Extensions>
       <Speed>5.790000</Speed>
      </Extensions>
     </Trackpoint>
     <Trackpoint>
      <Time>2026-06-10T07:56:53Z</Time>
      <Position>
       <LatitudeDegrees>35.6997384</LatitudeDegrees>
       <LongitudeDegrees>139.7970833</LongitudeDegrees>
      </Position>
      <AltitudeMeters>-1</AltitudeMeters>
      <DistanceMeters>1438</DistanceMeters>
      <HeartRateBpm>
       <Value>119</Value>
      </HeartRateBpm>
      <Cadence>78</Cadence>
      <Extensions>
       <Speed>5.790000</Speed>
      </Extensions>
     </Trackpoint>
     <Trackpoint>
      <Time>2026-06-10T07:56:54Z</Time>
      <Position>
       <LatitudeDegrees>35.6997243</LatitudeDegrees>
       <LongitudeDegrees>139.7970847</LongitudeDegrees>
      </Position>
      <AltitudeMeters>-1</AltitudeMeters>
      <DistanceMeters>1440</DistanceMeters>
      <HeartRateBpm>
       <Value>119</Value>
      </HeartRateBpm>
      <Cadence>78</Cadence>
      <Extensions>
       <Speed>5.780000</Speed>
      </Extensions>
     </Trackpoint>
     <Trackpoint>
      <Time>2026-06-10T07:56:55Z</Time>
      <Position>
       <LatitudeDegrees>35.6997094</LatitudeDegrees>
       <LongitudeDegrees>139.7970849</LongitudeDegrees>
      </Position>
      <AltitudeMeters>-1</AltitudeMeters>
      <DistanceMeters>1442</DistanceMeters>
      <HeartRateBpm>
       <Value>120</Value>
      </HeartRateBpm>
      <Cadence>78</Cadence>
      <Extensions>
       <Speed>5.780000</Speed>
      </Extensions>
     </Trackpoint>
     <Trackpoint>
      <Time>2026-06-10T07:56:56Z</Time>
      <Position>
       <LatitudeDegrees>35.6996946</LatitudeDegrees>
       <LongitudeDegrees>139.7970851</LongitudeDegrees>
      </Position>
      <AltitudeMeters>-1</AltitudeMeters>
      <DistanceMeters>1444</DistanceMeters>
      <HeartRateBpm>
       <Value>120</Value>
      </HeartRateBpm>
      <Cadence>77</Cadence>
      <Extensions>
       <Speed>5.780000</Speed>
      </Extensions>
     </Trackpoint>
     <Trackpoint>
      <Time>2026-06-10T07:56:57Z</Time>
      <Position>
       <LatitudeDegrees>35.6996793</LatitudeDegrees>
       <LongitudeDegrees>139.7970859</LongitudeDegrees>
      </Position>
      <AltitudeMeters>-1</AltitudeMeters>
      <DistanceMeters>1445</DistanceMeters>
      <HeartRateBpm>
       <Value>120</Value>
      </HeartRateBpm>
      <Cadence>77</Cadence>
      <Extensions>
       <Speed>5.780000</Speed>
      </Extensions>
     </Trackpoint>
     <Trackpoint>
      <Time>2026-06-10T07:56:58Z</Time>
      <Position>
       <LatitudeDegrees>35.6996640</LatitudeDegrees>
       <LongitudeDegrees>139.7970867</LongitudeDegrees>
      </Position>
      <AltitudeMeters>-1</AltitudeMeters>
      <DistanceMeters>1447</DistanceMeters>
      <HeartRateBpm>
       <Value>120</Value>
      </HeartRateBpm>
      <Cadence>77</Cadence>
      <Extensions>
       <Speed>5.790000</Speed>
      </Extensions>
     </Trackpoint>
     <Trackpoint>
      <Time>2026-06-10T07:56:59Z</Time>
      <Position>
       <LatitudeDegrees>35.6996485</LatitudeDegrees>
       <LongitudeDegrees>139.7970896</LongitudeDegrees>
      </Position>
      <AltitudeMeters>-1</AltitudeMeters>
      <DistanceMeters>1449</DistanceMeters>
      <HeartRateBpm>
       <Value>120</Value>
      </HeartRateBpm>
      <Cadence>77</Cadence>
      <Extensions>
       <Speed>5.800000</Speed>
      </Extensions>
     </Trackpoint>
     <Trackpoint>
      <Time>2026-06-10T07:57:00Z</Time>
      <Position>
       <LatitudeDegrees>35.6996331</LatitudeDegrees>
       <LongitudeDegrees>139.7970925</LongitudeDegrees>
      </Position>
      <AltitudeMeters>-1</AltitudeMeters>
      <DistanceMeters>1450</DistanceMeters>
      <HeartRateBpm>
       <Value>121</Value>
      </HeartRateBpm>
      <Cadence>77</Cadence>
      <Extensions>
       <Speed>5.810000</Speed>
      </Extensions>
     </Trackpoint>
     <Trackpoint>
      <Time>2026-06-10T07:57:01Z</Time>
      <Position>
       <LatitudeDegrees>35.6996187</LatitudeDegrees>
       <LongitudeDegrees>139.7970946</LongitudeDegrees>
      </Position>
      <AltitudeMeters>-1</AltitudeMeters>
      <DistanceMeters>1452</DistanceMeters>
      <HeartRateBpm>
       <Value>121</Value>
      </HeartRateBpm>
      <Cadence>77</Cadence>
      <Extensions>
       <Speed>5.820000</Speed>
      </Extensions>
     </Trackpoint>
     <Trackpoint>
      <Time>2026-06-10T07:57:02Z</Time>
      <Position>
       <LatitudeDegrees>35.6996043</LatitudeDegrees>
       <LongitudeDegrees>139.7970967</LongitudeDegrees>
      </Position>
      <AltitudeMeters>-1</AltitudeMeters>
      <DistanceMeters>1454</DistanceMeters>
      <HeartRateBpm>
       <Value>121</Value>
      </HeartRateBpm>
      <Cadence>77</Cadence>
      <Extensions>
       <Speed>5.840000</Speed>
      </Extensions>
     </Trackpoint>
     <Trackpoint>
      <Time>2026-06-10T07:57:03Z</Time>
      <Position>
       <LatitudeDegrees>35.6995904</LatitudeDegrees>
       <LongitudeDegrees>139.7970968</LongitudeDegrees>
      </Position>
      <AltitudeMeters>-1</AltitudeMeters>
      <DistanceMeters>1455</DistanceMeters>
      <HeartRateBpm>
       <Value>120</Value>
      </HeartRateBpm>
      <Cadence>77</Cadence>
      <Extensions>
       <Speed>5.860000</Speed>
      </Extensions>
     </Trackpoint>
     <Trackpoint>
      <Time>2026-06-10T07:57:04Z</Time>
      <Position>
       <LatitudeDegrees>35.6995765</LatitudeDegrees>
       <LongitudeDegrees>139.7970969</LongitudeDegrees>
      </Position>
      <AltitudeMeters>-1</AltitudeMeters>
      <DistanceMeters>1456</DistanceMeters>
      <HeartRateBpm>
       <Value>120</Value>
      </HeartRateBpm>
      <Cadence>77</Cadence>
      <Extensions>
       <Speed>5.860000</Speed>
      </Extensions>
     </Trackpoint>
     <Trackpoint>
      <Time>2026-06-10T07:57:05Z</Time>
      <Position>
       <LatitudeDegrees>35.6995621</LatitudeDegrees>
       <LongitudeDegrees>139.7970971</LongitudeDegrees>
      </Position>
      <AltitudeMeters>-1</AltitudeMeters>
      <DistanceMeters>1458</DistanceMeters>
      <HeartRateBpm>
       <Value>120</Value>
      </HeartRateBpm>
      <Cadence>77</Cadence>
      <Extensions>
       <Speed>5.870000</Speed>
      </Extensions>
     </Trackpoint>
     <Trackpoint>
      <Time>2026-06-10T07:57:06Z</Time>
      <Position>
       <LatitudeDegrees>35.6995478</LatitudeDegrees>
       <LongitudeDegrees>139.7970973</LongitudeDegrees>
      </Position>
      <AltitudeMeters>-1</AltitudeMeters>
      <DistanceMeters>1460</DistanceMeters>
      <HeartRateBpm>
       <Value>120</Value>
      </HeartRateBpm>
      <Cadence>77</Cadence>
      <Extensions>
       <Speed>5.870000</Speed>
      </Extensions>
     </Trackpoint>
     <Trackpoint>
      <Time>2026-06-10T07:57:07Z</Time>
      <Position>
       <LatitudeDegrees>35.6995328</LatitudeDegrees>
       <LongitudeDegrees>139.7970991</LongitudeDegrees>
      </Position>
      <AltitudeMeters>-1</AltitudeMeters>
      <DistanceMeters>1462</DistanceMeters>
      <HeartRateBpm>
       <Value>120</Value>
      </HeartRateBpm>
      <Cadence>77</Cadence>
      <Extensions>
       <Speed>5.880000</Speed>
      </Extensions>
     </Trackpoint>
     <Trackpoint>
      <Time>2026-06-10T07:57:08Z</Time>
      <Position>
       <LatitudeDegrees>35.6995179</LatitudeDegrees>
       <LongitudeDegrees>139.7971010</LongitudeDegrees>
      </Position>
      <AltitudeMeters>-1</AltitudeMeters>
      <DistanceMeters>1464</DistanceMeters>
      <HeartRateBpm>
       <Value>120</Value>
      </HeartRateBpm>
      <Cadence>76</Cadence>
      <Extensions>
       <Speed>5.880000</Speed>
      </Extensions>
     </Trackpoint>
     <Trackpoint>
      <Time>2026-06-10T07:57:09Z</Time>
      <Position>
       <LatitudeDegrees>35.6995024</LatitudeDegrees>
       <LongitudeDegrees>139.7971035</LongitudeDegrees>
      </Position>
      <AltitudeMeters>-1</AltitudeMeters>
      <DistanceMeters>1465</DistanceMeters>
      <HeartRateBpm>
       <Value>120</Value>
      </HeartRateBpm>
      <Cadence>76</Cadence>
      <Extensions>
       <Speed>5.880000</Speed>
      </Extensions>
     </Trackpoint>
     <Trackpoint>
      <Time>2026-06-10T07:57:10Z</Time>
      <Position>
       <LatitudeDegrees>35.6994870</LatitudeDegrees>
       <LongitudeDegrees>139.7971060</LongitudeDegrees>
      </Position>
      <AltitudeMeters>-1</AltitudeMeters>
      <DistanceMeters>1466</DistanceMeters>
      <HeartRateBpm>
       <Value>120</Value>
      </HeartRateBpm>
      <Cadence>76</Cadence>
      <Extensions>
       <Speed>5.880000</Speed>
      </Extensions>
     </Trackpoint>
     <Trackpoint>
      <Time>2026-06-10T07:57:11Z</Time>
      <Position>
       <LatitudeDegrees>35.6994716</LatitudeDegrees>
       <LongitudeDegrees>139.7971089</LongitudeDegrees>
      </Position>
      <AltitudeMeters>-1</AltitudeMeters>
      <DistanceMeters>1468</DistanceMeters>
      <HeartRateBpm>
       <Value>120</Value>
      </HeartRateBpm>
      <Cadence>76</Cadence>
      <Extensions>
       <Speed>5.890000</Speed>
      </Extensions>
     </Trackpoint>
     <Trackpoint>
      <Time>2026-06-10T07:57:12Z</Time>
      <Position>
       <LatitudeDegrees>35.6994563</LatitudeDegrees>
       <LongitudeDegrees>139.7971118</LongitudeDegrees>
      </Position>
      <AltitudeMeters>-1</AltitudeMeters>
      <DistanceMeters>1470</DistanceMeters>
      <HeartRateBpm>
       <Value>120</Value>
      </HeartRateBpm>
      <Cadence>76</Cadence>
      <Extensions>
       <Speed>5.900000</Speed>
      </Extensions>
     </Trackpoint>
     <Trackpoint>
      <Time>2026-06-10T07:57:13Z</Time>
      <Position>
       <LatitudeDegrees>35.6994418</LatitudeDegrees>
       <LongitudeDegrees>139.7971134</LongitudeDegrees>
      </Position>
      <AltitudeMeters>-1</AltitudeMeters>
      <DistanceMeters>1472</DistanceMeters>
      <HeartRateBpm>
       <Value>120</Value>
      </HeartRateBpm>
      <Cadence>76</Cadence>
      <Extensions>
       <Speed>5.910000</Speed>
      </Extensions>
     </Trackpoint>
     <Trackpoint>
      <Time>2026-06-10T07:57:14Z</Time>
      <Position>
       <LatitudeDegrees>35.6994273</LatitudeDegrees>
       <LongitudeDegrees>139.7971151</LongitudeDegrees>
      </Position>
      <AltitudeMeters>-1</AltitudeMeters>
      <DistanceMeters>1474</DistanceMeters>
      <HeartRateBpm>
       <Value>120</Value>
      </HeartRateBpm>
      <Cadence>76</Cadence>
      <Extensions>
       <Speed>5.920000</Speed>
      </Extensions>
     </Trackpoint>
     <Trackpoint>
      <Time>2026-06-10T07:57:15Z</Time>
      <Position>
       <LatitudeDegrees>35.6994131</LatitudeDegrees>
       <LongitudeDegrees>139.7971153</LongitudeDegrees>
      </Position>
      <AltitudeMeters>-1</AltitudeMeters>
      <DistanceMeters>1475</DistanceMeters>
      <HeartRateBpm>
       <Value>120</Value>
      </HeartRateBpm>
      <Cadence>77</Cadence>
      <Extensions>
       <Speed>5.930000</Speed>
      </Extensions>
     </Trackpoint>
     <Trackpoint>
      <Time>2026-06-10T07:57:16Z</Time>
      <Position>
       <LatitudeDegrees>35.6993990</LatitudeDegrees>
       <LongitudeDegrees>139.7971156</LongitudeDegrees>
      </Position>
      <AltitudeMeters>-1</AltitudeMeters>
      <DistanceMeters>1476</DistanceMeters>
      <HeartRateBpm>
       <Value>119</Value>
      </HeartRateBpm>
      <Cadence>77</Cadence>
      <Extensions>
       <Speed>5.930000</Speed>
      </Extensions>
     </Trackpoint>
     <Trackpoint>
      <Time>2026-06-10T07:57:17Z</Time>
      <Position>
       <LatitudeDegrees>35.6993843</LatitudeDegrees>
       <LongitudeDegrees>139.7971157</LongitudeDegrees>
      </Position>
      <AltitudeMeters>-1</AltitudeMeters>
      <DistanceMeters>1478</DistanceMeters>
      <HeartRateBpm>
       <Value>119</Value>
      </HeartRateBpm>
      <Cadence>77</Cadence>
      <Extensions>
       <Speed>5.930000</Speed>
      </Extensions>
     </Trackpoint>
     <Trackpoint>
      <Time>2026-06-10T07:57:18Z</Time>
      <Position>
       <LatitudeDegrees>35.6993697</LatitudeDegrees>
       <LongitudeDegrees>139.7971159</LongitudeDegrees>
      </Position>
      <AltitudeMeters>-1</AltitudeMeters>
      <DistanceMeters>1480</DistanceMeters>
      <HeartRateBpm>
       <Value>119</Value>
      </HeartRateBpm>
      <Cadence>77</Cadence>
      <Extensions>
       <Speed>5.930000</Speed>
      </Extensions>
     </Trackpoint>
     <Trackpoint>
      <Time>2026-06-10T07:57:19Z</Time>
      <Position>
       <LatitudeDegrees>35.6993542</LatitudeDegrees>
       <LongitudeDegrees>139.7971157</LongitudeDegrees>
      </Position>
      <AltitudeMeters>-1</AltitudeMeters>
      <DistanceMeters>1482</DistanceMeters>
      <HeartRateBpm>
       <Value>119</Value>
      </HeartRateBpm>
      <Cadence>77</Cadence>
      <Extensions>
       <Speed>5.940000</Speed>
      </Extensions>
     </Trackpoint>
     <Trackpoint>
      <Time>2026-06-10T07:57:20Z</Time>
      <Position>
       <LatitudeDegrees>35.6993388</LatitudeDegrees>
       <LongitudeDegrees>139.7971156</LongitudeDegrees>
      </Position>
      <AltitudeMeters>-1</AltitudeMeters>
      <DistanceMeters>1484</DistanceMeters>
      <HeartRateBpm>
       <Value>119</Value>
      </HeartRateBpm>
      <Cadence>77</Cadence>
      <Extensions>
       <Speed>5.940000</Speed>
      </Extensions>
     </Trackpoint>
     <Trackpoint>
      <Time>2026-06-10T07:57:21Z</Time>
      <Position>
       <LatitudeDegrees>35.6993233</LatitudeDegrees>
       <LongitudeDegrees>139.7971158</LongitudeDegrees>
      </Position>
      <AltitudeMeters>-1</AltitudeMeters>
      <DistanceMeters>1485</DistanceMeters>
      <HeartRateBpm>
       <Value>120</Value>
      </HeartRateBpm>
      <Cadence>77</Cadence>
      <Extensions>
       <Speed>5.940000</Speed>
      </Extensions>
     </Trackpoint>
     <Trackpoint>
      <Time>2026-06-10T07:57:22Z</Time>
      <Position>
       <LatitudeDegrees>35.6993078</LatitudeDegrees>
       <LongitudeDegrees>139.7971160</LongitudeDegrees>
      </Position>
      <AltitudeMeters>-1</AltitudeMeters>
      <DistanceMeters>1486</DistanceMeters>
      <HeartRateBpm>
       <Value>120</Value>
      </HeartRateBpm>
      <Cadence>77</Cadence>
      <Extensions>
       <Speed>5.950000</Speed>
      </Extensions>
     </Trackpoint>
     <Trackpoint>
      <Time>2026-06-10T07:57:23Z</Time>
      <Position>
       <LatitudeDegrees>35.6992942</LatitudeDegrees>
       <LongitudeDegrees>139.7971214</LongitudeDegrees>
      </Position>
      <AltitudeMeters>-1</AltitudeMeters>
      <DistanceMeters>1488</DistanceMeters>
      <HeartRateBpm>
       <Value>120</Value>
      </HeartRateBpm>
      <Cadence>77</Cadence>
      <Extensions>
       <Speed>5.960000</Speed>
      </Extensions>
     </Trackpoint>
     <Trackpoint>
      <Time>2026-06-10T07:57:24Z</Time>
      <Position>
       <LatitudeDegrees>35.6992807</LatitudeDegrees>
       <LongitudeDegrees>139.7971269</LongitudeDegrees>
      </Position>
      <AltitudeMeters>-1</AltitudeMeters>
      <DistanceMeters>1490</DistanceMeters>
      <HeartRateBpm>
       <Value>120</Value>
      </HeartRateBpm>
      <Cadence>77</Cadence>
      <Extensions>
       <Speed>5.970000</Speed>
      </Extensions>
     </Trackpoint>
     <Trackpoint>
      <Time>2026-06-10T07:57:25Z</Time>
      <Position>
       <LatitudeDegrees>35.6992724</LatitudeDegrees>
       <LongitudeDegrees>139.7971411</LongitudeDegrees>
      </Position>
      <AltitudeMeters>-1</AltitudeMeters>
      <DistanceMeters>1492</DistanceMeters>
      <HeartRateBpm>
       <Value>120</Value>
      </HeartRateBpm>
      <Cadence>77</Cadence>
      <Extensions>
       <Speed>5.980000</Speed>
      </Extensions>
     </Trackpoint>
     <Trackpoint>
      <Time>2026-06-10T07:57:26Z</Time>
      <Position>
       <LatitudeDegrees>35.6992642</LatitudeDegrees>
       <LongitudeDegrees>139.7971554</LongitudeDegrees>
      </Position>
      <AltitudeMeters>-1</AltitudeMeters>
      <DistanceMeters>1494</DistanceMeters>
      <HeartRateBpm>
       <Value>120</Value>
      </HeartRateBpm>
      <Cadence>77</Cadence>
      <Extensions>
       <Speed>5.990000</Speed>
      </Extensions>
     </Trackpoint>
     <Trackpoint>
      <Time>2026-06-10T07:57:27Z</Time>
      <Position>
       <LatitudeDegrees>35.6992603</LatitudeDegrees>
       <LongitudeDegrees>139.7971751</LongitudeDegrees>
      </Position>
      <AltitudeMeters>-1</AltitudeMeters>
      <DistanceMeters>1496</DistanceMeters>
      <HeartRateBpm>
       <Value>120</Value>
      </HeartRateBpm>
      <Cadence>78</Cadence>
      <Extensions>
       <Speed>6.000000</Speed>
      </Extensions>
     </Trackpoint>
     <Trackpoint>
      <Time>2026-06-10T07:57:28Z</Time>
      <Position>
       <LatitudeDegrees>35.6992564</LatitudeDegrees>
       <LongitudeDegrees>139.7971949</LongitudeDegrees>
      </Position>
      <AltitudeMeters>-1</AltitudeMeters>
      <DistanceMeters>1498</DistanceMeters>
      <HeartRateBpm>
       <Value>119</Value>
      </HeartRateBpm>
      <Cadence>78</Cadence>
      <Extensions>
       <Speed>6.030000</Speed>
      </Extensions>
     </Trackpoint>
     <Trackpoint>
      <Time>2026-06-10T07:57:29Z</Time>
      <Position>
       <LatitudeDegrees>35.6992507</LatitudeDegrees>
       <LongitudeDegrees>139.7972156</LongitudeDegrees>
      </Position>
      <AltitudeMeters>-1</AltitudeMeters>
      <DistanceMeters>1500</DistanceMeters>
      <HeartRateBpm>
       <Value>119</Value>
      </HeartRateBpm>
      <Cadence>78</Cadence>
      <Extensions>
       <Speed>6.060000</Speed>
      </Extensions>
     </Trackpoint>
     <Trackpoint>
      <Time>2026-06-10T07:57:30Z</Time>
      <Position>
       <LatitudeDegrees>35.6992450</LatitudeDegrees>
       <LongitudeDegrees>139.7972363</LongitudeDegrees>
      </Position>
      <AltitudeMeters>-1</AltitudeMeters>
      <DistanceMeters>1502</DistanceMeters>
      <HeartRateBpm>
       <Value>120</Value>
      </HeartRateBpm>
      <Cadence>78</Cadence>
      <Extensions>
       <Speed>6.100000</Speed>
      </Extensions>
     </Trackpoint>
     <Trackpoint>
      <Time>2026-06-10T07:57:31Z</Time>
      <Position>
       <LatitudeDegrees>35.6992351</LatitudeDegrees>
       <LongitudeDegrees>139.7972549</LongitudeDegrees>
      </Position>
      <AltitudeMeters>-1</AltitudeMeters>
      <DistanceMeters>1504</DistanceMeters>
      <HeartRateBpm>
       <Value>120</Value>
      </HeartRateBpm>
      <Cadence>79</Cadence>
      <Extensions>
       <Speed>6.140000</Speed>
      </Extensions>
     </Trackpoint>
     <Trackpoint>
      <Time>2026-06-10T07:57:32Z</Time>
      <Position>
       <LatitudeDegrees>35.6992253</LatitudeDegrees>
       <LongitudeDegrees>139.7972736</LongitudeDegrees>
      </Position>
      <AltitudeMeters>-1</AltitudeMeters>
      <DistanceMeters>1506</DistanceMeters>
      <HeartRateBpm>
       <Value>120</Value>
      </HeartRateBpm>
      <Cadence>79</Cadence>
      <Extensions>
       <Speed>6.150000</Speed>
      </Extensions>
     </Trackpoint>
     <Trackpoint>
      <Time>2026-06-10T07:57:33Z</Time>
      <Position>
       <LatitudeDegrees>35.6992123</LatitudeDegrees>
       <LongitudeDegrees>139.7972886</LongitudeDegrees>
      </Position>
      <AltitudeMeters>-1</AltitudeMeters>
      <DistanceMeters>1508</DistanceMeters>
      <HeartRateBpm>
       <Value>121</Value>
      </HeartRateBpm>
      <Cadence>79</Cadence>
      <Extensions>
       <Speed>6.170000</Speed>
      </Extensions>
     </Trackpoint>
     <Trackpoint>
      <Time>2026-06-10T07:57:34Z</Time>
      <Position>
       <LatitudeDegrees>35.6991994</LatitudeDegrees>
       <LongitudeDegrees>139.7973037</LongitudeDegrees>
      </Position>
      <AltitudeMeters>-1</AltitudeMeters>
      <DistanceMeters>1510</DistanceMeters>
      <HeartRateBpm>
       <Value>121</Value>
      </HeartRateBpm>
      <Cadence>78</Cadence>
      <Extensions>
       <Speed>6.180000</Speed>
      </Extensions>
     </Trackpoint>
     <Trackpoint>
      <Time>2026-06-10T07:57:35Z</Time>
      <Position>
       <LatitudeDegrees>35.6991847</LatitudeDegrees>
       <LongitudeDegrees>139.7973129</LongitudeDegrees>
      </Position>
      <AltitudeMeters>-1</AltitudeMeters>
      <DistanceMeters>1511</DistanceMeters>
      <HeartRateBpm>
       <Value>122</Value>
      </HeartRateBpm>
      <Cadence>78</Cadence>
      <Extensions>
       <Speed>6.200000</Speed>
      </Extensions>
     </Trackpoint>
     <Trackpoint>
      <Time>2026-06-10T07:57:36Z</Time>
      <Position>
       <LatitudeDegrees>35.6991701</LatitudeDegrees>
       <LongitudeDegrees>139.7973221</LongitudeDegrees>
      </Position>
      <AltitudeMeters>-1</AltitudeMeters>
      <DistanceMeters>1513</DistanceMeters>
      <HeartRateBpm>
       <Value>122</Value>
      </HeartRateBpm>
      <Cadence>78</Cadence>
      <Extensions>
       <Speed>6.210000</Speed>
      </Extensions>
     </Trackpoint>
     <Trackpoint>
      <Time>2026-06-10T07:57:37Z</Time>
      <Position>
       <LatitudeDegrees>35.6991546</LatitudeDegrees>
       <LongitudeDegrees>139.7973277</LongitudeDegrees>
      </Position>
      <AltitudeMeters>-1</AltitudeMeters>
      <DistanceMeters>1515</DistanceMeters>
      <HeartRateBpm>
       <Value>122</Value>
      </HeartRateBpm>
      <Cadence>78</Cadence>
      <Extensions>
       <Speed>6.230000</Speed>
      </Extensions>
     </Trackpoint>
     <Trackpoint>
      <Time>2026-06-10T07:57:38Z</Time>
      <Position>
       <LatitudeDegrees>35.6991391</LatitudeDegrees>
       <LongitudeDegrees>139.7973333</LongitudeDegrees>
      </Position>
      <AltitudeMeters>-1</AltitudeMeters>
      <DistanceMeters>1516</DistanceMeters>
      <HeartRateBpm>
       <Value>122</Value>
      </HeartRateBpm>
      <Cadence>78</Cadence>
      <Extensions>
       <Speed>6.240000</Speed>
      </Extensions>
     </Trackpoint>
     <Trackpoint>
      <Time>2026-06-10T07:57:39Z</Time>
      <Position>
       <LatitudeDegrees>35.6991239</LatitudeDegrees>
       <LongitudeDegrees>139.7973363</LongitudeDegrees>
      </Position>
      <AltitudeMeters>-1</AltitudeMeters>
      <DistanceMeters>1518</DistanceMeters>
      <HeartRateBpm>
       <Value>121</Value>
      </HeartRateBpm>
      <Cadence>78</Cadence>
      <Extensions>
       <Speed>6.250000</Speed>
      </Extensions>
     </Trackpoint>
     <Trackpoint>
      <Time>2026-06-10T07:57:40Z</Time>
      <Position>
       <LatitudeDegrees>35.6991088</LatitudeDegrees>
       <LongitudeDegrees>139.7973393</LongitudeDegrees>
      </Position>
      <AltitudeMeters>-1</AltitudeMeters>
      <DistanceMeters>1520</DistanceMeters>
      <HeartRateBpm>
       <Value>121</Value>
      </HeartRateBpm>
      <Cadence>78</Cadence>
      <Extensions>
       <Speed>6.250000</Speed>
      </Extensions>
     </Trackpoint>
     <Trackpoint>
      <Time>2026-06-10T07:57:41Z</Time>
      <Position>
       <LatitudeDegrees>35.6990942</LatitudeDegrees>
       <LongitudeDegrees>139.7973396</LongitudeDegrees>
      </Position>
      <AltitudeMeters>-1</AltitudeMeters>
      <DistanceMeters>1521</DistanceMeters>
      <HeartRateBpm>
       <Value>121</Value>
      </HeartRateBpm>
      <Cadence>78</Cadence>
      <Extensions>
       <Speed>6.250000</Speed>
      </Extensions>
     </Trackpoint>
     <Trackpoint>
      <Time>2026-06-10T07:57:42Z</Time>
      <Position>
       <LatitudeDegrees>35.6990796</LatitudeDegrees>
       <LongitudeDegrees>139.7973400</LongitudeDegrees>
      </Position>
      <AltitudeMeters>-1</AltitudeMeters>
      <DistanceMeters>1522</DistanceMeters>
      <HeartRateBpm>
       <Value>122</Value>
      </HeartRateBpm>
      <Cadence>78</Cadence>
      <Extensions>
       <Speed>6.250000</Speed>
      </Extensions>
     </Trackpoint>
     <Trackpoint>
      <Time>2026-06-10T07:57:43Z</Time>
      <Position>
       <LatitudeDegrees>35.6990646</LatitudeDegrees>
       <LongitudeDegrees>139.7973410</LongitudeDegrees>
      </Position>
      <AltitudeMeters>-1</AltitudeMeters>
      <DistanceMeters>1524</DistanceMeters>
      <HeartRateBpm>
       <Value>122</Value>
      </HeartRateBpm>
      <Cadence>78</Cadence>
      <Extensions>
       <Speed>6.260000</Speed>
      </Extensions>
     </Trackpoint>
     <Trackpoint>
      <Time>2026-06-10T07:57:44Z</Time>
      <Position>
       <LatitudeDegrees>35.6990497</LatitudeDegrees>
       <LongitudeDegrees>139.7973420</LongitudeDegrees>
      </Position>
      <AltitudeMeters>-1</AltitudeMeters>
      <DistanceMeters>1526</DistanceMeters>
      <HeartRateBpm>
       <Value>122</Value>
      </HeartRateBpm>
      <Cadence>78</Cadence>
      <Extensions>
       <Speed>6.260000</Speed>
      </Extensions>
     </Trackpoint>
     <Trackpoint>
      <Time>2026-06-10T07:57:45Z</Time>
      <Position>
       <LatitudeDegrees>35.6990342</LatitudeDegrees>
       <LongitudeDegrees>139.7973429</LongitudeDegrees>
      </Position>
      <AltitudeMeters>-1</AltitudeMeters>
      <DistanceMeters>1528</DistanceMeters>
      <HeartRateBpm>
       <Value>122</Value>
      </HeartRateBpm>
      <Cadence>79</Cadence>
      <Extensions>
       <Speed>6.270000</Speed>
      </Extensions>
     </Trackpoint>
     <Trackpoint>
      <Time>2026-06-10T07:57:46Z</Time>
      <Position>
       <LatitudeDegrees>35.6990188</LatitudeDegrees>
       <LongitudeDegrees>139.7973438</LongitudeDegrees>
      </Position>
      <AltitudeMeters>-1</AltitudeMeters>
      <DistanceMeters>1530</DistanceMeters>
      <HeartRateBpm>
       <Value>122</Value>
      </HeartRateBpm>
      <Cadence>79</Cadence>
      <Extensions>
       <Speed>6.280000</Speed>
      </Extensions>
     </Trackpoint>
     <Trackpoint>
      <Time>2026-06-10T07:57:47Z</Time>
      <Position>
       <LatitudeDegrees>35.6990040</LatitudeDegrees>
       <LongitudeDegrees>139.7973470</LongitudeDegrees>
      </Position>
      <AltitudeMeters>-1</AltitudeMeters>
      <DistanceMeters>1531</DistanceMeters>
      <HeartRateBpm>
       <Value>122</Value>
      </HeartRateBpm>
      <Cadence>79</Cadence>
      <Extensions>
       <Speed>6.290000</Speed>
      </Extensions>
     </Trackpoint>
     <Trackpoint>
      <Time>2026-06-10T07:57:48Z</Time>
      <Position>
       <LatitudeDegrees>35.6989892</LatitudeDegrees>
       <LongitudeDegrees>139.7973503</LongitudeDegrees>
      </Position>
      <AltitudeMeters>-1</AltitudeMeters>
      <DistanceMeters>1533</DistanceMeters>
      <HeartRateBpm>
       <Value>122</Value>
      </HeartRateBpm>
      <Cadence>78</Cadence>
      <Extensions>
       <Speed>6.290000</Speed>
      </Extensions>
     </Trackpoint>
     <Trackpoint>
      <Time>2026-06-10T07:57:49Z</Time>
      <Position>
       <LatitudeDegrees>35.6989746</LatitudeDegrees>
       <LongitudeDegrees>139.7973557</LongitudeDegrees>
      </Position>
      <AltitudeMeters>-1</AltitudeMeters>
      <DistanceMeters>1535</DistanceMeters>
      <HeartRateBpm>
       <Value>121</Value>
      </HeartRateBpm>
      <Cadence>78</Cadence>
      <Extensions>
       <Speed>6.290000</Speed>
      </Extensions>
     </Trackpoint>
     <Trackpoint>
      <Time>2026-06-10T07:57:50Z</Time>
      <Position>
       <LatitudeDegrees>35.6989600</LatitudeDegrees>
       <LongitudeDegrees>139.7973612</LongitudeDegrees>
      </Position>
      <AltitudeMeters>-1</AltitudeMeters>
      <DistanceMeters>1536</DistanceMeters>
      <HeartRateBpm>
       <Value>121</Value>
      </HeartRateBpm>
      <Cadence>78</Cadence>
      <Extensions>
       <Speed>6.290000</Speed>
      </Extensions>
     </Trackpoint>
     <Trackpoint>
      <Time>2026-06-10T07:57:51Z</Time>
      <Position>
       <LatitudeDegrees>35.6989459</LatitudeDegrees>
       <LongitudeDegrees>139.7973654</LongitudeDegrees>
      </Position>
      <AltitudeMeters>-1</AltitudeMeters>
      <DistanceMeters>1538</DistanceMeters>
      <HeartRateBpm>
       <Value>121</Value>
      </HeartRateBpm>
      <Cadence>78</Cadence>
      <Extensions>
       <Speed>6.290000</Speed>
      </Extensions>
     </Trackpoint>
     <Trackpoint>
      <Time>2026-06-10T07:57:52Z</Time>
      <Position>
       <LatitudeDegrees>35.6989319</LatitudeDegrees>
       <LongitudeDegrees>139.7973696</LongitudeDegrees>
      </Position>
      <AltitudeMeters>-1</AltitudeMeters>
      <DistanceMeters>1540</DistanceMeters>
      <HeartRateBpm>
       <Value>121</Value>
      </HeartRateBpm>
      <Cadence>77</Cadence>
      <Extensions>
       <Speed>6.280000</Speed>
      </Extensions>
     </Trackpoint>
     <Trackpoint>
      <Time>2026-06-10T07:57:53Z</Time>
      <Position>
       <LatitudeDegrees>35.6989181</LatitudeDegrees>
       <LongitudeDegrees>139.7973704</LongitudeDegrees>
      </Position>
      <AltitudeMeters>-1</AltitudeMeters>
      <DistanceMeters>1541</DistanceMeters>
      <HeartRateBpm>
       <Value>121</Value>
      </HeartRateBpm>
      <Cadence>77</Cadence>
      <Extensions>
       <Speed>6.270000</Speed>
      </Extensions>
     </Trackpoint>
     <Trackpoint>
      <Time>2026-06-10T07:57:54Z</Time>
      <Position>
       <LatitudeDegrees>35.6989043</LatitudeDegrees>
       <LongitudeDegrees>139.7973713</LongitudeDegrees>
      </Position>
      <AltitudeMeters>-1</AltitudeMeters>
      <DistanceMeters>1542</DistanceMeters>
      <HeartRateBpm>
       <Value>121</Value>
      </HeartRateBpm>
      <Cadence>77</Cadence>
      <Extensions>
       <Speed>6.260000</Speed>
      </Extensions>
     </Trackpoint>
     <Trackpoint>
      <Time>2026-06-10T07:57:55Z</Time>
      <Position>
       <LatitudeDegrees>35.6988899</LatitudeDegrees>
       <LongitudeDegrees>139.7973712</LongitudeDegrees>
      </Position>
      <AltitudeMeters>-1</AltitudeMeters>
      <DistanceMeters>1544</DistanceMeters>
      <HeartRateBpm>
       <Value>121</Value>
      </HeartRateBpm>
      <Cadence>77</Cadence>
      <Extensions>
       <Speed>6.250000</Speed>
      </Extensions>
     </Trackpoint>
     <Trackpoint>
      <Time>2026-06-10T07:57:56Z</Time>
      <Position>
       <LatitudeDegrees>35.6988755</LatitudeDegrees>
       <LongitudeDegrees>139.7973711</LongitudeDegrees>
      </Position>
      <AltitudeMeters>-1</AltitudeMeters>
      <DistanceMeters>1546</DistanceMeters>
      <HeartRateBpm>
       <Value>121</Value>
      </HeartRateBpm>
      <Cadence>77</Cadence>
      <Extensions>
       <Speed>6.240000</Speed>
      </Extensions>
     </Trackpoint>
     <Trackpoint>
      <Time>2026-06-10T07:57:57Z</Time>
      <Position>
       <LatitudeDegrees>35.6988606</LatitudeDegrees>
       <LongitudeDegrees>139.7973720</LongitudeDegrees>
      </Position>
      <AltitudeMeters>-1</AltitudeMeters>
      <DistanceMeters>1547</DistanceMeters>
      <HeartRateBpm>
       <Value>121</Value>
      </HeartRateBpm>
      <Cadence>77</Cadence>
      <Extensions>
       <Speed>6.230000</Speed>
      </Extensions>
     </Trackpoint>
     <Trackpoint>
      <Time>2026-06-10T07:57:58Z</Time>
      <Position>
       <LatitudeDegrees>35.6988458</LatitudeDegrees>
       <LongitudeDegrees>139.7973730</LongitudeDegrees>
      </Position>
      <AltitudeMeters>-1</AltitudeMeters>
      <DistanceMeters>1549</DistanceMeters>
      <HeartRateBpm>
       <Value>121</Value>
      </HeartRateBpm>
      <Cadence>77</Cadence>
      <Extensions>
       <Speed>6.230000</Speed>
      </Extensions>
     </Trackpoint>
     <Trackpoint>
      <Time>2026-06-10T07:57:59Z</Time>
      <Position>
       <LatitudeDegrees>35.6988313</LatitudeDegrees>
       <LongitudeDegrees>139.7973761</LongitudeDegrees>
      </Position>
      <AltitudeMeters>-1</AltitudeMeters>
      <DistanceMeters>1551</DistanceMeters>
      <HeartRateBpm>
       <Value>121</Value>
      </HeartRateBpm>
      <Cadence>77</Cadence>
      <Extensions>
       <Speed>6.230000</Speed>
      </Extensions>
     </Trackpoint>
     <Trackpoint>
      <Time>2026-06-10T07:58:00Z</Time>
      <Position>
       <LatitudeDegrees>35.6988169</LatitudeDegrees>
       <LongitudeDegrees>139.7973792</LongitudeDegrees>
      </Position>
      <AltitudeMeters>-1</AltitudeMeters>
      <DistanceMeters>1552</DistanceMeters>
      <HeartRateBpm>
       <Value>121</Value>
      </HeartRateBpm>
      <Cadence>77</Cadence>
      <Extensions>
       <Speed>6.220000</Speed>
      </Extensions>
     </Trackpoint>
     <Trackpoint>
      <Time>2026-06-10T07:58:01Z</Time>
      <Position>
       <LatitudeDegrees>35.6988037</LatitudeDegrees>
       <LongitudeDegrees>139.7973824</LongitudeDegrees>
      </Position>
      <AltitudeMeters>-1</AltitudeMeters>
      <DistanceMeters>1553</DistanceMeters>
      <HeartRateBpm>
       <Value>121</Value>
      </HeartRateBpm>
      <Cadence>77</Cadence>
      <Extensions>
       <Speed>6.220000</Speed>
      </Extensions>
     </Trackpoint>
     <Trackpoint>
      <Time>2026-06-10T07:58:02Z</Time>
      <Position>
       <LatitudeDegrees>35.6987906</LatitudeDegrees>
       <LongitudeDegrees>139.7973857</LongitudeDegrees>
      </Position>
      <AltitudeMeters>-1</AltitudeMeters>
      <DistanceMeters>1554</DistanceMeters>
      <HeartRateBpm>
       <Value>121</Value>
      </HeartRateBpm>
      <Cadence>77</Cadence>
      <Extensions>
       <Speed>6.210000</Speed>
      </Extensions>
     </Trackpoint>
     <Trackpoint>
      <Time>2026-06-10T07:58:03Z</Time>
      <Position>
       <LatitudeDegrees>35.6987777</LatitudeDegrees>
       <LongitudeDegrees>139.7973871</LongitudeDegrees>
      </Position>
      <AltitudeMeters>-1</AltitudeMeters>
      <DistanceMeters>1556</DistanceMeters>
      <HeartRateBpm>
       <Value>121</Value>
      </HeartRateBpm>
      <Cadence>77</Cadence>
      <Extensions>
       <Speed>6.200000</Speed>
      </Extensions>
     </Trackpoint>
     <Trackpoint>
      <Time>2026-06-10T07:58:04Z</Time>
      <Position>
       <LatitudeDegrees>35.6987649</LatitudeDegrees>
       <LongitudeDegrees>139.7973886</LongitudeDegrees>
      </Position>
      <AltitudeMeters>-1</AltitudeMeters>
      <DistanceMeters>1558</DistanceMeters>
      <HeartRateBpm>
       <Value>121</Value>
      </HeartRateBpm>
      <Cadence>77</Cadence>
      <Extensions>
       <Speed>6.180000</Speed>
      </Extensions>
     </Trackpoint>
     <Trackpoint>
      <Time>2026-06-10T07:58:05Z</Time>
      <Position>
       <LatitudeDegrees>35.6987532</LatitudeDegrees>
       <LongitudeDegrees>139.7973923</LongitudeDegrees>
      </Position>
      <AltitudeMeters>-1</AltitudeMeters>
      <DistanceMeters>1559</DistanceMeters>
      <HeartRateBpm>
       <Value>120</Value>
      </HeartRateBpm>
      <Cadence>77</Cadence>
      <Extensions>
       <Speed>6.170000</Speed>
      </Extensions>
     </Trackpoint>
     <Trackpoint>
      <Time>2026-06-10T07:58:06Z</Time>
      <Position>
       <LatitudeDegrees>35.6987416</LatitudeDegrees>
       <LongitudeDegrees>139.7973961</LongitudeDegrees>
      </Position>
      <AltitudeMeters>-1</AltitudeMeters>
      <DistanceMeters>1560</DistanceMeters>
      <HeartRateBpm>
       <Value>120</Value>
      </HeartRateBpm>
      <Cadence>77</Cadence>
      <Extensions>
       <Speed>6.150000</Speed>
      </Extensions>
     </Trackpoint>
     <Trackpoint>
      <Time>2026-06-10T07:58:07Z</Time>
      <Position>
       <LatitudeDegrees>35.6987321</LatitudeDegrees>
       <LongitudeDegrees>139.7974055</LongitudeDegrees>
      </Position>
      <AltitudeMeters>-1</AltitudeMeters>
      <DistanceMeters>1561</DistanceMeters>
      <HeartRateBpm>
       <Value>119</Value>
      </HeartRateBpm>
      <Cadence>77</Cadence>
      <Extensions>
       <Speed>6.130000</Speed>
      </Extensions>
     </Trackpoint>
     <Trackpoint>
      <Time>2026-06-10T07:58:08Z</Time>
      <Position>
       <LatitudeDegrees>35.6987226</LatitudeDegrees>
       <LongitudeDegrees>139.7974149</LongitudeDegrees>
      </Position>
      <AltitudeMeters>-1</AltitudeMeters>
      <DistanceMeters>1564</DistanceMeters>
      <HeartRateBpm>
       <Value>119</Value>
      </HeartRateBpm>
      <Cadence>77</Cadence>
      <Extensions>
       <Speed>6.110000</Speed>
      </Extensions>
     </Trackpoint>
     <Trackpoint>
      <Time>2026-06-10T07:58:09Z</Time>
      <Position>
       <LatitudeDegrees>35.6987138</LatitudeDegrees>
       <LongitudeDegrees>139.7974297</LongitudeDegrees>
      </Position>
      <AltitudeMeters>-1</AltitudeMeters>
      <DistanceMeters>1566</DistanceMeters>
      <HeartRateBpm>
       <Value>119</Value>
      </HeartRateBpm>
      <Cadence>78</Cadence>
      <Extensions>
       <Speed>6.100000</Speed>
      </Extensions>
     </Trackpoint>
     <Trackpoint>
      <Time>2026-06-10T07:58:10Z</Time>
      <Position>
       <LatitudeDegrees>35.6987051</LatitudeDegrees>
       <LongitudeDegrees>139.7974446</LongitudeDegrees>
      </Position>
      <AltitudeMeters>-1</AltitudeMeters>
      <DistanceMeters>1568</DistanceMeters>
      <HeartRateBpm>
       <Value>118</Value>
      </HeartRateBpm>
      <Cadence>78</Cadence>
      <Extensions>
       <Speed>6.080000</Speed>
      </Extensions>
     </Trackpoint>
     <Trackpoint>
      <Time>2026-06-10T07:58:11Z</Time>
      <Position>
       <LatitudeDegrees>35.6986997</LatitudeDegrees>
       <LongitudeDegrees>139.7974616</LongitudeDegrees>
      </Position>
      <AltitudeMeters>-1</AltitudeMeters>
      <DistanceMeters>1569</DistanceMeters>
      <HeartRateBpm>
       <Value>118</Value>
      </HeartRateBpm>
      <Cadence>78</Cadence>
      <Extensions>
       <Speed>6.060000</Speed>
      </Extensions>
     </Trackpoint>
     <Trackpoint>
      <Time>2026-06-10T07:58:12Z</Time>
      <Position>
       <LatitudeDegrees>35.6986943</LatitudeDegrees>
       <LongitudeDegrees>139.7974787</LongitudeDegrees>
      </Position>
      <AltitudeMeters>-1</AltitudeMeters>
      <DistanceMeters>1570</DistanceMeters>
      <HeartRateBpm>
       <Value>118</Value>
      </HeartRateBpm>
      <Cadence>78</Cadence>
      <Extensions>
       <Speed>6.050000</Speed>
      </Extensions>
     </Trackpoint>
     <Trackpoint>
      <Time>2026-06-10T07:58:13Z</Time>
      <Position>
       <LatitudeDegrees>35.6986914</LatitudeDegrees>
       <LongitudeDegrees>139.7974974</LongitudeDegrees>
      </Position>
      <AltitudeMeters>-1</AltitudeMeters>
      <DistanceMeters>1572</DistanceMeters>
      <HeartRateBpm>
       <Value>118</Value>
      </HeartRateBpm>
      <Cadence>78</Cadence>
      <Extensions>
       <Speed>6.040000</Speed>
      </Extensions>
     </Trackpoint>
     <Trackpoint>
      <Time>2026-06-10T07:58:14Z</Time>
      <Position>
       <LatitudeDegrees>35.6986886</LatitudeDegrees>
       <LongitudeDegrees>139.7975161</LongitudeDegrees>
      </Position>
      <AltitudeMeters>-1</AltitudeMeters>
      <DistanceMeters>1574</DistanceMeters>
      <HeartRateBpm>
       <Value>119</Value>
      </HeartRateBpm>
      <Cadence>77</Cadence>
      <Extensions>
       <Speed>6.030000</Speed>
      </Extensions>
     </Trackpoint>
     <Trackpoint>
      <Time>2026-06-10T07:58:15Z</Time>
      <Position>
       <LatitudeDegrees>35.6986852</LatitudeDegrees>
       <LongitudeDegrees>139.7975344</LongitudeDegrees>
      </Position>
      <AltitudeMeters>-1</AltitudeMeters>
      <DistanceMeters>1575</DistanceMeters>
      <HeartRateBpm>
       <Value>119</Value>
      </HeartRateBpm>
      <Cadence>77</Cadence>
      <Extensions>
       <Speed>6.030000</Speed>
      </Extensions>
     </Trackpoint>
     <Trackpoint>
      <Time>2026-06-10T07:58:16Z</Time>
      <Position>
       <LatitudeDegrees>35.6986819</LatitudeDegrees>
       <LongitudeDegrees>139.7975528</LongitudeDegrees>
      </Position>
      <AltitudeMeters>-1</AltitudeMeters>
      <DistanceMeters>1576</DistanceMeters>
      <HeartRateBpm>
       <Value>120</Value>
      </HeartRateBpm>
      <Cadence>77</Cadence>
      <Extensions>
       <Speed>6.030000</Speed>
      </Extensions>
     </Trackpoint>
     <Trackpoint>
      <Time>2026-06-10T07:58:17Z</Time>
      <Position>
       <LatitudeDegrees>35.6986799</LatitudeDegrees>
       <LongitudeDegrees>139.7975691</LongitudeDegrees>
      </Position>
      <AltitudeMeters>-1</AltitudeMeters>
      <DistanceMeters>1578</DistanceMeters>
      <HeartRateBpm>
       <Value>121</Value>
      </HeartRateBpm>
      <Cadence>76</Cadence>
      <Extensions>
       <Speed>6.030000</Speed>
      </Extensions>
     </Trackpoint>
     <Trackpoint>
      <Time>2026-06-10T07:58:18Z</Time>
      <Position>
       <LatitudeDegrees>35.6986779</LatitudeDegrees>
       <LongitudeDegrees>139.7975855</LongitudeDegrees>
      </Position>
      <AltitudeMeters>-1</AltitudeMeters>
      <DistanceMeters>1580</DistanceMeters>
      <HeartRateBpm>
       <Value>121</Value>
      </HeartRateBpm>
      <Cadence>76</Cadence>
      <Extensions>
       <Speed>5.990000</Speed>
      </Extensions>
     </Trackpoint>
     <Trackpoint>
      <Time>2026-06-10T07:58:19Z</Time>
      <Position>
       <LatitudeDegrees>35.6986788</LatitudeDegrees>
       <LongitudeDegrees>139.7976019</LongitudeDegrees>
      </Position>
      <AltitudeMeters>-1</AltitudeMeters>
      <DistanceMeters>1581</DistanceMeters>
      <HeartRateBpm>
       <Value>121</Value>
      </HeartRateBpm>
      <Cadence>76</Cadence>
      <Extensions>
       <Speed>5.950000</Speed>
      </Extensions>
     </Trackpoint>
     <Trackpoint>
      <Time>2026-06-10T07:58:20Z</Time>
      <Position>
       <LatitudeDegrees>35.6986797</LatitudeDegrees>
       <LongitudeDegrees>139.7976183</LongitudeDegrees>
      </Position>
      <AltitudeMeters>-1</AltitudeMeters>
      <DistanceMeters>1583</DistanceMeters>
      <HeartRateBpm>
       <Value>122</Value>
      </HeartRateBpm>
      <Cadence>76</Cadence>
      <Extensions>
       <Speed>5.930000</Speed>
      </Extensions>
     </Trackpoint>
     <Trackpoint>
      <Time>2026-06-10T07:58:21Z</Time>
      <Position>
       <LatitudeDegrees>35.6986824</LatitudeDegrees>
       <LongitudeDegrees>139.7976364</LongitudeDegrees>
      </Position>
      <AltitudeMeters>-1</AltitudeMeters>
      <DistanceMeters>1585</DistanceMeters>
      <HeartRateBpm>
       <Value>122</Value>
      </HeartRateBpm>
      <Cadence>76</Cadence>
      <Extensions>
       <Speed>5.920000</Speed>
      </Extensions>
     </Trackpoint>
     <Trackpoint>
      <Time>2026-06-10T07:58:22Z</Time>
      <Position>
       <LatitudeDegrees>35.6986851</LatitudeDegrees>
       <LongitudeDegrees>139.7976545</LongitudeDegrees>
      </Position>
      <AltitudeMeters>-1</AltitudeMeters>
      <DistanceMeters>1586</DistanceMeters>
      <HeartRateBpm>
       <Value>122</Value>
      </HeartRateBpm>
      <Cadence>76</Cadence>
      <Extensions>
       <Speed>5.920000</Speed>
      </Extensions>
     </Trackpoint>
     <Trackpoint>
      <Time>2026-06-10T07:58:23Z</Time>
      <Position>
       <LatitudeDegrees>35.6986863</LatitudeDegrees>
       <LongitudeDegrees>139.7976741</LongitudeDegrees>
      </Position>
      <AltitudeMeters>-1</AltitudeMeters>
      <DistanceMeters>1588</DistanceMeters>
      <HeartRateBpm>
       <Value>122</Value>
      </HeartRateBpm>
      <Cadence>76</Cadence>
      <Extensions>
       <Speed>5.920000</Speed>
      </Extensions>
     </Trackpoint>
     <Trackpoint>
      <Time>2026-06-10T07:58:24Z</Time>
      <Position>
       <LatitudeDegrees>35.6986876</LatitudeDegrees>
       <LongitudeDegrees>139.7976937</LongitudeDegrees>
      </Position>
      <AltitudeMeters>-1</AltitudeMeters>
      <DistanceMeters>1590</DistanceMeters>
      <HeartRateBpm>
       <Value>121</Value>
      </HeartRateBpm>
      <Cadence>76</Cadence>
      <Extensions>
       <Speed>5.920000</Speed>
      </Extensions>
     </Trackpoint>
     <Trackpoint>
      <Time>2026-06-10T07:58:25Z</Time>
      <Position>
       <LatitudeDegrees>35.6986896</LatitudeDegrees>
       <LongitudeDegrees>139.7977130</LongitudeDegrees>
      </Position>
      <AltitudeMeters>-1</AltitudeMeters>
      <DistanceMeters>1592</DistanceMeters>
      <HeartRateBpm>
       <Value>121</Value>
      </HeartRateBpm>
      <Cadence>76</Cadence>
      <Extensions>
       <Speed>5.930000</Speed>
      </Extensions>
     </Trackpoint>
     <Trackpoint>
      <Time>2026-06-10T07:58:26Z</Time>
      <Position>
       <LatitudeDegrees>35.6986917</LatitudeDegrees>
       <LongitudeDegrees>139.7977324</LongitudeDegrees>
      </Position>
      <AltitudeMeters>-1</AltitudeMeters>
      <DistanceMeters>1594</DistanceMeters>
      <HeartRateBpm>
       <Value>121</Value>
      </HeartRateBpm>
      <Cadence>76</Cadence>
      <Extensions>
       <Speed>5.940000</Speed>
      </Extensions>
     </Trackpoint>
     <Trackpoint>
      <Time>2026-06-10T07:58:27Z</Time>
      <Position>
       <LatitudeDegrees>35.6986953</LatitudeDegrees>
       <LongitudeDegrees>139.7977514</LongitudeDegrees>
      </Position>
      <AltitudeMeters>-1</AltitudeMeters>
      <DistanceMeters>1595</DistanceMeters>
      <HeartRateBpm>
       <Value>121</Value>
      </HeartRateBpm>
      <Cadence>77</Cadence>
      <Extensions>
       <Speed>5.960000</Speed>
      </Extensions>
     </Trackpoint>
     <Trackpoint>
      <Time>2026-06-10T07:58:28Z</Time>
      <Position>
       <LatitudeDegrees>35.6986989</LatitudeDegrees>
       <LongitudeDegrees>139.7977704</LongitudeDegrees>
      </Position>
      <AltitudeMeters>-1</AltitudeMeters>
      <DistanceMeters>1597</DistanceMeters>
      <HeartRateBpm>
       <Value>121</Value>
      </HeartRateBpm>
      <Cadence>77</Cadence>
      <Extensions>
       <Speed>5.980000</Speed>
      </Extensions>
     </Trackpoint>
     <Trackpoint>
      <Time>2026-06-10T07:58:29Z</Time>
      <Position>
       <LatitudeDegrees>35.6987018</LatitudeDegrees>
       <LongitudeDegrees>139.7977891</LongitudeDegrees>
      </Position>
      <AltitudeMeters>-1</AltitudeMeters>
      <DistanceMeters>1599</DistanceMeters>
      <HeartRateBpm>
       <Value>121</Value>
      </HeartRateBpm>
      <Cadence>77</Cadence>
      <Extensions>
       <Speed>6.000000</Speed>
      </Extensions>
     </Trackpoint>
     <Trackpoint>
      <Time>2026-06-10T07:58:30Z</Time>
      <Position>
       <LatitudeDegrees>35.6987047</LatitudeDegrees>
       <LongitudeDegrees>139.7978078</LongitudeDegrees>
      </Position>
      <AltitudeMeters>-1</AltitudeMeters>
      <DistanceMeters>1600</DistanceMeters>
      <HeartRateBpm>
       <Value>121</Value>
      </HeartRateBpm>
      <Cadence>77</Cadence>
      <Extensions>
       <Speed>6.010000</Speed>
      </Extensions>
     </Trackpoint>
     <Trackpoint>
      <Time>2026-06-10T07:58:31Z</Time>
      <Position>
       <LatitudeDegrees>35.6987053</LatitudeDegrees>
       <LongitudeDegrees>139.7978271</LongitudeDegrees>
      </Position>
      <AltitudeMeters>-1</AltitudeMeters>
      <DistanceMeters>1602</DistanceMeters>
      <HeartRateBpm>
       <Value>121</Value>
      </HeartRateBpm>
      <Cadence>77</Cadence>
      <Extensions>
       <Speed>6.020000</Speed>
      </Extensions>
     </Trackpoint>
     <Trackpoint>
      <Time>2026-06-10T07:58:32Z</Time>
      <Position>
       <LatitudeDegrees>35.6987060</LatitudeDegrees>
       <LongitudeDegrees>139.7978465</LongitudeDegrees>
      </Position>
      <AltitudeMeters>-1</AltitudeMeters>
      <DistanceMeters>1604</DistanceMeters>
      <HeartRateBpm>
       <Value>121</Value>
      </HeartRateBpm>
      <Cadence>77</Cadence>
      <Extensions>
       <Speed>6.020000</Speed>
      </Extensions>
     </Trackpoint>
     <Trackpoint>
      <Time>2026-06-10T07:58:33Z</Time>
      <Position>
       <LatitudeDegrees>35.6987056</LatitudeDegrees>
       <LongitudeDegrees>139.7978656</LongitudeDegrees>
      </Position>
      <AltitudeMeters>-1</AltitudeMeters>
      <DistanceMeters>1606</DistanceMeters>
      <HeartRateBpm>
       <Value>122</Value>
      </HeartRateBpm>
      <Cadence>77</Cadence>
      <Extensions>
       <Speed>6.030000</Speed>
      </Extensions>
     </Trackpoint>
     <Trackpoint>
      <Time>2026-06-10T07:58:34Z</Time>
      <Position>
       <LatitudeDegrees>35.6987053</LatitudeDegrees>
       <LongitudeDegrees>139.7978847</LongitudeDegrees>
      </Position>
      <AltitudeMeters>-1</AltitudeMeters>
      <DistanceMeters>1608</DistanceMeters>
      <HeartRateBpm>
       <Value>122</Value>
      </HeartRateBpm>
      <Cadence>77</Cadence>
      <Extensions>
       <Speed>6.030000</Speed>
      </Extensions>
     </Trackpoint>
     <Trackpoint>
      <Time>2026-06-10T07:58:35Z</Time>
      <Position>
       <LatitudeDegrees>35.6987046</LatitudeDegrees>
       <LongitudeDegrees>139.7979032</LongitudeDegrees>
      </Position>
      <AltitudeMeters>-1</AltitudeMeters>
      <DistanceMeters>1609</DistanceMeters>
      <HeartRateBpm>
       <Value>122</Value>
      </HeartRateBpm>
      <Cadence>77</Cadence>
      <Extensions>
       <Speed>6.040000</Speed>
      </Extensions>
     </Trackpoint>
     <Trackpoint>
      <Time>2026-06-10T07:58:36Z</Time>
      <Position>
       <LatitudeDegrees>35.6987039</LatitudeDegrees>
       <LongitudeDegrees>139.7979218</LongitudeDegrees>
      </Position>
      <AltitudeMeters>-1</AltitudeMeters>
      <DistanceMeters>1610</DistanceMeters>
      <HeartRateBpm>
       <Value>122</Value>
      </HeartRateBpm>
      <Cadence>76</Cadence>
      <Extensions>
       <Speed>6.040000</Speed>
      </Extensions>
     </Trackpoint>
     <Trackpoint>
      <Time>2026-06-10T07:58:37Z</Time>
      <Position>
       <LatitudeDegrees>35.6987050</LatitudeDegrees>
       <LongitudeDegrees>139.7979394</LongitudeDegrees>
      </Position>
      <AltitudeMeters>-1</AltitudeMeters>
      <DistanceMeters>1612</DistanceMeters>
      <HeartRateBpm>
       <Value>122</Value>
      </HeartRateBpm>
      <Cadence>76</Cadence>
      <Extensions>
       <Speed>6.050000</Speed>
      </Extensions>
     </Trackpoint>
     <Trackpoint>
      <Time>2026-06-10T07:58:38Z</Time>
      <Position>
       <LatitudeDegrees>35.6987062</LatitudeDegrees>
       <LongitudeDegrees>139.7979571</LongitudeDegrees>
      </Position>
      <AltitudeMeters>-1</AltitudeMeters>
      <DistanceMeters>1614</DistanceMeters>
      <HeartRateBpm>
       <Value>122</Value>
      </HeartRateBpm>
      <Cadence>76</Cadence>
      <Extensions>
       <Speed>6.050000</Speed>
      </Extensions>
     </Trackpoint>
     <Trackpoint>
      <Time>2026-06-10T07:58:39Z</Time>
      <Position>
       <LatitudeDegrees>35.6987096</LatitudeDegrees>
       <LongitudeDegrees>139.7979741</LongitudeDegrees>
      </Position>
      <AltitudeMeters>-1</AltitudeMeters>
      <DistanceMeters>1615</DistanceMeters>
      <HeartRateBpm>
       <Value>122</Value>
      </HeartRateBpm>
      <Cadence>77</Cadence>
      <Extensions>
       <Speed>6.060000</Speed>
      </Extensions>
     </Trackpoint>
     <Trackpoint>
      <Time>2026-06-10T07:58:40Z</Time>
      <Position>
       <LatitudeDegrees>35.6987131</LatitudeDegrees>
       <LongitudeDegrees>139.7979911</LongitudeDegrees>
      </Position>
      <AltitudeMeters>-1</AltitudeMeters>
      <DistanceMeters>1617</DistanceMeters>
      <HeartRateBpm>
       <Value>122</Value>
      </HeartRateBpm>
      <Cadence>77</Cadence>
      <Extensions>
       <Speed>6.060000</Speed>
      </Extensions>
     </Trackpoint>
     <Trackpoint>
      <Time>2026-06-10T07:58:41Z</Time>
      <Position>
       <LatitudeDegrees>35.6987168</LatitudeDegrees>
       <LongitudeDegrees>139.7980106</LongitudeDegrees>
      </Position>
      <AltitudeMeters>-1</AltitudeMeters>
      <DistanceMeters>1619</DistanceMeters>
      <HeartRateBpm>
       <Value>122</Value>
      </HeartRateBpm>
      <Cadence>77</Cadence>
      <Extensions>
       <Speed>6.060000</Speed>
      </Extensions>
     </Trackpoint>
     <Trackpoint>
      <Time>2026-06-10T07:58:42Z</Time>
      <Position>
       <LatitudeDegrees>35.6987206</LatitudeDegrees>
       <LongitudeDegrees>139.7980302</LongitudeDegrees>
      </Position>
      <AltitudeMeters>-1</AltitudeMeters>
      <DistanceMeters>1621</DistanceMeters>
      <HeartRateBpm>
       <Value>122</Value>
      </HeartRateBpm>
      <Cadence>77</Cadence>
      <Extensions>
       <Speed>6.070000</Speed>
      </Extensions>
     </Trackpoint>
     <Trackpoint>
      <Time>2026-06-10T07:58:43Z</Time>
      <Position>
       <LatitudeDegrees>35.6987212</LatitudeDegrees>
       <LongitudeDegrees>139.7980516</LongitudeDegrees>
      </Position>
      <AltitudeMeters>-1</AltitudeMeters>
      <DistanceMeters>1623</DistanceMeters>
      <HeartRateBpm>
       <Value>122</Value>
      </HeartRateBpm>
      <Cadence>77</Cadence>
      <Extensions>
       <Speed>6.080000</Speed>
      </Extensions>
     </Trackpoint>
     <Trackpoint>
      <Time>2026-06-10T07:58:44Z</Time>
      <Position>
       <LatitudeDegrees>35.6987219</LatitudeDegrees>
       <LongitudeDegrees>139.7980730</LongitudeDegrees>
      </Position>
      <AltitudeMeters>-1</AltitudeMeters>
      <DistanceMeters>1625</DistanceMeters>
      <HeartRateBpm>
       <Value>122</Value>
      </HeartRateBpm>
      <Cadence>77</Cadence>
      <Extensions>
       <Speed>6.090000</Speed>
      </Extensions>
     </Trackpoint>
     <Trackpoint>
      <Time>2026-06-10T07:58:45Z</Time>
      <Position>
       <LatitudeDegrees>35.6987194</LatitudeDegrees>
       <LongitudeDegrees>139.7980941</LongitudeDegrees>
      </Position>
      <AltitudeMeters>-1</AltitudeMeters>
      <DistanceMeters>1627</DistanceMeters>
      <HeartRateBpm>
       <Value>122</Value>
      </HeartRateBpm>
      <Cadence>77</Cadence>
      <Extensions>
       <Speed>6.100000</Speed>
      </Extensions>
     </Trackpoint>
     <Trackpoint>
      <Time>2026-06-10T07:58:46Z</Time>
      <Position>
       <LatitudeDegrees>35.6987170</LatitudeDegrees>
       <LongitudeDegrees>139.7981153</LongitudeDegrees>
      </Position>
      <AltitudeMeters>-1</AltitudeMeters>
      <DistanceMeters>1628</DistanceMeters>
      <HeartRateBpm>
       <Value>122</Value>
      </HeartRateBpm>
      <Cadence>77</Cadence>
      <Extensions>
       <Speed>6.110000</Speed>
      </Extensions>
     </Trackpoint>
     <Trackpoint>
      <Time>2026-06-10T07:58:47Z</Time>
      <Position>
       <LatitudeDegrees>35.6987131</LatitudeDegrees>
       <LongitudeDegrees>139.7981347</LongitudeDegrees>
      </Position>
      <AltitudeMeters>-1</AltitudeMeters>
      <DistanceMeters>1630</DistanceMeters>
      <HeartRateBpm>
       <Value>122</Value>
      </HeartRateBpm>
      <Cadence>77</Cadence>
      <Extensions>
       <Speed>6.120000</Speed>
      </Extensions>
     </Trackpoint>
     <Trackpoint>
      <Time>2026-06-10T07:58:48Z</Time>
      <Position>
       <LatitudeDegrees>35.6987093</LatitudeDegrees>
       <LongitudeDegrees>139.7981542</LongitudeDegrees>
      </Position>
      <AltitudeMeters>-1</AltitudeMeters>
      <DistanceMeters>1632</DistanceMeters>
      <HeartRateBpm>
       <Value>122</Value>
      </HeartRateBpm>
      <Cadence>77</Cadence>
      <Extensions>
       <Speed>6.130000</Speed>
      </Extensions>
     </Trackpoint>
     <Trackpoint>
      <Time>2026-06-10T07:58:49Z</Time>
      <Position>
       <LatitudeDegrees>35.6987090</LatitudeDegrees>
       <LongitudeDegrees>139.7981752</LongitudeDegrees>
      </Position>
      <AltitudeMeters>-1</AltitudeMeters>
      <DistanceMeters>1634</DistanceMeters>
      <HeartRateBpm>
       <Value>122</Value>
      </HeartRateBpm>
      <Cadence>77</Cadence>
      <Extensions>
       <Speed>6.140000</Speed>
      </Extensions>
     </Trackpoint>
     <Trackpoint>
      <Time>2026-06-10T07:58:50Z</Time>
      <Position>
       <LatitudeDegrees>35.6987087</LatitudeDegrees>
       <LongitudeDegrees>139.7981963</LongitudeDegrees>
      </Position>
      <AltitudeMeters>-1</AltitudeMeters>
      <DistanceMeters>1636</DistanceMeters>
      <HeartRateBpm>
       <Value>122</Value>
      </HeartRateBpm>
      <Cadence>77</Cadence>
      <Extensions>
       <Speed>6.150000</Speed>
      </Extensions>
     </Trackpoint>
     <Trackpoint>
      <Time>2026-06-10T07:58:51Z</Time>
      <Position>
       <LatitudeDegrees>35.6987113</LatitudeDegrees>
       <LongitudeDegrees>139.7982177</LongitudeDegrees>
      </Position>
      <AltitudeMeters>-1</AltitudeMeters>
      <DistanceMeters>1639</DistanceMeters>
      <HeartRateBpm>
       <Value>122</Value>
      </HeartRateBpm>
      <Cadence>77</Cadence>
      <Extensions>
       <Speed>6.160000</Speed>
      </Extensions>
     </Trackpoint>
     <Trackpoint>
      <Time>2026-06-10T07:58:52Z</Time>
      <Position>
       <LatitudeDegrees>35.6987140</LatitudeDegrees>
       <LongitudeDegrees>139.7982392</LongitudeDegrees>
      </Position>
      <AltitudeMeters>-1</AltitudeMeters>
      <DistanceMeters>1640</DistanceMeters>
      <HeartRateBpm>
       <Value>122</Value>
      </HeartRateBpm>
      <Cadence>77</Cadence>
      <Extensions>
       <Speed>6.160000</Speed>
      </Extensions>
     </Trackpoint>
     <Trackpoint>
      <Time>2026-06-10T07:58:53Z</Time>
      <Position>
       <LatitudeDegrees>35.6987180</LatitudeDegrees>
       <LongitudeDegrees>139.7982600</LongitudeDegrees>
      </Position>
      <AltitudeMeters>-1</AltitudeMeters>
      <DistanceMeters>1642</DistanceMeters>
      <HeartRateBpm>
       <Value>122</Value>
      </HeartRateBpm>
      <Cadence>77</Cadence>
      <Extensions>
       <Speed>6.170000</Speed>
      </Extensions>
     </Trackpoint>
     <Trackpoint>
      <Time>2026-06-10T07:58:54Z</Time>
      <Position>
       <LatitudeDegrees>35.6987220</LatitudeDegrees>
       <LongitudeDegrees>139.7982809</LongitudeDegrees>
      </Position>
      <AltitudeMeters>-1</AltitudeMeters>
      <DistanceMeters>1644</DistanceMeters>
      <HeartRateBpm>
       <Value>122</Value>
      </HeartRateBpm>
      <Cadence>77</Cadence>
      <Extensions>
       <Speed>6.170000</Speed>
      </Extensions>
     </Trackpoint>
     <Trackpoint>
      <Time>2026-06-10T07:58:55Z</Time>
      <Position>
       <LatitudeDegrees>35.6987244</LatitudeDegrees>
       <LongitudeDegrees>139.7983004</LongitudeDegrees>
      </Position>
      <AltitudeMeters>-1</AltitudeMeters>
      <DistanceMeters>1646</DistanceMeters>
      <HeartRateBpm>
       <Value>122</Value>
      </HeartRateBpm>
      <Cadence>77</Cadence>
      <Extensions>
       <Speed>6.180000</Speed>
      </Extensions>
     </Trackpoint>
     <Trackpoint>
      <Time>2026-06-10T07:58:56Z</Time>
      <Position>
       <LatitudeDegrees>35.6987268</LatitudeDegrees>
       <LongitudeDegrees>139.7983199</LongitudeDegrees>
      </Position>
      <AltitudeMeters>-1</AltitudeMeters>
      <DistanceMeters>1648</DistanceMeters>
      <HeartRateBpm>
       <Value>122</Value>
      </HeartRateBpm>
      <Cadence>77</Cadence>
      <Extensions>
       <Speed>6.190000</Speed>
      </Extensions>
     </Trackpoint>
     <Trackpoint>
      <Time>2026-06-10T07:58:57Z</Time>
      <Position>
       <LatitudeDegrees>35.6987291</LatitudeDegrees>
       <LongitudeDegrees>139.7983390</LongitudeDegrees>
      </Position>
      <AltitudeMeters>-1</AltitudeMeters>
      <DistanceMeters>1649</DistanceMeters>
      <HeartRateBpm>
       <Value>122</Value>
      </HeartRateBpm>
      <Cadence>77</Cadence>
      <Extensions>
       <Speed>6.200000</Speed>
      </Extensions>
     </Trackpoint>
     <Trackpoint>
      <Time>2026-06-10T07:58:58Z</Time>
      <Position>
       <LatitudeDegrees>35.6987314</LatitudeDegrees>
       <LongitudeDegrees>139.7983582</LongitudeDegrees>
      </Position>
      <AltitudeMeters>-1</AltitudeMeters>
      <DistanceMeters>1651</DistanceMeters>
      <HeartRateBpm>
       <Value>122</Value>
      </HeartRateBpm>
      <Cadence>77</Cadence>
      <Extensions>
       <Speed>6.200000</Speed>
      </Extensions>
     </Trackpoint>
     <Trackpoint>
      <Time>2026-06-10T07:58:59Z</Time>
      <Position>
       <LatitudeDegrees>35.6987337</LatitudeDegrees>
       <LongitudeDegrees>139.7983777</LongitudeDegrees>
      </Position>
      <AltitudeMeters>-1</AltitudeMeters>
      <DistanceMeters>1653</DistanceMeters>
      <HeartRateBpm>
       <Value>122</Value>
      </HeartRateBpm>
      <Cadence>77</Cadence>
      <Extensions>
       <Speed>6.210000</Speed>
      </Extensions>
     </Trackpoint>
     <Trackpoint>
      <Time>2026-06-10T07:59:00Z</Time>
      <Position>
       <LatitudeDegrees>35.6987360</LatitudeDegrees>
       <LongitudeDegrees>139.7983972</LongitudeDegrees>
      </Position>
      <AltitudeMeters>-1</AltitudeMeters>
      <DistanceMeters>1654</DistanceMeters>
      <HeartRateBpm>
       <Value>122</Value>
      </HeartRateBpm>
      <Cadence>77</Cadence>
      <Extensions>
       <Speed>6.220000</Speed>
      </Extensions>
     </Trackpoint>
     <Trackpoint>
      <Time>2026-06-10T07:59:01Z</Time>
      <Position>
       <LatitudeDegrees>35.6987386</LatitudeDegrees>
       <LongitudeDegrees>139.7984153</LongitudeDegrees>
      </Position>
      <AltitudeMeters>-1</AltitudeMeters>
      <DistanceMeters>1656</DistanceMeters>
      <HeartRateBpm>
       <Value>122</Value>
      </HeartRateBpm>
      <Cadence>77</Cadence>
      <Extensions>
       <Speed>6.230000</Speed>
      </Extensions>
     </Trackpoint>
     <Trackpoint>
      <Time>2026-06-10T07:59:02Z</Time>
      <Position>
       <LatitudeDegrees>35.6987413</LatitudeDegrees>
       <LongitudeDegrees>139.7984335</LongitudeDegrees>
      </Position>
      <AltitudeMeters>-1</AltitudeMeters>
      <DistanceMeters>1658</DistanceMeters>
      <HeartRateBpm>
       <Value>122</Value>
      </HeartRateBpm>
      <Cadence>76</Cadence>
      <Extensions>
       <Speed>6.240000</Speed>
      </Extensions>
     </Trackpoint>
     <Trackpoint>
      <Time>2026-06-10T07:59:03Z</Time>
      <Position>
       <LatitudeDegrees>35.6987448</LatitudeDegrees>
       <LongitudeDegrees>139.7984505</LongitudeDegrees>
      </Position>
      <AltitudeMeters>-1</AltitudeMeters>
      <DistanceMeters>1659</DistanceMeters>
      <HeartRateBpm>
       <Value>121</Value>
      </HeartRateBpm>
      <Cadence>76</Cadence>
      <Extensions>
       <Speed>6.260000</Speed>
      </Extensions>
     </Trackpoint>
     <Trackpoint>
      <Time>2026-06-10T07:59:04Z</Time>
      <Position>
       <LatitudeDegrees>35.6987484</LatitudeDegrees>
       <LongitudeDegrees>139.7984676</LongitudeDegrees>
      </Position>
      <AltitudeMeters>-1</AltitudeMeters>
      <DistanceMeters>1660</DistanceMeters>
      <HeartRateBpm>
       <Value>121</Value>
      </HeartRateBpm>
      <Cadence>76</Cadence>
      <Extensions>
       <Speed>6.260000</Speed>
      </Extensions>
     </Trackpoint>
     <Trackpoint>
      <Time>2026-06-10T07:59:05Z</Time>
      <Position>
       <LatitudeDegrees>35.6987518</LatitudeDegrees>
       <LongitudeDegrees>139.7984836</LongitudeDegrees>
      </Position>
      <AltitudeMeters>-1</AltitudeMeters>
      <DistanceMeters>1662</DistanceMeters>
      <HeartRateBpm>
       <Value>121</Value>
      </HeartRateBpm>
      <Cadence>76</Cadence>
      <Extensions>
       <Speed>6.270000</Speed>
      </Extensions>
     </Trackpoint>
     <Trackpoint>
      <Time>2026-06-10T07:59:06Z</Time>
      <Position>
       <LatitudeDegrees>35.6987552</LatitudeDegrees>
       <LongitudeDegrees>139.7984997</LongitudeDegrees>
      </Position>
      <AltitudeMeters>-1</AltitudeMeters>
      <DistanceMeters>1664</DistanceMeters>
      <HeartRateBpm>
       <Value>121</Value>
      </HeartRateBpm>
      <Cadence>76</Cadence>
      <Extensions>
       <Speed>6.280000</Speed>
      </Extensions>
     </Trackpoint>
     <Trackpoint>
      <Time>2026-06-10T07:59:07Z</Time>
      <Position>
       <LatitudeDegrees>35.6987585</LatitudeDegrees>
       <LongitudeDegrees>139.7985154</LongitudeDegrees>
      </Position>
      <AltitudeMeters>-1</AltitudeMeters>
      <DistanceMeters>1665</DistanceMeters>
      <HeartRateBpm>
       <Value>121</Value>
      </HeartRateBpm>
      <Cadence>76</Cadence>
      <Extensions>
       <Speed>6.290000</Speed>
      </Extensions>
     </Trackpoint>
     <Trackpoint>
      <Time>2026-06-10T07:59:08Z</Time>
      <Position>
       <LatitudeDegrees>35.6987618</LatitudeDegrees>
       <LongitudeDegrees>139.7985312</LongitudeDegrees>
      </Position>
      <AltitudeMeters>-1</AltitudeMeters>
      <DistanceMeters>1667</DistanceMeters>
      <HeartRateBpm>
       <Value>120</Value>
      </HeartRateBpm>
      <Cadence>76</Cadence>
      <Extensions>
       <Speed>6.260000</Speed>
      </Extensions>
     </Trackpoint>
     <Trackpoint>
      <Time>2026-06-10T07:59:09Z</Time>
      <Position>
       <LatitudeDegrees>35.6987634</LatitudeDegrees>
       <LongitudeDegrees>139.7985494</LongitudeDegrees>
      </Position>
      <AltitudeMeters>-1</AltitudeMeters>
      <DistanceMeters>1669</DistanceMeters>
      <HeartRateBpm>
       <Value>120</Value>
      </HeartRateBpm>
      <Cadence>76</Cadence>
      <Extensions>
       <Speed>6.240000</Speed>
      </Extensions>
     </Trackpoint>
     <Trackpoint>
      <Time>2026-06-10T07:59:10Z</Time>
      <Position>
       <LatitudeDegrees>35.6987650</LatitudeDegrees>
       <LongitudeDegrees>139.7985676</LongitudeDegrees>
      </Position>
      <AltitudeMeters>-1</AltitudeMeters>
      <DistanceMeters>1670</DistanceMeters>
      <HeartRateBpm>
       <Value>120</Value>
      </HeartRateBpm>
      <Cadence>76</Cadence>
      <Extensions>
       <Speed>6.230000</Speed>
      </Extensions>
     </Trackpoint>
     <Trackpoint>
      <Time>2026-06-10T07:59:11Z</Time>
      <Position>
       <LatitudeDegrees>35.6987642</LatitudeDegrees>
       <LongitudeDegrees>139.7985877</LongitudeDegrees>
      </Position>
      <AltitudeMeters>-1</AltitudeMeters>
      <DistanceMeters>1672</DistanceMeters>
      <HeartRateBpm>
       <Value>120</Value>
      </HeartRateBpm>
      <Cadence>77</Cadence>
      <Extensions>
       <Speed>6.220000</Speed>
      </Extensions>
     </Trackpoint>
     <Trackpoint>
      <Time>2026-06-10T07:59:12Z</Time>
      <Position>
       <LatitudeDegrees>35.6987634</LatitudeDegrees>
       <LongitudeDegrees>139.7986078</LongitudeDegrees>
      </Position>
      <AltitudeMeters>-1</AltitudeMeters>
      <DistanceMeters>1674</DistanceMeters>
      <HeartRateBpm>
       <Value>120</Value>
      </HeartRateBpm>
      <Cadence>77</Cadence>
      <Extensions>
       <Speed>6.210000</Speed>
      </Extensions>
     </Trackpoint>
     <Trackpoint>
      <Time>2026-06-10T07:59:13Z</Time>
      <Position>
       <LatitudeDegrees>35.6987605</LatitudeDegrees>
       <LongitudeDegrees>139.7986287</LongitudeDegrees>
      </Position>
      <AltitudeMeters>-1</AltitudeMeters>
      <DistanceMeters>1676</DistanceMeters>
      <HeartRateBpm>
       <Value>120</Value>
      </HeartRateBpm>
      <Cadence>77</Cadence>
      <Extensions>
       <Speed>6.210000</Speed>
      </Extensions>
     </Trackpoint>
     <Trackpoint>
      <Time>2026-06-10T07:59:14Z</Time>
      <Position>
       <LatitudeDegrees>35.6987577</LatitudeDegrees>
       <LongitudeDegrees>139.7986497</LongitudeDegrees>
      </Position>
      <AltitudeMeters>-1</AltitudeMeters>
      <DistanceMeters>1678</DistanceMeters>
      <HeartRateBpm>
       <Value>120</Value>
      </HeartRateBpm>
      <Cadence>76</Cadence>
      <Extensions>
       <Speed>6.210000</Speed>
      </Extensions>
     </Trackpoint>
     <Trackpoint>
      <Time>2026-06-10T07:59:15Z</Time>
      <Position>
       <LatitudeDegrees>35.6987550</LatitudeDegrees>
       <LongitudeDegrees>139.7986695</LongitudeDegrees>
      </Position>
      <AltitudeMeters>-1</AltitudeMeters>
      <DistanceMeters>1680</DistanceMeters>
      <HeartRateBpm>
       <Value>120</Value>
      </HeartRateBpm>
      <Cadence>76</Cadence>
      <Extensions>
       <Speed>6.220000</Speed>
      </Extensions>
     </Trackpoint>
     <Trackpoint>
      <Time>2026-06-10T07:59:16Z</Time>
      <Position>
       <LatitudeDegrees>35.6987524</LatitudeDegrees>
       <LongitudeDegrees>139.7986893</LongitudeDegrees>
      </Position>
      <AltitudeMeters>-1</AltitudeMeters>
      <DistanceMeters>1681</DistanceMeters>
      <HeartRateBpm>
       <Value>120</Value>
      </HeartRateBpm>
      <Cadence>76</Cadence>
      <Extensions>
       <Speed>6.220000</Speed>
      </Extensions>
     </Trackpoint>
     <Trackpoint>
      <Time>2026-06-10T07:59:17Z</Time>
      <Position>
       <LatitudeDegrees>35.6987473</LatitudeDegrees>
       <LongitudeDegrees>139.7987058</LongitudeDegrees>
      </Position>
      <AltitudeMeters>-1</AltitudeMeters>
      <DistanceMeters>1682</DistanceMeters>
      <HeartRateBpm>
       <Value>120</Value>
      </HeartRateBpm>
      <Cadence>76</Cadence>
      <Extensions>
       <Speed>6.230000</Speed>
      </Extensions>
     </Trackpoint>
     <Trackpoint>
      <Time>2026-06-10T07:59:18Z</Time>
      <Position>
       <LatitudeDegrees>35.6987422</LatitudeDegrees>
       <LongitudeDegrees>139.7987224</LongitudeDegrees>
      </Position>
      <AltitudeMeters>-1</AltitudeMeters>
      <DistanceMeters>1684</DistanceMeters>
      <HeartRateBpm>
       <Value>120</Value>
      </HeartRateBpm>
      <Cadence>76</Cadence>
      <Extensions>
       <Speed>6.230000</Speed>
      </Extensions>
     </Trackpoint>
     <Trackpoint>
      <Time>2026-06-10T07:59:19Z</Time>
      <Position>
       <LatitudeDegrees>35.6987308</LatitudeDegrees>
       <LongitudeDegrees>139.7987344</LongitudeDegrees>
      </Position>
      <AltitudeMeters>-1</AltitudeMeters>
      <DistanceMeters>1686</DistanceMeters>
      <HeartRateBpm>
       <Value>119</Value>
      </HeartRateBpm>
      <Cadence>76</Cadence>
      <Extensions>
       <Speed>6.240000</Speed>
      </Extensions>
     </Trackpoint>
     <Trackpoint>
      <Time>2026-06-10T07:59:20Z</Time>
      <Position>
       <LatitudeDegrees>35.6987195</LatitudeDegrees>
       <LongitudeDegrees>139.7987464</LongitudeDegrees>
      </Position>
      <AltitudeMeters>-1</AltitudeMeters>
      <DistanceMeters>1688</DistanceMeters>
      <HeartRateBpm>
       <Value>119</Value>
      </HeartRateBpm>
      <Cadence>76</Cadence>
      <Extensions>
       <Speed>6.240000</Speed>
      </Extensions>
     </Trackpoint>
     <Trackpoint>
      <Time>2026-06-10T07:59:21Z</Time>
      <Position>
       <LatitudeDegrees>35.6987043</LatitudeDegrees>
       <LongitudeDegrees>139.7987542</LongitudeDegrees>
      </Position>
      <AltitudeMeters>-1</AltitudeMeters>
      <DistanceMeters>1690</DistanceMeters>
      <HeartRateBpm>
       <Value>119</Value>
      </HeartRateBpm>
      <Cadence>77</Cadence>
      <Extensions>
       <Speed>6.250000</Speed>
      </Extensions>
     </Trackpoint>
     <Trackpoint>
      <Time>2026-06-10T07:59:22Z</Time>
      <Position>
       <LatitudeDegrees>35.6986892</LatitudeDegrees>
       <LongitudeDegrees>139.7987620</LongitudeDegrees>
      </Position>
      <AltitudeMeters>-1</AltitudeMeters>
      <DistanceMeters>1692</DistanceMeters>
      <HeartRateBpm>
       <Value>119</Value>
      </HeartRateBpm>
      <Cadence>77</Cadence>
      <Extensions>
       <Speed>6.260000</Speed>
      </Extensions>
     </Trackpoint>
     <Trackpoint>
      <Time>2026-06-10T07:59:23Z</Time>
      <Position>
       <LatitudeDegrees>35.6986732</LatitudeDegrees>
       <LongitudeDegrees>139.7987656</LongitudeDegrees>
      </Position>
      <AltitudeMeters>-1</AltitudeMeters>
      <DistanceMeters>1694</DistanceMeters>
      <HeartRateBpm>
       <Value>119</Value>
      </HeartRateBpm>
      <Cadence>77</Cadence>
      <Extensions>
       <Speed>6.270000</Speed>
      </Extensions>
     </Trackpoint>
     <Trackpoint>
      <Time>2026-06-10T07:59:24Z</Time>
      <Position>
       <LatitudeDegrees>35.6986573</LatitudeDegrees>
       <LongitudeDegrees>139.7987693</LongitudeDegrees>
      </Position>
      <AltitudeMeters>-1</AltitudeMeters>
      <DistanceMeters>1696</DistanceMeters>
      <HeartRateBpm>
       <Value>119</Value>
      </HeartRateBpm>
      <Cadence>76</Cadence>
      <Extensions>
       <Speed>6.270000</Speed>
      </Extensions>
     </Trackpoint>
     <Trackpoint>
      <Time>2026-06-10T07:59:25Z</Time>
      <Position>
       <LatitudeDegrees>35.6986420</LatitudeDegrees>
       <LongitudeDegrees>139.7987706</LongitudeDegrees>
      </Position>
      <AltitudeMeters>-1</AltitudeMeters>
      <DistanceMeters>1697</DistanceMeters>
      <HeartRateBpm>
       <Value>119</Value>
      </HeartRateBpm>
      <Cadence>76</Cadence>
      <Extensions>
       <Speed>6.270000</Speed>
      </Extensions>
     </Trackpoint>
     <Trackpoint>
      <Time>2026-06-10T07:59:26Z</Time>
      <Position>
       <LatitudeDegrees>35.6986268</LatitudeDegrees>
       <LongitudeDegrees>139.7987719</LongitudeDegrees>
      </Position>
      <AltitudeMeters>-1</AltitudeMeters>
      <DistanceMeters>1698</DistanceMeters>
      <HeartRateBpm>
       <Value>120</Value>
      </HeartRateBpm>
      <Cadence>76</Cadence>
      <Extensions>
       <Speed>6.260000</Speed>
      </Extensions>
     </Trackpoint>
     <Trackpoint>
      <Time>2026-06-10T07:59:27Z</Time>
      <Position>
       <LatitudeDegrees>35.6986116</LatitudeDegrees>
       <LongitudeDegrees>139.7987718</LongitudeDegrees>
      </Position>
      <AltitudeMeters>-1</AltitudeMeters>
      <DistanceMeters>1700</DistanceMeters>
      <HeartRateBpm>
       <Value>120</Value>
      </HeartRateBpm>
      <Cadence>76</Cadence>
      <Extensions>
       <Speed>6.250000</Speed>
      </Extensions>
     </Trackpoint>
     <Trackpoint>
      <Time>2026-06-10T07:59:28Z</Time>
      <Position>
       <LatitudeDegrees>35.6985965</LatitudeDegrees>
       <LongitudeDegrees>139.7987718</LongitudeDegrees>
      </Position>
      <AltitudeMeters>-1</AltitudeMeters>
      <DistanceMeters>1702</DistanceMeters>
      <HeartRateBpm>
       <Value>120</Value>
      </HeartRateBpm>
      <Cadence>76</Cadence>
      <Extensions>
       <Speed>6.240000</Speed>
      </Extensions>
     </Trackpoint>
     <Trackpoint>
      <Time>2026-06-10T07:59:29Z</Time>
      <Position>
       <LatitudeDegrees>35.6985805</LatitudeDegrees>
       <LongitudeDegrees>139.7987708</LongitudeDegrees>
      </Position>
      <AltitudeMeters>-1</AltitudeMeters>
      <DistanceMeters>1704</DistanceMeters>
      <HeartRateBpm>
       <Value>121</Value>
      </HeartRateBpm>
      <Cadence>76</Cadence>
      <Extensions>
       <Speed>6.230000</Speed>
      </Extensions>
     </Trackpoint>
     <Trackpoint>
      <Time>2026-06-10T07:59:30Z</Time>
      <Position>
       <LatitudeDegrees>35.6985645</LatitudeDegrees>
       <LongitudeDegrees>139.7987698</LongitudeDegrees>
      </Position>
      <AltitudeMeters>-1</AltitudeMeters>
      <DistanceMeters>1706</DistanceMeters>
      <HeartRateBpm>
       <Value>121</Value>
      </HeartRateBpm>
      <Cadence>76</Cadence>
      <Extensions>
       <Speed>6.230000</Speed>
      </Extensions>
     </Trackpoint>
     <Trackpoint>
      <Time>2026-06-10T07:59:31Z</Time>
      <Position>
       <LatitudeDegrees>35.6985476</LatitudeDegrees>
       <LongitudeDegrees>139.7987694</LongitudeDegrees>
      </Position>
      <AltitudeMeters>-1</AltitudeMeters>
      <DistanceMeters>1708</DistanceMeters>
      <HeartRateBpm>
       <Value>121</Value>
      </HeartRateBpm>
      <Cadence>77</Cadence>
      <Extensions>
       <Speed>6.230000</Speed>
      </Extensions>
     </Trackpoint>
     <Trackpoint>
      <Time>2026-06-10T07:59:32Z</Time>
      <Position>
       <LatitudeDegrees>35.6985308</LatitudeDegrees>
       <LongitudeDegrees>139.7987691</LongitudeDegrees>
      </Position>
      <AltitudeMeters>-1</AltitudeMeters>
      <DistanceMeters>1710</DistanceMeters>
      <HeartRateBpm>
       <Value>121</Value>
      </HeartRateBpm>
      <Cadence>77</Cadence>
      <Extensions>
       <Speed>6.230000</Speed>
      </Extensions>
     </Trackpoint>
     <Trackpoint>
      <Time>2026-06-10T07:59:33Z</Time>
      <Position>
       <LatitudeDegrees>35.6985148</LatitudeDegrees>
       <LongitudeDegrees>139.7987695</LongitudeDegrees>
      </Position>
      <AltitudeMeters>-1</AltitudeMeters>
      <DistanceMeters>1711</DistanceMeters>
      <HeartRateBpm>
       <Value>122</Value>
      </HeartRateBpm>
      <Cadence>77</Cadence>
      <Extensions>
       <Speed>6.240000</Speed>
      </Extensions>
     </Trackpoint>
     <Trackpoint>
      <Time>2026-06-10T07:59:34Z</Time>
      <Position>
       <LatitudeDegrees>35.6984989</LatitudeDegrees>
       <LongitudeDegrees>139.7987700</LongitudeDegrees>
      </Position>
      <AltitudeMeters>-1</AltitudeMeters>
      <DistanceMeters>1712</DistanceMeters>
      <HeartRateBpm>
       <Value>122</Value>
      </HeartRateBpm>
      <Cadence>77</Cadence>
      <Extensions>
       <Speed>6.250000</Speed>
      </Extensions>
     </Trackpoint>
     <Trackpoint>
      <Time>2026-06-10T07:59:35Z</Time>
      <Position>
       <LatitudeDegrees>35.6984851</LatitudeDegrees>
       <LongitudeDegrees>139.7987708</LongitudeDegrees>
      </Position>
      <AltitudeMeters>-1</AltitudeMeters>
      <DistanceMeters>1714</DistanceMeters>
      <HeartRateBpm>
       <Value>122</Value>
      </HeartRateBpm>
      <Cadence>77</Cadence>
      <Extensions>
       <Speed>6.260000</Speed>
      </Extensions>
     </Trackpoint>
     <Trackpoint>
      <Time>2026-06-10T07:59:36Z</Time>
      <Position>
       <LatitudeDegrees>35.6984713</LatitudeDegrees>
       <LongitudeDegrees>139.7987716</LongitudeDegrees>
      </Position>
      <AltitudeMeters>-1</AltitudeMeters>
      <DistanceMeters>1716</DistanceMeters>
      <HeartRateBpm>
       <Value>122</Value>
      </HeartRateBpm>
      <Cadence>77</Cadence>
      <Extensions>
       <Speed>6.260000</Speed>
      </Extensions>
     </Trackpoint>
     <Trackpoint>
      <Time>2026-06-10T07:59:37Z</Time>
      <Position>
       <LatitudeDegrees>35.6984577</LatitudeDegrees>
       <LongitudeDegrees>139.7987724</LongitudeDegrees>
      </Position>
      <AltitudeMeters>0</AltitudeMeters>
      <DistanceMeters>1717</DistanceMeters>
      <HeartRateBpm>
       <Value>122</Value>
      </HeartRateBpm>
      <Cadence>77</Cadence>
      <Extensions>
       <Speed>6.270000</Speed>
      </Extensions>
     </Trackpoint>
     <Trackpoint>
      <Time>2026-06-10T07:59:38Z</Time>
      <Position>
       <LatitudeDegrees>35.6984442</LatitudeDegrees>
       <LongitudeDegrees>139.7987733</LongitudeDegrees>
      </Position>
      <AltitudeMeters>0</AltitudeMeters>
      <DistanceMeters>1718</DistanceMeters>
      <HeartRateBpm>
       <Value>122</Value>
      </HeartRateBpm>
      <Cadence>77</Cadence>
      <Extensions>
       <Speed>6.270000</Speed>
      </Extensions>
     </Trackpoint>
     <Trackpoint>
      <Time>2026-06-10T07:59:39Z</Time>
      <Position>
       <LatitudeDegrees>35.6984295</LatitudeDegrees>
       <LongitudeDegrees>139.7987726</LongitudeDegrees>
      </Position>
      <AltitudeMeters>0</AltitudeMeters>
      <DistanceMeters>1720</DistanceMeters>
      <HeartRateBpm>
       <Value>122</Value>
      </HeartRateBpm>
      <Cadence>77</Cadence>
      <Extensions>
       <Speed>6.270000</Speed>
      </Extensions>
     </Trackpoint>
     <Trackpoint>
      <Time>2026-06-10T07:59:40Z</Time>
      <Position>
       <LatitudeDegrees>35.6984149</LatitudeDegrees>
       <LongitudeDegrees>139.7987719</LongitudeDegrees>
      </Position>
      <AltitudeMeters>0</AltitudeMeters>
      <DistanceMeters>1722</DistanceMeters>
      <HeartRateBpm>
       <Value>121</Value>
      </HeartRateBpm>
      <Cadence>77</Cadence>
      <Extensions>
       <Speed>6.260000</Speed>
      </Extensions>
     </Trackpoint>
     <Trackpoint>
      <Time>2026-06-10T07:59:41Z</Time>
      <Position>
       <LatitudeDegrees>35.6984009</LatitudeDegrees>
       <LongitudeDegrees>139.7987701</LongitudeDegrees>
      </Position>
      <AltitudeMeters>0</AltitudeMeters>
      <DistanceMeters>1723</DistanceMeters>
      <HeartRateBpm>
       <Value>121</Value>
      </HeartRateBpm>
      <Cadence>77</Cadence>
      <Extensions>
       <Speed>6.260000</Speed>
      </Extensions>
     </Trackpoint>
     <Trackpoint>
      <Time>2026-06-10T07:59:42Z</Time>
      <Position>
       <LatitudeDegrees>35.6983870</LatitudeDegrees>
       <LongitudeDegrees>139.7987684</LongitudeDegrees>
      </Position>
      <AltitudeMeters>0</AltitudeMeters>
      <DistanceMeters>1724</DistanceMeters>
      <HeartRateBpm>
       <Value>121</Value>
      </HeartRateBpm>
      <Cadence>77</Cadence>
      <Extensions>
       <Speed>6.240000</Speed>
      </Extensions>
     </Trackpoint>
     <Trackpoint>
      <Time>2026-06-10T07:59:43Z</Time>
      <Position>
       <LatitudeDegrees>35.6983735</LatitudeDegrees>
       <LongitudeDegrees>139.7987677</LongitudeDegrees>
      </Position>
      <AltitudeMeters>0</AltitudeMeters>
      <DistanceMeters>1726</DistanceMeters>
      <HeartRateBpm>
       <Value>121</Value>
      </HeartRateBpm>
      <Cadence>77</Cadence>
      <Extensions>
       <Speed>6.220000</Speed>
      </Extensions>
     </Trackpoint>
     <Trackpoint>
      <Time>2026-06-10T07:59:44Z</Time>
      <Position>
       <LatitudeDegrees>35.6983600</LatitudeDegrees>
       <LongitudeDegrees>139.7987670</LongitudeDegrees>
      </Position>
      <AltitudeMeters>0</AltitudeMeters>
      <DistanceMeters>1728</DistanceMeters>
      <HeartRateBpm>
       <Value>121</Value>
      </HeartRateBpm>
      <Cadence>77</Cadence>
      <Extensions>
       <Speed>6.200000</Speed>
      </Extensions>
     </Trackpoint>
     <Trackpoint>
      <Time>2026-06-10T07:59:45Z</Time>
      <Position>
       <LatitudeDegrees>35.6983461</LatitudeDegrees>
       <LongitudeDegrees>139.7987685</LongitudeDegrees>
      </Position>
      <AltitudeMeters>0</AltitudeMeters>
      <DistanceMeters>1730</DistanceMeters>
      <HeartRateBpm>
       <Value>121</Value>
      </HeartRateBpm>
      <Cadence>77</Cadence>
      <Extensions>
       <Speed>6.190000</Speed>
      </Extensions>
     </Trackpoint>
     <Trackpoint>
      <Time>2026-06-10T07:59:46Z</Time>
      <Position>
       <LatitudeDegrees>35.6983323</LatitudeDegrees>
       <LongitudeDegrees>139.7987701</LongitudeDegrees>
      </Position>
      <AltitudeMeters>0</AltitudeMeters>
      <DistanceMeters>1732</DistanceMeters>
      <HeartRateBpm>
       <Value>120</Value>
      </HeartRateBpm>
      <Cadence>76</Cadence>
      <Extensions>
       <Speed>6.150000</Speed>
      </Extensions>
     </Trackpoint>
     <Trackpoint>
      <Time>2026-06-10T07:59:47Z</Time>
      <Position>
       <LatitudeDegrees>35.6983176</LatitudeDegrees>
       <LongitudeDegrees>139.7987718</LongitudeDegrees>
      </Position>
      <AltitudeMeters>0</AltitudeMeters>
      <DistanceMeters>1733</DistanceMeters>
      <HeartRateBpm>
       <Value>120</Value>
      </HeartRateBpm>
      <Cadence>76</Cadence>
      <Extensions>
       <Speed>6.110000</Speed>
      </Extensions>
     </Trackpoint>
     <Trackpoint>
      <Time>2026-06-10T07:59:48Z</Time>
      <Position>
       <LatitudeDegrees>35.6983030</LatitudeDegrees>
       <LongitudeDegrees>139.7987735</LongitudeDegrees>
      </Position>
      <AltitudeMeters>0</AltitudeMeters>
      <DistanceMeters>1734</DistanceMeters>
      <HeartRateBpm>
       <Value>120</Value>
      </HeartRateBpm>
      <Cadence>76</Cadence>
      <Extensions>
       <Speed>6.090000</Speed>
      </Extensions>
     </Trackpoint>
     <Trackpoint>
      <Time>2026-06-10T07:59:49Z</Time>
      <Position>
       <LatitudeDegrees>35.6982875</LatitudeDegrees>
       <LongitudeDegrees>139.7987748</LongitudeDegrees>
      </Position>
      <AltitudeMeters>0</AltitudeMeters>
      <DistanceMeters>1736</DistanceMeters>
      <HeartRateBpm>
       <Value>121</Value>
      </HeartRateBpm>
      <Cadence>76</Cadence>
      <Extensions>
       <Speed>6.080000</Speed>
      </Extensions>
     </Trackpoint>
     <Trackpoint>
      <Time>2026-06-10T07:59:50Z</Time>
      <Position>
       <LatitudeDegrees>35.6982720</LatitudeDegrees>
       <LongitudeDegrees>139.7987762</LongitudeDegrees>
      </Position>
      <AltitudeMeters>0</AltitudeMeters>
      <DistanceMeters>1738</DistanceMeters>
      <HeartRateBpm>
       <Value>121</Value>
      </HeartRateBpm>
      <Cadence>76</Cadence>
      <Extensions>
       <Speed>6.080000</Speed>
      </Extensions>
     </Trackpoint>
     <Trackpoint>
      <Time>2026-06-10T07:59:51Z</Time>
      <Position>
       <LatitudeDegrees>35.6982558</LatitudeDegrees>
       <LongitudeDegrees>139.7987770</LongitudeDegrees>
      </Position>
      <AltitudeMeters>0</AltitudeMeters>
      <DistanceMeters>1740</DistanceMeters>
      <HeartRateBpm>
       <Value>121</Value>
      </HeartRateBpm>
      <Cadence>76</Cadence>
      <Extensions>
       <Speed>6.080000</Speed>
      </Extensions>
     </Trackpoint>
     <Trackpoint>
      <Time>2026-06-10T07:59:52Z</Time>
      <Position>
       <LatitudeDegrees>35.6982397</LatitudeDegrees>
       <LongitudeDegrees>139.7987778</LongitudeDegrees>
      </Position>
      <AltitudeMeters>0</AltitudeMeters>
      <DistanceMeters>1742</DistanceMeters>
      <HeartRateBpm>
       <Value>121</Value>
      </HeartRateBpm>
      <Cadence>75</Cadence>
      <Extensions>
       <Speed>6.080000</Speed>
      </Extensions>
     </Trackpoint>
     <Trackpoint>
      <Time>2026-06-10T07:59:53Z</Time>
      <Position>
       <LatitudeDegrees>35.6982233</LatitudeDegrees>
       <LongitudeDegrees>139.7987767</LongitudeDegrees>
      </Position>
      <AltitudeMeters>0</AltitudeMeters>
      <DistanceMeters>1744</DistanceMeters>
      <HeartRateBpm>
       <Value>121</Value>
      </HeartRateBpm>
      <Cadence>75</Cadence>
      <Extensions>
       <Speed>6.090000</Speed>
      </Extensions>
     </Trackpoint>
     <Trackpoint>
      <Time>2026-06-10T07:59:54Z</Time>
      <Position>
       <LatitudeDegrees>35.6982069</LatitudeDegrees>
       <LongitudeDegrees>139.7987756</LongitudeDegrees>
      </Position>
      <AltitudeMeters>0</AltitudeMeters>
      <DistanceMeters>1746</DistanceMeters>
      <HeartRateBpm>
       <Value>122</Value>
      </HeartRateBpm>
      <Cadence>75</Cadence>
      <Extensions>
       <Speed>6.090000</Speed>
      </Extensions>
     </Trackpoint>
     <Trackpoint>
      <Time>2026-06-10T07:59:55Z</Time>
      <Position>
       <LatitudeDegrees>35.6981907</LatitudeDegrees>
       <LongitudeDegrees>139.7987751</LongitudeDegrees>
      </Position>
      <AltitudeMeters>0</AltitudeMeters>
      <DistanceMeters>1747</DistanceMeters>
      <HeartRateBpm>
       <Value>122</Value>
      </HeartRateBpm>
      <Cadence>76</Cadence>
      <Extensions>
       <Speed>6.100000</Speed>
      </Extensions>
     </Trackpoint>
     <Trackpoint>
      <Time>2026-06-10T07:59:56Z</Time>
      <Position>
       <LatitudeDegrees>35.6981746</LatitudeDegrees>
       <LongitudeDegrees>139.7987746</LongitudeDegrees>
      </Position>
      <AltitudeMeters>0</AltitudeMeters>
      <DistanceMeters>1749</DistanceMeters>
      <HeartRateBpm>
       <Value>122</Value>
      </HeartRateBpm>
      <Cadence>76</Cadence>
      <Extensions>
       <Speed>6.110000</Speed>
      </Extensions>
     </Trackpoint>
     <Trackpoint>
      <Time>2026-06-10T07:59:57Z</Time>
      <Position>
       <LatitudeDegrees>35.6981594</LatitudeDegrees>
       <LongitudeDegrees>139.7987741</LongitudeDegrees>
      </Position>
      <AltitudeMeters>0</AltitudeMeters>
      <DistanceMeters>1751</DistanceMeters>
      <HeartRateBpm>
       <Value>122</Value>
      </HeartRateBpm>
      <Cadence>76</Cadence>
      <Extensions>
       <Speed>6.120000</Speed>
      </Extensions>
     </Trackpoint>
     <Trackpoint>
      <Time>2026-06-10T07:59:58Z</Time>
      <Position>
       <LatitudeDegrees>35.6981443</LatitudeDegrees>
       <LongitudeDegrees>139.7987736</LongitudeDegrees>
      </Position>
      <AltitudeMeters>0</AltitudeMeters>
      <DistanceMeters>1752</DistanceMeters>
      <HeartRateBpm>
       <Value>122</Value>
      </HeartRateBpm>
      <Cadence>76</Cadence>
      <Extensions>
       <Speed>6.140000</Speed>
      </Extensions>
     </Trackpoint>
     <Trackpoint>
      <Time>2026-06-10T07:59:59Z</Time>
      <Position>
       <LatitudeDegrees>35.6981296</LatitudeDegrees>
       <LongitudeDegrees>139.7987719</LongitudeDegrees>
      </Position>
      <AltitudeMeters>0</AltitudeMeters>
      <DistanceMeters>1754</DistanceMeters>
      <HeartRateBpm>
       <Value>123</Value>
      </HeartRateBpm>
      <Cadence>76</Cadence>
      <Extensions>
       <Speed>6.170000</Speed>
      </Extensions>
     </Trackpoint>
     <Trackpoint>
      <Time>2026-06-10T08:00:00Z</Time>
      <Position>
       <LatitudeDegrees>35.6981149</LatitudeDegrees>
       <LongitudeDegrees>139.7987703</LongitudeDegrees>
      </Position>
      <AltitudeMeters>0</AltitudeMeters>
      <DistanceMeters>1756</DistanceMeters>
      <HeartRateBpm>
       <Value>123</Value>
      </HeartRateBpm>
      <Cadence>76</Cadence>
      <Extensions>
       <Speed>6.170000</Speed>
      </Extensions>
     </Trackpoint>
     <Trackpoint>
      <Time>2026-06-10T08:00:01Z</Time>
      <Position>
       <LatitudeDegrees>35.6980998</LatitudeDegrees>
       <LongitudeDegrees>139.7987703</LongitudeDegrees>
      </Position>
      <AltitudeMeters>-1</AltitudeMeters>
      <DistanceMeters>1757</DistanceMeters>
      <HeartRateBpm>
       <Value>123</Value>
      </HeartRateBpm>
      <Cadence>76</Cadence>
      <Extensions>
       <Speed>6.170000</Speed>
      </Extensions>
     </Trackpoint>
     <Trackpoint>
      <Time>2026-06-10T08:00:02Z</Time>
      <Position>
       <LatitudeDegrees>35.6980847</LatitudeDegrees>
       <LongitudeDegrees>139.7987704</LongitudeDegrees>
      </Position>
      <AltitudeMeters>-1</AltitudeMeters>
      <DistanceMeters>1759</DistanceMeters>
      <HeartRateBpm>
       <Value>123</Value>
      </HeartRateBpm>
      <Cadence>76</Cadence>
      <Extensions>
       <Speed>6.170000</Speed>
      </Extensions>
     </Trackpoint>
     <Trackpoint>
      <Time>2026-06-10T08:00:03Z</Time>
      <Position>
       <LatitudeDegrees>35.6980681</LatitudeDegrees>
       <LongitudeDegrees>139.7987720</LongitudeDegrees>
      </Position>
      <AltitudeMeters>-1</AltitudeMeters>
      <DistanceMeters>1761</DistanceMeters>
      <HeartRateBpm>
       <Value>123</Value>
      </HeartRateBpm>
      <Cadence>76</Cadence>
      <Extensions>
       <Speed>6.170000</Speed>
      </Extensions>
     </Trackpoint>
     <Trackpoint>
      <Time>2026-06-10T08:00:04Z</Time>
      <Position>
       <LatitudeDegrees>35.6980515</LatitudeDegrees>
       <LongitudeDegrees>139.7987737</LongitudeDegrees>
      </Position>
      <AltitudeMeters>-1</AltitudeMeters>
      <DistanceMeters>1763</DistanceMeters>
      <HeartRateBpm>
       <Value>123</Value>
      </HeartRateBpm>
      <Cadence>76</Cadence>
      <Extensions>
       <Speed>6.170000</Speed>
      </Extensions>
     </Trackpoint>
     <Trackpoint>
      <Time>2026-06-10T08:00:05Z</Time>
      <Position>
       <LatitudeDegrees>35.6980348</LatitudeDegrees>
       <LongitudeDegrees>139.7987781</LongitudeDegrees>
      </Position>
      <AltitudeMeters>-1</AltitudeMeters>
      <DistanceMeters>1765</DistanceMeters>
      <HeartRateBpm>
       <Value>123</Value>
      </HeartRateBpm>
      <Cadence>76</Cadence>
      <Extensions>
       <Speed>6.180000</Speed>
      </Extensions>
     </Trackpoint>
     <Trackpoint>
      <Time>2026-06-10T08:00:06Z</Time>
      <Position>
       <LatitudeDegrees>35.6980182</LatitudeDegrees>
       <LongitudeDegrees>139.7987825</LongitudeDegrees>
      </Position>
      <AltitudeMeters>-1</AltitudeMeters>
      <DistanceMeters>1766</DistanceMeters>
      <HeartRateBpm>
       <Value>123</Value>
      </HeartRateBpm>
      <Cadence>76</Cadence>
      <Extensions>
       <Speed>6.190000</Speed>
      </Extensions>
     </Trackpoint>
     <Trackpoint>
      <Time>2026-06-10T08:00:07Z</Time>
      <Position>
       <LatitudeDegrees>35.6980035</LatitudeDegrees>
       <LongitudeDegrees>139.7987856</LongitudeDegrees>
      </Position>
      <AltitudeMeters>-1</AltitudeMeters>
      <DistanceMeters>1768</DistanceMeters>
      <HeartRateBpm>
       <Value>123</Value>
      </HeartRateBpm>
      <Cadence>76</Cadence>
      <Extensions>
       <Speed>6.200000</Speed>
      </Extensions>
     </Trackpoint>
     <Trackpoint>
      <Time>2026-06-10T08:00:08Z</Time>
      <Position>
       <LatitudeDegrees>35.6979888</LatitudeDegrees>
       <LongitudeDegrees>139.7987888</LongitudeDegrees>
      </Position>
      <AltitudeMeters>-1</AltitudeMeters>
      <DistanceMeters>1770</DistanceMeters>
      <HeartRateBpm>
       <Value>123</Value>
      </HeartRateBpm>
      <Cadence>76</Cadence>
      <Extensions>
       <Speed>6.210000</Speed>
      </Extensions>
     </Trackpoint>
     <Trackpoint>
      <Time>2026-06-10T08:00:09Z</Time>
      <Position>
       <LatitudeDegrees>35.6979767</LatitudeDegrees>
       <LongitudeDegrees>139.7987901</LongitudeDegrees>
      </Position>
      <AltitudeMeters>-1</AltitudeMeters>
      <DistanceMeters>1771</DistanceMeters>
      <HeartRateBpm>
       <Value>123</Value>
      </HeartRateBpm>
      <Cadence>76</Cadence>
      <Extensions>
       <Speed>6.220000</Speed>
      </Extensions>
     </Trackpoint>
     <Trackpoint>
      <Time>2026-06-10T08:00:10Z</Time>
      <Position>
       <LatitudeDegrees>35.6979646</LatitudeDegrees>
       <LongitudeDegrees>139.7987915</LongitudeDegrees>
      </Position>
      <AltitudeMeters>-1</AltitudeMeters>
      <DistanceMeters>1771</DistanceMeters>
      <HeartRateBpm>
       <Value>123</Value>
      </HeartRateBpm>
      <Cadence>75</Cadence>
      <Extensions>
       <Speed>6.220000</Speed>
      </Extensions>
     </Trackpoint>
     <Trackpoint>
      <Time>2026-06-10T08:00:11Z</Time>
      <Position>
       <LatitudeDegrees>35.6979597</LatitudeDegrees>
       <LongitudeDegrees>139.7987969</LongitudeDegrees>
      </Position>
      <AltitudeMeters>-1</AltitudeMeters>
      <DistanceMeters>1771</DistanceMeters>
      <HeartRateBpm>
       <Value>122</Value>
      </HeartRateBpm>
      <Cadence>75</Cadence>
      <Extensions>
       <Speed>6.230000</Speed>
      </Extensions>
     </Trackpoint>
     <Trackpoint>
      <Time>2026-06-10T08:00:12Z</Time>
      <Position>
       <LatitudeDegrees>35.6979548</LatitudeDegrees>
       <LongitudeDegrees>139.7988024</LongitudeDegrees>
      </Position>
      <AltitudeMeters>-1</AltitudeMeters>
      <DistanceMeters>1774</DistanceMeters>
      <HeartRateBpm>
       <Value>122</Value>
      </HeartRateBpm>
      <Cadence>75</Cadence>
      <Extensions>
       <Speed>6.200000</Speed>
      </Extensions>
     </Trackpoint>
     <Trackpoint>
      <Time>2026-06-10T08:00:13Z</Time>
      <Position>
       <LatitudeDegrees>35.6979560</LatitudeDegrees>
       <LongitudeDegrees>139.7988173</LongitudeDegrees>
      </Position>
      <AltitudeMeters>-1</AltitudeMeters>
      <DistanceMeters>1776</DistanceMeters>
      <HeartRateBpm>
       <Value>122</Value>
      </HeartRateBpm>
      <Cadence>75</Cadence>
      <Extensions>
       <Speed>6.180000</Speed>
      </Extensions>
     </Trackpoint>
     <Trackpoint>
      <Time>2026-06-10T08:00:14Z</Time>
      <Position>
       <LatitudeDegrees>35.6979572</LatitudeDegrees>
       <LongitudeDegrees>139.7988322</LongitudeDegrees>
      </Position>
      <AltitudeMeters>-1</AltitudeMeters>
      <DistanceMeters>1778</DistanceMeters>
      <HeartRateBpm>
       <Value>122</Value>
      </HeartRateBpm>
      <Cadence>75</Cadence>
      <Extensions>
       <Speed>6.160000</Speed>
      </Extensions>
     </Trackpoint>
     <Trackpoint>
      <Time>2026-06-10T08:00:15Z</Time>
      <Position>
       <LatitudeDegrees>35.6979593</LatitudeDegrees>
       <LongitudeDegrees>139.7988539</LongitudeDegrees>
      </Position>
      <AltitudeMeters>-1</AltitudeMeters>
      <DistanceMeters>1780</DistanceMeters>
      <HeartRateBpm>
       <Value>122</Value>
      </HeartRateBpm>
      <Cadence>75</Cadence>
      <Extensions>
       <Speed>6.150000</Speed>
      </Extensions>
     </Trackpoint>
     <Trackpoint>
      <Time>2026-06-10T08:00:16Z</Time>
      <Position>
       <LatitudeDegrees>35.6979615</LatitudeDegrees>
       <LongitudeDegrees>139.7988757</LongitudeDegrees>
      </Position>
      <AltitudeMeters>-1</AltitudeMeters>
      <DistanceMeters>1782</DistanceMeters>
      <HeartRateBpm>
       <Value>122</Value>
      </HeartRateBpm>
      <Cadence>75</Cadence>
      <Extensions>
       <Speed>6.160000</Speed>
      </Extensions>
     </Trackpoint>
     <Trackpoint>
      <Time>2026-06-10T08:00:17Z</Time>
      <Position>
       <LatitudeDegrees>35.6979625</LatitudeDegrees>
       <LongitudeDegrees>139.7988989</LongitudeDegrees>
      </Position>
      <AltitudeMeters>-1</AltitudeMeters>
      <DistanceMeters>1784</DistanceMeters>
      <HeartRateBpm>
       <Value>121</Value>
      </HeartRateBpm>
      <Cadence>75</Cadence>
      <Extensions>
       <Speed>6.180000</Speed>
      </Extensions>
     </Trackpoint>
     <Trackpoint>
      <Time>2026-06-10T08:00:18Z</Time>
      <Position>
       <LatitudeDegrees>35.6979635</LatitudeDegrees>
       <LongitudeDegrees>139.7989221</LongitudeDegrees>
      </Position>
      <AltitudeMeters>-1</AltitudeMeters>
      <DistanceMeters>1786</DistanceMeters>
      <HeartRateBpm>
       <Value>121</Value>
      </HeartRateBpm>
      <Cadence>75</Cadence>
      <Extensions>
       <Speed>6.190000</Speed>
      </Extensions>
     </Trackpoint>
     <Trackpoint>
      <Time>2026-06-10T08:00:19Z</Time>
      <Position>
       <LatitudeDegrees>35.6979651</LatitudeDegrees>
       <LongitudeDegrees>139.7989439</LongitudeDegrees>
      </Position>
      <AltitudeMeters>-1</AltitudeMeters>
      <DistanceMeters>1788</DistanceMeters>
      <HeartRateBpm>
       <Value>121</Value>
      </HeartRateBpm>
      <Cadence>75</Cadence>
      <Extensions>
       <Speed>6.210000</Speed>
      </Extensions>
     </Trackpoint>
     <Trackpoint>
      <Time>2026-06-10T08:00:20Z</Time>
      <Position>
       <LatitudeDegrees>35.6979667</LatitudeDegrees>
       <LongitudeDegrees>139.7989658</LongitudeDegrees>
      </Position>
      <AltitudeMeters>-1</AltitudeMeters>
      <DistanceMeters>1790</DistanceMeters>
      <HeartRateBpm>
       <Value>121</Value>
      </HeartRateBpm>
      <Cadence>75</Cadence>
      <Extensions>
       <Speed>6.240000</Speed>
      </Extensions>
     </Trackpoint>
     <Trackpoint>
      <Time>2026-06-10T08:00:21Z</Time>
      <Position>
       <LatitudeDegrees>35.6979696</LatitudeDegrees>
       <LongitudeDegrees>139.7989859</LongitudeDegrees>
      </Position>
      <AltitudeMeters>-1</AltitudeMeters>
      <DistanceMeters>1791</DistanceMeters>
      <HeartRateBpm>
       <Value>121</Value>
      </HeartRateBpm>
      <Cadence>76</Cadence>
      <Extensions>
       <Speed>6.280000</Speed>
      </Extensions>
     </Trackpoint>
     <Trackpoint>
      <Time>2026-06-10T08:00:22Z</Time>
      <Position>
       <LatitudeDegrees>35.6979726</LatitudeDegrees>
       <LongitudeDegrees>139.7990060</LongitudeDegrees>
      </Position>
      <AltitudeMeters>0</AltitudeMeters>
      <DistanceMeters>1792</DistanceMeters>
      <HeartRateBpm>
       <Value>120</Value>
      </HeartRateBpm>
      <Cadence>76</Cadence>
      <Extensions>
       <Speed>6.300000</Speed>
      </Extensions>
     </Trackpoint>
     <Trackpoint>
      <Time>2026-06-10T08:00:23Z</Time>
      <Position>
       <LatitudeDegrees>35.6979759</LatitudeDegrees>
       <LongitudeDegrees>139.7990243</LongitudeDegrees>
      </Position>
      <AltitudeMeters>0</AltitudeMeters>
      <DistanceMeters>1794</DistanceMeters>
      <HeartRateBpm>
       <Value>120</Value>
      </HeartRateBpm>
      <Cadence>76</Cadence>
      <Extensions>
       <Speed>6.320000</Speed>
      </Extensions>
     </Trackpoint>
     <Trackpoint>
      <Time>2026-06-10T08:00:24Z</Time>
      <Position>
       <LatitudeDegrees>35.6979793</LatitudeDegrees>
       <LongitudeDegrees>139.7990427</LongitudeDegrees>
      </Position>
      <AltitudeMeters>0</AltitudeMeters>
      <DistanceMeters>1796</DistanceMeters>
      <HeartRateBpm>
       <Value>120</Value>
      </HeartRateBpm>
      <Cadence>76</Cadence>
      <Extensions>
       <Speed>6.320000</Speed>
      </Extensions>
     </Trackpoint>
     <Trackpoint>
      <Time>2026-06-10T08:00:25Z</Time>
      <Position>
       <LatitudeDegrees>35.6979809</LatitudeDegrees>
       <LongitudeDegrees>139.7990618</LongitudeDegrees>
      </Position>
      <AltitudeMeters>0</AltitudeMeters>
      <DistanceMeters>1798</DistanceMeters>
      <HeartRateBpm>
       <Value>120</Value>
      </HeartRateBpm>
      <Cadence>76</Cadence>
      <Extensions>
       <Speed>6.330000</Speed>
      </Extensions>
     </Trackpoint>
     <Trackpoint>
      <Time>2026-06-10T08:00:26Z</Time>
      <Position>
       <LatitudeDegrees>35.6979826</LatitudeDegrees>
       <LongitudeDegrees>139.7990809</LongitudeDegrees>
      </Position>
      <AltitudeMeters>0</AltitudeMeters>
      <DistanceMeters>1800</DistanceMeters>
      <HeartRateBpm>
       <Value>120</Value>
      </HeartRateBpm>
      <Cadence>76</Cadence>
      <Extensions>
       <Speed>6.330000</Speed>
      </Extensions>
     </Trackpoint>
     <Trackpoint>
      <Time>2026-06-10T08:00:27Z</Time>
      <Position>
       <LatitudeDegrees>35.6979815</LatitudeDegrees>
       <LongitudeDegrees>139.7991007</LongitudeDegrees>
      </Position>
      <AltitudeMeters>0</AltitudeMeters>
      <DistanceMeters>1802</DistanceMeters>
      <HeartRateBpm>
       <Value>120</Value>
      </HeartRateBpm>
      <Cadence>76</Cadence>
      <Extensions>
       <Speed>6.330000</Speed>
      </Extensions>
     </Trackpoint>
     <Trackpoint>
      <Time>2026-06-10T08:00:28Z</Time>
      <Position>
       <LatitudeDegrees>35.6979804</LatitudeDegrees>
       <LongitudeDegrees>139.7991206</LongitudeDegrees>
      </Position>
      <AltitudeMeters>0</AltitudeMeters>
      <DistanceMeters>1804</DistanceMeters>
      <HeartRateBpm>
       <Value>120</Value>
      </HeartRateBpm>
      <Cadence>76</Cadence>
      <Extensions>
       <Speed>6.340000</Speed>
      </Extensions>
     </Trackpoint>
     <Trackpoint>
      <Time>2026-06-10T08:00:29Z</Time>
      <Position>
       <LatitudeDegrees>35.6979787</LatitudeDegrees>
       <LongitudeDegrees>139.7991413</LongitudeDegrees>
      </Position>
      <AltitudeMeters>0</AltitudeMeters>
      <DistanceMeters>1806</DistanceMeters>
      <HeartRateBpm>
       <Value>121</Value>
      </HeartRateBpm>
      <Cadence>76</Cadence>
      <Extensions>
       <Speed>6.360000</Speed>
      </Extensions>
     </Trackpoint>
     <Trackpoint>
      <Time>2026-06-10T08:00:30Z</Time>
      <Position>
       <LatitudeDegrees>35.6979770</LatitudeDegrees>
       <LongitudeDegrees>139.7991620</LongitudeDegrees>
      </Position>
      <AltitudeMeters>0</AltitudeMeters>
      <DistanceMeters>1808</DistanceMeters>
      <HeartRateBpm>
       <Value>121</Value>
      </HeartRateBpm>
      <Cadence>76</Cadence>
      <Extensions>
       <Speed>6.370000</Speed>
      </Extensions>
     </Trackpoint>
     <Trackpoint>
      <Time>2026-06-10T08:00:31Z</Time>
      <Position>
       <LatitudeDegrees>35.6979771</LatitudeDegrees>
       <LongitudeDegrees>139.7991816</LongitudeDegrees>
      </Position>
      <AltitudeMeters>0</AltitudeMeters>
      <DistanceMeters>1809</DistanceMeters>
      <HeartRateBpm>
       <Value>121</Value>
      </HeartRateBpm>
      <Cadence>76</Cadence>
      <Extensions>
       <Speed>6.380000</Speed>
      </Extensions>
     </Trackpoint>
     <Trackpoint>
      <Time>2026-06-10T08:00:32Z</Time>
      <Position>
       <LatitudeDegrees>35.6979772</LatitudeDegrees>
       <LongitudeDegrees>139.7992013</LongitudeDegrees>
      </Position>
      <AltitudeMeters>0</AltitudeMeters>
      <DistanceMeters>1810</DistanceMeters>
      <HeartRateBpm>
       <Value>121</Value>
      </HeartRateBpm>
      <Cadence>76</Cadence>
      <Extensions>
       <Speed>6.380000</Speed>
      </Extensions>
     </Trackpoint>
     <Trackpoint>
      <Time>2026-06-10T08:00:33Z</Time>
      <Position>
       <LatitudeDegrees>35.6979785</LatitudeDegrees>
       <LongitudeDegrees>139.7992179</LongitudeDegrees>
      </Position>
      <AltitudeMeters>0</AltitudeMeters>
      <DistanceMeters>1811</DistanceMeters>
      <HeartRateBpm>
       <Value>121</Value>
      </HeartRateBpm>
      <Cadence>76</Cadence>
      <Extensions>
       <Speed>6.380000</Speed>
      </Extensions>
     </Trackpoint>
     <Trackpoint>
      <Time>2026-06-10T08:00:34Z</Time>
      <Position>
       <LatitudeDegrees>35.6979799</LatitudeDegrees>
       <LongitudeDegrees>139.7992346</LongitudeDegrees>
      </Position>
      <AltitudeMeters>0</AltitudeMeters>
      <DistanceMeters>1812</DistanceMeters>
      <HeartRateBpm>
       <Value>121</Value>
      </HeartRateBpm>
      <Cadence>76</Cadence>
      <Extensions>
       <Speed>6.370000</Speed>
      </Extensions>
     </Trackpoint>
     <Trackpoint>
      <Time>2026-06-10T08:00:35Z</Time>
      <Position>
       <LatitudeDegrees>35.6979818</LatitudeDegrees>
       <LongitudeDegrees>139.7992485</LongitudeDegrees>
      </Position>
      <AltitudeMeters>0</AltitudeMeters>
      <DistanceMeters>1813</DistanceMeters>
      <HeartRateBpm>
       <Value>121</Value>
      </HeartRateBpm>
      <Cadence>76</Cadence>
      <Extensions>
       <Speed>6.370000</Speed>
      </Extensions>
     </Trackpoint>
     <Trackpoint>
      <Time>2026-06-10T08:00:36Z</Time>
      <Position>
       <LatitudeDegrees>35.6979837</LatitudeDegrees>
       <LongitudeDegrees>139.7992625</LongitudeDegrees>
      </Position>
      <AltitudeMeters>0</AltitudeMeters>
      <DistanceMeters>1815</DistanceMeters>
      <HeartRateBpm>
       <Value>121</Value>
      </HeartRateBpm>
      <Cadence>75</Cadence>
      <Extensions>
       <Speed>6.340000</Speed>
      </Extensions>
     </Trackpoint>
     <Trackpoint>
      <Time>2026-06-10T08:00:37Z</Time>
      <Position>
       <LatitudeDegrees>35.6979869</LatitudeDegrees>
       <LongitudeDegrees>139.7992775</LongitudeDegrees>
      </Position>
      <AltitudeMeters>0</AltitudeMeters>
      <DistanceMeters>1817</DistanceMeters>
      <HeartRateBpm>
       <Value>120</Value>
      </HeartRateBpm>
      <Cadence>75</Cadence>
      <Extensions>
       <Speed>6.310000</Speed>
      </Extensions>
     </Trackpoint>
     <Trackpoint>
      <Time>2026-06-10T08:00:38Z</Time>
      <Position>
       <LatitudeDegrees>35.6979901</LatitudeDegrees>
       <LongitudeDegrees>139.7992925</LongitudeDegrees>
      </Position>
      <AltitudeMeters>0</AltitudeMeters>
      <DistanceMeters>1818</DistanceMeters>
      <HeartRateBpm>
       <Value>120</Value>
      </HeartRateBpm>
      <Cadence>75</Cadence>
      <Extensions>
       <Speed>6.280000</Speed>
      </Extensions>
     </Trackpoint>
     <Trackpoint>
      <Time>2026-06-10T08:00:39Z</Time>
      <Position>
       <LatitudeDegrees>35.6979936</LatitudeDegrees>
       <LongitudeDegrees>139.7993098</LongitudeDegrees>
      </Position>
      <AltitudeMeters>0</AltitudeMeters>
      <DistanceMeters>1820</DistanceMeters>
      <HeartRateBpm>
       <Value>120</Value>
      </HeartRateBpm>
      <Cadence>75</Cadence>
      <Extensions>
       <Speed>6.250000</Speed>
      </Extensions>
     </Trackpoint>
     <Trackpoint>
      <Time>2026-06-10T08:00:40Z</Time>
      <Position>
       <LatitudeDegrees>35.6979972</LatitudeDegrees>
       <LongitudeDegrees>139.7993272</LongitudeDegrees>
      </Position>
      <AltitudeMeters>0</AltitudeMeters>
      <DistanceMeters>1822</DistanceMeters>
      <HeartRateBpm>
       <Value>120</Value>
      </HeartRateBpm>
      <Cadence>75</Cadence>
      <Extensions>
       <Speed>6.230000</Speed>
      </Extensions>
     </Trackpoint>
     <Trackpoint>
      <Time>2026-06-10T08:00:41Z</Time>
      <Position>
       <LatitudeDegrees>35.6979998</LatitudeDegrees>
       <LongitudeDegrees>139.7993462</LongitudeDegrees>
      </Position>
      <AltitudeMeters>0</AltitudeMeters>
      <DistanceMeters>1824</DistanceMeters>
      <HeartRateBpm>
       <Value>120</Value>
      </HeartRateBpm>
      <Cadence>75</Cadence>
      <Extensions>
       <Speed>6.210000</Speed>
      </Extensions>
     </Trackpoint>
     <Trackpoint>
      <Time>2026-06-10T08:00:42Z</Time>
      <Position>
       <LatitudeDegrees>35.6980024</LatitudeDegrees>
       <LongitudeDegrees>139.7993652</LongitudeDegrees>
      </Position>
      <AltitudeMeters>0</AltitudeMeters>
      <DistanceMeters>1826</DistanceMeters>
      <HeartRateBpm>
       <Value>120</Value>
      </HeartRateBpm>
      <Cadence>75</Cadence>
      <Extensions>
       <Speed>6.190000</Speed>
      </Extensions>
     </Trackpoint>
     <Trackpoint>
      <Time>2026-06-10T08:00:43Z</Time>
      <Position>
       <LatitudeDegrees>35.6980038</LatitudeDegrees>
       <LongitudeDegrees>139.7993836</LongitudeDegrees>
      </Position>
      <AltitudeMeters>0</AltitudeMeters>
      <DistanceMeters>1827</DistanceMeters>
      <HeartRateBpm>
       <Value>120</Value>
      </HeartRateBpm>
      <Cadence>75</Cadence>
      <Extensions>
       <Speed>6.170000</Speed>
      </Extensions>
     </Trackpoint>
     <Trackpoint>
      <Time>2026-06-10T08:00:44Z</Time>
      <Position>
       <LatitudeDegrees>35.6980052</LatitudeDegrees>
       <LongitudeDegrees>139.7994020</LongitudeDegrees>
      </Position>
      <AltitudeMeters>0</AltitudeMeters>
      <DistanceMeters>1828</DistanceMeters>
      <HeartRateBpm>
       <Value>119</Value>
      </HeartRateBpm>
      <Cadence>75</Cadence>
      <Extensions>
       <Speed>6.170000</Speed>
      </Extensions>
     </Trackpoint>
     <Trackpoint>
      <Time>2026-06-10T08:00:45Z</Time>
      <Position>
       <LatitudeDegrees>35.6980064</LatitudeDegrees>
       <LongitudeDegrees>139.7994185</LongitudeDegrees>
      </Position>
      <AltitudeMeters>0</AltitudeMeters>
      <DistanceMeters>1830</DistanceMeters>
      <HeartRateBpm>
       <Value>120</Value>
      </HeartRateBpm>
      <Cadence>75</Cadence>
      <Extensions>
       <Speed>6.170000</Speed>
      </Extensions>
     </Trackpoint>
     <Trackpoint>
      <Time>2026-06-10T08:00:46Z</Time>
      <Position>
       <LatitudeDegrees>35.6980077</LatitudeDegrees>
       <LongitudeDegrees>139.7994351</LongitudeDegrees>
      </Position>
      <AltitudeMeters>0</AltitudeMeters>
      <DistanceMeters>1832</DistanceMeters>
      <HeartRateBpm>
       <Value>120</Value>
      </HeartRateBpm>
      <Cadence>75</Cadence>
      <Extensions>
       <Speed>6.160000</Speed>
      </Extensions>
     </Trackpoint>
     <Trackpoint>
      <Time>2026-06-10T08:00:47Z</Time>
      <Position>
       <LatitudeDegrees>35.6980097</LatitudeDegrees>
       <LongitudeDegrees>139.7994515</LongitudeDegrees>
      </Position>
      <AltitudeMeters>0</AltitudeMeters>
      <DistanceMeters>1833</DistanceMeters>
      <HeartRateBpm>
       <Value>120</Value>
      </HeartRateBpm>
      <Cadence>75</Cadence>
      <Extensions>
       <Speed>6.160000</Speed>
      </Extensions>
     </Trackpoint>
     <Trackpoint>
      <Time>2026-06-10T08:00:48Z</Time>
      <Position>
       <LatitudeDegrees>35.6980117</LatitudeDegrees>
       <LongitudeDegrees>139.7994679</LongitudeDegrees>
      </Position>
      <AltitudeMeters>0</AltitudeMeters>
      <DistanceMeters>1834</DistanceMeters>
      <HeartRateBpm>
       <Value>120</Value>
      </HeartRateBpm>
      <Cadence>75</Cadence>
      <Extensions>
       <Speed>6.150000</Speed>
      </Extensions>
     </Trackpoint>
     <Trackpoint>
      <Time>2026-06-10T08:00:49Z</Time>
      <Position>
       <LatitudeDegrees>35.6980139</LatitudeDegrees>
       <LongitudeDegrees>139.7994840</LongitudeDegrees>
      </Position>
      <AltitudeMeters>0</AltitudeMeters>
      <DistanceMeters>1836</DistanceMeters>
      <HeartRateBpm>
       <Value>121</Value>
      </HeartRateBpm>
      <Cadence>75</Cadence>
      <Extensions>
       <Speed>6.140000</Speed>
      </Extensions>
     </Trackpoint>
     <Trackpoint>
      <Time>2026-06-10T08:00:50Z</Time>
      <Position>
       <LatitudeDegrees>35.6980162</LatitudeDegrees>
       <LongitudeDegrees>139.7995002</LongitudeDegrees>
      </Position>
      <AltitudeMeters>0</AltitudeMeters>
      <DistanceMeters>1838</DistanceMeters>
      <HeartRateBpm>
       <Value>121</Value>
      </HeartRateBpm>
      <Cadence>75</Cadence>
      <Extensions>
       <Speed>6.130000</Speed>
      </Extensions>
     </Trackpoint>
     <Trackpoint>
      <Time>2026-06-10T08:00:51Z</Time>
      <Position>
       <LatitudeDegrees>35.6980180</LatitudeDegrees>
       <LongitudeDegrees>139.7995183</LongitudeDegrees>
      </Position>
      <AltitudeMeters>0</AltitudeMeters>
      <DistanceMeters>1840</DistanceMeters>
      <HeartRateBpm>
       <Value>121</Value>
      </HeartRateBpm>
      <Cadence>74</Cadence>
      <Extensions>
       <Speed>6.120000</Speed>
      </Extensions>
     </Trackpoint>
     <Trackpoint>
      <Time>2026-06-10T08:00:52Z</Time>
      <Position>
       <LatitudeDegrees>35.6980199</LatitudeDegrees>
       <LongitudeDegrees>139.7995365</LongitudeDegrees>
      </Position>
      <AltitudeMeters>0</AltitudeMeters>
      <DistanceMeters>1842</DistanceMeters>
      <HeartRateBpm>
       <Value>121</Value>
      </HeartRateBpm>
      <Cadence>74</Cadence>
      <Extensions>
       <Speed>6.100000</Speed>
      </Extensions>
     </Trackpoint>
     <Trackpoint>
      <Time>2026-06-10T08:00:53Z</Time>
      <Position>
       <LatitudeDegrees>35.6980206</LatitudeDegrees>
       <LongitudeDegrees>139.7995551</LongitudeDegrees>
      </Position>
      <AltitudeMeters>0</AltitudeMeters>
      <DistanceMeters>1843</DistanceMeters>
      <HeartRateBpm>
       <Value>120</Value>
      </HeartRateBpm>
      <Cadence>73</Cadence>
      <Extensions>
       <Speed>6.090000</Speed>
      </Extensions>
     </Trackpoint>
     <Trackpoint>
      <Time>2026-06-10T08:00:54Z</Time>
      <Position>
       <LatitudeDegrees>35.6980213</LatitudeDegrees>
       <LongitudeDegrees>139.7995738</LongitudeDegrees>
      </Position>
      <AltitudeMeters>0</AltitudeMeters>
      <DistanceMeters>1844</DistanceMeters>
      <HeartRateBpm>
       <Value>121</Value>
      </HeartRateBpm>
      <Cadence>73</Cadence>
      <Extensions>
       <Speed>6.080000</Speed>
      </Extensions>
     </Trackpoint>
     <Trackpoint>
      <Time>2026-06-10T08:00:55Z</Time>
      <Position>
       <LatitudeDegrees>35.6980217</LatitudeDegrees>
       <LongitudeDegrees>139.7995919</LongitudeDegrees>
      </Position>
      <AltitudeMeters>0</AltitudeMeters>
      <DistanceMeters>1846</DistanceMeters>
      <HeartRateBpm>
       <Value>121</Value>
      </HeartRateBpm>
      <Cadence>73</Cadence>
      <Extensions>
       <Speed>6.080000</Speed>
      </Extensions>
     </Trackpoint>
     <Trackpoint>
      <Time>2026-06-10T08:00:56Z</Time>
      <Position>
       <LatitudeDegrees>35.6980221</LatitudeDegrees>
       <LongitudeDegrees>139.7996100</LongitudeDegrees>
      </Position>
      <AltitudeMeters>0</AltitudeMeters>
      <DistanceMeters>1848</DistanceMeters>
      <HeartRateBpm>
       <Value>121</Value>
      </HeartRateBpm>
      <Cadence>73</Cadence>
      <Extensions>
       <Speed>6.070000</Speed>
      </Extensions>
     </Trackpoint>
     <Trackpoint>
      <Time>2026-06-10T08:00:57Z</Time>
      <Position>
       <LatitudeDegrees>35.6980249</LatitudeDegrees>
       <LongitudeDegrees>139.7996276</LongitudeDegrees>
      </Position>
      <AltitudeMeters>0</AltitudeMeters>
      <DistanceMeters>1849</DistanceMeters>
      <HeartRateBpm>
       <Value>121</Value>
      </HeartRateBpm>
      <Cadence>73</Cadence>
      <Extensions>
       <Speed>6.070000</Speed>
      </Extensions>
     </Trackpoint>
     <Trackpoint>
      <Time>2026-06-10T08:00:58Z</Time>
      <Position>
       <LatitudeDegrees>35.6980277</LatitudeDegrees>
       <LongitudeDegrees>139.7996453</LongitudeDegrees>
      </Position>
      <AltitudeMeters>0</AltitudeMeters>
      <DistanceMeters>1851</DistanceMeters>
      <HeartRateBpm>
       <Value>121</Value>
      </HeartRateBpm>
      <Cadence>74</Cadence>
      <Extensions>
       <Speed>6.070000</Speed>
      </Extensions>
     </Trackpoint>
     <Trackpoint>
      <Time>2026-06-10T08:00:59Z</Time>
      <Position>
       <LatitudeDegrees>35.6980322</LatitudeDegrees>
       <LongitudeDegrees>139.7996641</LongitudeDegrees>
      </Position>
      <AltitudeMeters>0</AltitudeMeters>
      <DistanceMeters>1853</DistanceMeters>
      <HeartRateBpm>
       <Value>121</Value>
      </HeartRateBpm>
      <Cadence>74</Cadence>
      <Extensions>
       <Speed>6.070000</Speed>
      </Extensions>
     </Trackpoint>
     <Trackpoint>
      <Time>2026-06-10T08:01:00Z</Time>
      <Position>
       <LatitudeDegrees>35.6980367</LatitudeDegrees>
       <LongitudeDegrees>139.7996830</LongitudeDegrees>
      </Position>
      <AltitudeMeters>0</AltitudeMeters>
      <DistanceMeters>1854</DistanceMeters>
      <HeartRateBpm>
       <Value>121</Value>
      </HeartRateBpm>
      <Cadence>75</Cadence>
      <Extensions>
       <Speed>6.070000</Speed>
      </Extensions>
     </Trackpoint>
     <Trackpoint>
      <Time>2026-06-10T08:01:01Z</Time>
      <Position>
       <LatitudeDegrees>35.6980412</LatitudeDegrees>
       <LongitudeDegrees>139.7997011</LongitudeDegrees>
      </Position>
      <AltitudeMeters>0</AltitudeMeters>
      <DistanceMeters>1856</DistanceMeters>
      <HeartRateBpm>
       <Value>121</Value>
      </HeartRateBpm>
      <Cadence>76</Cadence>
      <Extensions>
       <Speed>6.070000</Speed>
      </Extensions>
     </Trackpoint>
     <Trackpoint>
      <Time>2026-06-10T08:01:02Z</Time>
      <Position>
       <LatitudeDegrees>35.6980458</LatitudeDegrees>
       <LongitudeDegrees>139.7997192</LongitudeDegrees>
      </Position>
      <AltitudeMeters>0</AltitudeMeters>
      <DistanceMeters>1858</DistanceMeters>
      <HeartRateBpm>
       <Value>121</Value>
      </HeartRateBpm>
      <Cadence>76</Cadence>
      <Extensions>
       <Speed>6.070000</Speed>
      </Extensions>
     </Trackpoint>
     <Trackpoint>
      <Time>2026-06-10T08:01:03Z</Time>
      <Position>
       <LatitudeDegrees>35.6980503</LatitudeDegrees>
       <LongitudeDegrees>139.7997373</LongitudeDegrees>
      </Position>
      <AltitudeMeters>0</AltitudeMeters>
      <DistanceMeters>1860</DistanceMeters>
      <HeartRateBpm>
       <Value>121</Value>
      </HeartRateBpm>
      <Cadence>76</Cadence>
      <Extensions>
       <Speed>6.080000</Speed>
      </Extensions>
     </Trackpoint>
     <Trackpoint>
      <Time>2026-06-10T08:01:04Z</Time>
      <Position>
       <LatitudeDegrees>35.6980548</LatitudeDegrees>
       <LongitudeDegrees>139.7997554</LongitudeDegrees>
      </Position>
      <AltitudeMeters>0</AltitudeMeters>
      <DistanceMeters>1862</DistanceMeters>
      <HeartRateBpm>
       <Value>121</Value>
      </HeartRateBpm>
      <Cadence>76</Cadence>
      <Extensions>
       <Speed>6.080000</Speed>
      </Extensions>
     </Trackpoint>
     <Trackpoint>
      <Time>2026-06-10T08:01:05Z</Time>
      <Position>
       <LatitudeDegrees>35.6980584</LatitudeDegrees>
       <LongitudeDegrees>139.7997729</LongitudeDegrees>
      </Position>
      <AltitudeMeters>0</AltitudeMeters>
      <DistanceMeters>1863</DistanceMeters>
      <HeartRateBpm>
       <Value>121</Value>
      </HeartRateBpm>
      <Cadence>76</Cadence>
      <Extensions>
       <Speed>6.090000</Speed>
      </Extensions>
     </Trackpoint>
     <Trackpoint>
      <Time>2026-06-10T08:01:06Z</Time>
      <Position>
       <LatitudeDegrees>35.6980621</LatitudeDegrees>
       <LongitudeDegrees>139.7997905</LongitudeDegrees>
      </Position>
      <AltitudeMeters>0</AltitudeMeters>
      <DistanceMeters>1864</DistanceMeters>
      <HeartRateBpm>
       <Value>121</Value>
      </HeartRateBpm>
      <Cadence>76</Cadence>
      <Extensions>
       <Speed>6.090000</Speed>
      </Extensions>
     </Trackpoint>
     <Trackpoint>
      <Time>2026-06-10T08:01:07Z</Time>
      <Position>
       <LatitudeDegrees>35.6980631</LatitudeDegrees>
       <LongitudeDegrees>139.7998080</LongitudeDegrees>
      </Position>
      <AltitudeMeters>0</AltitudeMeters>
      <DistanceMeters>1866</DistanceMeters>
      <HeartRateBpm>
       <Value>120</Value>
      </HeartRateBpm>
      <Cadence>76</Cadence>
      <Extensions>
       <Speed>6.090000</Speed>
      </Extensions>
     </Trackpoint>
     <Trackpoint>
      <Time>2026-06-10T08:01:08Z</Time>
      <Position>
       <LatitudeDegrees>35.6980641</LatitudeDegrees>
       <LongitudeDegrees>139.7998256</LongitudeDegrees>
      </Position>
      <AltitudeMeters>0</AltitudeMeters>
      <DistanceMeters>1868</DistanceMeters>
      <HeartRateBpm>
       <Value>121</Value>
      </HeartRateBpm>
      <Cadence>76</Cadence>
      <Extensions>
       <Speed>6.090000</Speed>
      </Extensions>
     </Trackpoint>
     <Trackpoint>
      <Time>2026-06-10T08:01:09Z</Time>
      <Position>
       <LatitudeDegrees>35.6980636</LatitudeDegrees>
       <LongitudeDegrees>139.7998438</LongitudeDegrees>
      </Position>
      <AltitudeMeters>0</AltitudeMeters>
      <DistanceMeters>1870</DistanceMeters>
      <HeartRateBpm>
       <Value>120</Value>
      </HeartRateBpm>
      <Cadence>76</Cadence>
      <Extensions>
       <Speed>6.090000</Speed>
      </Extensions>
     </Trackpoint>
     <Trackpoint>
      <Time>2026-06-10T08:01:10Z</Time>
      <Position>
       <LatitudeDegrees>35.6980632</LatitudeDegrees>
       <LongitudeDegrees>139.7998621</LongitudeDegrees>
      </Position>
      <AltitudeMeters>0</AltitudeMeters>
      <DistanceMeters>1872</DistanceMeters>
      <HeartRateBpm>
       <Value>120</Value>
      </HeartRateBpm>
      <Cadence>76</Cadence>
      <Extensions>
       <Speed>6.090000</Speed>
      </Extensions>
     </Trackpoint>
     <Trackpoint>
      <Time>2026-06-10T08:01:11Z</Time>
      <Position>
       <LatitudeDegrees>35.6980633</LatitudeDegrees>
       <LongitudeDegrees>139.7998802</LongitudeDegrees>
      </Position>
      <AltitudeMeters>0</AltitudeMeters>
      <DistanceMeters>1873</DistanceMeters>
      <HeartRateBpm>
       <Value>121</Value>
      </HeartRateBpm>
      <Cadence>76</Cadence>
      <Extensions>
       <Speed>6.090000</Speed>
      </Extensions>
     </Trackpoint>
     <Trackpoint>
      <Time>2026-06-10T08:01:12Z</Time>
      <Position>
       <LatitudeDegrees>35.6980635</LatitudeDegrees>
       <LongitudeDegrees>139.7998984</LongitudeDegrees>
      </Position>
      <AltitudeMeters>0</AltitudeMeters>
      <DistanceMeters>1874</DistanceMeters>
      <HeartRateBpm>
       <Value>121</Value>
      </HeartRateBpm>
      <Cadence>76</Cadence>
      <Extensions>
       <Speed>6.090000</Speed>
      </Extensions>
     </Trackpoint>
     <Trackpoint>
      <Time>2026-06-10T08:01:13Z</Time>
      <Position>
       <LatitudeDegrees>35.6980616</LatitudeDegrees>
       <LongitudeDegrees>139.7999180</LongitudeDegrees>
      </Position>
      <AltitudeMeters>0</AltitudeMeters>
      <DistanceMeters>1876</DistanceMeters>
      <HeartRateBpm>
       <Value>121</Value>
      </HeartRateBpm>
      <Cadence>76</Cadence>
      <Extensions>
       <Speed>6.090000</Speed>
      </Extensions>
     </Trackpoint>
     <Trackpoint>
      <Time>2026-06-10T08:01:14Z</Time>
      <Position>
       <LatitudeDegrees>35.6980597</LatitudeDegrees>
       <LongitudeDegrees>139.7999377</LongitudeDegrees>
      </Position>
      <AltitudeMeters>0</AltitudeMeters>
      <DistanceMeters>1878</DistanceMeters>
      <HeartRateBpm>
       <Value>121</Value>
      </HeartRateBpm>
      <Cadence>75</Cadence>
      <Extensions>
       <Speed>6.100000</Speed>
      </Extensions>
     </Trackpoint>
     <Trackpoint>
      <Time>2026-06-10T08:01:15Z</Time>
      <Position>
       <LatitudeDegrees>35.6980542</LatitudeDegrees>
       <LongitudeDegrees>139.7999588</LongitudeDegrees>
      </Position>
      <AltitudeMeters>0</AltitudeMeters>
      <DistanceMeters>1881</DistanceMeters>
      <HeartRateBpm>
       <Value>121</Value>
      </HeartRateBpm>
      <Cadence>75</Cadence>
      <Extensions>
       <Speed>6.120000</Speed>
      </Extensions>
     </Trackpoint>
     <Trackpoint>
      <Time>2026-06-10T08:01:16Z</Time>
      <Position>
       <LatitudeDegrees>35.6980488</LatitudeDegrees>
       <LongitudeDegrees>139.7999800</LongitudeDegrees>
      </Position>
      <AltitudeMeters>0</AltitudeMeters>
      <DistanceMeters>1883</DistanceMeters>
      <HeartRateBpm>
       <Value>121</Value>
      </HeartRateBpm>
      <Cadence>75</Cadence>
      <Extensions>
       <Speed>6.140000</Speed>
      </Extensions>
     </Trackpoint>
     <Trackpoint>
      <Time>2026-06-10T08:01:17Z</Time>
      <Position>
       <LatitudeDegrees>35.6980399</LatitudeDegrees>
       <LongitudeDegrees>139.8000006</LongitudeDegrees>
      </Position>
      <AltitudeMeters>0</AltitudeMeters>
      <DistanceMeters>1885</DistanceMeters>
      <HeartRateBpm>
       <Value>121</Value>
      </HeartRateBpm>
      <Cadence>75</Cadence>
      <Extensions>
       <Speed>6.170000</Speed>
      </Extensions>
     </Trackpoint>
     <Trackpoint>
      <Time>2026-06-10T08:01:18Z</Time>
      <Position>
       <LatitudeDegrees>35.6980310</LatitudeDegrees>
       <LongitudeDegrees>139.8000212</LongitudeDegrees>
      </Position>
      <AltitudeMeters>0</AltitudeMeters>
      <DistanceMeters>1887</DistanceMeters>
      <HeartRateBpm>
       <Value>120</Value>
      </HeartRateBpm>
      <Cadence>75</Cadence>
      <Extensions>
       <Speed>6.200000</Speed>
      </Extensions>
     </Trackpoint>
     <Trackpoint>
      <Time>2026-06-10T08:01:19Z</Time>
      <Position>
       <LatitudeDegrees>35.6980175</LatitudeDegrees>
       <LongitudeDegrees>139.8000352</LongitudeDegrees>
      </Position>
      <AltitudeMeters>0</AltitudeMeters>
      <DistanceMeters>1889</DistanceMeters>
      <HeartRateBpm>
       <Value>120</Value>
      </HeartRateBpm>
      <Cadence>75</Cadence>
      <Extensions>
       <Speed>6.230000</Speed>
      </Extensions>
     </Trackpoint>
     <Trackpoint>
      <Time>2026-06-10T08:01:20Z</Time>
      <Position>
       <LatitudeDegrees>35.6980040</LatitudeDegrees>
       <LongitudeDegrees>139.8000492</LongitudeDegrees>
      </Position>
      <AltitudeMeters>0</AltitudeMeters>
      <DistanceMeters>1891</DistanceMeters>
      <HeartRateBpm>
       <Value>120</Value>
      </HeartRateBpm>
      <Cadence>75</Cadence>
      <Extensions>
       <Speed>6.260000</Speed>
      </Extensions>
     </Trackpoint>
     <Trackpoint>
      <Time>2026-06-10T08:01:21Z</Time>
      <Position>
       <LatitudeDegrees>35.6979876</LatitudeDegrees>
       <LongitudeDegrees>139.8000572</LongitudeDegrees>
      </Position>
      <AltitudeMeters>0</AltitudeMeters>
      <DistanceMeters>1893</DistanceMeters>
      <HeartRateBpm>
       <Value>119</Value>
      </HeartRateBpm>
      <Cadence>75</Cadence>
      <Extensions>
       <Speed>6.300000</Speed>
      </Extensions>
     </Trackpoint>
     <Trackpoint>
      <Time>2026-06-10T08:01:22Z</Time>
      <Position>
       <LatitudeDegrees>35.6979712</LatitudeDegrees>
       <LongitudeDegrees>139.8000652</LongitudeDegrees>
      </Position>
      <AltitudeMeters>0</AltitudeMeters>
      <DistanceMeters>1894</DistanceMeters>
      <HeartRateBpm>
       <Value>119</Value>
      </HeartRateBpm>
      <Cadence>75</Cadence>
      <Extensions>
       <Speed>6.330000</Speed>
      </Extensions>
     </Trackpoint>
     <Trackpoint>
      <Time>2026-06-10T08:01:23Z</Time>
      <Position>
       <LatitudeDegrees>35.6979550</LatitudeDegrees>
       <LongitudeDegrees>139.8000717</LongitudeDegrees>
      </Position>
      <AltitudeMeters>0</AltitudeMeters>
      <DistanceMeters>1896</DistanceMeters>
      <HeartRateBpm>
       <Value>119</Value>
      </HeartRateBpm>
      <Cadence>76</Cadence>
      <Extensions>
       <Speed>6.370000</Speed>
      </Extensions>
     </Trackpoint>
     <Trackpoint>
      <Time>2026-06-10T08:01:24Z</Time>
      <Position>
       <LatitudeDegrees>35.6979388</LatitudeDegrees>
       <LongitudeDegrees>139.8000782</LongitudeDegrees>
      </Position>
      <AltitudeMeters>0</AltitudeMeters>
      <DistanceMeters>1898</DistanceMeters>
      <HeartRateBpm>
       <Value>119</Value>
      </HeartRateBpm>
      <Cadence>76</Cadence>
      <Extensions>
       <Speed>6.380000</Speed>
      </Extensions>
     </Trackpoint>
     <Trackpoint>
      <Time>2026-06-10T08:01:25Z</Time>
      <Position>
       <LatitudeDegrees>35.6979226</LatitudeDegrees>
       <LongitudeDegrees>139.8000835</LongitudeDegrees>
      </Position>
      <AltitudeMeters>0</AltitudeMeters>
      <DistanceMeters>1900</DistanceMeters>
      <HeartRateBpm>
       <Value>119</Value>
      </HeartRateBpm>
      <Cadence>76</Cadence>
      <Extensions>
       <Speed>6.400000</Speed>
      </Extensions>
     </Trackpoint>
     <Trackpoint>
      <Time>2026-06-10T08:01:26Z</Time>
      <Position>
       <LatitudeDegrees>35.6979065</LatitudeDegrees>
       <LongitudeDegrees>139.8000888</LongitudeDegrees>
      </Position>
      <AltitudeMeters>0</AltitudeMeters>
      <DistanceMeters>1902</DistanceMeters>
      <HeartRateBpm>
       <Value>120</Value>
      </HeartRateBpm>
      <Cadence>75</Cadence>
      <Extensions>
       <Speed>6.390000</Speed>
      </Extensions>
     </Trackpoint>
     <Trackpoint>
      <Time>2026-06-10T08:01:27Z</Time>
      <Position>
       <LatitudeDegrees>35.6978921</LatitudeDegrees>
       <LongitudeDegrees>139.8000933</LongitudeDegrees>
      </Position>
      <AltitudeMeters>0</AltitudeMeters>
      <DistanceMeters>1903</DistanceMeters>
      <HeartRateBpm>
       <Value>120</Value>
      </HeartRateBpm>
      <Cadence>75</Cadence>
      <Extensions>
       <Speed>6.390000</Speed>
      </Extensions>
     </Trackpoint>
     <Trackpoint>
      <Time>2026-06-10T08:01:28Z</Time>
      <Position>
       <LatitudeDegrees>35.6978778</LatitudeDegrees>
       <LongitudeDegrees>139.8000978</LongitudeDegrees>
      </Position>
      <AltitudeMeters>0</AltitudeMeters>
      <DistanceMeters>1904</DistanceMeters>
      <HeartRateBpm>
       <Value>120</Value>
      </HeartRateBpm>
      <Cadence>75</Cadence>
      <Extensions>
       <Speed>6.390000</Speed>
      </Extensions>
     </Trackpoint>
     <Trackpoint>
      <Time>2026-06-10T08:01:29Z</Time>
      <Position>
       <LatitudeDegrees>35.6978649</LatitudeDegrees>
       <LongitudeDegrees>139.8000993</LongitudeDegrees>
      </Position>
      <AltitudeMeters>0</AltitudeMeters>
      <DistanceMeters>1906</DistanceMeters>
      <HeartRateBpm>
       <Value>120</Value>
      </HeartRateBpm>
      <Cadence>75</Cadence>
      <Extensions>
       <Speed>6.400000</Speed>
      </Extensions>
     </Trackpoint>
     <Trackpoint>
      <Time>2026-06-10T08:01:30Z</Time>
      <Position>
       <LatitudeDegrees>35.6978520</LatitudeDegrees>
       <LongitudeDegrees>139.8001009</LongitudeDegrees>
      </Position>
      <AltitudeMeters>0</AltitudeMeters>
      <DistanceMeters>1908</DistanceMeters>
      <HeartRateBpm>
       <Value>120</Value>
      </HeartRateBpm>
      <Cadence>75</Cadence>
      <Extensions>
       <Speed>6.410000</Speed>
      </Extensions>
     </Trackpoint>
     <Trackpoint>
      <Time>2026-06-10T08:01:31Z</Time>
      <Position>
       <LatitudeDegrees>35.6978396</LatitudeDegrees>
       <LongitudeDegrees>139.8001008</LongitudeDegrees>
      </Position>
      <AltitudeMeters>0</AltitudeMeters>
      <DistanceMeters>1909</DistanceMeters>
      <HeartRateBpm>
       <Value>121</Value>
      </HeartRateBpm>
      <Cadence>75</Cadence>
      <Extensions>
       <Speed>6.420000</Speed>
      </Extensions>
     </Trackpoint>
     <Trackpoint>
      <Time>2026-06-10T08:01:32Z</Time>
      <Position>
       <LatitudeDegrees>35.6978272</LatitudeDegrees>
       <LongitudeDegrees>139.8001007</LongitudeDegrees>
      </Position>
      <AltitudeMeters>0</AltitudeMeters>
      <DistanceMeters>1910</DistanceMeters>
      <HeartRateBpm>
       <Value>121</Value>
      </HeartRateBpm>
      <Cadence>75</Cadence>
      <Extensions>
       <Speed>6.420000</Speed>
      </Extensions>
     </Trackpoint>
     <Trackpoint>
      <Time>2026-06-10T08:01:33Z</Time>
      <Position>
       <LatitudeDegrees>35.6978134</LatitudeDegrees>
       <LongitudeDegrees>139.8001018</LongitudeDegrees>
      </Position>
      <AltitudeMeters>0</AltitudeMeters>
      <DistanceMeters>1912</DistanceMeters>
      <HeartRateBpm>
       <Value>121</Value>
      </HeartRateBpm>
      <Cadence>75</Cadence>
      <Extensions>
       <Speed>6.420000</Speed>
      </Extensions>
     </Trackpoint>
     <Trackpoint>
      <Time>2026-06-10T08:01:34Z</Time>
      <Position>
       <LatitudeDegrees>35.6977996</LatitudeDegrees>
       <LongitudeDegrees>139.8001029</LongitudeDegrees>
      </Position>
      <AltitudeMeters>0</AltitudeMeters>
      <DistanceMeters>1914</DistanceMeters>
      <HeartRateBpm>
       <Value>121</Value>
      </HeartRateBpm>
      <Cadence>75</Cadence>
      <Extensions>
       <Speed>6.400000</Speed>
      </Extensions>
     </Trackpoint>
     <Trackpoint>
      <Time>2026-06-10T08:01:35Z</Time>
      <Position>
       <LatitudeDegrees>35.6977837</LatitudeDegrees>
       <LongitudeDegrees>139.8001055</LongitudeDegrees>
      </Position>
      <AltitudeMeters>0</AltitudeMeters>
      <DistanceMeters>1916</DistanceMeters>
      <HeartRateBpm>
       <Value>121</Value>
      </HeartRateBpm>
      <Cadence>75</Cadence>
      <Extensions>
       <Speed>6.390000</Speed>
      </Extensions>
     </Trackpoint>
     <Trackpoint>
      <Time>2026-06-10T08:01:36Z</Time>
      <Position>
       <LatitudeDegrees>35.6977678</LatitudeDegrees>
       <LongitudeDegrees>139.8001082</LongitudeDegrees>
      </Position>
      <AltitudeMeters>0</AltitudeMeters>
      <DistanceMeters>1918</DistanceMeters>
      <HeartRateBpm>
       <Value>121</Value>
      </HeartRateBpm>
      <Cadence>75</Cadence>
      <Extensions>
       <Speed>6.370000</Speed>
      </Extensions>
     </Trackpoint>
     <Trackpoint>
      <Time>2026-06-10T08:01:37Z</Time>
      <Position>
       <LatitudeDegrees>35.6977510</LatitudeDegrees>
       <LongitudeDegrees>139.8001105</LongitudeDegrees>
      </Position>
      <AltitudeMeters>0</AltitudeMeters>
      <DistanceMeters>1920</DistanceMeters>
      <HeartRateBpm>
       <Value>120</Value>
      </HeartRateBpm>
      <Cadence>76</Cadence>
      <Extensions>
       <Speed>6.360000</Speed>
      </Extensions>
     </Trackpoint>
     <Trackpoint>
      <Time>2026-06-10T08:01:38Z</Time>
      <Position>
       <LatitudeDegrees>35.6977343</LatitudeDegrees>
       <LongitudeDegrees>139.8001129</LongitudeDegrees>
      </Position>
      <AltitudeMeters>0</AltitudeMeters>
      <DistanceMeters>1922</DistanceMeters>
      <HeartRateBpm>
       <Value>120</Value>
      </HeartRateBpm>
      <Cadence>76</Cadence>
      <Extensions>
       <Speed>6.360000</Speed>
      </Extensions>
     </Trackpoint>
     <Trackpoint>
      <Time>2026-06-10T08:01:39Z</Time>
      <Position>
       <LatitudeDegrees>35.6977175</LatitudeDegrees>
       <LongitudeDegrees>139.8001133</LongitudeDegrees>
      </Position>
      <AltitudeMeters>0</AltitudeMeters>
      <DistanceMeters>1923</DistanceMeters>
      <HeartRateBpm>
       <Value>120</Value>
      </HeartRateBpm>
      <Cadence>76</Cadence>
      <Extensions>
       <Speed>6.360000</Speed>
      </Extensions>
     </Trackpoint>
     <Trackpoint>
      <Time>2026-06-10T08:01:40Z</Time>
      <Position>
       <LatitudeDegrees>35.6977007</LatitudeDegrees>
       <LongitudeDegrees>139.8001138</LongitudeDegrees>
      </Position>
      <AltitudeMeters>0</AltitudeMeters>
      <DistanceMeters>1925</DistanceMeters>
      <HeartRateBpm>
       <Value>120</Value>
      </HeartRateBpm>
      <Cadence>76</Cadence>
      <Extensions>
       <Speed>6.350000</Speed>
      </Extensions>
     </Trackpoint>
     <Trackpoint>
      <Time>2026-06-10T08:01:41Z</Time>
      <Position>
       <LatitudeDegrees>35.6976846</LatitudeDegrees>
       <LongitudeDegrees>139.8001132</LongitudeDegrees>
      </Position>
      <AltitudeMeters>0</AltitudeMeters>
      <DistanceMeters>1927</DistanceMeters>
      <HeartRateBpm>
       <Value>121</Value>
      </HeartRateBpm>
      <Cadence>76</Cadence>
      <Extensions>
       <Speed>6.350000</Speed>
      </Extensions>
     </Trackpoint>
     <Trackpoint>
      <Time>2026-06-10T08:01:42Z</Time>
      <Position>
       <LatitudeDegrees>35.6976686</LatitudeDegrees>
       <LongitudeDegrees>139.8001126</LongitudeDegrees>
      </Position>
      <AltitudeMeters>0</AltitudeMeters>
      <DistanceMeters>1928</DistanceMeters>
      <HeartRateBpm>
       <Value>121</Value>
      </HeartRateBpm>
      <Cadence>76</Cadence>
      <Extensions>
       <Speed>6.340000</Speed>
      </Extensions>
     </Trackpoint>
     <Trackpoint>
      <Time>2026-06-10T08:01:43Z</Time>
      <Position>
       <LatitudeDegrees>35.6976533</LatitudeDegrees>
       <LongitudeDegrees>139.8001116</LongitudeDegrees>
      </Position>
      <AltitudeMeters>0</AltitudeMeters>
      <DistanceMeters>1930</DistanceMeters>
      <HeartRateBpm>
       <Value>122</Value>
      </HeartRateBpm>
      <Cadence>76</Cadence>
      <Extensions>
       <Speed>6.340000</Speed>
      </Extensions>
     </Trackpoint>
     <Trackpoint>
      <Time>2026-06-10T08:01:44Z</Time>
      <Position>
       <LatitudeDegrees>35.6976380</LatitudeDegrees>
       <LongitudeDegrees>139.8001107</LongitudeDegrees>
      </Position>
      <AltitudeMeters>0</AltitudeMeters>
      <DistanceMeters>1932</DistanceMeters>
      <HeartRateBpm>
       <Value>122</Value>
      </HeartRateBpm>
      <Cadence>76</Cadence>
      <Extensions>
       <Speed>6.340000</Speed>
      </Extensions>
     </Trackpoint>
     <Trackpoint>
      <Time>2026-06-10T08:01:45Z</Time>
      <Position>
       <LatitudeDegrees>35.6976230</LatitudeDegrees>
       <LongitudeDegrees>139.8001097</LongitudeDegrees>
      </Position>
      <AltitudeMeters>0</AltitudeMeters>
      <DistanceMeters>1933</DistanceMeters>
      <HeartRateBpm>
       <Value>122</Value>
      </HeartRateBpm>
      <Cadence>76</Cadence>
      <Extensions>
       <Speed>6.350000</Speed>
      </Extensions>
     </Trackpoint>
     <Trackpoint>
      <Time>2026-06-10T08:01:46Z</Time>
      <Position>
       <LatitudeDegrees>35.6976080</LatitudeDegrees>
       <LongitudeDegrees>139.8001088</LongitudeDegrees>
      </Position>
      <AltitudeMeters>0</AltitudeMeters>
      <DistanceMeters>1935</DistanceMeters>
      <HeartRateBpm>
       <Value>122</Value>
      </HeartRateBpm>
      <Cadence>76</Cadence>
      <Extensions>
       <Speed>6.350000</Speed>
      </Extensions>
     </Trackpoint>
     <Trackpoint>
      <Time>2026-06-10T08:01:47Z</Time>
      <Position>
       <LatitudeDegrees>35.6975929</LatitudeDegrees>
       <LongitudeDegrees>139.8001104</LongitudeDegrees>
      </Position>
      <AltitudeMeters>0</AltitudeMeters>
      <DistanceMeters>1937</DistanceMeters>
      <HeartRateBpm>
       <Value>122</Value>
      </HeartRateBpm>
      <Cadence>76</Cadence>
      <Extensions>
       <Speed>6.350000</Speed>
      </Extensions>
     </Trackpoint>
     <Trackpoint>
      <Time>2026-06-10T08:01:48Z</Time>
      <Position>
       <LatitudeDegrees>35.6975779</LatitudeDegrees>
       <LongitudeDegrees>139.8001120</LongitudeDegrees>
      </Position>
      <AltitudeMeters>0</AltitudeMeters>
      <DistanceMeters>1938</DistanceMeters>
      <HeartRateBpm>
       <Value>123</Value>
      </HeartRateBpm>
      <Cadence>75</Cadence>
      <Extensions>
       <Speed>6.350000</Speed>
      </Extensions>
     </Trackpoint>
     <Trackpoint>
      <Time>2026-06-10T08:01:49Z</Time>
      <Position>
       <LatitudeDegrees>35.6975636</LatitudeDegrees>
       <LongitudeDegrees>139.8001148</LongitudeDegrees>
      </Position>
      <AltitudeMeters>0</AltitudeMeters>
      <DistanceMeters>1940</DistanceMeters>
      <HeartRateBpm>
       <Value>123</Value>
      </HeartRateBpm>
      <Cadence>75</Cadence>
      <Extensions>
       <Speed>6.350000</Speed>
      </Extensions>
     </Trackpoint>
     <Trackpoint>
      <Time>2026-06-10T08:01:50Z</Time>
      <Position>
       <LatitudeDegrees>35.6975493</LatitudeDegrees>
       <LongitudeDegrees>139.8001176</LongitudeDegrees>
      </Position>
      <AltitudeMeters>0</AltitudeMeters>
      <DistanceMeters>1942</DistanceMeters>
      <HeartRateBpm>
       <Value>123</Value>
      </HeartRateBpm>
      <Cadence>75</Cadence>
      <Extensions>
       <Speed>6.340000</Speed>
      </Extensions>
     </Trackpoint>
     <Trackpoint>
      <Time>2026-06-10T08:01:51Z</Time>
      <Position>
       <LatitudeDegrees>35.6975347</LatitudeDegrees>
       <LongitudeDegrees>139.8001202</LongitudeDegrees>
      </Position>
      <AltitudeMeters>-1</AltitudeMeters>
      <DistanceMeters>1943</DistanceMeters>
      <HeartRateBpm>
       <Value>123</Value>
      </HeartRateBpm>
      <Cadence>75</Cadence>
      <Extensions>
       <Speed>6.330000</Speed>
      </Extensions>
     </Trackpoint>
     <Trackpoint>
      <Time>2026-06-10T08:01:52Z</Time>
      <Position>
       <LatitudeDegrees>35.6975201</LatitudeDegrees>
       <LongitudeDegrees>139.8001228</LongitudeDegrees>
      </Position>
      <AltitudeMeters>-1</AltitudeMeters>
      <DistanceMeters>1944</DistanceMeters>
      <HeartRateBpm>
       <Value>123</Value>
      </HeartRateBpm>
      <Cadence>75</Cadence>
      <Extensions>
       <Speed>6.320000</Speed>
      </Extensions>
     </Trackpoint>
     <Trackpoint>
      <Time>2026-06-10T08:01:53Z</Time>
      <Position>
       <LatitudeDegrees>35.6975059</LatitudeDegrees>
       <LongitudeDegrees>139.8001242</LongitudeDegrees>
      </Position>
      <AltitudeMeters>-1</AltitudeMeters>
      <DistanceMeters>1946</DistanceMeters>
      <HeartRateBpm>
       <Value>123</Value>
      </HeartRateBpm>
      <Cadence>75</Cadence>
      <Extensions>
       <Speed>6.320000</Speed>
      </Extensions>
     </Trackpoint>
     <Trackpoint>
      <Time>2026-06-10T08:01:54Z</Time>
      <Position>
       <LatitudeDegrees>35.6974917</LatitudeDegrees>
       <LongitudeDegrees>139.8001256</LongitudeDegrees>
      </Position>
      <AltitudeMeters>-1</AltitudeMeters>
      <DistanceMeters>1948</DistanceMeters>
      <HeartRateBpm>
       <Value>123</Value>
      </HeartRateBpm>
      <Cadence>75</Cadence>
      <Extensions>
       <Speed>6.310000</Speed>
      </Extensions>
     </Trackpoint>
     <Trackpoint>
      <Time>2026-06-10T08:01:55Z</Time>
      <Position>
       <LatitudeDegrees>35.6974772</LatitudeDegrees>
       <LongitudeDegrees>139.8001254</LongitudeDegrees>
      </Position>
      <AltitudeMeters>-1</AltitudeMeters>
      <DistanceMeters>1950</DistanceMeters>
      <HeartRateBpm>
       <Value>123</Value>
      </HeartRateBpm>
      <Cadence>75</Cadence>
      <Extensions>
       <Speed>6.300000</Speed>
      </Extensions>
     </Trackpoint>
     <Trackpoint>
      <Time>2026-06-10T08:01:56Z</Time>
      <Position>
       <LatitudeDegrees>35.6974627</LatitudeDegrees>
       <LongitudeDegrees>139.8001252</LongitudeDegrees>
      </Position>
      <AltitudeMeters>-1</AltitudeMeters>
      <DistanceMeters>1952</DistanceMeters>
      <HeartRateBpm>
       <Value>123</Value>
      </HeartRateBpm>
      <Cadence>75</Cadence>
      <Extensions>
       <Speed>6.290000</Speed>
      </Extensions>
     </Trackpoint>
     <Trackpoint>
      <Time>2026-06-10T08:01:57Z</Time>
      <Position>
       <LatitudeDegrees>35.6974471</LatitudeDegrees>
       <LongitudeDegrees>139.8001261</LongitudeDegrees>
      </Position>
      <AltitudeMeters>-1</AltitudeMeters>
      <DistanceMeters>1953</DistanceMeters>
      <HeartRateBpm>
       <Value>122</Value>
      </HeartRateBpm>
      <Cadence>75</Cadence>
      <Extensions>
       <Speed>6.280000</Speed>
      </Extensions>
     </Trackpoint>
     <Trackpoint>
      <Time>2026-06-10T08:01:58Z</Time>
      <Position>
       <LatitudeDegrees>35.6974316</LatitudeDegrees>
       <LongitudeDegrees>139.8001270</LongitudeDegrees>
      </Position>
      <AltitudeMeters>-1</AltitudeMeters>
      <DistanceMeters>1955</DistanceMeters>
      <HeartRateBpm>
       <Value>122</Value>
      </HeartRateBpm>
      <Cadence>75</Cadence>
      <Extensions>
       <Speed>6.270000</Speed>
      </Extensions>
     </Trackpoint>
     <Trackpoint>
      <Time>2026-06-10T08:01:59Z</Time>
      <Position>
       <LatitudeDegrees>35.6974156</LatitudeDegrees>
       <LongitudeDegrees>139.8001302</LongitudeDegrees>
      </Position>
      <AltitudeMeters>-1</AltitudeMeters>
      <DistanceMeters>1957</DistanceMeters>
      <HeartRateBpm>
       <Value>122</Value>
      </HeartRateBpm>
      <Cadence>76</Cadence>
      <Extensions>
       <Speed>6.270000</Speed>
      </Extensions>
     </Trackpoint>
     <Trackpoint>
      <Time>2026-06-10T08:02:00Z</Time>
      <Position>
       <LatitudeDegrees>35.6973996</LatitudeDegrees>
       <LongitudeDegrees>139.8001335</LongitudeDegrees>
      </Position>
      <AltitudeMeters>-1</AltitudeMeters>
      <DistanceMeters>1958</DistanceMeters>
      <HeartRateBpm>
       <Value>123</Value>
      </HeartRateBpm>
      <Cadence>75</Cadence>
      <Extensions>
       <Speed>6.270000</Speed>
      </Extensions>
     </Trackpoint>
     <Trackpoint>
      <Time>2026-06-10T08:02:01Z</Time>
      <Position>
       <LatitudeDegrees>35.6973845</LatitudeDegrees>
       <LongitudeDegrees>139.8001381</LongitudeDegrees>
      </Position>
      <AltitudeMeters>-1</AltitudeMeters>
      <DistanceMeters>1960</DistanceMeters>
      <HeartRateBpm>
       <Value>123</Value>
      </HeartRateBpm>
      <Cadence>75</Cadence>
      <Extensions>
       <Speed>6.270000</Speed>
      </Extensions>
     </Trackpoint>
     <Trackpoint>
      <Time>2026-06-10T08:02:02Z</Time>
      <Position>
       <LatitudeDegrees>35.6973695</LatitudeDegrees>
       <LongitudeDegrees>139.8001427</LongitudeDegrees>
      </Position>
      <AltitudeMeters>0</AltitudeMeters>
      <DistanceMeters>1962</DistanceMeters>
      <HeartRateBpm>
       <Value>123</Value>
      </HeartRateBpm>
      <Cadence>75</Cadence>
      <Extensions>
       <Speed>6.260000</Speed>
      </Extensions>
     </Trackpoint>
     <Trackpoint>
      <Time>2026-06-10T08:02:03Z</Time>
      <Position>
       <LatitudeDegrees>35.6973538</LatitudeDegrees>
       <LongitudeDegrees>139.8001459</LongitudeDegrees>
      </Position>
      <AltitudeMeters>0</AltitudeMeters>
      <DistanceMeters>1964</DistanceMeters>
      <HeartRateBpm>
       <Value>123</Value>
      </HeartRateBpm>
      <Cadence>75</Cadence>
      <Extensions>
       <Speed>6.260000</Speed>
      </Extensions>
     </Trackpoint>
     <Trackpoint>
      <Time>2026-06-10T08:02:04Z</Time>
      <Position>
       <LatitudeDegrees>35.6973381</LatitudeDegrees>
       <LongitudeDegrees>139.8001491</LongitudeDegrees>
      </Position>
      <AltitudeMeters>0</AltitudeMeters>
      <DistanceMeters>1966</DistanceMeters>
      <HeartRateBpm>
       <Value>123</Value>
      </HeartRateBpm>
      <Cadence>75</Cadence>
      <Extensions>
       <Speed>6.260000</Speed>
      </Extensions>
     </Trackpoint>
     <Trackpoint>
      <Time>2026-06-10T08:02:05Z</Time>
      <Position>
       <LatitudeDegrees>35.6973221</LatitudeDegrees>
       <LongitudeDegrees>139.8001519</LongitudeDegrees>
      </Position>
      <AltitudeMeters>0</AltitudeMeters>
      <DistanceMeters>1967</DistanceMeters>
      <HeartRateBpm>
       <Value>123</Value>
      </HeartRateBpm>
      <Cadence>74</Cadence>
      <Extensions>
       <Speed>6.260000</Speed>
      </Extensions>
     </Trackpoint>
     <Trackpoint>
      <Time>2026-06-10T08:02:06Z</Time>
      <Position>
       <LatitudeDegrees>35.6973061</LatitudeDegrees>
       <LongitudeDegrees>139.8001547</LongitudeDegrees>
      </Position>
      <AltitudeMeters>0</AltitudeMeters>
      <DistanceMeters>1970</DistanceMeters>
      <HeartRateBpm>
       <Value>123</Value>
      </HeartRateBpm>
      <Cadence>74</Cadence>
      <Extensions>
       <Speed>6.270000</Speed>
      </Extensions>
     </Trackpoint>
     <Trackpoint>
      <Time>2026-06-10T08:02:07Z</Time>
      <Position>
       <LatitudeDegrees>35.6972898</LatitudeDegrees>
       <LongitudeDegrees>139.8001594</LongitudeDegrees>
      </Position>
      <AltitudeMeters>0</AltitudeMeters>
      <DistanceMeters>1972</DistanceMeters>
      <HeartRateBpm>
       <Value>123</Value>
      </HeartRateBpm>
      <Cadence>74</Cadence>
      <Extensions>
       <Speed>6.280000</Speed>
      </Extensions>
     </Trackpoint>
     <Trackpoint>
      <Time>2026-06-10T08:02:08Z</Time>
      <Position>
       <LatitudeDegrees>35.6972736</LatitudeDegrees>
       <LongitudeDegrees>139.8001642</LongitudeDegrees>
      </Position>
      <AltitudeMeters>0</AltitudeMeters>
      <DistanceMeters>1974</DistanceMeters>
      <HeartRateBpm>
       <Value>122</Value>
      </HeartRateBpm>
      <Cadence>74</Cadence>
      <Extensions>
       <Speed>6.290000</Speed>
      </Extensions>
     </Trackpoint>
     <Trackpoint>
      <Time>2026-06-10T08:02:09Z</Time>
      <Position>
       <LatitudeDegrees>35.6972579</LatitudeDegrees>
       <LongitudeDegrees>139.8001690</LongitudeDegrees>
      </Position>
      <AltitudeMeters>0</AltitudeMeters>
      <DistanceMeters>1975</DistanceMeters>
      <HeartRateBpm>
       <Value>122</Value>
      </HeartRateBpm>
      <Cadence>74</Cadence>
      <Extensions>
       <Speed>6.300000</Speed>
      </Extensions>
     </Trackpoint>
     <Trackpoint>
      <Time>2026-06-10T08:02:10Z</Time>
      <Position>
       <LatitudeDegrees>35.6972422</LatitudeDegrees>
       <LongitudeDegrees>139.8001738</LongitudeDegrees>
      </Position>
      <AltitudeMeters>0</AltitudeMeters>
      <DistanceMeters>1976</DistanceMeters>
      <HeartRateBpm>
       <Value>122</Value>
      </HeartRateBpm>
      <Cadence>74</Cadence>
      <Extensions>
       <Speed>6.310000</Speed>
      </Extensions>
     </Trackpoint>
     <Trackpoint>
      <Time>2026-06-10T08:02:11Z</Time>
      <Position>
       <LatitudeDegrees>35.6972271</LatitudeDegrees>
       <LongitudeDegrees>139.8001788</LongitudeDegrees>
      </Position>
      <AltitudeMeters>0</AltitudeMeters>
      <DistanceMeters>1978</DistanceMeters>
      <HeartRateBpm>
       <Value>121</Value>
      </HeartRateBpm>
      <Cadence>74</Cadence>
      <Extensions>
       <Speed>6.320000</Speed>
      </Extensions>
     </Trackpoint>
     <Trackpoint>
      <Time>2026-06-10T08:02:12Z</Time>
      <Position>
       <LatitudeDegrees>35.6972120</LatitudeDegrees>
       <LongitudeDegrees>139.8001838</LongitudeDegrees>
      </Position>
      <AltitudeMeters>0</AltitudeMeters>
      <DistanceMeters>1979</DistanceMeters>
      <HeartRateBpm>
       <Value>121</Value>
      </HeartRateBpm>
      <Cadence>74</Cadence>
      <Extensions>
       <Speed>6.330000</Speed>
      </Extensions>
     </Trackpoint>
     <Trackpoint>
      <Time>2026-06-10T08:02:13Z</Time>
      <Position>
       <LatitudeDegrees>35.6972018</LatitudeDegrees>
       <LongitudeDegrees>139.8001912</LongitudeDegrees>
      </Position>
      <AltitudeMeters>0</AltitudeMeters>
      <DistanceMeters>1980</DistanceMeters>
      <HeartRateBpm>
       <Value>121</Value>
      </HeartRateBpm>
      <Cadence>74</Cadence>
      <Extensions>
       <Speed>6.340000</Speed>
      </Extensions>
     </Trackpoint>
     <Trackpoint>
      <Time>2026-06-10T08:02:14Z</Time>
      <Position>
       <LatitudeDegrees>35.6971917</LatitudeDegrees>
       <LongitudeDegrees>139.8001986</LongitudeDegrees>
      </Position>
      <AltitudeMeters>0</AltitudeMeters>
      <DistanceMeters>1980</DistanceMeters>
      <HeartRateBpm>
       <Value>121</Value>
      </HeartRateBpm>
      <Cadence>74</Cadence>
      <Extensions>
       <Speed>6.340000</Speed>
      </Extensions>
     </Trackpoint>
     <Trackpoint>
      <Time>2026-06-10T08:02:15Z</Time>
      <Position>
       <LatitudeDegrees>35.6971878</LatitudeDegrees>
       <LongitudeDegrees>139.8002044</LongitudeDegrees>
      </Position>
      <AltitudeMeters>0</AltitudeMeters>
      <DistanceMeters>1981</DistanceMeters>
      <HeartRateBpm>
       <Value>121</Value>
      </HeartRateBpm>
      <Cadence>74</Cadence>
      <Extensions>
       <Speed>6.350000</Speed>
      </Extensions>
     </Trackpoint>
     <Trackpoint>
      <Time>2026-06-10T08:02:16Z</Time>
      <Position>
       <LatitudeDegrees>35.6971839</LatitudeDegrees>
       <LongitudeDegrees>139.8002103</LongitudeDegrees>
      </Position>
      <AltitudeMeters>-1</AltitudeMeters>
      <DistanceMeters>1983</DistanceMeters>
      <HeartRateBpm>
       <Value>121</Value>
      </HeartRateBpm>
      <Cadence>74</Cadence>
      <Extensions>
       <Speed>6.350000</Speed>
      </Extensions>
     </Trackpoint>
     <Trackpoint>
      <Time>2026-06-10T08:02:17Z</Time>
      <Position>
       <LatitudeDegrees>35.6971798</LatitudeDegrees>
       <LongitudeDegrees>139.8002231</LongitudeDegrees>
      </Position>
      <AltitudeMeters>-1</AltitudeMeters>
      <DistanceMeters>1985</DistanceMeters>
      <HeartRateBpm>
       <Value>121</Value>
      </HeartRateBpm>
      <Cadence>74</Cadence>
      <Extensions>
       <Speed>6.360000</Speed>
      </Extensions>
     </Trackpoint>
     <Trackpoint>
      <Time>2026-06-10T08:02:18Z</Time>
      <Position>
       <LatitudeDegrees>35.6971757</LatitudeDegrees>
       <LongitudeDegrees>139.8002360</LongitudeDegrees>
      </Position>
      <AltitudeMeters>-1</AltitudeMeters>
      <DistanceMeters>1986</DistanceMeters>
      <HeartRateBpm>
       <Value>121</Value>
      </HeartRateBpm>
      <Cadence>74</Cadence>
      <Extensions>
       <Speed>6.360000</Speed>
      </Extensions>
     </Trackpoint>
     <Trackpoint>
      <Time>2026-06-10T08:02:19Z</Time>
      <Position>
       <LatitudeDegrees>35.6971752</LatitudeDegrees>
       <LongitudeDegrees>139.8002519</LongitudeDegrees>
      </Position>
      <AltitudeMeters>-1</AltitudeMeters>
      <DistanceMeters>1988</DistanceMeters>
      <HeartRateBpm>
       <Value>121</Value>
      </HeartRateBpm>
      <Cadence>74</Cadence>
      <Extensions>
       <Speed>6.370000</Speed>
      </Extensions>
     </Trackpoint>
     <Trackpoint>
      <Time>2026-06-10T08:02:20Z</Time>
      <Position>
       <LatitudeDegrees>35.6971747</LatitudeDegrees>
       <LongitudeDegrees>139.8002679</LongitudeDegrees>
      </Position>
      <AltitudeMeters>-1</AltitudeMeters>
      <DistanceMeters>1990</DistanceMeters>
      <HeartRateBpm>
       <Value>122</Value>
      </HeartRateBpm>
      <Cadence>74</Cadence>
      <Extensions>
       <Speed>6.380000</Speed>
      </Extensions>
     </Trackpoint>
     <Trackpoint>
      <Time>2026-06-10T08:02:21Z</Time>
      <Position>
       <LatitudeDegrees>35.6971752</LatitudeDegrees>
       <LongitudeDegrees>139.8002874</LongitudeDegrees>
      </Position>
      <AltitudeMeters>-1</AltitudeMeters>
      <DistanceMeters>1992</DistanceMeters>
      <HeartRateBpm>
       <Value>122</Value>
      </HeartRateBpm>
      <Cadence>74</Cadence>
      <Extensions>
       <Speed>6.390000</Speed>
      </Extensions>
     </Trackpoint>
     <Trackpoint>
      <Time>2026-06-10T08:02:22Z</Time>
      <Position>
       <LatitudeDegrees>35.6971758</LatitudeDegrees>
       <LongitudeDegrees>139.8003069</LongitudeDegrees>
      </Position>
      <AltitudeMeters>-1</AltitudeMeters>
      <DistanceMeters>1994</DistanceMeters>
      <HeartRateBpm>
       <Value>122</Value>
      </HeartRateBpm>
      <Cadence>74</Cadence>
      <Extensions>
       <Speed>6.400000</Speed>
      </Extensions>
     </Trackpoint>
     <Trackpoint>
      <Time>2026-06-10T08:02:23Z</Time>
      <Position>
       <LatitudeDegrees>35.6971760</LatitudeDegrees>
       <LongitudeDegrees>139.8003271</LongitudeDegrees>
      </Position>
      <AltitudeMeters>-1</AltitudeMeters>
      <DistanceMeters>1995</DistanceMeters>
      <HeartRateBpm>
       <Value>122</Value>
      </HeartRateBpm>
      <Cadence>74</Cadence>
      <Extensions>
       <Speed>6.410000</Speed>
      </Extensions>
     </Trackpoint>
     <Trackpoint>
      <Time>2026-06-10T08:02:24Z</Time>
      <Position>
       <LatitudeDegrees>35.6971762</LatitudeDegrees>
       <LongitudeDegrees>139.8003474</LongitudeDegrees>
      </Position>
      <AltitudeMeters>-1</AltitudeMeters>
      <DistanceMeters>1996</DistanceMeters>
      <HeartRateBpm>
       <Value>122</Value>
      </HeartRateBpm>
      <Cadence>74</Cadence>
      <Extensions>
       <Speed>6.410000</Speed>
      </Extensions>
     </Trackpoint>
     <Trackpoint>
      <Time>2026-06-10T08:02:25Z</Time>
      <Position>
       <LatitudeDegrees>35.6971758</LatitudeDegrees>
       <LongitudeDegrees>139.8003659</LongitudeDegrees>
      </Position>
      <AltitudeMeters>-1</AltitudeMeters>
      <DistanceMeters>1998</DistanceMeters>
      <HeartRateBpm>
       <Value>122</Value>
      </HeartRateBpm>
      <Cadence>74</Cadence>
      <Extensions>
       <Speed>6.420000</Speed>
      </Extensions>
     </Trackpoint>
    </Track>
   </Lap>
   <Lap StartTime="2026-06-10T08:02:25Z">
    <TotalTimeSeconds>585</TotalTimeSeconds>
    <DistanceMeters>1000</DistanceMeters>
    <Intensity>Active</Intensity>
    <TriggerMethod>Manual</TriggerMethod>
    <MaximumHeartRateBpm>
     <Value>124</Value>
    </MaximumHeartRateBpm>
    <AverageHeartRateBpm>
     <Value>121</Value>
    </AverageHeartRateBpm>
    <Track>
     <Trackpoint>
      <Time>2026-06-10T08:02:25Z</Time>
      <Position>
       <LatitudeDegrees>35.6971758</LatitudeDegrees>
       <LongitudeDegrees>139.8003659</LongitudeDegrees>
      </Position>
      <AltitudeMeters>-1</AltitudeMeters>
      <DistanceMeters>1998</DistanceMeters>
      <HeartRateBpm>
       <Value>122</Value>
      </HeartRateBpm>
      <Cadence>74</Cadence>
      <Extensions>
       <Speed>6.420000</Speed>
      </Extensions>
     </Trackpoint>
     <Trackpoint>
      <Time>2026-06-10T08:02:26Z</Time>
      <Position>
       <LatitudeDegrees>35.6971755</LatitudeDegrees>
       <LongitudeDegrees>139.8003844</LongitudeDegrees>
      </Position>
      <AltitudeMeters>-1</AltitudeMeters>
      <DistanceMeters>2000</DistanceMeters>
      <HeartRateBpm>
       <Value>122</Value>
      </HeartRateBpm>
      <Cadence>74</Cadence>
      <Extensions>
       <Speed>6.420000</Speed>
      </Extensions>
     </Trackpoint>
     <Trackpoint>
      <Time>2026-06-10T08:02:27Z</Time>
      <Position>
       <LatitudeDegrees>35.6971731</LatitudeDegrees>
       <LongitudeDegrees>139.8004028</LongitudeDegrees>
      </Position>
      <AltitudeMeters>-1</AltitudeMeters>
      <DistanceMeters>2002</DistanceMeters>
      <HeartRateBpm>
       <Value>122</Value>
      </HeartRateBpm>
      <Cadence>74</Cadence>
      <Extensions>
       <Speed>6.430000</Speed>
      </Extensions>
     </Trackpoint>
     <Trackpoint>
      <Time>2026-06-10T08:02:28Z</Time>
      <Position>
       <LatitudeDegrees>35.6971708</LatitudeDegrees>
       <LongitudeDegrees>139.8004212</LongitudeDegrees>
      </Position>
      <AltitudeMeters>-1</AltitudeMeters>
      <DistanceMeters>2004</DistanceMeters>
      <HeartRateBpm>
       <Value>121</Value>
      </HeartRateBpm>
      <Cadence>74</Cadence>
      <Extensions>
       <Speed>6.440000</Speed>
      </Extensions>
     </Trackpoint>
     <Trackpoint>
      <Time>2026-06-10T08:02:29Z</Time>
      <Position>
       <LatitudeDegrees>35.6971638</LatitudeDegrees>
       <LongitudeDegrees>139.8004384</LongitudeDegrees>
      </Position>
      <AltitudeMeters>-1</AltitudeMeters>
      <DistanceMeters>2005</DistanceMeters>
      <HeartRateBpm>
       <Value>121</Value>
      </HeartRateBpm>
      <Cadence>74</Cadence>
      <Extensions>
       <Speed>6.460000</Speed>
      </Extensions>
     </Trackpoint>
     <Trackpoint>
      <Time>2026-06-10T08:02:30Z</Time>
      <Position>
       <LatitudeDegrees>35.6971569</LatitudeDegrees>
       <LongitudeDegrees>139.8004557</LongitudeDegrees>
      </Position>
      <AltitudeMeters>-1</AltitudeMeters>
      <DistanceMeters>2007</DistanceMeters>
      <HeartRateBpm>
       <Value>120</Value>
      </HeartRateBpm>
      <Cadence>74</Cadence>
      <Extensions>
       <Speed>6.460000</Speed>
      </Extensions>
     </Trackpoint>
     <Trackpoint>
      <Time>2026-06-10T08:02:31Z</Time>
      <Position>
       <LatitudeDegrees>35.6971478</LatitudeDegrees>
       <LongitudeDegrees>139.8004726</LongitudeDegrees>
      </Position>
      <AltitudeMeters>-1</AltitudeMeters>
      <DistanceMeters>2009</DistanceMeters>
      <HeartRateBpm>
       <Value>120</Value>
      </HeartRateBpm>
      <Cadence>74</Cadence>
      <Extensions>
       <Speed>6.470000</Speed>
      </Extensions>
     </Trackpoint>
     <Trackpoint>
      <Time>2026-06-10T08:02:32Z</Time>
      <Position>
       <LatitudeDegrees>35.6971388</LatitudeDegrees>
       <LongitudeDegrees>139.8004896</LongitudeDegrees>
      </Position>
      <AltitudeMeters>-1</AltitudeMeters>
      <DistanceMeters>2010</DistanceMeters>
      <HeartRateBpm>
       <Value>119</Value>
      </HeartRateBpm>
      <Cadence>74</Cadence>
      <Extensions>
       <Speed>6.470000</Speed>
      </Extensions>
     </Trackpoint>
     <Trackpoint>
      <Time>2026-06-10T08:02:33Z</Time>
      <Position>
       <LatitudeDegrees>35.6971307</LatitudeDegrees>
       <LongitudeDegrees>139.8005064</LongitudeDegrees>
      </Position>
      <AltitudeMeters>-1</AltitudeMeters>
      <DistanceMeters>2012</DistanceMeters>
      <HeartRateBpm>
       <Value>118</Value>
      </HeartRateBpm>
      <Cadence>74</Cadence>
      <Extensions>
       <Speed>6.480000</Speed>
      </Extensions>
     </Trackpoint>
     <Trackpoint>
      <Time>2026-06-10T08:02:34Z</Time>
      <Position>
       <LatitudeDegrees>35.6971226</LatitudeDegrees>
       <LongitudeDegrees>139.8005233</LongitudeDegrees>
      </Position>
      <AltitudeMeters>-1</AltitudeMeters>
      <DistanceMeters>2014</DistanceMeters>
      <HeartRateBpm>
       <Value>118</Value>
      </HeartRateBpm>
      <Cadence>74</Cadence>
      <Extensions>
       <Speed>6.480000</Speed>
      </Extensions>
     </Trackpoint>
     <Trackpoint>
      <Time>2026-06-10T08:02:35Z</Time>
      <Position>
       <LatitudeDegrees>35.6971150</LatitudeDegrees>
       <LongitudeDegrees>139.8005392</LongitudeDegrees>
      </Position>
      <AltitudeMeters>-1</AltitudeMeters>
      <DistanceMeters>2015</DistanceMeters>
      <HeartRateBpm>
       <Value>118</Value>
      </HeartRateBpm>
      <Cadence>74</Cadence>
      <Extensions>
       <Speed>6.490000</Speed>
      </Extensions>
     </Trackpoint>
     <Trackpoint>
      <Time>2026-06-10T08:02:36Z</Time>
      <Position>
       <LatitudeDegrees>35.6971075</LatitudeDegrees>
       <LongitudeDegrees>139.8005552</LongitudeDegrees>
      </Position>
      <AltitudeMeters>-1</AltitudeMeters>
      <DistanceMeters>2017</DistanceMeters>
      <HeartRateBpm>
       <Value>118</Value>
      </HeartRateBpm>
      <Cadence>74</Cadence>
      <Extensions>
       <Speed>6.490000</Speed>
      </Extensions>
     </Trackpoint>
     <Trackpoint>
      <Time>2026-06-10T08:02:37Z</Time>
      <Position>
       <LatitudeDegrees>35.6971001</LatitudeDegrees>
       <LongitudeDegrees>139.8005702</LongitudeDegrees>
      </Position>
      <AltitudeMeters>-1</AltitudeMeters>
      <DistanceMeters>2019</DistanceMeters>
      <HeartRateBpm>
       <Value>118</Value>
      </HeartRateBpm>
      <Cadence>75</Cadence>
      <Extensions>
       <Speed>6.490000</Speed>
      </Extensions>
     </Trackpoint>
     <Trackpoint>
      <Time>2026-06-10T08:02:38Z</Time>
      <Position>
       <LatitudeDegrees>35.6970928</LatitudeDegrees>
       <LongitudeDegrees>139.8005852</LongitudeDegrees>
      </Position>
      <AltitudeMeters>-1</AltitudeMeters>
      <DistanceMeters>2020</DistanceMeters>
      <HeartRateBpm>
       <Value>119</Value>
      </HeartRateBpm>
      <Cadence>75</Cadence>
      <Extensions>
       <Speed>6.490000</Speed>
      </Extensions>
     </Trackpoint>
     <Trackpoint>
      <Time>2026-06-10T08:02:39Z</Time>
      <Position>
       <LatitudeDegrees>35.6970853</LatitudeDegrees>
       <LongitudeDegrees>139.8005996</LongitudeDegrees>
      </Position>
      <AltitudeMeters>-1</AltitudeMeters>
      <DistanceMeters>2022</DistanceMeters>
      <HeartRateBpm>
       <Value>119</Value>
      </HeartRateBpm>
      <Cadence>75</Cadence>
      <Extensions>
       <Speed>6.490000</Speed>
      </Extensions>
     </Trackpoint>
     <Trackpoint>
      <Time>2026-06-10T08:02:40Z</Time>
      <Position>
       <LatitudeDegrees>35.6970778</LatitudeDegrees>
       <LongitudeDegrees>139.8006140</LongitudeDegrees>
      </Position>
      <AltitudeMeters>-1</AltitudeMeters>
      <DistanceMeters>2024</DistanceMeters>
      <HeartRateBpm>
       <Value>120</Value>
      </HeartRateBpm>
      <Cadence>74</Cadence>
      <Extensions>
       <Speed>6.460000</Speed>
      </Extensions>
     </Trackpoint>
     <Trackpoint>
      <Time>2026-06-10T08:02:41Z</Time>
      <Position>
       <LatitudeDegrees>35.6970702</LatitudeDegrees>
       <LongitudeDegrees>139.8006295</LongitudeDegrees>
      </Position>
      <AltitudeMeters>-1</AltitudeMeters>
      <DistanceMeters>2025</DistanceMeters>
      <HeartRateBpm>
       <Value>120</Value>
      </HeartRateBpm>
      <Cadence>74</Cadence>
      <Extensions>
       <Speed>6.440000</Speed>
      </Extensions>
     </Trackpoint>
     <Trackpoint>
      <Time>2026-06-10T08:02:42Z</Time>
      <Position>
       <LatitudeDegrees>35.6970627</LatitudeDegrees>
       <LongitudeDegrees>139.8006451</LongitudeDegrees>
      </Position>
      <AltitudeMeters>-1</AltitudeMeters>
      <DistanceMeters>2027</DistanceMeters>
      <HeartRateBpm>
       <Value>120</Value>
      </HeartRateBpm>
      <Cadence>74</Cadence>
      <Extensions>
       <Speed>6.410000</Speed>
      </Extensions>
     </Trackpoint>
     <Trackpoint>
      <Time>2026-06-10T08:02:43Z</Time>
      <Position>
       <LatitudeDegrees>35.6970540</LatitudeDegrees>
       <LongitudeDegrees>139.8006616</LongitudeDegrees>
      </Position>
      <AltitudeMeters>-1</AltitudeMeters>
      <DistanceMeters>2029</DistanceMeters>
      <HeartRateBpm>
       <Value>120</Value>
      </HeartRateBpm>
      <Cadence>74</Cadence>
      <Extensions>
       <Speed>6.390000</Speed>
      </Extensions>
     </Trackpoint>
     <Trackpoint>
      <Time>2026-06-10T08:02:44Z</Time>
      <Position>
       <LatitudeDegrees>35.6970454</LatitudeDegrees>
       <LongitudeDegrees>139.8006782</LongitudeDegrees>
      </Position>
      <AltitudeMeters>-1</AltitudeMeters>
      <DistanceMeters>2030</DistanceMeters>
      <HeartRateBpm>
       <Value>120</Value>
      </HeartRateBpm>
      <Cadence>74</Cadence>
      <Extensions>
       <Speed>6.380000</Speed>
      </Extensions>
     </Trackpoint>
     <Trackpoint>
      <Time>2026-06-10T08:02:45Z</Time>
      <Position>
       <LatitudeDegrees>35.6970353</LatitudeDegrees>
       <LongitudeDegrees>139.8006933</LongitudeDegrees>
      </Position>
      <AltitudeMeters>-1</AltitudeMeters>
      <DistanceMeters>2032</DistanceMeters>
      <HeartRateBpm>
       <Value>120</Value>
      </HeartRateBpm>
      <Cadence>74</Cadence>
      <Extensions>
       <Speed>6.370000</Speed>
      </Extensions>
     </Trackpoint>
     <Trackpoint>
      <Time>2026-06-10T08:02:46Z</Time>
      <Position>
       <LatitudeDegrees>35.6970253</LatitudeDegrees>
       <LongitudeDegrees>139.8007085</LongitudeDegrees>
      </Position>
      <AltitudeMeters>-1</AltitudeMeters>
      <DistanceMeters>2034</DistanceMeters>
      <HeartRateBpm>
       <Value>120</Value>
      </HeartRateBpm>
      <Cadence>74</Cadence>
      <Extensions>
       <Speed>6.360000</Speed>
      </Extensions>
     </Trackpoint>
     <Trackpoint>
      <Time>2026-06-10T08:02:47Z</Time>
      <Position>
       <LatitudeDegrees>35.6970136</LatitudeDegrees>
       <LongitudeDegrees>139.8007191</LongitudeDegrees>
      </Position>
      <AltitudeMeters>-1</AltitudeMeters>
      <DistanceMeters>2035</DistanceMeters>
      <HeartRateBpm>
       <Value>120</Value>
      </HeartRateBpm>
      <Cadence>74</Cadence>
      <Extensions>
       <Speed>6.350000</Speed>
      </Extensions>
     </Trackpoint>
     <Trackpoint>
      <Time>2026-06-10T08:02:48Z</Time>
      <Position>
       <LatitudeDegrees>35.6970020</LatitudeDegrees>
       <LongitudeDegrees>139.8007298</LongitudeDegrees>
      </Position>
      <AltitudeMeters>-1</AltitudeMeters>
      <DistanceMeters>2037</DistanceMeters>
      <HeartRateBpm>
       <Value>120</Value>
      </HeartRateBpm>
      <Cadence>74</Cadence>
      <Extensions>
       <Speed>6.340000</Speed>
      </Extensions>
     </Trackpoint>
     <Trackpoint>
      <Time>2026-06-10T08:02:49Z</Time>
      <Position>
       <LatitudeDegrees>35.6969886</LatitudeDegrees>
       <LongitudeDegrees>139.8007342</LongitudeDegrees>
      </Position>
      <AltitudeMeters>-1</AltitudeMeters>
      <DistanceMeters>2039</DistanceMeters>
      <HeartRateBpm>
       <Value>120</Value>
      </HeartRateBpm>
      <Cadence>74</Cadence>
      <Extensions>
       <Speed>6.330000</Speed>
      </Extensions>
     </Trackpoint>
     <Trackpoint>
      <Time>2026-06-10T08:02:50Z</Time>
      <Position>
       <LatitudeDegrees>35.6969753</LatitudeDegrees>
       <LongitudeDegrees>139.8007387</LongitudeDegrees>
      </Position>
      <AltitudeMeters>-1</AltitudeMeters>
      <DistanceMeters>2040</DistanceMeters>
      <HeartRateBpm>
       <Value>120</Value>
      </HeartRateBpm>
      <Cadence>74</Cadence>
      <Extensions>
       <Speed>6.320000</Speed>
      </Extensions>
     </Trackpoint>
     <Trackpoint>
      <Time>2026-06-10T08:02:51Z</Time>
      <Position>
       <LatitudeDegrees>35.6969610</LatitudeDegrees>
       <LongitudeDegrees>139.8007398</LongitudeDegrees>
      </Position>
      <AltitudeMeters>-1</AltitudeMeters>
      <DistanceMeters>2042</DistanceMeters>
      <HeartRateBpm>
       <Value>120</Value>
      </HeartRateBpm>
      <Cadence>74</Cadence>
      <Extensions>
       <Speed>6.320000</Speed>
      </Extensions>
     </Trackpoint>
     <Trackpoint>
      <Time>2026-06-10T08:02:52Z</Time>
      <Position>
       <LatitudeDegrees>35.6969467</LatitudeDegrees>
       <LongitudeDegrees>139.8007410</LongitudeDegrees>
      </Position>
      <AltitudeMeters>-1</AltitudeMeters>
      <DistanceMeters>2044</DistanceMeters>
      <HeartRateBpm>
       <Value>120</Value>
      </HeartRateBpm>
      <Cadence>74</Cadence>
      <Extensions>
       <Speed>6.310000</Speed>
      </Extensions>
     </Trackpoint>
     <Trackpoint>
      <Time>2026-06-10T08:02:53Z</Time>
      <Position>
       <LatitudeDegrees>35.6969313</LatitudeDegrees>
       <LongitudeDegrees>139.8007418</LongitudeDegrees>
      </Position>
      <AltitudeMeters>-1</AltitudeMeters>
      <DistanceMeters>2045</DistanceMeters>
      <HeartRateBpm>
       <Value>120</Value>
      </HeartRateBpm>
      <Cadence>74</Cadence>
      <Extensions>
       <Speed>6.310000</Speed>
      </Extensions>
     </Trackpoint>
     <Trackpoint>
      <Time>2026-06-10T08:02:54Z</Time>
      <Position>
       <LatitudeDegrees>35.6969159</LatitudeDegrees>
       <LongitudeDegrees>139.8007426</LongitudeDegrees>
      </Position>
      <AltitudeMeters>-1</AltitudeMeters>
      <DistanceMeters>2047</DistanceMeters>
      <HeartRateBpm>
       <Value>120</Value>
      </HeartRateBpm>
      <Cadence>74</Cadence>
      <Extensions>
       <Speed>6.300000</Speed>
      </Extensions>
     </Trackpoint>
     <Trackpoint>
      <Time>2026-06-10T08:02:55Z</Time>
      <Position>
       <LatitudeDegrees>35.6969003</LatitudeDegrees>
       <LongitudeDegrees>139.8007433</LongitudeDegrees>
      </Position>
      <AltitudeMeters>-1</AltitudeMeters>
      <DistanceMeters>2049</DistanceMeters>
      <HeartRateBpm>
       <Value>121</Value>
      </HeartRateBpm>
      <Cadence>74</Cadence>
      <Extensions>
       <Speed>6.300000</Speed>
      </Extensions>
     </Trackpoint>
     <Trackpoint>
      <Time>2026-06-10T08:02:56Z</Time>
      <Position>
       <LatitudeDegrees>35.6968848</LatitudeDegrees>
       <LongitudeDegrees>139.8007441</LongitudeDegrees>
      </Position>
      <AltitudeMeters>-1</AltitudeMeters>
      <DistanceMeters>2050</DistanceMeters>
      <HeartRateBpm>
       <Value>121</Value>
      </HeartRateBpm>
      <Cadence>73</Cadence>
      <Extensions>
       <Speed>6.290000</Speed>
      </Extensions>
     </Trackpoint>
     <Trackpoint>
      <Time>2026-06-10T08:02:57Z</Time>
      <Position>
       <LatitudeDegrees>35.6968689</LatitudeDegrees>
       <LongitudeDegrees>139.8007447</LongitudeDegrees>
      </Position>
      <AltitudeMeters>-1</AltitudeMeters>
      <DistanceMeters>2052</DistanceMeters>
      <HeartRateBpm>
       <Value>121</Value>
      </HeartRateBpm>
      <Cadence>73</Cadence>
      <Extensions>
       <Speed>6.290000</Speed>
      </Extensions>
     </Trackpoint>
     <Trackpoint>
      <Time>2026-06-10T08:02:58Z</Time>
      <Position>
       <LatitudeDegrees>35.6968531</LatitudeDegrees>
       <LongitudeDegrees>139.8007453</LongitudeDegrees>
      </Position>
      <AltitudeMeters>-1</AltitudeMeters>
      <DistanceMeters>2054</DistanceMeters>
      <HeartRateBpm>
       <Value>121</Value>
      </HeartRateBpm>
      <Cadence>73</Cadence>
      <Extensions>
       <Speed>6.280000</Speed>
      </Extensions>
     </Trackpoint>
     <Trackpoint>
      <Time>2026-06-10T08:02:59Z</Time>
      <Position>
       <LatitudeDegrees>35.6968386</LatitudeDegrees>
       <LongitudeDegrees>139.8007458</LongitudeDegrees>
      </Position>
      <AltitudeMeters>-1</AltitudeMeters>
      <DistanceMeters>2055</DistanceMeters>
      <HeartRateBpm>
       <Value>121</Value>
      </HeartRateBpm>
      <Cadence>73</Cadence>
      <Extensions>
       <Speed>6.280000</Speed>
      </Extensions>
     </Trackpoint>
     <Trackpoint>
      <Time>2026-06-10T08:03:00Z</Time>
      <Position>
       <LatitudeDegrees>35.6968242</LatitudeDegrees>
       <LongitudeDegrees>139.8007463</LongitudeDegrees>
      </Position>
      <AltitudeMeters>-1</AltitudeMeters>
      <DistanceMeters>2056</DistanceMeters>
      <HeartRateBpm>
       <Value>121</Value>
      </HeartRateBpm>
      <Cadence>73</Cadence>
      <Extensions>
       <Speed>6.270000</Speed>
      </Extensions>
     </Trackpoint>
     <Trackpoint>
      <Time>2026-06-10T08:03:01Z</Time>
      <Position>
       <LatitudeDegrees>35.6968099</LatitudeDegrees>
       <LongitudeDegrees>139.8007467</LongitudeDegrees>
      </Position>
      <AltitudeMeters>-1</AltitudeMeters>
      <DistanceMeters>2058</DistanceMeters>
      <HeartRateBpm>
       <Value>121</Value>
      </HeartRateBpm>
      <Cadence>73</Cadence>
      <Extensions>
       <Speed>6.270000</Speed>
      </Extensions>
     </Trackpoint>
     <Trackpoint>
      <Time>2026-06-10T08:03:02Z</Time>
      <Position>
       <LatitudeDegrees>35.6967957</LatitudeDegrees>
       <LongitudeDegrees>139.8007472</LongitudeDegrees>
      </Position>
      <AltitudeMeters>-1</AltitudeMeters>
      <DistanceMeters>2060</DistanceMeters>
      <HeartRateBpm>
       <Value>121</Value>
      </HeartRateBpm>
      <Cadence>73</Cadence>
      <Extensions>
       <Speed>6.260000</Speed>
      </Extensions>
     </Trackpoint>
     <Trackpoint>
      <Time>2026-06-10T08:03:03Z</Time>
      <Position>
       <LatitudeDegrees>35.6967810</LatitudeDegrees>
       <LongitudeDegrees>139.8007490</LongitudeDegrees>
      </Position>
      <AltitudeMeters>-1</AltitudeMeters>
      <DistanceMeters>2062</DistanceMeters>
      <HeartRateBpm>
       <Value>121</Value>
      </HeartRateBpm>
      <Cadence>73</Cadence>
      <Extensions>
       <Speed>6.260000</Speed>
      </Extensions>
     </Trackpoint>
     <Trackpoint>
      <Time>2026-06-10T08:03:04Z</Time>
      <Position>
       <LatitudeDegrees>35.6967663</LatitudeDegrees>
       <LongitudeDegrees>139.8007508</LongitudeDegrees>
      </Position>
      <AltitudeMeters>-1</AltitudeMeters>
      <DistanceMeters>2064</DistanceMeters>
      <HeartRateBpm>
       <Value>121</Value>
      </HeartRateBpm>
      <Cadence>73</Cadence>
      <Extensions>
       <Speed>6.250000</Speed>
      </Extensions>
     </Trackpoint>
     <Trackpoint>
      <Time>2026-06-10T08:03:05Z</Time>
      <Position>
       <LatitudeDegrees>35.6967524</LatitudeDegrees>
       <LongitudeDegrees>139.8007529</LongitudeDegrees>
      </Position>
      <AltitudeMeters>-1</AltitudeMeters>
      <DistanceMeters>2065</DistanceMeters>
      <HeartRateBpm>
       <Value>121</Value>
      </HeartRateBpm>
      <Cadence>73</Cadence>
      <Extensions>
       <Speed>6.250000</Speed>
      </Extensions>
     </Trackpoint>
     <Trackpoint>
      <Time>2026-06-10T08:03:06Z</Time>
      <Position>
       <LatitudeDegrees>35.6967385</LatitudeDegrees>
       <LongitudeDegrees>139.8007550</LongitudeDegrees>
      </Position>
      <AltitudeMeters>-1</AltitudeMeters>
      <DistanceMeters>2066</DistanceMeters>
      <HeartRateBpm>
       <Value>121</Value>
      </HeartRateBpm>
      <Cadence>73</Cadence>
      <Extensions>
       <Speed>6.240000</Speed>
      </Extensions>
     </Trackpoint>
     <Trackpoint>
      <Time>2026-06-10T08:03:07Z</Time>
      <Position>
       <LatitudeDegrees>35.6967254</LatitudeDegrees>
       <LongitudeDegrees>139.8007574</LongitudeDegrees>
      </Position>
      <AltitudeMeters>-1</AltitudeMeters>
      <DistanceMeters>2068</DistanceMeters>
      <HeartRateBpm>
       <Value>121</Value>
      </HeartRateBpm>
      <Cadence>73</Cadence>
      <Extensions>
       <Speed>6.240000</Speed>
      </Extensions>
     </Trackpoint>
     <Trackpoint>
      <Time>2026-06-10T08:03:08Z</Time>
      <Position>
       <LatitudeDegrees>35.6967124</LatitudeDegrees>
       <LongitudeDegrees>139.8007599</LongitudeDegrees>
      </Position>
      <AltitudeMeters>-1</AltitudeMeters>
      <DistanceMeters>2070</DistanceMeters>
      <HeartRateBpm>
       <Value>121</Value>
      </HeartRateBpm>
      <Cadence>73</Cadence>
      <Extensions>
       <Speed>6.200000</Speed>
      </Extensions>
     </Trackpoint>
     <Trackpoint>
      <Time>2026-06-10T08:03:09Z</Time>
      <Position>
       <LatitudeDegrees>35.6966994</LatitudeDegrees>
       <LongitudeDegrees>139.8007626</LongitudeDegrees>
      </Position>
      <AltitudeMeters>-1</AltitudeMeters>
      <DistanceMeters>2071</DistanceMeters>
      <HeartRateBpm>
       <Value>120</Value>
      </HeartRateBpm>
      <Cadence>73</Cadence>
      <Extensions>
       <Speed>6.170000</Speed>
      </Extensions>
     </Trackpoint>
     <Trackpoint>
      <Time>2026-06-10T08:03:10Z</Time>
      <Position>
       <LatitudeDegrees>35.6966865</LatitudeDegrees>
       <LongitudeDegrees>139.8007654</LongitudeDegrees>
      </Position>
      <AltitudeMeters>-1</AltitudeMeters>
      <DistanceMeters>2072</DistanceMeters>
      <HeartRateBpm>
       <Value>120</Value>
      </HeartRateBpm>
      <Cadence>73</Cadence>
      <Extensions>
       <Speed>6.160000</Speed>
      </Extensions>
     </Trackpoint>
     <Trackpoint>
      <Time>2026-06-10T08:03:11Z</Time>
      <Position>
       <LatitudeDegrees>35.6966737</LatitudeDegrees>
       <LongitudeDegrees>139.8007661</LongitudeDegrees>
      </Position>
      <AltitudeMeters>-1</AltitudeMeters>
      <DistanceMeters>2073</DistanceMeters>
      <HeartRateBpm>
       <Value>120</Value>
      </HeartRateBpm>
      <Cadence>73</Cadence>
      <Extensions>
       <Speed>6.150000</Speed>
      </Extensions>
     </Trackpoint>
     <Trackpoint>
      <Time>2026-06-10T08:03:12Z</Time>
      <Position>
       <LatitudeDegrees>35.6966610</LatitudeDegrees>
       <LongitudeDegrees>139.8007668</LongitudeDegrees>
      </Position>
      <AltitudeMeters>-1</AltitudeMeters>
      <DistanceMeters>2074</DistanceMeters>
      <HeartRateBpm>
       <Value>120</Value>
      </HeartRateBpm>
      <Cadence>73</Cadence>
      <Extensions>
       <Speed>6.140000</Speed>
      </Extensions>
     </Trackpoint>
     <Trackpoint>
      <Time>2026-06-10T08:03:13Z</Time>
      <Position>
       <LatitudeDegrees>35.6966476</LatitudeDegrees>
       <LongitudeDegrees>139.8007674</LongitudeDegrees>
      </Position>
      <AltitudeMeters>-1</AltitudeMeters>
      <DistanceMeters>2076</DistanceMeters>
      <HeartRateBpm>
       <Value>120</Value>
      </HeartRateBpm>
      <Cadence>73</Cadence>
      <Extensions>
       <Speed>6.140000</Speed>
      </Extensions>
     </Trackpoint>
     <Trackpoint>
      <Time>2026-06-10T08:03:14Z</Time>
      <Position>
       <LatitudeDegrees>35.6966343</LatitudeDegrees>
       <LongitudeDegrees>139.8007680</LongitudeDegrees>
      </Position>
      <AltitudeMeters>-1</AltitudeMeters>
      <DistanceMeters>2078</DistanceMeters>
      <HeartRateBpm>
       <Value>120</Value>
      </HeartRateBpm>
      <Cadence>73</Cadence>
      <Extensions>
       <Speed>6.130000</Speed>
      </Extensions>
     </Trackpoint>
     <Trackpoint>
      <Time>2026-06-10T08:03:15Z</Time>
      <Position>
       <LatitudeDegrees>35.6966196</LatitudeDegrees>
       <LongitudeDegrees>139.8007694</LongitudeDegrees>
      </Position>
      <AltitudeMeters>-1</AltitudeMeters>
      <DistanceMeters>2080</DistanceMeters>
      <HeartRateBpm>
       <Value>121</Value>
      </HeartRateBpm>
      <Cadence>73</Cadence>
      <Extensions>
       <Speed>6.120000</Speed>
      </Extensions>
     </Trackpoint>
     <Trackpoint>
      <Time>2026-06-10T08:03:16Z</Time>
      <Position>
       <LatitudeDegrees>35.6966049</LatitudeDegrees>
       <LongitudeDegrees>139.8007708</LongitudeDegrees>
      </Position>
      <AltitudeMeters>-1</AltitudeMeters>
      <DistanceMeters>2082</DistanceMeters>
      <HeartRateBpm>
       <Value>121</Value>
      </HeartRateBpm>
      <Cadence>73</Cadence>
      <Extensions>
       <Speed>6.090000</Speed>
      </Extensions>
     </Trackpoint>
     <Trackpoint>
      <Time>2026-06-10T08:03:17Z</Time>
      <Position>
       <LatitudeDegrees>35.6965904</LatitudeDegrees>
       <LongitudeDegrees>139.8007713</LongitudeDegrees>
      </Position>
      <AltitudeMeters>0</AltitudeMeters>
      <DistanceMeters>2083</DistanceMeters>
      <HeartRateBpm>
       <Value>121</Value>
      </HeartRateBpm>
      <Cadence>73</Cadence>
      <Extensions>
       <Speed>6.070000</Speed>
      </Extensions>
     </Trackpoint>
     <Trackpoint>
      <Time>2026-06-10T08:03:18Z</Time>
      <Position>
       <LatitudeDegrees>35.6965759</LatitudeDegrees>
       <LongitudeDegrees>139.8007719</LongitudeDegrees>
      </Position>
      <AltitudeMeters>0</AltitudeMeters>
      <DistanceMeters>2084</DistanceMeters>
      <HeartRateBpm>
       <Value>121</Value>
      </HeartRateBpm>
      <Cadence>73</Cadence>
      <Extensions>
       <Speed>6.060000</Speed>
      </Extensions>
     </Trackpoint>
     <Trackpoint>
      <Time>2026-06-10T08:03:19Z</Time>
      <Position>
       <LatitudeDegrees>35.6965623</LatitudeDegrees>
       <LongitudeDegrees>139.8007713</LongitudeDegrees>
      </Position>
      <AltitudeMeters>0</AltitudeMeters>
      <DistanceMeters>2086</DistanceMeters>
      <HeartRateBpm>
       <Value>121</Value>
      </HeartRateBpm>
      <Cadence>73</Cadence>
      <Extensions>
       <Speed>6.050000</Speed>
      </Extensions>
     </Trackpoint>
     <Trackpoint>
      <Time>2026-06-10T08:03:20Z</Time>
      <Position>
       <LatitudeDegrees>35.6965487</LatitudeDegrees>
       <LongitudeDegrees>139.8007708</LongitudeDegrees>
      </Position>
      <AltitudeMeters>0</AltitudeMeters>
      <DistanceMeters>2088</DistanceMeters>
      <HeartRateBpm>
       <Value>121</Value>
      </HeartRateBpm>
      <Cadence>73</Cadence>
      <Extensions>
       <Speed>6.040000</Speed>
      </Extensions>
     </Trackpoint>
     <Trackpoint>
      <Time>2026-06-10T08:03:21Z</Time>
      <Position>
       <LatitudeDegrees>35.6965364</LatitudeDegrees>
       <LongitudeDegrees>139.8007701</LongitudeDegrees>
      </Position>
      <AltitudeMeters>0</AltitudeMeters>
      <DistanceMeters>2089</DistanceMeters>
      <HeartRateBpm>
       <Value>121</Value>
      </HeartRateBpm>
      <Cadence>74</Cadence>
      <Extensions>
       <Speed>6.030000</Speed>
      </Extensions>
     </Trackpoint>
     <Trackpoint>
      <Time>2026-06-10T08:03:22Z</Time>
      <Position>
       <LatitudeDegrees>35.6965241</LatitudeDegrees>
       <LongitudeDegrees>139.8007694</LongitudeDegrees>
      </Position>
      <AltitudeMeters>0</AltitudeMeters>
      <DistanceMeters>2090</DistanceMeters>
      <HeartRateBpm>
       <Value>121</Value>
      </HeartRateBpm>
      <Cadence>74</Cadence>
      <Extensions>
       <Speed>6.010000</Speed>
      </Extensions>
     </Trackpoint>
     <Trackpoint>
      <Time>2026-06-10T08:03:23Z</Time>
      <Position>
       <LatitudeDegrees>35.6965117</LatitudeDegrees>
       <LongitudeDegrees>139.8007711</LongitudeDegrees>
      </Position>
      <AltitudeMeters>0</AltitudeMeters>
      <DistanceMeters>2091</DistanceMeters>
      <HeartRateBpm>
       <Value>121</Value>
      </HeartRateBpm>
      <Cadence>74</Cadence>
      <Extensions>
       <Speed>6.000000</Speed>
      </Extensions>
     </Trackpoint>
     <Trackpoint>
      <Time>2026-06-10T08:03:24Z</Time>
      <Position>
       <LatitudeDegrees>35.6964994</LatitudeDegrees>
       <LongitudeDegrees>139.8007728</LongitudeDegrees>
      </Position>
      <AltitudeMeters>0</AltitudeMeters>
      <DistanceMeters>2093</DistanceMeters>
      <HeartRateBpm>
       <Value>121</Value>
      </HeartRateBpm>
      <Cadence>74</Cadence>
      <Extensions>
       <Speed>5.980000</Speed>
      </Extensions>
     </Trackpoint>
     <Trackpoint>
      <Time>2026-06-10T08:03:25Z</Time>
      <Position>
       <LatitudeDegrees>35.6964864</LatitudeDegrees>
       <LongitudeDegrees>139.8007766</LongitudeDegrees>
      </Position>
      <AltitudeMeters>0</AltitudeMeters>
      <DistanceMeters>2095</DistanceMeters>
      <HeartRateBpm>
       <Value>121</Value>
      </HeartRateBpm>
      <Cadence>74</Cadence>
      <Extensions>
       <Speed>5.960000</Speed>
      </Extensions>
     </Trackpoint>
     <Trackpoint>
      <Time>2026-06-10T08:03:26Z</Time>
      <Position>
       <LatitudeDegrees>35.6964734</LatitudeDegrees>
       <LongitudeDegrees>139.8007805</LongitudeDegrees>
      </Position>
      <AltitudeMeters>0</AltitudeMeters>
      <DistanceMeters>2096</DistanceMeters>
      <HeartRateBpm>
       <Value>121</Value>
      </HeartRateBpm>
      <Cadence>74</Cadence>
      <Extensions>
       <Speed>5.940000</Speed>
      </Extensions>
     </Trackpoint>
     <Trackpoint>
      <Time>2026-06-10T08:03:27Z</Time>
      <Position>
       <LatitudeDegrees>35.6964590</LatitudeDegrees>
       <LongitudeDegrees>139.8007854</LongitudeDegrees>
      </Position>
      <AltitudeMeters>0</AltitudeMeters>
      <DistanceMeters>2098</DistanceMeters>
      <HeartRateBpm>
       <Value>121</Value>
      </HeartRateBpm>
      <Cadence>74</Cadence>
      <Extensions>
       <Speed>5.920000</Speed>
      </Extensions>
     </Trackpoint>
     <Trackpoint>
      <Time>2026-06-10T08:03:28Z</Time>
      <Position>
       <LatitudeDegrees>35.6964446</LatitudeDegrees>
       <LongitudeDegrees>139.8007903</LongitudeDegrees>
      </Position>
      <AltitudeMeters>0</AltitudeMeters>
      <DistanceMeters>2100</DistanceMeters>
      <HeartRateBpm>
       <Value>121</Value>
      </HeartRateBpm>
      <Cadence>74</Cadence>
      <Extensions>
       <Speed>5.900000</Speed>
      </Extensions>
     </Trackpoint>
     <Trackpoint>
      <Time>2026-06-10T08:03:29Z</Time>
      <Position>
       <LatitudeDegrees>35.6964293</LatitudeDegrees>
       <LongitudeDegrees>139.8007934</LongitudeDegrees>
      </Position>
      <AltitudeMeters>0</AltitudeMeters>
      <DistanceMeters>2102</DistanceMeters>
      <HeartRateBpm>
       <Value>121</Value>
      </HeartRateBpm>
      <Cadence>74</Cadence>
      <Extensions>
       <Speed>5.890000</Speed>
      </Extensions>
     </Trackpoint>
     <Trackpoint>
      <Time>2026-06-10T08:03:30Z</Time>
      <Position>
       <LatitudeDegrees>35.6964140</LatitudeDegrees>
       <LongitudeDegrees>139.8007965</LongitudeDegrees>
      </Position>
      <AltitudeMeters>0</AltitudeMeters>
      <DistanceMeters>2104</DistanceMeters>
      <HeartRateBpm>
       <Value>120</Value>
      </HeartRateBpm>
      <Cadence>74</Cadence>
      <Extensions>
       <Speed>5.880000</Speed>
      </Extensions>
     </Trackpoint>
     <Trackpoint>
      <Time>2026-06-10T08:03:31Z</Time>
      <Position>
       <LatitudeDegrees>35.6963986</LatitudeDegrees>
       <LongitudeDegrees>139.8007978</LongitudeDegrees>
      </Position>
      <AltitudeMeters>0</AltitudeMeters>
      <DistanceMeters>2105</DistanceMeters>
      <HeartRateBpm>
       <Value>120</Value>
      </HeartRateBpm>
      <Cadence>74</Cadence>
      <Extensions>
       <Speed>5.880000</Speed>
      </Extensions>
     </Trackpoint>
     <Trackpoint>
      <Time>2026-06-10T08:03:32Z</Time>
      <Position>
       <LatitudeDegrees>35.6963833</LatitudeDegrees>
       <LongitudeDegrees>139.8007991</LongitudeDegrees>
      </Position>
      <AltitudeMeters>0</AltitudeMeters>
      <DistanceMeters>2106</DistanceMeters>
      <HeartRateBpm>
       <Value>120</Value>
      </HeartRateBpm>
      <Cadence>74</Cadence>
      <Extensions>
       <Speed>5.870000</Speed>
      </Extensions>
     </Trackpoint>
     <Trackpoint>
      <Time>2026-06-10T08:03:33Z</Time>
      <Position>
       <LatitudeDegrees>35.6963682</LatitudeDegrees>
       <LongitudeDegrees>139.8008003</LongitudeDegrees>
      </Position>
      <AltitudeMeters>0</AltitudeMeters>
      <DistanceMeters>2108</DistanceMeters>
      <HeartRateBpm>
       <Value>120</Value>
      </HeartRateBpm>
      <Cadence>74</Cadence>
      <Extensions>
       <Speed>5.870000</Speed>
      </Extensions>
     </Trackpoint>
     <Trackpoint>
      <Time>2026-06-10T08:03:34Z</Time>
      <Position>
       <LatitudeDegrees>35.6963531</LatitudeDegrees>
       <LongitudeDegrees>139.8008016</LongitudeDegrees>
      </Position>
      <AltitudeMeters>0</AltitudeMeters>
      <DistanceMeters>2110</DistanceMeters>
      <HeartRateBpm>
       <Value>120</Value>
      </HeartRateBpm>
      <Cadence>74</Cadence>
      <Extensions>
       <Speed>5.870000</Speed>
      </Extensions>
     </Trackpoint>
     <Trackpoint>
      <Time>2026-06-10T08:03:35Z</Time>
      <Position>
       <LatitudeDegrees>35.6963382</LatitudeDegrees>
       <LongitudeDegrees>139.8008031</LongitudeDegrees>
      </Position>
      <AltitudeMeters>0</AltitudeMeters>
      <DistanceMeters>2112</DistanceMeters>
      <HeartRateBpm>
       <Value>120</Value>
      </HeartRateBpm>
      <Cadence>74</Cadence>
      <Extensions>
       <Speed>5.870000</Speed>
      </Extensions>
     </Trackpoint>
     <Trackpoint>
      <Time>2026-06-10T08:03:36Z</Time>
      <Position>
       <LatitudeDegrees>35.6963233</LatitudeDegrees>
       <LongitudeDegrees>139.8008047</LongitudeDegrees>
      </Position>
      <AltitudeMeters>0</AltitudeMeters>
      <DistanceMeters>2114</DistanceMeters>
      <HeartRateBpm>
       <Value>120</Value>
      </HeartRateBpm>
      <Cadence>74</Cadence>
      <Extensions>
       <Speed>5.860000</Speed>
      </Extensions>
     </Trackpoint>
     <Trackpoint>
      <Time>2026-06-10T08:03:37Z</Time>
      <Position>
       <LatitudeDegrees>35.6963088</LatitudeDegrees>
       <LongitudeDegrees>139.8008070</LongitudeDegrees>
      </Position>
      <AltitudeMeters>0</AltitudeMeters>
      <DistanceMeters>2115</DistanceMeters>
      <HeartRateBpm>
       <Value>120</Value>
      </HeartRateBpm>
      <Cadence>74</Cadence>
      <Extensions>
       <Speed>5.850000</Speed>
      </Extensions>
     </Trackpoint>
     <Trackpoint>
      <Time>2026-06-10T08:03:38Z</Time>
      <Position>
       <LatitudeDegrees>35.6962944</LatitudeDegrees>
       <LongitudeDegrees>139.8008093</LongitudeDegrees>
      </Position>
      <AltitudeMeters>0</AltitudeMeters>
      <DistanceMeters>2116</DistanceMeters>
      <HeartRateBpm>
       <Value>120</Value>
      </HeartRateBpm>
      <Cadence>73</Cadence>
      <Extensions>
       <Speed>5.830000</Speed>
      </Extensions>
     </Trackpoint>
     <Trackpoint>
      <Time>2026-06-10T08:03:39Z</Time>
      <Position>
       <LatitudeDegrees>35.6962796</LatitudeDegrees>
       <LongitudeDegrees>139.8008125</LongitudeDegrees>
      </Position>
      <AltitudeMeters>0</AltitudeMeters>
      <DistanceMeters>2118</DistanceMeters>
      <HeartRateBpm>
       <Value>120</Value>
      </HeartRateBpm>
      <Cadence>72</Cadence>
      <Extensions>
       <Speed>5.810000</Speed>
      </Extensions>
     </Trackpoint>
     <Trackpoint>
      <Time>2026-06-10T08:03:40Z</Time>
      <Position>
       <LatitudeDegrees>35.6962648</LatitudeDegrees>
       <LongitudeDegrees>139.8008158</LongitudeDegrees>
      </Position>
      <AltitudeMeters>0</AltitudeMeters>
      <DistanceMeters>2120</DistanceMeters>
      <HeartRateBpm>
       <Value>119</Value>
      </HeartRateBpm>
      <Cadence>72</Cadence>
      <Extensions>
       <Speed>5.810000</Speed>
      </Extensions>
     </Trackpoint>
     <Trackpoint>
      <Time>2026-06-10T08:03:41Z</Time>
      <Position>
       <LatitudeDegrees>35.6962495</LatitudeDegrees>
       <LongitudeDegrees>139.8008190</LongitudeDegrees>
      </Position>
      <AltitudeMeters>0</AltitudeMeters>
      <DistanceMeters>2122</DistanceMeters>
      <HeartRateBpm>
       <Value>119</Value>
      </HeartRateBpm>
      <Cadence>73</Cadence>
      <Extensions>
       <Speed>5.810000</Speed>
      </Extensions>
     </Trackpoint>
     <Trackpoint>
      <Time>2026-06-10T08:03:42Z</Time>
      <Position>
       <LatitudeDegrees>35.6962342</LatitudeDegrees>
       <LongitudeDegrees>139.8008223</LongitudeDegrees>
      </Position>
      <AltitudeMeters>0</AltitudeMeters>
      <DistanceMeters>2123</DistanceMeters>
      <HeartRateBpm>
       <Value>118</Value>
      </HeartRateBpm>
      <Cadence>73</Cadence>
      <Extensions>
       <Speed>5.820000</Speed>
      </Extensions>
     </Trackpoint>
     <Trackpoint>
      <Time>2026-06-10T08:03:43Z</Time>
      <Position>
       <LatitudeDegrees>35.6962217</LatitudeDegrees>
       <LongitudeDegrees>139.8008281</LongitudeDegrees>
      </Position>
      <AltitudeMeters>0</AltitudeMeters>
      <DistanceMeters>2124</DistanceMeters>
      <HeartRateBpm>
       <Value>118</Value>
      </HeartRateBpm>
      <Cadence>73</Cadence>
      <Extensions>
       <Speed>5.840000</Speed>
      </Extensions>
     </Trackpoint>
     <Trackpoint>
      <Time>2026-06-10T08:03:44Z</Time>
      <Position>
       <LatitudeDegrees>35.6962093</LatitudeDegrees>
       <LongitudeDegrees>139.8008339</LongitudeDegrees>
      </Position>
      <AltitudeMeters>0</AltitudeMeters>
      <DistanceMeters>2126</DistanceMeters>
      <HeartRateBpm>
       <Value>118</Value>
      </HeartRateBpm>
      <Cadence>73</Cadence>
      <Extensions>
       <Speed>5.840000</Speed>
      </Extensions>
     </Trackpoint>
     <Trackpoint>
      <Time>2026-06-10T08:03:45Z</Time>
      <Position>
       <LatitudeDegrees>35.6962030</LatitudeDegrees>
       <LongitudeDegrees>139.8008445</LongitudeDegrees>
      </Position>
      <AltitudeMeters>0</AltitudeMeters>
      <DistanceMeters>2127</DistanceMeters>
      <HeartRateBpm>
       <Value>118</Value>
      </HeartRateBpm>
      <Cadence>73</Cadence>
      <Extensions>
       <Speed>5.850000</Speed>
      </Extensions>
     </Trackpoint>
     <Trackpoint>
      <Time>2026-06-10T08:03:46Z</Time>
      <Position>
       <LatitudeDegrees>35.6961967</LatitudeDegrees>
       <LongitudeDegrees>139.8008551</LongitudeDegrees>
      </Position>
      <AltitudeMeters>0</AltitudeMeters>
      <DistanceMeters>2128</DistanceMeters>
      <HeartRateBpm>
       <Value>118</Value>
      </HeartRateBpm>
      <Cadence>74</Cadence>
      <Extensions>
       <Speed>5.850000</Speed>
      </Extensions>
     </Trackpoint>
     <Trackpoint>
      <Time>2026-06-10T08:03:47Z</Time>
      <Position>
       <LatitudeDegrees>35.6961969</LatitudeDegrees>
       <LongitudeDegrees>139.8008702</LongitudeDegrees>
      </Position>
      <AltitudeMeters>0</AltitudeMeters>
      <DistanceMeters>2130</DistanceMeters>
      <HeartRateBpm>
       <Value>118</Value>
      </HeartRateBpm>
      <Cadence>74</Cadence>
      <Extensions>
       <Speed>5.850000</Speed>
      </Extensions>
     </Trackpoint>
     <Trackpoint>
      <Time>2026-06-10T08:03:48Z</Time>
      <Position>
       <LatitudeDegrees>35.6961972</LatitudeDegrees>
       <LongitudeDegrees>139.8008854</LongitudeDegrees>
      </Position>
      <AltitudeMeters>0</AltitudeMeters>
      <DistanceMeters>2132</DistanceMeters>
      <HeartRateBpm>
       <Value>118</Value>
      </HeartRateBpm>
      <Cadence>74</Cadence>
      <Extensions>
       <Speed>5.840000</Speed>
      </Extensions>
     </Trackpoint>
     <Trackpoint>
      <Time>2026-06-10T08:03:49Z</Time>
      <Position>
       <LatitudeDegrees>35.6962001</LatitudeDegrees>
       <LongitudeDegrees>139.8009035</LongitudeDegrees>
      </Position>
      <AltitudeMeters>0</AltitudeMeters>
      <DistanceMeters>2133</DistanceMeters>
      <HeartRateBpm>
       <Value>119</Value>
      </HeartRateBpm>
      <Cadence>75</Cadence>
      <Extensions>
       <Speed>5.840000</Speed>
      </Extensions>
     </Trackpoint>
     <Trackpoint>
      <Time>2026-06-10T08:03:50Z</Time>
      <Position>
       <LatitudeDegrees>35.6962031</LatitudeDegrees>
       <LongitudeDegrees>139.8009217</LongitudeDegrees>
      </Position>
      <AltitudeMeters>0</AltitudeMeters>
      <DistanceMeters>2135</DistanceMeters>
      <HeartRateBpm>
       <Value>119</Value>
      </HeartRateBpm>
      <Cadence>74</Cadence>
      <Extensions>
       <Speed>5.830000</Speed>
      </Extensions>
     </Trackpoint>
     <Trackpoint>
      <Time>2026-06-10T08:03:51Z</Time>
      <Position>
       <LatitudeDegrees>35.6962061</LatitudeDegrees>
       <LongitudeDegrees>139.8009413</LongitudeDegrees>
      </Position>
      <AltitudeMeters>0</AltitudeMeters>
      <DistanceMeters>2137</DistanceMeters>
      <HeartRateBpm>
       <Value>120</Value>
      </HeartRateBpm>
      <Cadence>74</Cadence>
      <Extensions>
       <Speed>5.830000</Speed>
      </Extensions>
     </Trackpoint>
     <Trackpoint>
      <Time>2026-06-10T08:03:52Z</Time>
      <Position>
       <LatitudeDegrees>35.6962091</LatitudeDegrees>
       <LongitudeDegrees>139.8009610</LongitudeDegrees>
      </Position>
      <AltitudeMeters>0</AltitudeMeters>
      <DistanceMeters>2139</DistanceMeters>
      <HeartRateBpm>
       <Value>120</Value>
      </HeartRateBpm>
      <Cadence>74</Cadence>
      <Extensions>
       <Speed>5.830000</Speed>
      </Extensions>
     </Trackpoint>
     <Trackpoint>
      <Time>2026-06-10T08:03:53Z</Time>
      <Position>
       <LatitudeDegrees>35.6962114</LatitudeDegrees>
       <LongitudeDegrees>139.8009812</LongitudeDegrees>
      </Position>
      <AltitudeMeters>0</AltitudeMeters>
      <DistanceMeters>2141</DistanceMeters>
      <HeartRateBpm>
       <Value>121</Value>
      </HeartRateBpm>
      <Cadence>73</Cadence>
      <Extensions>
       <Speed>5.830000</Speed>
      </Extensions>
     </Trackpoint>
     <Trackpoint>
      <Time>2026-06-10T08:03:54Z</Time>
      <Position>
       <LatitudeDegrees>35.6962138</LatitudeDegrees>
       <LongitudeDegrees>139.8010014</LongitudeDegrees>
      </Position>
      <AltitudeMeters>0</AltitudeMeters>
      <DistanceMeters>2142</DistanceMeters>
      <HeartRateBpm>
       <Value>121</Value>
      </HeartRateBpm>
      <Cadence>73</Cadence>
      <Extensions>
       <Speed>5.830000</Speed>
      </Extensions>
     </Trackpoint>
     <Trackpoint>
      <Time>2026-06-10T08:03:55Z</Time>
      <Position>
       <LatitudeDegrees>35.6962155</LatitudeDegrees>
       <LongitudeDegrees>139.8010206</LongitudeDegrees>
      </Position>
      <AltitudeMeters>0</AltitudeMeters>
      <DistanceMeters>2144</DistanceMeters>
      <HeartRateBpm>
       <Value>121</Value>
      </HeartRateBpm>
      <Cadence>73</Cadence>
      <Extensions>
       <Speed>5.830000</Speed>
      </Extensions>
     </Trackpoint>
     <Trackpoint>
      <Time>2026-06-10T08:03:56Z</Time>
      <Position>
       <LatitudeDegrees>35.6962173</LatitudeDegrees>
       <LongitudeDegrees>139.8010399</LongitudeDegrees>
      </Position>
      <AltitudeMeters>0</AltitudeMeters>
      <DistanceMeters>2146</DistanceMeters>
      <HeartRateBpm>
       <Value>121</Value>
      </HeartRateBpm>
      <Cadence>73</Cadence>
      <Extensions>
       <Speed>5.830000</Speed>
      </Extensions>
     </Trackpoint>
     <Trackpoint>
      <Time>2026-06-10T08:03:57Z</Time>
      <Position>
       <LatitudeDegrees>35.6962186</LatitudeDegrees>
       <LongitudeDegrees>139.8010578</LongitudeDegrees>
      </Position>
      <AltitudeMeters>0</AltitudeMeters>
      <DistanceMeters>2147</DistanceMeters>
      <HeartRateBpm>
       <Value>121</Value>
      </HeartRateBpm>
      <Cadence>73</Cadence>
      <Extensions>
       <Speed>5.840000</Speed>
      </Extensions>
     </Trackpoint>
     <Trackpoint>
      <Time>2026-06-10T08:03:58Z</Time>
      <Position>
       <LatitudeDegrees>35.6962199</LatitudeDegrees>
       <LongitudeDegrees>139.8010757</LongitudeDegrees>
      </Position>
      <AltitudeMeters>0</AltitudeMeters>
      <DistanceMeters>2148</DistanceMeters>
      <HeartRateBpm>
       <Value>120</Value>
      </HeartRateBpm>
      <Cadence>73</Cadence>
      <Extensions>
       <Speed>5.840000</Speed>
      </Extensions>
     </Trackpoint>
     <Trackpoint>
      <Time>2026-06-10T08:03:59Z</Time>
      <Position>
       <LatitudeDegrees>35.6962214</LatitudeDegrees>
       <LongitudeDegrees>139.8010942</LongitudeDegrees>
      </Position>
      <AltitudeMeters>0</AltitudeMeters>
      <DistanceMeters>2150</DistanceMeters>
      <HeartRateBpm>
       <Value>120</Value>
      </HeartRateBpm>
      <Cadence>73</Cadence>
      <Extensions>
       <Speed>5.850000</Speed>
      </Extensions>
     </Trackpoint>
     <Trackpoint>
      <Time>2026-06-10T08:04:00Z</Time>
      <Position>
       <LatitudeDegrees>35.6962230</LatitudeDegrees>
       <LongitudeDegrees>139.8011128</LongitudeDegrees>
      </Position>
      <AltitudeMeters>0</AltitudeMeters>
      <DistanceMeters>2152</DistanceMeters>
      <HeartRateBpm>
       <Value>120</Value>
      </HeartRateBpm>
      <Cadence>73</Cadence>
      <Extensions>
       <Speed>5.860000</Speed>
      </Extensions>
     </Trackpoint>
     <Trackpoint>
      <Time>2026-06-10T08:04:01Z</Time>
      <Position>
       <LatitudeDegrees>35.6962248</LatitudeDegrees>
       <LongitudeDegrees>139.8011319</LongitudeDegrees>
      </Position>
      <AltitudeMeters>0</AltitudeMeters>
      <DistanceMeters>2154</DistanceMeters>
      <HeartRateBpm>
       <Value>119</Value>
      </HeartRateBpm>
      <Cadence>73</Cadence>
      <Extensions>
       <Speed>5.870000</Speed>
      </Extensions>
     </Trackpoint>
     <Trackpoint>
      <Time>2026-06-10T08:04:02Z</Time>
      <Position>
       <LatitudeDegrees>35.6962267</LatitudeDegrees>
       <LongitudeDegrees>139.8011510</LongitudeDegrees>
      </Position>
      <AltitudeMeters>0</AltitudeMeters>
      <DistanceMeters>2156</DistanceMeters>
      <HeartRateBpm>
       <Value>119</Value>
      </HeartRateBpm>
      <Cadence>74</Cadence>
      <Extensions>
       <Speed>5.880000</Speed>
      </Extensions>
     </Trackpoint>
     <Trackpoint>
      <Time>2026-06-10T08:04:03Z</Time>
      <Position>
       <LatitudeDegrees>35.6962281</LatitudeDegrees>
       <LongitudeDegrees>139.8011694</LongitudeDegrees>
      </Position>
      <AltitudeMeters>0</AltitudeMeters>
      <DistanceMeters>2157</DistanceMeters>
      <HeartRateBpm>
       <Value>119</Value>
      </HeartRateBpm>
      <Cadence>74</Cadence>
      <Extensions>
       <Speed>5.890000</Speed>
      </Extensions>
     </Trackpoint>
     <Trackpoint>
      <Time>2026-06-10T08:04:04Z</Time>
      <Position>
       <LatitudeDegrees>35.6962295</LatitudeDegrees>
       <LongitudeDegrees>139.8011878</LongitudeDegrees>
      </Position>
      <AltitudeMeters>0</AltitudeMeters>
      <DistanceMeters>2158</DistanceMeters>
      <HeartRateBpm>
       <Value>119</Value>
      </HeartRateBpm>
      <Cadence>74</Cadence>
      <Extensions>
       <Speed>5.890000</Speed>
      </Extensions>
     </Trackpoint>
     <Trackpoint>
      <Time>2026-06-10T08:04:05Z</Time>
      <Position>
       <LatitudeDegrees>35.6962317</LatitudeDegrees>
       <LongitudeDegrees>139.8012052</LongitudeDegrees>
      </Position>
      <AltitudeMeters>0</AltitudeMeters>
      <DistanceMeters>2160</DistanceMeters>
      <HeartRateBpm>
       <Value>119</Value>
      </HeartRateBpm>
      <Cadence>74</Cadence>
      <Extensions>
       <Speed>5.900000</Speed>
      </Extensions>
     </Trackpoint>
     <Trackpoint>
      <Time>2026-06-10T08:04:06Z</Time>
      <Position>
       <LatitudeDegrees>35.6962339</LatitudeDegrees>
       <LongitudeDegrees>139.8012227</LongitudeDegrees>
      </Position>
      <AltitudeMeters>0</AltitudeMeters>
      <DistanceMeters>2162</DistanceMeters>
      <HeartRateBpm>
       <Value>119</Value>
      </HeartRateBpm>
      <Cadence>74</Cadence>
      <Extensions>
       <Speed>5.900000</Speed>
      </Extensions>
     </Trackpoint>
     <Trackpoint>
      <Time>2026-06-10T08:04:07Z</Time>
      <Position>
       <LatitudeDegrees>35.6962355</LatitudeDegrees>
       <LongitudeDegrees>139.8012409</LongitudeDegrees>
      </Position>
      <AltitudeMeters>0</AltitudeMeters>
      <DistanceMeters>2164</DistanceMeters>
      <HeartRateBpm>
       <Value>119</Value>
      </HeartRateBpm>
      <Cadence>74</Cadence>
      <Extensions>
       <Speed>5.900000</Speed>
      </Extensions>
     </Trackpoint>
     <Trackpoint>
      <Time>2026-06-10T08:04:08Z</Time>
      <Position>
       <LatitudeDegrees>35.6962371</LatitudeDegrees>
       <LongitudeDegrees>139.8012592</LongitudeDegrees>
      </Position>
      <AltitudeMeters>0</AltitudeMeters>
      <DistanceMeters>2166</DistanceMeters>
      <HeartRateBpm>
       <Value>119</Value>
      </HeartRateBpm>
      <Cadence>74</Cadence>
      <Extensions>
       <Speed>5.900000</Speed>
      </Extensions>
     </Trackpoint>
     <Trackpoint>
      <Time>2026-06-10T08:04:09Z</Time>
      <Position>
       <LatitudeDegrees>35.6962382</LatitudeDegrees>
       <LongitudeDegrees>139.8012779</LongitudeDegrees>
      </Position>
      <AltitudeMeters>0</AltitudeMeters>
      <DistanceMeters>2167</DistanceMeters>
      <HeartRateBpm>
       <Value>119</Value>
      </HeartRateBpm>
      <Cadence>74</Cadence>
      <Extensions>
       <Speed>5.900000</Speed>
      </Extensions>
     </Trackpoint>
     <Trackpoint>
      <Time>2026-06-10T08:04:10Z</Time>
      <Position>
       <LatitudeDegrees>35.6962393</LatitudeDegrees>
       <LongitudeDegrees>139.8012966</LongitudeDegrees>
      </Position>
      <AltitudeMeters>0</AltitudeMeters>
      <DistanceMeters>2169</DistanceMeters>
      <HeartRateBpm>
       <Value>119</Value>
      </HeartRateBpm>
      <Cadence>74</Cadence>
      <Extensions>
       <Speed>5.900000</Speed>
      </Extensions>
     </Trackpoint>
     <Trackpoint>
      <Time>2026-06-10T08:04:11Z</Time>
      <Position>
       <LatitudeDegrees>35.6962400</LatitudeDegrees>
       <LongitudeDegrees>139.8013155</LongitudeDegrees>
      </Position>
      <AltitudeMeters>-1</AltitudeMeters>
      <DistanceMeters>2171</DistanceMeters>
      <HeartRateBpm>
       <Value>119</Value>
      </HeartRateBpm>
      <Cadence>74</Cadence>
      <Extensions>
       <Speed>5.910000</Speed>
      </Extensions>
     </Trackpoint>
     <Trackpoint>
      <Time>2026-06-10T08:04:12Z</Time>
      <Position>
       <LatitudeDegrees>35.6962407</LatitudeDegrees>
       <LongitudeDegrees>139.8013345</LongitudeDegrees>
      </Position>
      <AltitudeMeters>-1</AltitudeMeters>
      <DistanceMeters>2172</DistanceMeters>
      <HeartRateBpm>
       <Value>118</Value>
      </HeartRateBpm>
      <Cadence>74</Cadence>
      <Extensions>
       <Speed>5.920000</Speed>
      </Extensions>
     </Trackpoint>
     <Trackpoint>
      <Time>2026-06-10T08:04:13Z</Time>
      <Position>
       <LatitudeDegrees>35.6962416</LatitudeDegrees>
       <LongitudeDegrees>139.8013527</LongitudeDegrees>
      </Position>
      <AltitudeMeters>-1</AltitudeMeters>
      <DistanceMeters>2174</DistanceMeters>
      <HeartRateBpm>
       <Value>118</Value>
      </HeartRateBpm>
      <Cadence>75</Cadence>
      <Extensions>
       <Speed>5.930000</Speed>
      </Extensions>
     </Trackpoint>
     <Trackpoint>
      <Time>2026-06-10T08:04:14Z</Time>
      <Position>
       <LatitudeDegrees>35.6962426</LatitudeDegrees>
       <LongitudeDegrees>139.8013710</LongitudeDegrees>
      </Position>
      <AltitudeMeters>-1</AltitudeMeters>
      <DistanceMeters>2176</DistanceMeters>
      <HeartRateBpm>
       <Value>118</Value>
      </HeartRateBpm>
      <Cadence>75</Cadence>
      <Extensions>
       <Speed>5.940000</Speed>
      </Extensions>
     </Trackpoint>
     <Trackpoint>
      <Time>2026-06-10T08:04:15Z</Time>
      <Position>
       <LatitudeDegrees>35.6962437</LatitudeDegrees>
       <LongitudeDegrees>139.8013910</LongitudeDegrees>
      </Position>
      <AltitudeMeters>-1</AltitudeMeters>
      <DistanceMeters>2178</DistanceMeters>
      <HeartRateBpm>
       <Value>117</Value>
      </HeartRateBpm>
      <Cadence>75</Cadence>
      <Extensions>
       <Speed>5.960000</Speed>
      </Extensions>
     </Trackpoint>
     <Trackpoint>
      <Time>2026-06-10T08:04:16Z</Time>
      <Position>
       <LatitudeDegrees>35.6962449</LatitudeDegrees>
       <LongitudeDegrees>139.8014111</LongitudeDegrees>
      </Position>
      <AltitudeMeters>-1</AltitudeMeters>
      <DistanceMeters>2180</DistanceMeters>
      <HeartRateBpm>
       <Value>117</Value>
      </HeartRateBpm>
      <Cadence>76</Cadence>
      <Extensions>
       <Speed>5.970000</Speed>
      </Extensions>
     </Trackpoint>
     <Trackpoint>
      <Time>2026-06-10T08:04:17Z</Time>
      <Position>
       <LatitudeDegrees>35.6962462</LatitudeDegrees>
       <LongitudeDegrees>139.8014324</LongitudeDegrees>
      </Position>
      <AltitudeMeters>-1</AltitudeMeters>
      <DistanceMeters>2182</DistanceMeters>
      <HeartRateBpm>
       <Value>117</Value>
      </HeartRateBpm>
      <Cadence>77</Cadence>
      <Extensions>
       <Speed>5.990000</Speed>
      </Extensions>
     </Trackpoint>
     <Trackpoint>
      <Time>2026-06-10T08:04:18Z</Time>
      <Position>
       <LatitudeDegrees>35.6962476</LatitudeDegrees>
       <LongitudeDegrees>139.8014538</LongitudeDegrees>
      </Position>
      <AltitudeMeters>-1</AltitudeMeters>
      <DistanceMeters>2184</DistanceMeters>
      <HeartRateBpm>
       <Value>116</Value>
      </HeartRateBpm>
      <Cadence>77</Cadence>
      <Extensions>
       <Speed>6.010000</Speed>
      </Extensions>
     </Trackpoint>
     <Trackpoint>
      <Time>2026-06-10T08:04:19Z</Time>
      <Position>
       <LatitudeDegrees>35.6962458</LatitudeDegrees>
       <LongitudeDegrees>139.8014740</LongitudeDegrees>
      </Position>
      <AltitudeMeters>-1</AltitudeMeters>
      <DistanceMeters>2185</DistanceMeters>
      <HeartRateBpm>
       <Value>116</Value>
      </HeartRateBpm>
      <Cadence>77</Cadence>
      <Extensions>
       <Speed>6.030000</Speed>
      </Extensions>
     </Trackpoint>
     <Trackpoint>
      <Time>2026-06-10T08:04:20Z</Time>
      <Position>
       <LatitudeDegrees>35.6962440</LatitudeDegrees>
       <LongitudeDegrees>139.8014943</LongitudeDegrees>
      </Position>
      <AltitudeMeters>-1</AltitudeMeters>
      <DistanceMeters>2187</DistanceMeters>
      <HeartRateBpm>
       <Value>116</Value>
      </HeartRateBpm>
      <Cadence>77</Cadence>
      <Extensions>
       <Speed>6.040000</Speed>
      </Extensions>
     </Trackpoint>
     <Trackpoint>
      <Time>2026-06-10T08:04:21Z</Time>
      <Position>
       <LatitudeDegrees>35.6962357</LatitudeDegrees>
       <LongitudeDegrees>139.8015098</LongitudeDegrees>
      </Position>
      <AltitudeMeters>-1</AltitudeMeters>
      <DistanceMeters>2189</DistanceMeters>
      <HeartRateBpm>
       <Value>116</Value>
      </HeartRateBpm>
      <Cadence>77</Cadence>
      <Extensions>
       <Speed>6.060000</Speed>
      </Extensions>
     </Trackpoint>
     <Trackpoint>
      <Time>2026-06-10T08:04:22Z</Time>
      <Position>
       <LatitudeDegrees>35.6962274</LatitudeDegrees>
       <LongitudeDegrees>139.8015253</LongitudeDegrees>
      </Position>
      <AltitudeMeters>-1</AltitudeMeters>
      <DistanceMeters>2190</DistanceMeters>
      <HeartRateBpm>
       <Value>115</Value>
      </HeartRateBpm>
      <Cadence>77</Cadence>
      <Extensions>
       <Speed>6.070000</Speed>
      </Extensions>
     </Trackpoint>
     <Trackpoint>
      <Time>2026-06-10T08:04:23Z</Time>
      <Position>
       <LatitudeDegrees>35.6962149</LatitudeDegrees>
       <LongitudeDegrees>139.8015347</LongitudeDegrees>
      </Position>
      <AltitudeMeters>-1</AltitudeMeters>
      <DistanceMeters>2192</DistanceMeters>
      <HeartRateBpm>
       <Value>115</Value>
      </HeartRateBpm>
      <Cadence>77</Cadence>
      <Extensions>
       <Speed>6.080000</Speed>
      </Extensions>
     </Trackpoint>
     <Trackpoint>
      <Time>2026-06-10T08:04:24Z</Time>
      <Position>
       <LatitudeDegrees>35.6962024</LatitudeDegrees>
       <LongitudeDegrees>139.8015441</LongitudeDegrees>
      </Position>
      <AltitudeMeters>-1</AltitudeMeters>
      <DistanceMeters>2193</DistanceMeters>
      <HeartRateBpm>
       <Value>115</Value>
      </HeartRateBpm>
      <Cadence>76</Cadence>
      <Extensions>
       <Speed>6.080000</Speed>
      </Extensions>
     </Trackpoint>
     <Trackpoint>
      <Time>2026-06-10T08:04:25Z</Time>
      <Position>
       <LatitudeDegrees>35.6961916</LatitudeDegrees>
       <LongitudeDegrees>139.8015524</LongitudeDegrees>
      </Position>
      <AltitudeMeters>-1</AltitudeMeters>
      <DistanceMeters>2194</DistanceMeters>
      <HeartRateBpm>
       <Value>115</Value>
      </HeartRateBpm>
      <Cadence>75</Cadence>
      <Extensions>
       <Speed>6.090000</Speed>
      </Extensions>
     </Trackpoint>
     <Trackpoint>
      <Time>2026-06-10T08:04:26Z</Time>
      <Position>
       <LatitudeDegrees>35.6961809</LatitudeDegrees>
       <LongitudeDegrees>139.8015608</LongitudeDegrees>
      </Position>
      <AltitudeMeters>-1</AltitudeMeters>
      <DistanceMeters>2196</DistanceMeters>
      <HeartRateBpm>
       <Value>115</Value>
      </HeartRateBpm>
      <Cadence>75</Cadence>
      <Extensions>
       <Speed>6.080000</Speed>
      </Extensions>
     </Trackpoint>
     <Trackpoint>
      <Time>2026-06-10T08:04:27Z</Time>
      <Position>
       <LatitudeDegrees>35.6961734</LatitudeDegrees>
       <LongitudeDegrees>139.8015711</LongitudeDegrees>
      </Position>
      <AltitudeMeters>-1</AltitudeMeters>
      <DistanceMeters>2197</DistanceMeters>
      <HeartRateBpm>
       <Value>115</Value>
      </HeartRateBpm>
      <Cadence>74</Cadence>
      <Extensions>
       <Speed>6.080000</Speed>
      </Extensions>
     </Trackpoint>
     <Trackpoint>
      <Time>2026-06-10T08:04:28Z</Time>
      <Position>
       <LatitudeDegrees>35.6961659</LatitudeDegrees>
       <LongitudeDegrees>139.8015815</LongitudeDegrees>
      </Position>
      <AltitudeMeters>-1</AltitudeMeters>
      <DistanceMeters>2199</DistanceMeters>
      <HeartRateBpm>
       <Value>115</Value>
      </HeartRateBpm>
      <Cadence>74</Cadence>
      <Extensions>
       <Speed>6.050000</Speed>
      </Extensions>
     </Trackpoint>
     <Trackpoint>
      <Time>2026-06-10T08:04:29Z</Time>
      <Position>
       <LatitudeDegrees>35.6961562</LatitudeDegrees>
       <LongitudeDegrees>139.8015941</LongitudeDegrees>
      </Position>
      <AltitudeMeters>-1</AltitudeMeters>
      <DistanceMeters>2201</DistanceMeters>
      <HeartRateBpm>
       <Value>116</Value>
      </HeartRateBpm>
      <Cadence>74</Cadence>
      <Extensions>
       <Speed>6.020000</Speed>
      </Extensions>
     </Trackpoint>
     <Trackpoint>
      <Time>2026-06-10T08:04:30Z</Time>
      <Position>
       <LatitudeDegrees>35.6961466</LatitudeDegrees>
       <LongitudeDegrees>139.8016067</LongitudeDegrees>
      </Position>
      <AltitudeMeters>-1</AltitudeMeters>
      <DistanceMeters>2202</DistanceMeters>
      <HeartRateBpm>
       <Value>117</Value>
      </HeartRateBpm>
      <Cadence>73</Cadence>
      <Extensions>
       <Speed>5.980000</Speed>
      </Extensions>
     </Trackpoint>
     <Trackpoint>
      <Time>2026-06-10T08:04:31Z</Time>
      <Position>
       <LatitudeDegrees>35.6961338</LatitudeDegrees>
       <LongitudeDegrees>139.8016187</LongitudeDegrees>
      </Position>
      <AltitudeMeters>-1</AltitudeMeters>
      <DistanceMeters>2204</DistanceMeters>
      <HeartRateBpm>
       <Value>117</Value>
      </HeartRateBpm>
      <Cadence>73</Cadence>
      <Extensions>
       <Speed>5.950000</Speed>
      </Extensions>
     </Trackpoint>
     <Trackpoint>
      <Time>2026-06-10T08:04:32Z</Time>
      <Position>
       <LatitudeDegrees>35.6961210</LatitudeDegrees>
       <LongitudeDegrees>139.8016307</LongitudeDegrees>
      </Position>
      <AltitudeMeters>-1</AltitudeMeters>
      <DistanceMeters>2206</DistanceMeters>
      <HeartRateBpm>
       <Value>117</Value>
      </HeartRateBpm>
      <Cadence>73</Cadence>
      <Extensions>
       <Speed>5.920000</Speed>
      </Extensions>
     </Trackpoint>
     <Trackpoint>
      <Time>2026-06-10T08:04:33Z</Time>
      <Position>
       <LatitudeDegrees>35.6961080</LatitudeDegrees>
       <LongitudeDegrees>139.8016378</LongitudeDegrees>
      </Position>
      <AltitudeMeters>-1</AltitudeMeters>
      <DistanceMeters>2207</DistanceMeters>
      <HeartRateBpm>
       <Value>118</Value>
      </HeartRateBpm>
      <Cadence>73</Cadence>
      <Extensions>
       <Speed>5.890000</Speed>
      </Extensions>
     </Trackpoint>
     <Trackpoint>
      <Time>2026-06-10T08:04:34Z</Time>
      <Position>
       <LatitudeDegrees>35.6960950</LatitudeDegrees>
       <LongitudeDegrees>139.8016450</LongitudeDegrees>
      </Position>
      <AltitudeMeters>-1</AltitudeMeters>
      <DistanceMeters>2208</DistanceMeters>
      <HeartRateBpm>
       <Value>118</Value>
      </HeartRateBpm>
      <Cadence>73</Cadence>
      <Extensions>
       <Speed>5.880000</Speed>
      </Extensions>
     </Trackpoint>
     <Trackpoint>
      <Time>2026-06-10T08:04:35Z</Time>
      <Position>
       <LatitudeDegrees>35.6960848</LatitudeDegrees>
       <LongitudeDegrees>139.8016459</LongitudeDegrees>
      </Position>
      <AltitudeMeters>-1</AltitudeMeters>
      <DistanceMeters>2209</DistanceMeters>
      <HeartRateBpm>
       <Value>118</Value>
      </HeartRateBpm>
      <Cadence>73</Cadence>
      <Extensions>
       <Speed>5.880000</Speed>
      </Extensions>
     </Trackpoint>
     <Trackpoint>
      <Time>2026-06-10T08:04:36Z</Time>
      <Position>
       <LatitudeDegrees>35.6960746</LatitudeDegrees>
       <LongitudeDegrees>139.8016469</LongitudeDegrees>
      </Position>
      <AltitudeMeters>-1</AltitudeMeters>
      <DistanceMeters>2210</DistanceMeters>
      <HeartRateBpm>
       <Value>118</Value>
      </HeartRateBpm>
      <Cadence>73</Cadence>
      <Extensions>
       <Speed>5.870000</Speed>
      </Extensions>
     </Trackpoint>
     <Trackpoint>
      <Time>2026-06-10T08:04:37Z</Time>
      <Position>
       <LatitudeDegrees>35.6960672</LatitudeDegrees>
       <LongitudeDegrees>139.8016444</LongitudeDegrees>
      </Position>
      <AltitudeMeters>-1</AltitudeMeters>
      <DistanceMeters>2211</DistanceMeters>
      <HeartRateBpm>
       <Value>118</Value>
      </HeartRateBpm>
      <Cadence>73</Cadence>
      <Extensions>
       <Speed>5.870000</Speed>
      </Extensions>
     </Trackpoint>
     <Trackpoint>
      <Time>2026-06-10T08:04:38Z</Time>
      <Position>
       <LatitudeDegrees>35.6960599</LatitudeDegrees>
       <LongitudeDegrees>139.8016420</LongitudeDegrees>
      </Position>
      <AltitudeMeters>-1</AltitudeMeters>
      <DistanceMeters>2211</DistanceMeters>
      <HeartRateBpm>
       <Value>118</Value>
      </HeartRateBpm>
      <Cadence>73</Cadence>
      <Extensions>
       <Speed>5.870000</Speed>
      </Extensions>
     </Trackpoint>
     <Trackpoint>
      <Time>2026-06-10T08:04:39Z</Time>
      <Position>
       <LatitudeDegrees>35.6960548</LatitudeDegrees>
       <LongitudeDegrees>139.8016419</LongitudeDegrees>
      </Position>
      <AltitudeMeters>-1</AltitudeMeters>
      <DistanceMeters>2211</DistanceMeters>
      <HeartRateBpm>
       <Value>118</Value>
      </HeartRateBpm>
      <Cadence>73</Cadence>
      <Extensions>
       <Speed>5.870000</Speed>
      </Extensions>
     </Trackpoint>
     <Trackpoint>
      <Time>2026-06-10T08:04:40Z</Time>
      <Position>
       <LatitudeDegrees>35.6960498</LatitudeDegrees>
       <LongitudeDegrees>139.8016419</LongitudeDegrees>
      </Position>
      <AltitudeMeters>-1</AltitudeMeters>
      <DistanceMeters>2212</DistanceMeters>
      <HeartRateBpm>
       <Value>118</Value>
      </HeartRateBpm>
      <Cadence>73</Cadence>
      <Extensions>
       <Speed>5.840000</Speed>
      </Extensions>
     </Trackpoint>
     <Trackpoint>
      <Time>2026-06-10T08:04:41Z</Time>
      <Position>
       <LatitudeDegrees>35.6960482</LatitudeDegrees>
       <LongitudeDegrees>139.8016468</LongitudeDegrees>
      </Position>
      <AltitudeMeters>-1</AltitudeMeters>
      <DistanceMeters>2213</DistanceMeters>
      <HeartRateBpm>
       <Value>118</Value>
      </HeartRateBpm>
      <Cadence>73</Cadence>
      <Extensions>
       <Speed>5.820000</Speed>
      </Extensions>
     </Trackpoint>
     <Trackpoint>
      <Time>2026-06-10T08:04:42Z</Time>
      <Position>
       <LatitudeDegrees>35.6960467</LatitudeDegrees>
       <LongitudeDegrees>139.8016518</LongitudeDegrees>
      </Position>
      <AltitudeMeters>-1</AltitudeMeters>
      <DistanceMeters>2213</DistanceMeters>
      <HeartRateBpm>
       <Value>118</Value>
      </HeartRateBpm>
      <Cadence>73</Cadence>
      <Extensions>
       <Speed>5.800000</Speed>
      </Extensions>
     </Trackpoint>
     <Trackpoint>
      <Time>2026-06-10T08:04:43Z</Time>
      <Position>
       <LatitudeDegrees>35.6960457</LatitudeDegrees>
       <LongitudeDegrees>139.8016604</LongitudeDegrees>
      </Position>
      <AltitudeMeters>-1</AltitudeMeters>
      <DistanceMeters>2213</DistanceMeters>
      <HeartRateBpm>
       <Value>118</Value>
      </HeartRateBpm>
      <Cadence>73</Cadence>
      <Extensions>
       <Speed>5.790000</Speed>
      </Extensions>
     </Trackpoint>
     <Trackpoint>
      <Time>2026-06-10T08:04:44Z</Time>
      <Position>
       <LatitudeDegrees>35.6960447</LatitudeDegrees>
       <LongitudeDegrees>139.8016690</LongitudeDegrees>
      </Position>
      <AltitudeMeters>-1</AltitudeMeters>
      <DistanceMeters>2216</DistanceMeters>
      <HeartRateBpm>
       <Value>118</Value>
      </HeartRateBpm>
      <Cadence>73</Cadence>
      <Extensions>
       <Speed>5.690000</Speed>
      </Extensions>
     </Trackpoint>
     <Trackpoint>
      <Time>2026-06-10T08:04:45Z</Time>
      <Position>
       <LatitudeDegrees>35.6960425</LatitudeDegrees>
       <LongitudeDegrees>139.8016851</LongitudeDegrees>
      </Position>
      <AltitudeMeters>-1</AltitudeMeters>
      <DistanceMeters>2218</DistanceMeters>
      <HeartRateBpm>
       <Value>118</Value>
      </HeartRateBpm>
      <Cadence>73</Cadence>
      <Extensions>
       <Speed>5.600000</Speed>
      </Extensions>
     </Trackpoint>
     <Trackpoint>
      <Time>2026-06-10T08:04:46Z</Time>
      <Position>
       <LatitudeDegrees>35.6960404</LatitudeDegrees>
       <LongitudeDegrees>139.8017013</LongitudeDegrees>
      </Position>
      <AltitudeMeters>-1</AltitudeMeters>
      <DistanceMeters>2220</DistanceMeters>
      <HeartRateBpm>
       <Value>119</Value>
      </HeartRateBpm>
      <Cadence>74</Cadence>
      <Extensions>
       <Speed>5.550000</Speed>
      </Extensions>
     </Trackpoint>
     <Trackpoint>
      <Time>2026-06-10T08:04:47Z</Time>
      <Position>
       <LatitudeDegrees>35.6960366</LatitudeDegrees>
       <LongitudeDegrees>139.8017207</LongitudeDegrees>
      </Position>
      <AltitudeMeters>-1</AltitudeMeters>
      <DistanceMeters>2222</DistanceMeters>
      <HeartRateBpm>
       <Value>119</Value>
      </HeartRateBpm>
      <Cadence>74</Cadence>
      <Extensions>
       <Speed>5.500000</Speed>
      </Extensions>
     </Trackpoint>
     <Trackpoint>
      <Time>2026-06-10T08:04:48Z</Time>
      <Position>
       <LatitudeDegrees>35.6960328</LatitudeDegrees>
       <LongitudeDegrees>139.8017402</LongitudeDegrees>
      </Position>
      <AltitudeMeters>-1</AltitudeMeters>
      <DistanceMeters>2224</DistanceMeters>
      <HeartRateBpm>
       <Value>119</Value>
      </HeartRateBpm>
      <Cadence>74</Cadence>
      <Extensions>
       <Speed>5.480000</Speed>
      </Extensions>
     </Trackpoint>
     <Trackpoint>
      <Time>2026-06-10T08:04:49Z</Time>
      <Position>
       <LatitudeDegrees>35.6960290</LatitudeDegrees>
       <LongitudeDegrees>139.8017588</LongitudeDegrees>
      </Position>
      <AltitudeMeters>-1</AltitudeMeters>
      <DistanceMeters>2225</DistanceMeters>
      <HeartRateBpm>
       <Value>118</Value>
      </HeartRateBpm>
      <Cadence>74</Cadence>
      <Extensions>
       <Speed>5.460000</Speed>
      </Extensions>
     </Trackpoint>
     <Trackpoint>
      <Time>2026-06-10T08:04:50Z</Time>
      <Position>
       <LatitudeDegrees>35.6960252</LatitudeDegrees>
       <LongitudeDegrees>139.8017775</LongitudeDegrees>
      </Position>
      <AltitudeMeters>-1</AltitudeMeters>
      <DistanceMeters>2226</DistanceMeters>
      <HeartRateBpm>
       <Value>118</Value>
      </HeartRateBpm>
      <Cadence>74</Cadence>
      <Extensions>
       <Speed>5.430000</Speed>
      </Extensions>
     </Trackpoint>
     <Trackpoint>
      <Time>2026-06-10T08:04:51Z</Time>
      <Position>
       <LatitudeDegrees>35.6960232</LatitudeDegrees>
       <LongitudeDegrees>139.8017951</LongitudeDegrees>
      </Position>
      <AltitudeMeters>-1</AltitudeMeters>
      <DistanceMeters>2228</DistanceMeters>
      <HeartRateBpm>
       <Value>117</Value>
      </HeartRateBpm>
      <Cadence>74</Cadence>
      <Extensions>
       <Speed>5.410000</Speed>
      </Extensions>
     </Trackpoint>
     <Trackpoint>
      <Time>2026-06-10T08:04:52Z</Time>
      <Position>
       <LatitudeDegrees>35.6960213</LatitudeDegrees>
       <LongitudeDegrees>139.8018128</LongitudeDegrees>
      </Position>
      <AltitudeMeters>-1</AltitudeMeters>
      <DistanceMeters>2230</DistanceMeters>
      <HeartRateBpm>
       <Value>117</Value>
      </HeartRateBpm>
      <Cadence>74</Cadence>
      <Extensions>
       <Speed>5.440000</Speed>
      </Extensions>
     </Trackpoint>
     <Trackpoint>
      <Time>2026-06-10T08:04:53Z</Time>
      <Position>
       <LatitudeDegrees>35.6960201</LatitudeDegrees>
       <LongitudeDegrees>139.8018303</LongitudeDegrees>
      </Position>
      <AltitudeMeters>-1</AltitudeMeters>
      <DistanceMeters>2231</DistanceMeters>
      <HeartRateBpm>
       <Value>116</Value>
      </HeartRateBpm>
      <Cadence>74</Cadence>
      <Extensions>
       <Speed>5.470000</Speed>
      </Extensions>
     </Trackpoint>
     <Trackpoint>
      <Time>2026-06-10T08:04:54Z</Time>
      <Position>
       <LatitudeDegrees>35.6960189</LatitudeDegrees>
       <LongitudeDegrees>139.8018479</LongitudeDegrees>
      </Position>
      <AltitudeMeters>-1</AltitudeMeters>
      <DistanceMeters>2232</DistanceMeters>
      <HeartRateBpm>
       <Value>116</Value>
      </HeartRateBpm>
      <Cadence>74</Cadence>
      <Extensions>
       <Speed>5.470000</Speed>
      </Extensions>
     </Trackpoint>
     <Trackpoint>
      <Time>2026-06-10T08:04:55Z</Time>
      <Position>
       <LatitudeDegrees>35.6960182</LatitudeDegrees>
       <LongitudeDegrees>139.8018645</LongitudeDegrees>
      </Position>
      <AltitudeMeters>-1</AltitudeMeters>
      <DistanceMeters>2234</DistanceMeters>
      <HeartRateBpm>
       <Value>115</Value>
      </HeartRateBpm>
      <Cadence>74</Cadence>
      <Extensions>
       <Speed>5.480000</Speed>
      </Extensions>
     </Trackpoint>
     <Trackpoint>
      <Time>2026-06-10T08:04:56Z</Time>
      <Position>
       <LatitudeDegrees>35.6960176</LatitudeDegrees>
       <LongitudeDegrees>139.8018811</LongitudeDegrees>
      </Position>
      <AltitudeMeters>-1</AltitudeMeters>
      <DistanceMeters>2236</DistanceMeters>
      <HeartRateBpm>
       <Value>115</Value>
      </HeartRateBpm>
      <Cadence>74</Cadence>
      <Extensions>
       <Speed>5.480000</Speed>
      </Extensions>
     </Trackpoint>
     <Trackpoint>
      <Time>2026-06-10T08:04:57Z</Time>
      <Position>
       <LatitudeDegrees>35.6960174</LatitudeDegrees>
       <LongitudeDegrees>139.8018968</LongitudeDegrees>
      </Position>
      <AltitudeMeters>-1</AltitudeMeters>
      <DistanceMeters>2237</DistanceMeters>
      <HeartRateBpm>
       <Value>115</Value>
      </HeartRateBpm>
      <Cadence>74</Cadence>
      <Extensions>
       <Speed>5.490000</Speed>
      </Extensions>
     </Trackpoint>
     <Trackpoint>
      <Time>2026-06-10T08:04:58Z</Time>
      <Position>
       <LatitudeDegrees>35.6960173</LatitudeDegrees>
       <LongitudeDegrees>139.8019126</LongitudeDegrees>
      </Position>
      <AltitudeMeters>-1</AltitudeMeters>
      <DistanceMeters>2238</DistanceMeters>
      <HeartRateBpm>
       <Value>116</Value>
      </HeartRateBpm>
      <Cadence>74</Cadence>
      <Extensions>
       <Speed>5.490000</Speed>
      </Extensions>
     </Trackpoint>
     <Trackpoint>
      <Time>2026-06-10T08:04:59Z</Time>
      <Position>
       <LatitudeDegrees>35.6960180</LatitudeDegrees>
       <LongitudeDegrees>139.8019292</LongitudeDegrees>
      </Position>
      <AltitudeMeters>-1</AltitudeMeters>
      <DistanceMeters>2240</DistanceMeters>
      <HeartRateBpm>
       <Value>116</Value>
      </HeartRateBpm>
      <Cadence>74</Cadence>
      <Extensions>
       <Speed>5.500000</Speed>
      </Extensions>
     </Trackpoint>
     <Trackpoint>
      <Time>2026-06-10T08:05:00Z</Time>
      <Position>
       <LatitudeDegrees>35.6960187</LatitudeDegrees>
       <LongitudeDegrees>139.8019459</LongitudeDegrees>
      </Position>
      <AltitudeMeters>-1</AltitudeMeters>
      <DistanceMeters>2242</DistanceMeters>
      <HeartRateBpm>
       <Value>116</Value>
      </HeartRateBpm>
      <Cadence>74</Cadence>
      <Extensions>
       <Speed>5.500000</Speed>
      </Extensions>
     </Trackpoint>
     <Trackpoint>
      <Time>2026-06-10T08:05:01Z</Time>
      <Position>
       <LatitudeDegrees>35.6960195</LatitudeDegrees>
       <LongitudeDegrees>139.8019623</LongitudeDegrees>
      </Position>
      <AltitudeMeters>-1</AltitudeMeters>
      <DistanceMeters>2243</DistanceMeters>
      <HeartRateBpm>
       <Value>116</Value>
      </HeartRateBpm>
      <Cadence>74</Cadence>
      <Extensions>
       <Speed>5.510000</Speed>
      </Extensions>
     </Trackpoint>
     <Trackpoint>
      <Time>2026-06-10T08:05:02Z</Time>
      <Position>
       <LatitudeDegrees>35.6960204</LatitudeDegrees>
       <LongitudeDegrees>139.8019788</LongitudeDegrees>
      </Position>
      <AltitudeMeters>-1</AltitudeMeters>
      <DistanceMeters>2244</DistanceMeters>
      <HeartRateBpm>
       <Value>116</Value>
      </HeartRateBpm>
      <Cadence>74</Cadence>
      <Extensions>
       <Speed>5.510000</Speed>
      </Extensions>
     </Trackpoint>
     <Trackpoint>
      <Time>2026-06-10T08:05:03Z</Time>
      <Position>
       <LatitudeDegrees>35.6960203</LatitudeDegrees>
       <LongitudeDegrees>139.8019953</LongitudeDegrees>
      </Position>
      <AltitudeMeters>-1</AltitudeMeters>
      <DistanceMeters>2246</DistanceMeters>
      <HeartRateBpm>
       <Value>117</Value>
      </HeartRateBpm>
      <Cadence>75</Cadence>
      <Extensions>
       <Speed>5.520000</Speed>
      </Extensions>
     </Trackpoint>
     <Trackpoint>
      <Time>2026-06-10T08:05:04Z</Time>
      <Position>
       <LatitudeDegrees>35.6960202</LatitudeDegrees>
       <LongitudeDegrees>139.8020118</LongitudeDegrees>
      </Position>
      <AltitudeMeters>-1</AltitudeMeters>
      <DistanceMeters>2248</DistanceMeters>
      <HeartRateBpm>
       <Value>117</Value>
      </HeartRateBpm>
      <Cadence>74</Cadence>
      <Extensions>
       <Speed>5.520000</Speed>
      </Extensions>
     </Trackpoint>
     <Trackpoint>
      <Time>2026-06-10T08:05:05Z</Time>
      <Position>
       <LatitudeDegrees>35.6960217</LatitudeDegrees>
       <LongitudeDegrees>139.8020291</LongitudeDegrees>
      </Position>
      <AltitudeMeters>-1</AltitudeMeters>
      <DistanceMeters>2249</DistanceMeters>
      <HeartRateBpm>
       <Value>117</Value>
      </HeartRateBpm>
      <Cadence>74</Cadence>
      <Extensions>
       <Speed>5.530000</Speed>
      </Extensions>
     </Trackpoint>
     <Trackpoint>
      <Time>2026-06-10T08:05:06Z</Time>
      <Position>
       <LatitudeDegrees>35.6960233</LatitudeDegrees>
       <LongitudeDegrees>139.8020465</LongitudeDegrees>
      </Position>
      <AltitudeMeters>-1</AltitudeMeters>
      <DistanceMeters>2251</DistanceMeters>
      <HeartRateBpm>
       <Value>117</Value>
      </HeartRateBpm>
      <Cadence>74</Cadence>
      <Extensions>
       <Speed>5.530000</Speed>
      </Extensions>
     </Trackpoint>
     <Trackpoint>
      <Time>2026-06-10T08:05:07Z</Time>
      <Position>
       <LatitudeDegrees>35.6960245</LatitudeDegrees>
       <LongitudeDegrees>139.8020651</LongitudeDegrees>
      </Position>
      <AltitudeMeters>-1</AltitudeMeters>
      <DistanceMeters>2253</DistanceMeters>
      <HeartRateBpm>
       <Value>117</Value>
      </HeartRateBpm>
      <Cadence>73</Cadence>
      <Extensions>
       <Speed>5.530000</Speed>
      </Extensions>
     </Trackpoint>
     <Trackpoint>
      <Time>2026-06-10T08:05:08Z</Time>
      <Position>
       <LatitudeDegrees>35.6960258</LatitudeDegrees>
       <LongitudeDegrees>139.8020837</LongitudeDegrees>
      </Position>
      <AltitudeMeters>-1</AltitudeMeters>
      <DistanceMeters>2255</DistanceMeters>
      <HeartRateBpm>
       <Value>118</Value>
      </HeartRateBpm>
      <Cadence>73</Cadence>
      <Extensions>
       <Speed>5.530000</Speed>
      </Extensions>
     </Trackpoint>
     <Trackpoint>
      <Time>2026-06-10T08:05:09Z</Time>
      <Position>
       <LatitudeDegrees>35.6960256</LatitudeDegrees>
       <LongitudeDegrees>139.8021036</LongitudeDegrees>
      </Position>
      <AltitudeMeters>-1</AltitudeMeters>
      <DistanceMeters>2257</DistanceMeters>
      <HeartRateBpm>
       <Value>118</Value>
      </HeartRateBpm>
      <Cadence>74</Cadence>
      <Extensions>
       <Speed>5.530000</Speed>
      </Extensions>
     </Trackpoint>
     <Trackpoint>
      <Time>2026-06-10T08:05:10Z</Time>
      <Position>
       <LatitudeDegrees>35.6960254</LatitudeDegrees>
       <LongitudeDegrees>139.8021235</LongitudeDegrees>
      </Position>
      <AltitudeMeters>-1</AltitudeMeters>
      <DistanceMeters>2258</DistanceMeters>
      <HeartRateBpm>
       <Value>118</Value>
      </HeartRateBpm>
      <Cadence>74</Cadence>
      <Extensions>
       <Speed>5.540000</Speed>
      </Extensions>
     </Trackpoint>
     <Trackpoint>
      <Time>2026-06-10T08:05:11Z</Time>
      <Position>
       <LatitudeDegrees>35.6960260</LatitudeDegrees>
       <LongitudeDegrees>139.8021434</LongitudeDegrees>
      </Position>
      <AltitudeMeters>-1</AltitudeMeters>
      <DistanceMeters>2260</DistanceMeters>
      <HeartRateBpm>
       <Value>118</Value>
      </HeartRateBpm>
      <Cadence>74</Cadence>
      <Extensions>
       <Speed>5.550000</Speed>
      </Extensions>
     </Trackpoint>
     <Trackpoint>
      <Time>2026-06-10T08:05:12Z</Time>
      <Position>
       <LatitudeDegrees>35.6960267</LatitudeDegrees>
       <LongitudeDegrees>139.8021633</LongitudeDegrees>
      </Position>
      <AltitudeMeters>-1</AltitudeMeters>
      <DistanceMeters>2262</DistanceMeters>
      <HeartRateBpm>
       <Value>119</Value>
      </HeartRateBpm>
      <Cadence>73</Cadence>
      <Extensions>
       <Speed>5.560000</Speed>
      </Extensions>
     </Trackpoint>
     <Trackpoint>
      <Time>2026-06-10T08:05:13Z</Time>
      <Position>
       <LatitudeDegrees>35.6960278</LatitudeDegrees>
       <LongitudeDegrees>139.8021823</LongitudeDegrees>
      </Position>
      <AltitudeMeters>-1</AltitudeMeters>
      <DistanceMeters>2263</DistanceMeters>
      <HeartRateBpm>
       <Value>119</Value>
      </HeartRateBpm>
      <Cadence>73</Cadence>
      <Extensions>
       <Speed>5.580000</Speed>
      </Extensions>
     </Trackpoint>
     <Trackpoint>
      <Time>2026-06-10T08:05:14Z</Time>
      <Position>
       <LatitudeDegrees>35.6960289</LatitudeDegrees>
       <LongitudeDegrees>139.8022014</LongitudeDegrees>
      </Position>
      <AltitudeMeters>-1</AltitudeMeters>
      <DistanceMeters>2264</DistanceMeters>
      <HeartRateBpm>
       <Value>119</Value>
      </HeartRateBpm>
      <Cadence>73</Cadence>
      <Extensions>
       <Speed>5.610000</Speed>
      </Extensions>
     </Trackpoint>
     <Trackpoint>
      <Time>2026-06-10T08:05:15Z</Time>
      <Position>
       <LatitudeDegrees>35.6960294</LatitudeDegrees>
       <LongitudeDegrees>139.8022198</LongitudeDegrees>
      </Position>
      <AltitudeMeters>-1</AltitudeMeters>
      <DistanceMeters>2266</DistanceMeters>
      <HeartRateBpm>
       <Value>119</Value>
      </HeartRateBpm>
      <Cadence>74</Cadence>
      <Extensions>
       <Speed>5.640000</Speed>
      </Extensions>
     </Trackpoint>
     <Trackpoint>
      <Time>2026-06-10T08:05:16Z</Time>
      <Position>
       <LatitudeDegrees>35.6960300</LatitudeDegrees>
       <LongitudeDegrees>139.8022382</LongitudeDegrees>
      </Position>
      <AltitudeMeters>-1</AltitudeMeters>
      <DistanceMeters>2268</DistanceMeters>
      <HeartRateBpm>
       <Value>120</Value>
      </HeartRateBpm>
      <Cadence>74</Cadence>
      <Extensions>
       <Speed>5.650000</Speed>
      </Extensions>
     </Trackpoint>
     <Trackpoint>
      <Time>2026-06-10T08:05:17Z</Time>
      <Position>
       <LatitudeDegrees>35.6960306</LatitudeDegrees>
       <LongitudeDegrees>139.8022574</LongitudeDegrees>
      </Position>
      <AltitudeMeters>-1</AltitudeMeters>
      <DistanceMeters>2270</DistanceMeters>
      <HeartRateBpm>
       <Value>120</Value>
      </HeartRateBpm>
      <Cadence>74</Cadence>
      <Extensions>
       <Speed>5.670000</Speed>
      </Extensions>
     </Trackpoint>
     <Trackpoint>
      <Time>2026-06-10T08:05:18Z</Time>
      <Position>
       <LatitudeDegrees>35.6960312</LatitudeDegrees>
       <LongitudeDegrees>139.8022766</LongitudeDegrees>
      </Position>
      <AltitudeMeters>-1</AltitudeMeters>
      <DistanceMeters>2272</DistanceMeters>
      <HeartRateBpm>
       <Value>120</Value>
      </HeartRateBpm>
      <Cadence>74</Cadence>
      <Extensions>
       <Speed>5.680000</Speed>
      </Extensions>
     </Trackpoint>
     <Trackpoint>
      <Time>2026-06-10T08:05:19Z</Time>
      <Position>
       <LatitudeDegrees>35.6960333</LatitudeDegrees>
       <LongitudeDegrees>139.8022942</LongitudeDegrees>
      </Position>
      <AltitudeMeters>-1</AltitudeMeters>
      <DistanceMeters>2273</DistanceMeters>
      <HeartRateBpm>
       <Value>120</Value>
      </HeartRateBpm>
      <Cadence>74</Cadence>
      <Extensions>
       <Speed>5.690000</Speed>
      </Extensions>
     </Trackpoint>
     <Trackpoint>
      <Time>2026-06-10T08:05:20Z</Time>
      <Position>
       <LatitudeDegrees>35.6960355</LatitudeDegrees>
       <LongitudeDegrees>139.8023119</LongitudeDegrees>
      </Position>
      <AltitudeMeters>-1</AltitudeMeters>
      <DistanceMeters>2274</DistanceMeters>
      <HeartRateBpm>
       <Value>120</Value>
      </HeartRateBpm>
      <Cadence>74</Cadence>
      <Extensions>
       <Speed>5.690000</Speed>
      </Extensions>
     </Trackpoint>
     <Trackpoint>
      <Time>2026-06-10T08:05:21Z</Time>
      <Position>
       <LatitudeDegrees>35.6960374</LatitudeDegrees>
       <LongitudeDegrees>139.8023294</LongitudeDegrees>
      </Position>
      <AltitudeMeters>-1</AltitudeMeters>
      <DistanceMeters>2276</DistanceMeters>
      <HeartRateBpm>
       <Value>121</Value>
      </HeartRateBpm>
      <Cadence>74</Cadence>
      <Extensions>
       <Speed>5.700000</Speed>
      </Extensions>
     </Trackpoint>
     <Trackpoint>
      <Time>2026-06-10T08:05:22Z</Time>
      <Position>
       <LatitudeDegrees>35.6960394</LatitudeDegrees>
       <LongitudeDegrees>139.8023470</LongitudeDegrees>
      </Position>
      <AltitudeMeters>-1</AltitudeMeters>
      <DistanceMeters>2278</DistanceMeters>
      <HeartRateBpm>
       <Value>120</Value>
      </HeartRateBpm>
      <Cadence>74</Cadence>
      <Extensions>
       <Speed>5.720000</Speed>
      </Extensions>
     </Trackpoint>
     <Trackpoint>
      <Time>2026-06-10T08:05:23Z</Time>
      <Position>
       <LatitudeDegrees>35.6960409</LatitudeDegrees>
       <LongitudeDegrees>139.8023649</LongitudeDegrees>
      </Position>
      <AltitudeMeters>-1</AltitudeMeters>
      <DistanceMeters>2280</DistanceMeters>
      <HeartRateBpm>
       <Value>120</Value>
      </HeartRateBpm>
      <Cadence>74</Cadence>
      <Extensions>
       <Speed>5.750000</Speed>
      </Extensions>
     </Trackpoint>
     <Trackpoint>
      <Time>2026-06-10T08:05:24Z</Time>
      <Position>
       <LatitudeDegrees>35.6960424</LatitudeDegrees>
       <LongitudeDegrees>139.8023828</LongitudeDegrees>
      </Position>
      <AltitudeMeters>-1</AltitudeMeters>
      <DistanceMeters>2282</DistanceMeters>
      <HeartRateBpm>
       <Value>120</Value>
      </HeartRateBpm>
      <Cadence>74</Cadence>
      <Extensions>
       <Speed>5.760000</Speed>
      </Extensions>
     </Trackpoint>
     <Trackpoint>
      <Time>2026-06-10T08:05:25Z</Time>
      <Position>
       <LatitudeDegrees>35.6960435</LatitudeDegrees>
       <LongitudeDegrees>139.8024015</LongitudeDegrees>
      </Position>
      <AltitudeMeters>-1</AltitudeMeters>
      <DistanceMeters>2283</DistanceMeters>
      <HeartRateBpm>
       <Value>120</Value>
      </HeartRateBpm>
      <Cadence>74</Cadence>
      <Extensions>
       <Speed>5.780000</Speed>
      </Extensions>
     </Trackpoint>
     <Trackpoint>
      <Time>2026-06-10T08:05:26Z</Time>
      <Position>
       <LatitudeDegrees>35.6960446</LatitudeDegrees>
       <LongitudeDegrees>139.8024203</LongitudeDegrees>
      </Position>
      <AltitudeMeters>-1</AltitudeMeters>
      <DistanceMeters>2285</DistanceMeters>
      <HeartRateBpm>
       <Value>120</Value>
      </HeartRateBpm>
      <Cadence>74</Cadence>
      <Extensions>
       <Speed>5.780000</Speed>
      </Extensions>
     </Trackpoint>
     <Trackpoint>
      <Time>2026-06-10T08:05:27Z</Time>
      <Position>
       <LatitudeDegrees>35.6960445</LatitudeDegrees>
       <LongitudeDegrees>139.8024394</LongitudeDegrees>
      </Position>
      <AltitudeMeters>-1</AltitudeMeters>
      <DistanceMeters>2287</DistanceMeters>
      <HeartRateBpm>
       <Value>120</Value>
      </HeartRateBpm>
      <Cadence>74</Cadence>
      <Extensions>
       <Speed>5.790000</Speed>
      </Extensions>
     </Trackpoint>
     <Trackpoint>
      <Time>2026-06-10T08:05:28Z</Time>
      <Position>
       <LatitudeDegrees>35.6960445</LatitudeDegrees>
       <LongitudeDegrees>139.8024586</LongitudeDegrees>
      </Position>
      <AltitudeMeters>-1</AltitudeMeters>
      <DistanceMeters>2288</DistanceMeters>
      <HeartRateBpm>
       <Value>121</Value>
      </HeartRateBpm>
      <Cadence>74</Cadence>
      <Extensions>
       <Speed>5.800000</Speed>
      </Extensions>
     </Trackpoint>
     <Trackpoint>
      <Time>2026-06-10T08:05:29Z</Time>
      <Position>
       <LatitudeDegrees>35.6960438</LatitudeDegrees>
       <LongitudeDegrees>139.8024786</LongitudeDegrees>
      </Position>
      <AltitudeMeters>-1</AltitudeMeters>
      <DistanceMeters>2290</DistanceMeters>
      <HeartRateBpm>
       <Value>121</Value>
      </HeartRateBpm>
      <Cadence>74</Cadence>
      <Extensions>
       <Speed>5.810000</Speed>
      </Extensions>
     </Trackpoint>
     <Trackpoint>
      <Time>2026-06-10T08:05:30Z</Time>
      <Position>
       <LatitudeDegrees>35.6960431</LatitudeDegrees>
       <LongitudeDegrees>139.8024986</LongitudeDegrees>
      </Position>
      <AltitudeMeters>-1</AltitudeMeters>
      <DistanceMeters>2292</DistanceMeters>
      <HeartRateBpm>
       <Value>121</Value>
      </HeartRateBpm>
      <Cadence>74</Cadence>
      <Extensions>
       <Speed>5.820000</Speed>
      </Extensions>
     </Trackpoint>
     <Trackpoint>
      <Time>2026-06-10T08:05:31Z</Time>
      <Position>
       <LatitudeDegrees>35.6960421</LatitudeDegrees>
       <LongitudeDegrees>139.8025181</LongitudeDegrees>
      </Position>
      <AltitudeMeters>-1</AltitudeMeters>
      <DistanceMeters>2294</DistanceMeters>
      <HeartRateBpm>
       <Value>121</Value>
      </HeartRateBpm>
      <Cadence>74</Cadence>
      <Extensions>
       <Speed>5.830000</Speed>
      </Extensions>
     </Trackpoint>
     <Trackpoint>
      <Time>2026-06-10T08:05:32Z</Time>
      <Position>
       <LatitudeDegrees>35.6960412</LatitudeDegrees>
       <LongitudeDegrees>139.8025377</LongitudeDegrees>
      </Position>
      <AltitudeMeters>-1</AltitudeMeters>
      <DistanceMeters>2296</DistanceMeters>
      <HeartRateBpm>
       <Value>121</Value>
      </HeartRateBpm>
      <Cadence>75</Cadence>
      <Extensions>
       <Speed>5.880000</Speed>
      </Extensions>
     </Trackpoint>
     <Trackpoint>
      <Time>2026-06-10T08:05:33Z</Time>
      <Position>
       <LatitudeDegrees>35.6960399</LatitudeDegrees>
       <LongitudeDegrees>139.8025566</LongitudeDegrees>
      </Position>
      <AltitudeMeters>-1</AltitudeMeters>
      <DistanceMeters>2297</DistanceMeters>
      <HeartRateBpm>
       <Value>121</Value>
      </HeartRateBpm>
      <Cadence>75</Cadence>
      <Extensions>
       <Speed>5.930000</Speed>
      </Extensions>
     </Trackpoint>
     <Trackpoint>
      <Time>2026-06-10T08:05:34Z</Time>
      <Position>
       <LatitudeDegrees>35.6960387</LatitudeDegrees>
       <LongitudeDegrees>139.8025755</LongitudeDegrees>
      </Position>
      <AltitudeMeters>-1</AltitudeMeters>
      <DistanceMeters>2299</DistanceMeters>
      <HeartRateBpm>
       <Value>121</Value>
      </HeartRateBpm>
      <Cadence>75</Cadence>
      <Extensions>
       <Speed>5.950000</Speed>
      </Extensions>
     </Trackpoint>
     <Trackpoint>
      <Time>2026-06-10T08:05:35Z</Time>
      <Position>
       <LatitudeDegrees>35.6960390</LatitudeDegrees>
       <LongitudeDegrees>139.8025946</LongitudeDegrees>
      </Position>
      <AltitudeMeters>-1</AltitudeMeters>
      <DistanceMeters>2301</DistanceMeters>
      <HeartRateBpm>
       <Value>121</Value>
      </HeartRateBpm>
      <Cadence>75</Cadence>
      <Extensions>
       <Speed>5.970000</Speed>
      </Extensions>
     </Trackpoint>
     <Trackpoint>
      <Time>2026-06-10T08:05:36Z</Time>
      <Position>
       <LatitudeDegrees>35.6960394</LatitudeDegrees>
       <LongitudeDegrees>139.8026137</LongitudeDegrees>
      </Position>
      <AltitudeMeters>-1</AltitudeMeters>
      <DistanceMeters>2303</DistanceMeters>
      <HeartRateBpm>
       <Value>121</Value>
      </HeartRateBpm>
      <Cadence>75</Cadence>
      <Extensions>
       <Speed>5.980000</Speed>
      </Extensions>
     </Trackpoint>
     <Trackpoint>
      <Time>2026-06-10T08:05:37Z</Time>
      <Position>
       <LatitudeDegrees>35.6960409</LatitudeDegrees>
       <LongitudeDegrees>139.8026335</LongitudeDegrees>
      </Position>
      <AltitudeMeters>-1</AltitudeMeters>
      <DistanceMeters>2305</DistanceMeters>
      <HeartRateBpm>
       <Value>121</Value>
      </HeartRateBpm>
      <Cadence>75</Cadence>
      <Extensions>
       <Speed>5.990000</Speed>
      </Extensions>
     </Trackpoint>
     <Trackpoint>
      <Time>2026-06-10T08:05:38Z</Time>
      <Position>
       <LatitudeDegrees>35.6960425</LatitudeDegrees>
       <LongitudeDegrees>139.8026534</LongitudeDegrees>
      </Position>
      <AltitudeMeters>-1</AltitudeMeters>
      <DistanceMeters>2306</DistanceMeters>
      <HeartRateBpm>
       <Value>121</Value>
      </HeartRateBpm>
      <Cadence>75</Cadence>
      <Extensions>
       <Speed>5.990000</Speed>
      </Extensions>
     </Trackpoint>
     <Trackpoint>
      <Time>2026-06-10T08:05:39Z</Time>
      <Position>
       <LatitudeDegrees>35.6960433</LatitudeDegrees>
       <LongitudeDegrees>139.8026728</LongitudeDegrees>
      </Position>
      <AltitudeMeters>-1</AltitudeMeters>
      <DistanceMeters>2308</DistanceMeters>
      <HeartRateBpm>
       <Value>121</Value>
      </HeartRateBpm>
      <Cadence>75</Cadence>
      <Extensions>
       <Speed>6.000000</Speed>
      </Extensions>
     </Trackpoint>
     <Trackpoint>
      <Time>2026-06-10T08:05:40Z</Time>
      <Position>
       <LatitudeDegrees>35.6960441</LatitudeDegrees>
       <LongitudeDegrees>139.8026923</LongitudeDegrees>
      </Position>
      <AltitudeMeters>-1</AltitudeMeters>
      <DistanceMeters>2310</DistanceMeters>
      <HeartRateBpm>
       <Value>121</Value>
      </HeartRateBpm>
      <Cadence>75</Cadence>
      <Extensions>
       <Speed>6.000000</Speed>
      </Extensions>
     </Trackpoint>
     <Trackpoint>
      <Time>2026-06-10T08:05:41Z</Time>
      <Position>
       <LatitudeDegrees>35.6960418</LatitudeDegrees>
       <LongitudeDegrees>139.8027114</LongitudeDegrees>
      </Position>
      <AltitudeMeters>-1</AltitudeMeters>
      <DistanceMeters>2311</DistanceMeters>
      <HeartRateBpm>
       <Value>121</Value>
      </HeartRateBpm>
      <Cadence>75</Cadence>
      <Extensions>
       <Speed>6.010000</Speed>
      </Extensions>
     </Trackpoint>
     <Trackpoint>
      <Time>2026-06-10T08:05:42Z</Time>
      <Position>
       <LatitudeDegrees>35.6960396</LatitudeDegrees>
       <LongitudeDegrees>139.8027305</LongitudeDegrees>
      </Position>
      <AltitudeMeters>-1</AltitudeMeters>
      <DistanceMeters>2313</DistanceMeters>
      <HeartRateBpm>
       <Value>121</Value>
      </HeartRateBpm>
      <Cadence>75</Cadence>
      <Extensions>
       <Speed>6.010000</Speed>
      </Extensions>
     </Trackpoint>
     <Trackpoint>
      <Time>2026-06-10T08:05:43Z</Time>
      <Position>
       <LatitudeDegrees>35.6960341</LatitudeDegrees>
       <LongitudeDegrees>139.8027492</LongitudeDegrees>
      </Position>
      <AltitudeMeters>-1</AltitudeMeters>
      <DistanceMeters>2315</DistanceMeters>
      <HeartRateBpm>
       <Value>122</Value>
      </HeartRateBpm>
      <Cadence>75</Cadence>
      <Extensions>
       <Speed>6.020000</Speed>
      </Extensions>
     </Trackpoint>
     <Trackpoint>
      <Time>2026-06-10T08:05:44Z</Time>
      <Position>
       <LatitudeDegrees>35.6960286</LatitudeDegrees>
       <LongitudeDegrees>139.8027680</LongitudeDegrees>
      </Position>
      <AltitudeMeters>-1</AltitudeMeters>
      <DistanceMeters>2317</DistanceMeters>
      <HeartRateBpm>
       <Value>121</Value>
      </HeartRateBpm>
      <Cadence>74</Cadence>
      <Extensions>
       <Speed>6.030000</Speed>
      </Extensions>
     </Trackpoint>
     <Trackpoint>
      <Time>2026-06-10T08:05:45Z</Time>
      <Position>
       <LatitudeDegrees>35.6960183</LatitudeDegrees>
       <LongitudeDegrees>139.8027822</LongitudeDegrees>
      </Position>
      <AltitudeMeters>-1</AltitudeMeters>
      <DistanceMeters>2319</DistanceMeters>
      <HeartRateBpm>
       <Value>121</Value>
      </HeartRateBpm>
      <Cadence>74</Cadence>
      <Extensions>
       <Speed>6.050000</Speed>
      </Extensions>
     </Trackpoint>
     <Trackpoint>
      <Time>2026-06-10T08:05:46Z</Time>
      <Position>
       <LatitudeDegrees>35.6960080</LatitudeDegrees>
       <LongitudeDegrees>139.8027964</LongitudeDegrees>
      </Position>
      <AltitudeMeters>-1</AltitudeMeters>
      <DistanceMeters>2320</DistanceMeters>
      <HeartRateBpm>
       <Value>121</Value>
      </HeartRateBpm>
      <Cadence>74</Cadence>
      <Extensions>
       <Speed>6.060000</Speed>
      </Extensions>
     </Trackpoint>
     <Trackpoint>
      <Time>2026-06-10T08:05:47Z</Time>
      <Position>
       <LatitudeDegrees>35.6959949</LatitudeDegrees>
       <LongitudeDegrees>139.8028069</LongitudeDegrees>
      </Position>
      <AltitudeMeters>-1</AltitudeMeters>
      <DistanceMeters>2322</DistanceMeters>
      <HeartRateBpm>
       <Value>120</Value>
      </HeartRateBpm>
      <Cadence>75</Cadence>
      <Extensions>
       <Speed>6.080000</Speed>
      </Extensions>
     </Trackpoint>
     <Trackpoint>
      <Time>2026-06-10T08:05:48Z</Time>
      <Position>
       <LatitudeDegrees>35.6959818</LatitudeDegrees>
       <LongitudeDegrees>139.8028175</LongitudeDegrees>
      </Position>
      <AltitudeMeters>-1</AltitudeMeters>
      <DistanceMeters>2324</DistanceMeters>
      <HeartRateBpm>
       <Value>120</Value>
      </HeartRateBpm>
      <Cadence>75</Cadence>
      <Extensions>
       <Speed>6.090000</Speed>
      </Extensions>
     </Trackpoint>
     <Trackpoint>
      <Time>2026-06-10T08:05:49Z</Time>
      <Position>
       <LatitudeDegrees>35.6959654</LatitudeDegrees>
       <LongitudeDegrees>139.8028233</LongitudeDegrees>
      </Position>
      <AltitudeMeters>-1</AltitudeMeters>
      <DistanceMeters>2326</DistanceMeters>
      <HeartRateBpm>
       <Value>119</Value>
      </HeartRateBpm>
      <Cadence>75</Cadence>
      <Extensions>
       <Speed>6.100000</Speed>
      </Extensions>
     </Trackpoint>
     <Trackpoint>
      <Time>2026-06-10T08:05:50Z</Time>
      <Position>
       <LatitudeDegrees>35.6959491</LatitudeDegrees>
       <LongitudeDegrees>139.8028291</LongitudeDegrees>
      </Position>
      <AltitudeMeters>-1</AltitudeMeters>
      <DistanceMeters>2328</DistanceMeters>
      <HeartRateBpm>
       <Value>119</Value>
      </HeartRateBpm>
      <Cadence>74</Cadence>
      <Extensions>
       <Speed>6.110000</Speed>
      </Extensions>
     </Trackpoint>
     <Trackpoint>
      <Time>2026-06-10T08:05:51Z</Time>
      <Position>
       <LatitudeDegrees>35.6959323</LatitudeDegrees>
       <LongitudeDegrees>139.8028318</LongitudeDegrees>
      </Position>
      <AltitudeMeters>-1</AltitudeMeters>
      <DistanceMeters>2330</DistanceMeters>
      <HeartRateBpm>
       <Value>119</Value>
      </HeartRateBpm>
      <Cadence>73</Cadence>
      <Extensions>
       <Speed>6.130000</Speed>
      </Extensions>
     </Trackpoint>
     <Trackpoint>
      <Time>2026-06-10T08:05:52Z</Time>
      <Position>
       <LatitudeDegrees>35.6959156</LatitudeDegrees>
       <LongitudeDegrees>139.8028345</LongitudeDegrees>
      </Position>
      <AltitudeMeters>-1</AltitudeMeters>
      <DistanceMeters>2331</DistanceMeters>
      <HeartRateBpm>
       <Value>119</Value>
      </HeartRateBpm>
      <Cadence>73</Cadence>
      <Extensions>
       <Speed>6.150000</Speed>
      </Extensions>
     </Trackpoint>
     <Trackpoint>
      <Time>2026-06-10T08:05:53Z</Time>
      <Position>
       <LatitudeDegrees>35.6959012</LatitudeDegrees>
       <LongitudeDegrees>139.8028367</LongitudeDegrees>
      </Position>
      <AltitudeMeters>-1</AltitudeMeters>
      <DistanceMeters>2332</DistanceMeters>
      <HeartRateBpm>
       <Value>119</Value>
      </HeartRateBpm>
      <Cadence>73</Cadence>
      <Extensions>
       <Speed>6.170000</Speed>
      </Extensions>
     </Trackpoint>
     <Trackpoint>
      <Time>2026-06-10T08:05:54Z</Time>
      <Position>
       <LatitudeDegrees>35.6958869</LatitudeDegrees>
       <LongitudeDegrees>139.8028390</LongitudeDegrees>
      </Position>
      <AltitudeMeters>-1</AltitudeMeters>
      <DistanceMeters>2334</DistanceMeters>
      <HeartRateBpm>
       <Value>119</Value>
      </HeartRateBpm>
      <Cadence>73</Cadence>
      <Extensions>
       <Speed>6.170000</Speed>
      </Extensions>
     </Trackpoint>
     <Trackpoint>
      <Time>2026-06-10T08:05:55Z</Time>
      <Position>
       <LatitudeDegrees>35.6958746</LatitudeDegrees>
       <LongitudeDegrees>139.8028453</LongitudeDegrees>
      </Position>
      <AltitudeMeters>-1</AltitudeMeters>
      <DistanceMeters>2335</DistanceMeters>
      <HeartRateBpm>
       <Value>119</Value>
      </HeartRateBpm>
      <Cadence>74</Cadence>
      <Extensions>
       <Speed>6.180000</Speed>
      </Extensions>
     </Trackpoint>
     <Trackpoint>
      <Time>2026-06-10T08:05:56Z</Time>
      <Position>
       <LatitudeDegrees>35.6958624</LatitudeDegrees>
       <LongitudeDegrees>139.8028517</LongitudeDegrees>
      </Position>
      <AltitudeMeters>-2</AltitudeMeters>
      <DistanceMeters>2336</DistanceMeters>
      <HeartRateBpm>
       <Value>119</Value>
      </HeartRateBpm>
      <Cadence>74</Cadence>
      <Extensions>
       <Speed>6.190000</Speed>
      </Extensions>
     </Trackpoint>
     <Trackpoint>
      <Time>2026-06-10T08:05:57Z</Time>
      <Position>
       <LatitudeDegrees>35.6958516</LatitudeDegrees>
       <LongitudeDegrees>139.8028599</LongitudeDegrees>
      </Position>
      <AltitudeMeters>-1</AltitudeMeters>
      <DistanceMeters>2338</DistanceMeters>
      <HeartRateBpm>
       <Value>119</Value>
      </HeartRateBpm>
      <Cadence>74</Cadence>
      <Extensions>
       <Speed>6.210000</Speed>
      </Extensions>
     </Trackpoint>
     <Trackpoint>
      <Time>2026-06-10T08:05:58Z</Time>
      <Position>
       <LatitudeDegrees>35.6958408</LatitudeDegrees>
       <LongitudeDegrees>139.8028682</LongitudeDegrees>
      </Position>
      <AltitudeMeters>-1</AltitudeMeters>
      <DistanceMeters>2340</DistanceMeters>
      <HeartRateBpm>
       <Value>119</Value>
      </HeartRateBpm>
      <Cadence>73</Cadence>
      <Extensions>
       <Speed>6.210000</Speed>
      </Extensions>
     </Trackpoint>
     <Trackpoint>
      <Time>2026-06-10T08:05:59Z</Time>
      <Position>
       <LatitudeDegrees>35.6958312</LatitudeDegrees>
       <LongitudeDegrees>139.8028767</LongitudeDegrees>
      </Position>
      <AltitudeMeters>-1</AltitudeMeters>
      <DistanceMeters>2341</DistanceMeters>
      <HeartRateBpm>
       <Value>119</Value>
      </HeartRateBpm>
      <Cadence>73</Cadence>
      <Extensions>
       <Speed>6.210000</Speed>
      </Extensions>
     </Trackpoint>
     <Trackpoint>
      <Time>2026-06-10T08:06:00Z</Time>
      <Position>
       <LatitudeDegrees>35.6958216</LatitudeDegrees>
       <LongitudeDegrees>139.8028852</LongitudeDegrees>
      </Position>
      <AltitudeMeters>-1</AltitudeMeters>
      <DistanceMeters>2342</DistanceMeters>
      <HeartRateBpm>
       <Value>120</Value>
      </HeartRateBpm>
      <Cadence>74</Cadence>
      <Extensions>
       <Speed>6.200000</Speed>
      </Extensions>
     </Trackpoint>
     <Trackpoint>
      <Time>2026-06-10T08:06:01Z</Time>
      <Position>
       <LatitudeDegrees>35.6958152</LatitudeDegrees>
       <LongitudeDegrees>139.8028946</LongitudeDegrees>
      </Position>
      <AltitudeMeters>-1</AltitudeMeters>
      <DistanceMeters>2343</DistanceMeters>
      <HeartRateBpm>
       <Value>120</Value>
      </HeartRateBpm>
      <Cadence>74</Cadence>
      <Extensions>
       <Speed>6.190000</Speed>
      </Extensions>
     </Trackpoint>
     <Trackpoint>
      <Time>2026-06-10T08:06:02Z</Time>
      <Position>
       <LatitudeDegrees>35.6958089</LatitudeDegrees>
       <LongitudeDegrees>139.8029041</LongitudeDegrees>
      </Position>
      <AltitudeMeters>-1</AltitudeMeters>
      <DistanceMeters>2344</DistanceMeters>
      <HeartRateBpm>
       <Value>120</Value>
      </HeartRateBpm>
      <Cadence>74</Cadence>
      <Extensions>
       <Speed>6.170000</Speed>
      </Extensions>
     </Trackpoint>
     <Trackpoint>
      <Time>2026-06-10T08:06:03Z</Time>
      <Position>
       <LatitudeDegrees>35.6958080</LatitudeDegrees>
       <LongitudeDegrees>139.8029157</LongitudeDegrees>
      </Position>
      <AltitudeMeters>-1</AltitudeMeters>
      <DistanceMeters>2345</DistanceMeters>
      <HeartRateBpm>
       <Value>120</Value>
      </HeartRateBpm>
      <Cadence>75</Cadence>
      <Extensions>
       <Speed>6.150000</Speed>
      </Extensions>
     </Trackpoint>
     <Trackpoint>
      <Time>2026-06-10T08:06:04Z</Time>
      <Position>
       <LatitudeDegrees>35.6958071</LatitudeDegrees>
       <LongitudeDegrees>139.8029274</LongitudeDegrees>
      </Position>
      <AltitudeMeters>-1</AltitudeMeters>
      <DistanceMeters>2347</DistanceMeters>
      <HeartRateBpm>
       <Value>121</Value>
      </HeartRateBpm>
      <Cadence>74</Cadence>
      <Extensions>
       <Speed>6.120000</Speed>
      </Extensions>
     </Trackpoint>
     <Trackpoint>
      <Time>2026-06-10T08:06:05Z</Time>
      <Position>
       <LatitudeDegrees>35.6958097</LatitudeDegrees>
       <LongitudeDegrees>139.8029445</LongitudeDegrees>
      </Position>
      <AltitudeMeters>-1</AltitudeMeters>
      <DistanceMeters>2349</DistanceMeters>
      <HeartRateBpm>
       <Value>121</Value>
      </HeartRateBpm>
      <Cadence>74</Cadence>
      <Extensions>
       <Speed>6.100000</Speed>
      </Extensions>
     </Trackpoint>
     <Trackpoint>
      <Time>2026-06-10T08:06:06Z</Time>
      <Position>
       <LatitudeDegrees>35.6958124</LatitudeDegrees>
       <LongitudeDegrees>139.8029616</LongitudeDegrees>
      </Position>
      <AltitudeMeters>-1</AltitudeMeters>
      <DistanceMeters>2351</DistanceMeters>
      <HeartRateBpm>
       <Value>121</Value>
      </HeartRateBpm>
      <Cadence>74</Cadence>
      <Extensions>
       <Speed>6.080000</Speed>
      </Extensions>
     </Trackpoint>
     <Trackpoint>
      <Time>2026-06-10T08:06:07Z</Time>
      <Position>
       <LatitudeDegrees>35.6958160</LatitudeDegrees>
       <LongitudeDegrees>139.8029840</LongitudeDegrees>
      </Position>
      <AltitudeMeters>-1</AltitudeMeters>
      <DistanceMeters>2353</DistanceMeters>
      <HeartRateBpm>
       <Value>121</Value>
      </HeartRateBpm>
      <Cadence>74</Cadence>
      <Extensions>
       <Speed>6.070000</Speed>
      </Extensions>
     </Trackpoint>
     <Trackpoint>
      <Time>2026-06-10T08:06:08Z</Time>
      <Position>
       <LatitudeDegrees>35.6958196</LatitudeDegrees>
       <LongitudeDegrees>139.8030065</LongitudeDegrees>
      </Position>
      <AltitudeMeters>-1</AltitudeMeters>
      <DistanceMeters>2356</DistanceMeters>
      <HeartRateBpm>
       <Value>122</Value>
      </HeartRateBpm>
      <Cadence>74</Cadence>
      <Extensions>
       <Speed>6.060000</Speed>
      </Extensions>
     </Trackpoint>
     <Trackpoint>
      <Time>2026-06-10T08:06:09Z</Time>
      <Position>
       <LatitudeDegrees>35.6958215</LatitudeDegrees>
       <LongitudeDegrees>139.8030318</LongitudeDegrees>
      </Position>
      <AltitudeMeters>-1</AltitudeMeters>
      <DistanceMeters>2358</DistanceMeters>
      <HeartRateBpm>
       <Value>122</Value>
      </HeartRateBpm>
      <Cadence>74</Cadence>
      <Extensions>
       <Speed>6.060000</Speed>
      </Extensions>
     </Trackpoint>
     <Trackpoint>
      <Time>2026-06-10T08:06:10Z</Time>
      <Position>
       <LatitudeDegrees>35.6958234</LatitudeDegrees>
       <LongitudeDegrees>139.8030571</LongitudeDegrees>
      </Position>
      <AltitudeMeters>-1</AltitudeMeters>
      <DistanceMeters>2360</DistanceMeters>
      <HeartRateBpm>
       <Value>123</Value>
      </HeartRateBpm>
      <Cadence>75</Cadence>
      <Extensions>
       <Speed>6.040000</Speed>
      </Extensions>
     </Trackpoint>
     <Trackpoint>
      <Time>2026-06-10T08:06:11Z</Time>
      <Position>
       <LatitudeDegrees>35.6958203</LatitudeDegrees>
       <LongitudeDegrees>139.8030816</LongitudeDegrees>
      </Position>
      <AltitudeMeters>-1</AltitudeMeters>
      <DistanceMeters>2362</DistanceMeters>
      <HeartRateBpm>
       <Value>123</Value>
      </HeartRateBpm>
      <Cadence>75</Cadence>
      <Extensions>
       <Speed>6.030000</Speed>
      </Extensions>
     </Trackpoint>
     <Trackpoint>
      <Time>2026-06-10T08:06:12Z</Time>
      <Position>
       <LatitudeDegrees>35.6958172</LatitudeDegrees>
       <LongitudeDegrees>139.8031061</LongitudeDegrees>
      </Position>
      <AltitudeMeters>-1</AltitudeMeters>
      <DistanceMeters>2364</DistanceMeters>
      <HeartRateBpm>
       <Value>123</Value>
      </HeartRateBpm>
      <Cadence>75</Cadence>
      <Extensions>
       <Speed>6.090000</Speed>
      </Extensions>
     </Trackpoint>
     <Trackpoint>
      <Time>2026-06-10T08:06:13Z</Time>
      <Position>
       <LatitudeDegrees>35.6958117</LatitudeDegrees>
       <LongitudeDegrees>139.8031290</LongitudeDegrees>
      </Position>
      <AltitudeMeters>-1</AltitudeMeters>
      <DistanceMeters>2367</DistanceMeters>
      <HeartRateBpm>
       <Value>124</Value>
      </HeartRateBpm>
      <Cadence>75</Cadence>
      <Extensions>
       <Speed>6.150000</Speed>
      </Extensions>
     </Trackpoint>
     <Trackpoint>
      <Time>2026-06-10T08:06:14Z</Time>
      <Position>
       <LatitudeDegrees>35.6958062</LatitudeDegrees>
       <LongitudeDegrees>139.8031519</LongitudeDegrees>
      </Position>
      <AltitudeMeters>-1</AltitudeMeters>
      <DistanceMeters>2368</DistanceMeters>
      <HeartRateBpm>
       <Value>124</Value>
      </HeartRateBpm>
      <Cadence>75</Cadence>
      <Extensions>
       <Speed>6.230000</Speed>
      </Extensions>
     </Trackpoint>
     <Trackpoint>
      <Time>2026-06-10T08:06:15Z</Time>
      <Position>
       <LatitudeDegrees>35.6958013</LatitudeDegrees>
       <LongitudeDegrees>139.8031737</LongitudeDegrees>
      </Position>
      <AltitudeMeters>-1</AltitudeMeters>
      <DistanceMeters>2370</DistanceMeters>
      <HeartRateBpm>
       <Value>124</Value>
      </HeartRateBpm>
      <Cadence>76</Cadence>
      <Extensions>
       <Speed>6.310000</Speed>
      </Extensions>
     </Trackpoint>
     <Trackpoint>
      <Time>2026-06-10T08:06:16Z</Time>
      <Position>
       <LatitudeDegrees>35.6957965</LatitudeDegrees>
       <LongitudeDegrees>139.8031956</LongitudeDegrees>
      </Position>
      <AltitudeMeters>-1</AltitudeMeters>
      <DistanceMeters>2372</DistanceMeters>
      <HeartRateBpm>
       <Value>124</Value>
      </HeartRateBpm>
      <Cadence>76</Cadence>
      <Extensions>
       <Speed>6.380000</Speed>
      </Extensions>
     </Trackpoint>
     <Trackpoint>
      <Time>2026-06-10T08:06:17Z</Time>
      <Position>
       <LatitudeDegrees>35.6957940</LatitudeDegrees>
       <LongitudeDegrees>139.8032160</LongitudeDegrees>
      </Position>
      <AltitudeMeters>-1</AltitudeMeters>
      <DistanceMeters>2374</DistanceMeters>
      <HeartRateBpm>
       <Value>124</Value>
      </HeartRateBpm>
      <Cadence>76</Cadence>
      <Extensions>
       <Speed>6.460000</Speed>
      </Extensions>
     </Trackpoint>
     <Trackpoint>
      <Time>2026-06-10T08:06:18Z</Time>
      <Position>
       <LatitudeDegrees>35.6957915</LatitudeDegrees>
       <LongitudeDegrees>139.8032365</LongitudeDegrees>
      </Position>
      <AltitudeMeters>-1</AltitudeMeters>
      <DistanceMeters>2376</DistanceMeters>
      <HeartRateBpm>
       <Value>124</Value>
      </HeartRateBpm>
      <Cadence>76</Cadence>
      <Extensions>
       <Speed>6.470000</Speed>
      </Extensions>
     </Trackpoint>
     <Trackpoint>
      <Time>2026-06-10T08:06:19Z</Time>
      <Position>
       <LatitudeDegrees>35.6957913</LatitudeDegrees>
       <LongitudeDegrees>139.8032547</LongitudeDegrees>
      </Position>
      <AltitudeMeters>-1</AltitudeMeters>
      <DistanceMeters>2377</DistanceMeters>
      <HeartRateBpm>
       <Value>124</Value>
      </HeartRateBpm>
      <Cadence>76</Cadence>
      <Extensions>
       <Speed>6.490000</Speed>
      </Extensions>
     </Trackpoint>
     <Trackpoint>
      <Time>2026-06-10T08:06:20Z</Time>
      <Position>
       <LatitudeDegrees>35.6957911</LatitudeDegrees>
       <LongitudeDegrees>139.8032729</LongitudeDegrees>
      </Position>
      <AltitudeMeters>-1</AltitudeMeters>
      <DistanceMeters>2378</DistanceMeters>
      <HeartRateBpm>
       <Value>124</Value>
      </HeartRateBpm>
      <Cadence>76</Cadence>
      <Extensions>
       <Speed>6.510000</Speed>
      </Extensions>
     </Trackpoint>
     <Trackpoint>
      <Time>2026-06-10T08:06:21Z</Time>
      <Position>
       <LatitudeDegrees>35.6957925</LatitudeDegrees>
       <LongitudeDegrees>139.8032892</LongitudeDegrees>
      </Position>
      <AltitudeMeters>-1</AltitudeMeters>
      <DistanceMeters>2380</DistanceMeters>
      <HeartRateBpm>
       <Value>124</Value>
      </HeartRateBpm>
      <Cadence>76</Cadence>
      <Extensions>
       <Speed>6.540000</Speed>
      </Extensions>
     </Trackpoint>
     <Trackpoint>
      <Time>2026-06-10T08:06:22Z</Time>
      <Position>
       <LatitudeDegrees>35.6957939</LatitudeDegrees>
       <LongitudeDegrees>139.8033056</LongitudeDegrees>
      </Position>
      <AltitudeMeters>-1</AltitudeMeters>
      <DistanceMeters>2382</DistanceMeters>
      <HeartRateBpm>
       <Value>123</Value>
      </HeartRateBpm>
      <Cadence>75</Cadence>
      <Extensions>
       <Speed>6.510000</Speed>
      </Extensions>
     </Trackpoint>
     <Trackpoint>
      <Time>2026-06-10T08:06:23Z</Time>
      <Position>
       <LatitudeDegrees>35.6957951</LatitudeDegrees>
       <LongitudeDegrees>139.8033221</LongitudeDegrees>
      </Position>
      <AltitudeMeters>-1</AltitudeMeters>
      <DistanceMeters>2383</DistanceMeters>
      <HeartRateBpm>
       <Value>123</Value>
      </HeartRateBpm>
      <Cadence>75</Cadence>
      <Extensions>
       <Speed>6.480000</Speed>
      </Extensions>
     </Trackpoint>
     <Trackpoint>
      <Time>2026-06-10T08:06:24Z</Time>
      <Position>
       <LatitudeDegrees>35.6957963</LatitudeDegrees>
       <LongitudeDegrees>139.8033386</LongitudeDegrees>
      </Position>
      <AltitudeMeters>-1</AltitudeMeters>
      <DistanceMeters>2384</DistanceMeters>
      <HeartRateBpm>
       <Value>123</Value>
      </HeartRateBpm>
      <Cadence>75</Cadence>
      <Extensions>
       <Speed>6.450000</Speed>
      </Extensions>
     </Trackpoint>
     <Trackpoint>
      <Time>2026-06-10T08:06:25Z</Time>
      <Position>
       <LatitudeDegrees>35.6957986</LatitudeDegrees>
       <LongitudeDegrees>139.8033553</LongitudeDegrees>
      </Position>
      <AltitudeMeters>-1</AltitudeMeters>
      <DistanceMeters>2386</DistanceMeters>
      <HeartRateBpm>
       <Value>123</Value>
      </HeartRateBpm>
      <Cadence>75</Cadence>
      <Extensions>
       <Speed>6.430000</Speed>
      </Extensions>
     </Trackpoint>
     <Trackpoint>
      <Time>2026-06-10T08:06:26Z</Time>
      <Position>
       <LatitudeDegrees>35.6958010</LatitudeDegrees>
       <LongitudeDegrees>139.8033720</LongitudeDegrees>
      </Position>
      <AltitudeMeters>-1</AltitudeMeters>
      <DistanceMeters>2388</DistanceMeters>
      <HeartRateBpm>
       <Value>123</Value>
      </HeartRateBpm>
      <Cadence>75</Cadence>
      <Extensions>
       <Speed>6.420000</Speed>
      </Extensions>
     </Trackpoint>
     <Trackpoint>
      <Time>2026-06-10T08:06:27Z</Time>
      <Position>
       <LatitudeDegrees>35.6958047</LatitudeDegrees>
       <LongitudeDegrees>139.8033880</LongitudeDegrees>
      </Position>
      <AltitudeMeters>-1</AltitudeMeters>
      <DistanceMeters>2389</DistanceMeters>
      <HeartRateBpm>
       <Value>123</Value>
      </HeartRateBpm>
      <Cadence>75</Cadence>
      <Extensions>
       <Speed>6.410000</Speed>
      </Extensions>
     </Trackpoint>
     <Trackpoint>
      <Time>2026-06-10T08:06:28Z</Time>
      <Position>
       <LatitudeDegrees>35.6958084</LatitudeDegrees>
       <LongitudeDegrees>139.8034040</LongitudeDegrees>
      </Position>
      <AltitudeMeters>-1</AltitudeMeters>
      <DistanceMeters>2391</DistanceMeters>
      <HeartRateBpm>
       <Value>123</Value>
      </HeartRateBpm>
      <Cadence>75</Cadence>
      <Extensions>
       <Speed>6.370000</Speed>
      </Extensions>
     </Trackpoint>
     <Trackpoint>
      <Time>2026-06-10T08:06:29Z</Time>
      <Position>
       <LatitudeDegrees>35.6958125</LatitudeDegrees>
       <LongitudeDegrees>139.8034221</LongitudeDegrees>
      </Position>
      <AltitudeMeters>-1</AltitudeMeters>
      <DistanceMeters>2393</DistanceMeters>
      <HeartRateBpm>
       <Value>123</Value>
      </HeartRateBpm>
      <Cadence>75</Cadence>
      <Extensions>
       <Speed>6.340000</Speed>
      </Extensions>
     </Trackpoint>
     <Trackpoint>
      <Time>2026-06-10T08:06:30Z</Time>
      <Position>
       <LatitudeDegrees>35.6958167</LatitudeDegrees>
       <LongitudeDegrees>139.8034402</LongitudeDegrees>
      </Position>
      <AltitudeMeters>-1</AltitudeMeters>
      <DistanceMeters>2395</DistanceMeters>
      <HeartRateBpm>
       <Value>123</Value>
      </HeartRateBpm>
      <Cadence>75</Cadence>
      <Extensions>
       <Speed>6.340000</Speed>
      </Extensions>
     </Trackpoint>
     <Trackpoint>
      <Time>2026-06-10T08:06:31Z</Time>
      <Position>
       <LatitudeDegrees>35.6958221</LatitudeDegrees>
       <LongitudeDegrees>139.8034613</LongitudeDegrees>
      </Position>
      <AltitudeMeters>-1</AltitudeMeters>
      <DistanceMeters>2397</DistanceMeters>
      <HeartRateBpm>
       <Value>123</Value>
      </HeartRateBpm>
      <Cadence>75</Cadence>
      <Extensions>
       <Speed>6.340000</Speed>
      </Extensions>
     </Trackpoint>
     <Trackpoint>
      <Time>2026-06-10T08:06:32Z</Time>
      <Position>
       <LatitudeDegrees>35.6958276</LatitudeDegrees>
       <LongitudeDegrees>139.8034825</LongitudeDegrees>
      </Position>
      <AltitudeMeters>-1</AltitudeMeters>
      <DistanceMeters>2399</DistanceMeters>
      <HeartRateBpm>
       <Value>123</Value>
      </HeartRateBpm>
      <Cadence>75</Cadence>
      <Extensions>
       <Speed>6.410000</Speed>
      </Extensions>
     </Trackpoint>
     <Trackpoint>
      <Time>2026-06-10T08:06:33Z</Time>
      <Position>
       <LatitudeDegrees>35.6958327</LatitudeDegrees>
       <LongitudeDegrees>139.8035037</LongitudeDegrees>
      </Position>
      <AltitudeMeters>-1</AltitudeMeters>
      <DistanceMeters>2401</DistanceMeters>
      <HeartRateBpm>
       <Value>122</Value>
      </HeartRateBpm>
      <Cadence>75</Cadence>
      <Extensions>
       <Speed>6.490000</Speed>
      </Extensions>
     </Trackpoint>
     <Trackpoint>
      <Time>2026-06-10T08:06:34Z</Time>
      <Position>
       <LatitudeDegrees>35.6958378</LatitudeDegrees>
       <LongitudeDegrees>139.8035249</LongitudeDegrees>
      </Position>
      <AltitudeMeters>-1</AltitudeMeters>
      <DistanceMeters>2403</DistanceMeters>
      <HeartRateBpm>
       <Value>122</Value>
      </HeartRateBpm>
      <Cadence>75</Cadence>
      <Extensions>
       <Speed>6.550000</Speed>
      </Extensions>
     </Trackpoint>
     <Trackpoint>
      <Time>2026-06-10T08:06:35Z</Time>
      <Position>
       <LatitudeDegrees>35.6958412</LatitudeDegrees>
       <LongitudeDegrees>139.8035459</LongitudeDegrees>
      </Position>
      <AltitudeMeters>-1</AltitudeMeters>
      <DistanceMeters>2405</DistanceMeters>
      <HeartRateBpm>
       <Value>122</Value>
      </HeartRateBpm>
      <Cadence>75</Cadence>
      <Extensions>
       <Speed>6.620000</Speed>
      </Extensions>
     </Trackpoint>
     <Trackpoint>
      <Time>2026-06-10T08:06:36Z</Time>
      <Position>
       <LatitudeDegrees>35.6958447</LatitudeDegrees>
       <LongitudeDegrees>139.8035669</LongitudeDegrees>
      </Position>
      <AltitudeMeters>-1</AltitudeMeters>
      <DistanceMeters>2406</DistanceMeters>
      <HeartRateBpm>
       <Value>122</Value>
      </HeartRateBpm>
      <Cadence>75</Cadence>
      <Extensions>
       <Speed>6.650000</Speed>
      </Extensions>
     </Trackpoint>
     <Trackpoint>
      <Time>2026-06-10T08:06:37Z</Time>
      <Position>
       <LatitudeDegrees>35.6958469</LatitudeDegrees>
       <LongitudeDegrees>139.8035864</LongitudeDegrees>
      </Position>
      <AltitudeMeters>-1</AltitudeMeters>
      <DistanceMeters>2408</DistanceMeters>
      <HeartRateBpm>
       <Value>122</Value>
      </HeartRateBpm>
      <Cadence>75</Cadence>
      <Extensions>
       <Speed>6.680000</Speed>
      </Extensions>
     </Trackpoint>
     <Trackpoint>
      <Time>2026-06-10T08:06:38Z</Time>
      <Position>
       <LatitudeDegrees>35.6958491</LatitudeDegrees>
       <LongitudeDegrees>139.8036059</LongitudeDegrees>
      </Position>
      <AltitudeMeters>-1</AltitudeMeters>
      <DistanceMeters>2410</DistanceMeters>
      <HeartRateBpm>
       <Value>121</Value>
      </HeartRateBpm>
      <Cadence>75</Cadence>
      <Extensions>
       <Speed>6.700000</Speed>
      </Extensions>
     </Trackpoint>
     <Trackpoint>
      <Time>2026-06-10T08:06:39Z</Time>
      <Position>
       <LatitudeDegrees>35.6958499</LatitudeDegrees>
       <LongitudeDegrees>139.8036237</LongitudeDegrees>
      </Position>
      <AltitudeMeters>-1</AltitudeMeters>
      <DistanceMeters>2411</DistanceMeters>
      <HeartRateBpm>
       <Value>121</Value>
      </HeartRateBpm>
      <Cadence>75</Cadence>
      <Extensions>
       <Speed>6.730000</Speed>
      </Extensions>
     </Trackpoint>
     <Trackpoint>
      <Time>2026-06-10T08:06:40Z</Time>
      <Position>
       <LatitudeDegrees>35.6958507</LatitudeDegrees>
       <LongitudeDegrees>139.8036415</LongitudeDegrees>
      </Position>
      <AltitudeMeters>-1</AltitudeMeters>
      <DistanceMeters>2412</DistanceMeters>
      <HeartRateBpm>
       <Value>122</Value>
      </HeartRateBpm>
      <Cadence>75</Cadence>
      <Extensions>
       <Speed>6.720000</Speed>
      </Extensions>
     </Trackpoint>
     <Trackpoint>
      <Time>2026-06-10T08:06:41Z</Time>
      <Position>
       <LatitudeDegrees>35.6958521</LatitudeDegrees>
       <LongitudeDegrees>139.8036582</LongitudeDegrees>
      </Position>
      <AltitudeMeters>-1</AltitudeMeters>
      <DistanceMeters>2414</DistanceMeters>
      <HeartRateBpm>
       <Value>122</Value>
      </HeartRateBpm>
      <Cadence>75</Cadence>
      <Extensions>
       <Speed>6.720000</Speed>
      </Extensions>
     </Trackpoint>
     <Trackpoint>
      <Time>2026-06-10T08:06:42Z</Time>
      <Position>
       <LatitudeDegrees>35.6958535</LatitudeDegrees>
       <LongitudeDegrees>139.8036750</LongitudeDegrees>
      </Position>
      <AltitudeMeters>-1</AltitudeMeters>
      <DistanceMeters>2416</DistanceMeters>
      <HeartRateBpm>
       <Value>122</Value>
      </HeartRateBpm>
      <Cadence>75</Cadence>
      <Extensions>
       <Speed>6.690000</Speed>
      </Extensions>
     </Trackpoint>
     <Trackpoint>
      <Time>2026-06-10T08:06:43Z</Time>
      <Position>
       <LatitudeDegrees>35.6958549</LatitudeDegrees>
       <LongitudeDegrees>139.8036910</LongitudeDegrees>
      </Position>
      <AltitudeMeters>-1</AltitudeMeters>
      <DistanceMeters>2417</DistanceMeters>
      <HeartRateBpm>
       <Value>122</Value>
      </HeartRateBpm>
      <Cadence>75</Cadence>
      <Extensions>
       <Speed>6.670000</Speed>
      </Extensions>
     </Trackpoint>
     <Trackpoint>
      <Time>2026-06-10T08:06:44Z</Time>
      <Position>
       <LatitudeDegrees>35.6958564</LatitudeDegrees>
       <LongitudeDegrees>139.8037070</LongitudeDegrees>
      </Position>
      <AltitudeMeters>-1</AltitudeMeters>
      <DistanceMeters>2418</DistanceMeters>
      <HeartRateBpm>
       <Value>123</Value>
      </HeartRateBpm>
      <Cadence>75</Cadence>
      <Extensions>
       <Speed>6.630000</Speed>
      </Extensions>
     </Trackpoint>
     <Trackpoint>
      <Time>2026-06-10T08:06:45Z</Time>
      <Position>
       <LatitudeDegrees>35.6958577</LatitudeDegrees>
       <LongitudeDegrees>139.8037213</LongitudeDegrees>
      </Position>
      <AltitudeMeters>-1</AltitudeMeters>
      <DistanceMeters>2419</DistanceMeters>
      <HeartRateBpm>
       <Value>123</Value>
      </HeartRateBpm>
      <Cadence>75</Cadence>
      <Extensions>
       <Speed>6.600000</Speed>
      </Extensions>
     </Trackpoint>
     <Trackpoint>
      <Time>2026-06-10T08:06:46Z</Time>
      <Position>
       <LatitudeDegrees>35.6958591</LatitudeDegrees>
       <LongitudeDegrees>139.8037357</LongitudeDegrees>
      </Position>
      <AltitudeMeters>-1</AltitudeMeters>
      <DistanceMeters>2420</DistanceMeters>
      <HeartRateBpm>
       <Value>123</Value>
      </HeartRateBpm>
      <Cadence>75</Cadence>
      <Extensions>
       <Speed>6.570000</Speed>
      </Extensions>
     </Trackpoint>
     <Trackpoint>
      <Time>2026-06-10T08:06:47Z</Time>
      <Position>
       <LatitudeDegrees>35.6958599</LatitudeDegrees>
       <LongitudeDegrees>139.8037507</LongitudeDegrees>
      </Position>
      <AltitudeMeters>-1</AltitudeMeters>
      <DistanceMeters>2422</DistanceMeters>
      <HeartRateBpm>
       <Value>123</Value>
      </HeartRateBpm>
      <Cadence>76</Cadence>
      <Extensions>
       <Speed>6.550000</Speed>
      </Extensions>
     </Trackpoint>
     <Trackpoint>
      <Time>2026-06-10T08:06:48Z</Time>
      <Position>
       <LatitudeDegrees>35.6958607</LatitudeDegrees>
       <LongitudeDegrees>139.8037658</LongitudeDegrees>
      </Position>
      <AltitudeMeters>-1</AltitudeMeters>
      <DistanceMeters>2424</DistanceMeters>
      <HeartRateBpm>
       <Value>123</Value>
      </HeartRateBpm>
      <Cadence>76</Cadence>
      <Extensions>
       <Speed>6.520000</Speed>
      </Extensions>
     </Trackpoint>
     <Trackpoint>
      <Time>2026-06-10T08:06:49Z</Time>
      <Position>
       <LatitudeDegrees>35.6958612</LatitudeDegrees>
       <LongitudeDegrees>139.8037824</LongitudeDegrees>
      </Position>
      <AltitudeMeters>-1</AltitudeMeters>
      <DistanceMeters>2426</DistanceMeters>
      <HeartRateBpm>
       <Value>123</Value>
      </HeartRateBpm>
      <Cadence>76</Cadence>
      <Extensions>
       <Speed>6.490000</Speed>
      </Extensions>
     </Trackpoint>
     <Trackpoint>
      <Time>2026-06-10T08:06:50Z</Time>
      <Position>
       <LatitudeDegrees>35.6958618</LatitudeDegrees>
       <LongitudeDegrees>139.8037990</LongitudeDegrees>
      </Position>
      <AltitudeMeters>-1</AltitudeMeters>
      <DistanceMeters>2428</DistanceMeters>
      <HeartRateBpm>
       <Value>122</Value>
      </HeartRateBpm>
      <Cadence>76</Cadence>
      <Extensions>
       <Speed>6.460000</Speed>
      </Extensions>
     </Trackpoint>
     <Trackpoint>
      <Time>2026-06-10T08:06:51Z</Time>
      <Position>
       <LatitudeDegrees>35.6958627</LatitudeDegrees>
       <LongitudeDegrees>139.8038179</LongitudeDegrees>
      </Position>
      <AltitudeMeters>-1</AltitudeMeters>
      <DistanceMeters>2429</DistanceMeters>
      <HeartRateBpm>
       <Value>123</Value>
      </HeartRateBpm>
      <Cadence>76</Cadence>
      <Extensions>
       <Speed>6.440000</Speed>
      </Extensions>
     </Trackpoint>
     <Trackpoint>
      <Time>2026-06-10T08:06:52Z</Time>
      <Position>
       <LatitudeDegrees>35.6958636</LatitudeDegrees>
       <LongitudeDegrees>139.8038368</LongitudeDegrees>
      </Position>
      <AltitudeMeters>-1</AltitudeMeters>
      <DistanceMeters>2432</DistanceMeters>
      <HeartRateBpm>
       <Value>122</Value>
      </HeartRateBpm>
      <Cadence>76</Cadence>
      <Extensions>
       <Speed>6.430000</Speed>
      </Extensions>
     </Trackpoint>
     <Trackpoint>
      <Time>2026-06-10T08:06:53Z</Time>
      <Position>
       <LatitudeDegrees>35.6958639</LatitudeDegrees>
       <LongitudeDegrees>139.8038591</LongitudeDegrees>
      </Position>
      <AltitudeMeters>-1</AltitudeMeters>
      <DistanceMeters>2434</DistanceMeters>
      <HeartRateBpm>
       <Value>122</Value>
      </HeartRateBpm>
      <Cadence>76</Cadence>
      <Extensions>
       <Speed>6.420000</Speed>
      </Extensions>
     </Trackpoint>
     <Trackpoint>
      <Time>2026-06-10T08:06:54Z</Time>
      <Position>
       <LatitudeDegrees>35.6958643</LatitudeDegrees>
       <LongitudeDegrees>139.8038815</LongitudeDegrees>
      </Position>
      <AltitudeMeters>-1</AltitudeMeters>
      <DistanceMeters>2436</DistanceMeters>
      <HeartRateBpm>
       <Value>122</Value>
      </HeartRateBpm>
      <Cadence>75</Cadence>
      <Extensions>
       <Speed>6.420000</Speed>
      </Extensions>
     </Trackpoint>
     <Trackpoint>
      <Time>2026-06-10T08:06:55Z</Time>
      <Position>
       <LatitudeDegrees>35.6958647</LatitudeDegrees>
       <LongitudeDegrees>139.8039055</LongitudeDegrees>
      </Position>
      <AltitudeMeters>-1</AltitudeMeters>
      <DistanceMeters>2438</DistanceMeters>
      <HeartRateBpm>
       <Value>122</Value>
      </HeartRateBpm>
      <Cadence>75</Cadence>
      <Extensions>
       <Speed>6.420000</Speed>
      </Extensions>
     </Trackpoint>
     <Trackpoint>
      <Time>2026-06-10T08:06:56Z</Time>
      <Position>
       <LatitudeDegrees>35.6958652</LatitudeDegrees>
       <LongitudeDegrees>139.8039295</LongitudeDegrees>
      </Position>
      <AltitudeMeters>-1</AltitudeMeters>
      <DistanceMeters>2440</DistanceMeters>
      <HeartRateBpm>
       <Value>122</Value>
      </HeartRateBpm>
      <Cadence>75</Cadence>
      <Extensions>
       <Speed>6.490000</Speed>
      </Extensions>
     </Trackpoint>
     <Trackpoint>
      <Time>2026-06-10T08:06:57Z</Time>
      <Position>
       <LatitudeDegrees>35.6958655</LatitudeDegrees>
       <LongitudeDegrees>139.8039533</LongitudeDegrees>
      </Position>
      <AltitudeMeters>-1</AltitudeMeters>
      <DistanceMeters>2442</DistanceMeters>
      <HeartRateBpm>
       <Value>122</Value>
      </HeartRateBpm>
      <Cadence>74</Cadence>
      <Extensions>
       <Speed>6.570000</Speed>
      </Extensions>
     </Trackpoint>
     <Trackpoint>
      <Time>2026-06-10T08:06:58Z</Time>
      <Position>
       <LatitudeDegrees>35.6958658</LatitudeDegrees>
       <LongitudeDegrees>139.8039771</LongitudeDegrees>
      </Position>
      <AltitudeMeters>-1</AltitudeMeters>
      <DistanceMeters>2444</DistanceMeters>
      <HeartRateBpm>
       <Value>122</Value>
      </HeartRateBpm>
      <Cadence>74</Cadence>
      <Extensions>
       <Speed>6.630000</Speed>
      </Extensions>
     </Trackpoint>
     <Trackpoint>
      <Time>2026-06-10T08:06:59Z</Time>
      <Position>
       <LatitudeDegrees>35.6958654</LatitudeDegrees>
       <LongitudeDegrees>139.8039993</LongitudeDegrees>
      </Position>
      <AltitudeMeters>-1</AltitudeMeters>
      <DistanceMeters>2446</DistanceMeters>
      <HeartRateBpm>
       <Value>122</Value>
      </HeartRateBpm>
      <Cadence>74</Cadence>
      <Extensions>
       <Speed>6.700000</Speed>
      </Extensions>
     </Trackpoint>
     <Trackpoint>
      <Time>2026-06-10T08:07:00Z</Time>
      <Position>
       <LatitudeDegrees>35.6958650</LatitudeDegrees>
       <LongitudeDegrees>139.8040215</LongitudeDegrees>
      </Position>
      <AltitudeMeters>-1</AltitudeMeters>
      <DistanceMeters>2448</DistanceMeters>
      <HeartRateBpm>
       <Value>122</Value>
      </HeartRateBpm>
      <Cadence>74</Cadence>
      <Extensions>
       <Speed>6.740000</Speed>
      </Extensions>
     </Trackpoint>
     <Trackpoint>
      <Time>2026-06-10T08:07:01Z</Time>
      <Position>
       <LatitudeDegrees>35.6958629</LatitudeDegrees>
       <LongitudeDegrees>139.8040429</LongitudeDegrees>
      </Position>
      <AltitudeMeters>-1</AltitudeMeters>
      <DistanceMeters>2450</DistanceMeters>
      <HeartRateBpm>
       <Value>121</Value>
      </HeartRateBpm>
      <Cadence>75</Cadence>
      <Extensions>
       <Speed>6.790000</Speed>
      </Extensions>
     </Trackpoint>
     <Trackpoint>
      <Time>2026-06-10T08:07:02Z</Time>
      <Position>
       <LatitudeDegrees>35.6958609</LatitudeDegrees>
       <LongitudeDegrees>139.8040643</LongitudeDegrees>
      </Position>
      <AltitudeMeters>-1</AltitudeMeters>
      <DistanceMeters>2452</DistanceMeters>
      <HeartRateBpm>
       <Value>121</Value>
      </HeartRateBpm>
      <Cadence>75</Cadence>
      <Extensions>
       <Speed>6.830000</Speed>
      </Extensions>
     </Trackpoint>
     <Trackpoint>
      <Time>2026-06-10T08:07:03Z</Time>
      <Position>
       <LatitudeDegrees>35.6958589</LatitudeDegrees>
       <LongitudeDegrees>139.8040841</LongitudeDegrees>
      </Position>
      <AltitudeMeters>-1</AltitudeMeters>
      <DistanceMeters>2453</DistanceMeters>
      <HeartRateBpm>
       <Value>121</Value>
      </HeartRateBpm>
      <Cadence>76</Cadence>
      <Extensions>
       <Speed>6.870000</Speed>
      </Extensions>
     </Trackpoint>
     <Trackpoint>
      <Time>2026-06-10T08:07:04Z</Time>
      <Position>
       <LatitudeDegrees>35.6958570</LatitudeDegrees>
       <LongitudeDegrees>139.8041039</LongitudeDegrees>
      </Position>
      <AltitudeMeters>-1</AltitudeMeters>
      <DistanceMeters>2455</DistanceMeters>
      <HeartRateBpm>
       <Value>121</Value>
      </HeartRateBpm>
      <Cadence>76</Cadence>
      <Extensions>
       <Speed>6.930000</Speed>
      </Extensions>
     </Trackpoint>
     <Trackpoint>
      <Time>2026-06-10T08:07:05Z</Time>
      <Position>
       <LatitudeDegrees>35.6958540</LatitudeDegrees>
       <LongitudeDegrees>139.8041237</LongitudeDegrees>
      </Position>
      <AltitudeMeters>-1</AltitudeMeters>
      <DistanceMeters>2457</DistanceMeters>
      <HeartRateBpm>
       <Value>121</Value>
      </HeartRateBpm>
      <Cadence>77</Cadence>
      <Extensions>
       <Speed>6.990000</Speed>
      </Extensions>
     </Trackpoint>
     <Trackpoint>
      <Time>2026-06-10T08:07:06Z</Time>
      <Position>
       <LatitudeDegrees>35.6958510</LatitudeDegrees>
       <LongitudeDegrees>139.8041436</LongitudeDegrees>
      </Position>
      <AltitudeMeters>-1</AltitudeMeters>
      <DistanceMeters>2459</DistanceMeters>
      <HeartRateBpm>
       <Value>120</Value>
      </HeartRateBpm>
      <Cadence>77</Cadence>
      <Extensions>
       <Speed>7.020000</Speed>
      </Extensions>
     </Trackpoint>
     <Trackpoint>
      <Time>2026-06-10T08:07:07Z</Time>
      <Position>
       <LatitudeDegrees>35.6958431</LatitudeDegrees>
       <LongitudeDegrees>139.8041626</LongitudeDegrees>
      </Position>
      <AltitudeMeters>-1</AltitudeMeters>
      <DistanceMeters>2461</DistanceMeters>
      <HeartRateBpm>
       <Value>120</Value>
      </HeartRateBpm>
      <Cadence>77</Cadence>
      <Extensions>
       <Speed>7.050000</Speed>
      </Extensions>
     </Trackpoint>
     <Trackpoint>
      <Time>2026-06-10T08:07:08Z</Time>
      <Position>
       <LatitudeDegrees>35.6958353</LatitudeDegrees>
       <LongitudeDegrees>139.8041816</LongitudeDegrees>
      </Position>
      <AltitudeMeters>-1</AltitudeMeters>
      <DistanceMeters>2463</DistanceMeters>
      <HeartRateBpm>
       <Value>120</Value>
      </HeartRateBpm>
      <Cadence>76</Cadence>
      <Extensions>
       <Speed>7.060000</Speed>
      </Extensions>
     </Trackpoint>
     <Trackpoint>
      <Time>2026-06-10T08:07:09Z</Time>
      <Position>
       <LatitudeDegrees>35.6958219</LatitudeDegrees>
       <LongitudeDegrees>139.8041972</LongitudeDegrees>
      </Position>
      <AltitudeMeters>-1</AltitudeMeters>
      <DistanceMeters>2465</DistanceMeters>
      <HeartRateBpm>
       <Value>120</Value>
      </HeartRateBpm>
      <Cadence>76</Cadence>
      <Extensions>
       <Speed>7.080000</Speed>
      </Extensions>
     </Trackpoint>
     <Trackpoint>
      <Time>2026-06-10T08:07:10Z</Time>
      <Position>
       <LatitudeDegrees>35.6958085</LatitudeDegrees>
       <LongitudeDegrees>139.8042128</LongitudeDegrees>
      </Position>
      <AltitudeMeters>-1</AltitudeMeters>
      <DistanceMeters>2468</DistanceMeters>
      <HeartRateBpm>
       <Value>121</Value>
      </HeartRateBpm>
      <Cadence>76</Cadence>
      <Extensions>
       <Speed>7.090000</Speed>
      </Extensions>
     </Trackpoint>
     <Trackpoint>
      <Time>2026-06-10T08:07:11Z</Time>
      <Position>
       <LatitudeDegrees>35.6957917</LatitudeDegrees>
       <LongitudeDegrees>139.8042265</LongitudeDegrees>
      </Position>
      <AltitudeMeters>-1</AltitudeMeters>
      <DistanceMeters>2470</DistanceMeters>
      <HeartRateBpm>
       <Value>120</Value>
      </HeartRateBpm>
      <Cadence>76</Cadence>
      <Extensions>
       <Speed>7.100000</Speed>
      </Extensions>
     </Trackpoint>
     <Trackpoint>
      <Time>2026-06-10T08:07:12Z</Time>
      <Position>
       <LatitudeDegrees>35.6957750</LatitudeDegrees>
       <LongitudeDegrees>139.8042403</LongitudeDegrees>
      </Position>
      <AltitudeMeters>-1</AltitudeMeters>
      <DistanceMeters>2472</DistanceMeters>
      <HeartRateBpm>
       <Value>120</Value>
      </HeartRateBpm>
      <Cadence>76</Cadence>
      <Extensions>
       <Speed>7.110000</Speed>
      </Extensions>
     </Trackpoint>
     <Trackpoint>
      <Time>2026-06-10T08:07:13Z</Time>
      <Position>
       <LatitudeDegrees>35.6957586</LatitudeDegrees>
       <LongitudeDegrees>139.8042506</LongitudeDegrees>
      </Position>
      <AltitudeMeters>-1</AltitudeMeters>
      <DistanceMeters>2474</DistanceMeters>
      <HeartRateBpm>
       <Value>120</Value>
      </HeartRateBpm>
      <Cadence>76</Cadence>
      <Extensions>
       <Speed>7.120000</Speed>
      </Extensions>
     </Trackpoint>
     <Trackpoint>
      <Time>2026-06-10T08:07:14Z</Time>
      <Position>
       <LatitudeDegrees>35.6957422</LatitudeDegrees>
       <LongitudeDegrees>139.8042609</LongitudeDegrees>
      </Position>
      <AltitudeMeters>-1</AltitudeMeters>
      <DistanceMeters>2476</DistanceMeters>
      <HeartRateBpm>
       <Value>120</Value>
      </HeartRateBpm>
      <Cadence>76</Cadence>
      <Extensions>
       <Speed>7.120000</Speed>
      </Extensions>
     </Trackpoint>
     <Trackpoint>
      <Time>2026-06-10T08:07:15Z</Time>
      <Position>
       <LatitudeDegrees>35.6957272</LatitudeDegrees>
       <LongitudeDegrees>139.8042662</LongitudeDegrees>
      </Position>
      <AltitudeMeters>-1</AltitudeMeters>
      <DistanceMeters>2477</DistanceMeters>
      <HeartRateBpm>
       <Value>120</Value>
      </HeartRateBpm>
      <Cadence>76</Cadence>
      <Extensions>
       <Speed>7.130000</Speed>
      </Extensions>
     </Trackpoint>
     <Trackpoint>
      <Time>2026-06-10T08:07:16Z</Time>
      <Position>
       <LatitudeDegrees>35.6957122</LatitudeDegrees>
       <LongitudeDegrees>139.8042716</LongitudeDegrees>
      </Position>
      <AltitudeMeters>-1</AltitudeMeters>
      <DistanceMeters>2478</DistanceMeters>
      <HeartRateBpm>
       <Value>120</Value>
      </HeartRateBpm>
      <Cadence>76</Cadence>
      <Extensions>
       <Speed>7.130000</Speed>
      </Extensions>
     </Trackpoint>
     <Trackpoint>
      <Time>2026-06-10T08:07:17Z</Time>
      <Position>
       <LatitudeDegrees>35.6956977</LatitudeDegrees>
       <LongitudeDegrees>139.8042756</LongitudeDegrees>
      </Position>
      <AltitudeMeters>-1</AltitudeMeters>
      <DistanceMeters>2480</DistanceMeters>
      <HeartRateBpm>
       <Value>120</Value>
      </HeartRateBpm>
      <Cadence>76</Cadence>
      <Extensions>
       <Speed>7.140000</Speed>
      </Extensions>
     </Trackpoint>
     <Trackpoint>
      <Time>2026-06-10T08:07:18Z</Time>
      <Position>
       <LatitudeDegrees>35.6956832</LatitudeDegrees>
       <LongitudeDegrees>139.8042797</LongitudeDegrees>
      </Position>
      <AltitudeMeters>-1</AltitudeMeters>
      <DistanceMeters>2482</DistanceMeters>
      <HeartRateBpm>
       <Value>120</Value>
      </HeartRateBpm>
      <Cadence>76</Cadence>
      <Extensions>
       <Speed>7.110000</Speed>
      </Extensions>
     </Trackpoint>
     <Trackpoint>
      <Time>2026-06-10T08:07:19Z</Time>
      <Position>
       <LatitudeDegrees>35.6956685</LatitudeDegrees>
       <LongitudeDegrees>139.8042833</LongitudeDegrees>
      </Position>
      <AltitudeMeters>-1</AltitudeMeters>
      <DistanceMeters>2484</DistanceMeters>
      <HeartRateBpm>
       <Value>121</Value>
      </HeartRateBpm>
      <Cadence>75</Cadence>
      <Extensions>
       <Speed>7.090000</Speed>
      </Extensions>
     </Trackpoint>
     <Trackpoint>
      <Time>2026-06-10T08:07:20Z</Time>
      <Position>
       <LatitudeDegrees>35.6956538</LatitudeDegrees>
       <LongitudeDegrees>139.8042869</LongitudeDegrees>
      </Position>
      <AltitudeMeters>-1</AltitudeMeters>
      <DistanceMeters>2486</DistanceMeters>
      <HeartRateBpm>
       <Value>121</Value>
      </HeartRateBpm>
      <Cadence>75</Cadence>
      <Extensions>
       <Speed>7.060000</Speed>
      </Extensions>
     </Trackpoint>
     <Trackpoint>
      <Time>2026-06-10T08:07:21Z</Time>
      <Position>
       <LatitudeDegrees>35.6956383</LatitudeDegrees>
       <LongitudeDegrees>139.8042890</LongitudeDegrees>
      </Position>
      <AltitudeMeters>-1</AltitudeMeters>
      <DistanceMeters>2487</DistanceMeters>
      <HeartRateBpm>
       <Value>121</Value>
      </HeartRateBpm>
      <Cadence>75</Cadence>
      <Extensions>
       <Speed>7.030000</Speed>
      </Extensions>
     </Trackpoint>
     <Trackpoint>
      <Time>2026-06-10T08:07:22Z</Time>
      <Position>
       <LatitudeDegrees>35.6956229</LatitudeDegrees>
       <LongitudeDegrees>139.8042912</LongitudeDegrees>
      </Position>
      <AltitudeMeters>-1</AltitudeMeters>
      <DistanceMeters>2489</DistanceMeters>
      <HeartRateBpm>
       <Value>121</Value>
      </HeartRateBpm>
      <Cadence>75</Cadence>
      <Extensions>
       <Speed>7.010000</Speed>
      </Extensions>
     </Trackpoint>
     <Trackpoint>
      <Time>2026-06-10T08:07:23Z</Time>
      <Position>
       <LatitudeDegrees>35.6956064</LatitudeDegrees>
       <LongitudeDegrees>139.8042911</LongitudeDegrees>
      </Position>
      <AltitudeMeters>-1</AltitudeMeters>
      <DistanceMeters>2491</DistanceMeters>
      <HeartRateBpm>
       <Value>121</Value>
      </HeartRateBpm>
      <Cadence>75</Cadence>
      <Extensions>
       <Speed>6.990000</Speed>
      </Extensions>
     </Trackpoint>
     <Trackpoint>
      <Time>2026-06-10T08:07:24Z</Time>
      <Position>
       <LatitudeDegrees>35.6955900</LatitudeDegrees>
       <LongitudeDegrees>139.8042911</LongitudeDegrees>
      </Position>
      <AltitudeMeters>-1</AltitudeMeters>
      <DistanceMeters>2493</DistanceMeters>
      <HeartRateBpm>
       <Value>121</Value>
      </HeartRateBpm>
      <Cadence>75</Cadence>
      <Extensions>
       <Speed>6.980000</Speed>
      </Extensions>
     </Trackpoint>
     <Trackpoint>
      <Time>2026-06-10T08:07:25Z</Time>
      <Position>
       <LatitudeDegrees>35.6955736</LatitudeDegrees>
       <LongitudeDegrees>139.8042891</LongitudeDegrees>
      </Position>
      <AltitudeMeters>-1</AltitudeMeters>
      <DistanceMeters>2495</DistanceMeters>
      <HeartRateBpm>
       <Value>121</Value>
      </HeartRateBpm>
      <Cadence>76</Cadence>
      <Extensions>
       <Speed>6.970000</Speed>
      </Extensions>
     </Trackpoint>
     <Trackpoint>
      <Time>2026-06-10T08:07:26Z</Time>
      <Position>
       <LatitudeDegrees>35.6955572</LatitudeDegrees>
       <LongitudeDegrees>139.8042871</LongitudeDegrees>
      </Position>
      <AltitudeMeters>-1</AltitudeMeters>
      <DistanceMeters>2496</DistanceMeters>
      <HeartRateBpm>
       <Value>121</Value>
      </HeartRateBpm>
      <Cadence>76</Cadence>
      <Extensions>
       <Speed>6.960000</Speed>
      </Extensions>
     </Trackpoint>
     <Trackpoint>
      <Time>2026-06-10T08:07:27Z</Time>
      <Position>
       <LatitudeDegrees>35.6955414</LatitudeDegrees>
       <LongitudeDegrees>139.8042855</LongitudeDegrees>
      </Position>
      <AltitudeMeters>-1</AltitudeMeters>
      <DistanceMeters>2498</DistanceMeters>
      <HeartRateBpm>
       <Value>121</Value>
      </HeartRateBpm>
      <Cadence>76</Cadence>
      <Extensions>
       <Speed>6.950000</Speed>
      </Extensions>
     </Trackpoint>
     <Trackpoint>
      <Time>2026-06-10T08:07:28Z</Time>
      <Position>
       <LatitudeDegrees>35.6955257</LatitudeDegrees>
       <LongitudeDegrees>139.8042839</LongitudeDegrees>
      </Position>
      <AltitudeMeters>-1</AltitudeMeters>
      <DistanceMeters>2500</DistanceMeters>
      <HeartRateBpm>
       <Value>121</Value>
      </HeartRateBpm>
      <Cadence>75</Cadence>
      <Extensions>
       <Speed>6.930000</Speed>
      </Extensions>
     </Trackpoint>
     <Trackpoint>
      <Time>2026-06-10T08:07:29Z</Time>
      <Position>
       <LatitudeDegrees>35.6955110</LatitudeDegrees>
       <LongitudeDegrees>139.8042854</LongitudeDegrees>
      </Position>
      <AltitudeMeters>-1</AltitudeMeters>
      <DistanceMeters>2501</DistanceMeters>
      <HeartRateBpm>
       <Value>121</Value>
      </HeartRateBpm>
      <Cadence>75</Cadence>
      <Extensions>
       <Speed>6.920000</Speed>
      </Extensions>
     </Trackpoint>
     <Trackpoint>
      <Time>2026-06-10T08:07:30Z</Time>
      <Position>
       <LatitudeDegrees>35.6954964</LatitudeDegrees>
       <LongitudeDegrees>139.8042870</LongitudeDegrees>
      </Position>
      <AltitudeMeters>-1</AltitudeMeters>
      <DistanceMeters>2502</DistanceMeters>
      <HeartRateBpm>
       <Value>121</Value>
      </HeartRateBpm>
      <Cadence>75</Cadence>
      <Extensions>
       <Speed>6.900000</Speed>
      </Extensions>
     </Trackpoint>
     <Trackpoint>
      <Time>2026-06-10T08:07:31Z</Time>
      <Position>
       <LatitudeDegrees>35.6954863</LatitudeDegrees>
       <LongitudeDegrees>139.8042923</LongitudeDegrees>
      </Position>
      <AltitudeMeters>-1</AltitudeMeters>
      <DistanceMeters>2503</DistanceMeters>
      <HeartRateBpm>
       <Value>121</Value>
      </HeartRateBpm>
      <Cadence>76</Cadence>
      <Extensions>
       <Speed>6.890000</Speed>
      </Extensions>
     </Trackpoint>
     <Trackpoint>
      <Time>2026-06-10T08:07:32Z</Time>
      <Position>
       <LatitudeDegrees>35.6954762</LatitudeDegrees>
       <LongitudeDegrees>139.8042977</LongitudeDegrees>
      </Position>
      <AltitudeMeters>-1</AltitudeMeters>
      <DistanceMeters>2504</DistanceMeters>
      <HeartRateBpm>
       <Value>121</Value>
      </HeartRateBpm>
      <Cadence>75</Cadence>
      <Extensions>
       <Speed>6.870000</Speed>
      </Extensions>
     </Trackpoint>
     <Trackpoint>
      <Time>2026-06-10T08:07:33Z</Time>
      <Position>
       <LatitudeDegrees>35.6954729</LatitudeDegrees>
       <LongitudeDegrees>139.8043095</LongitudeDegrees>
      </Position>
      <AltitudeMeters>-1</AltitudeMeters>
      <DistanceMeters>2506</DistanceMeters>
      <HeartRateBpm>
       <Value>120</Value>
      </HeartRateBpm>
      <Cadence>75</Cadence>
      <Extensions>
       <Speed>6.850000</Speed>
      </Extensions>
     </Trackpoint>
     <Trackpoint>
      <Time>2026-06-10T08:07:34Z</Time>
      <Position>
       <LatitudeDegrees>35.6954697</LatitudeDegrees>
       <LongitudeDegrees>139.8043214</LongitudeDegrees>
      </Position>
      <AltitudeMeters>-1</AltitudeMeters>
      <DistanceMeters>2508</DistanceMeters>
      <HeartRateBpm>
       <Value>120</Value>
      </HeartRateBpm>
      <Cadence>75</Cadence>
      <Extensions>
       <Speed>6.820000</Speed>
      </Extensions>
     </Trackpoint>
     <Trackpoint>
      <Time>2026-06-10T08:07:35Z</Time>
      <Position>
       <LatitudeDegrees>35.6954712</LatitudeDegrees>
       <LongitudeDegrees>139.8043378</LongitudeDegrees>
      </Position>
      <AltitudeMeters>-1</AltitudeMeters>
      <DistanceMeters>2509</DistanceMeters>
      <HeartRateBpm>
       <Value>120</Value>
      </HeartRateBpm>
      <Cadence>75</Cadence>
      <Extensions>
       <Speed>6.800000</Speed>
      </Extensions>
     </Trackpoint>
     <Trackpoint>
      <Time>2026-06-10T08:07:36Z</Time>
      <Position>
       <LatitudeDegrees>35.6954728</LatitudeDegrees>
       <LongitudeDegrees>139.8043542</LongitudeDegrees>
      </Position>
      <AltitudeMeters>-1</AltitudeMeters>
      <DistanceMeters>2510</DistanceMeters>
      <HeartRateBpm>
       <Value>120</Value>
      </HeartRateBpm>
      <Cadence>75</Cadence>
      <Extensions>
       <Speed>6.770000</Speed>
      </Extensions>
     </Trackpoint>
     <Trackpoint>
      <Time>2026-06-10T08:07:37Z</Time>
      <Position>
       <LatitudeDegrees>35.6954768</LatitudeDegrees>
       <LongitudeDegrees>139.8043714</LongitudeDegrees>
      </Position>
      <AltitudeMeters>-1</AltitudeMeters>
      <DistanceMeters>2512</DistanceMeters>
      <HeartRateBpm>
       <Value>120</Value>
      </HeartRateBpm>
      <Cadence>75</Cadence>
      <Extensions>
       <Speed>6.740000</Speed>
      </Extensions>
     </Trackpoint>
     <Trackpoint>
      <Time>2026-06-10T08:07:38Z</Time>
      <Position>
       <LatitudeDegrees>35.6954809</LatitudeDegrees>
       <LongitudeDegrees>139.8043886</LongitudeDegrees>
      </Position>
      <AltitudeMeters>-1</AltitudeMeters>
      <DistanceMeters>2514</DistanceMeters>
      <HeartRateBpm>
       <Value>121</Value>
      </HeartRateBpm>
      <Cadence>75</Cadence>
      <Extensions>
       <Speed>6.720000</Speed>
      </Extensions>
     </Trackpoint>
     <Trackpoint>
      <Time>2026-06-10T08:07:39Z</Time>
      <Position>
       <LatitudeDegrees>35.6954847</LatitudeDegrees>
       <LongitudeDegrees>139.8044067</LongitudeDegrees>
      </Position>
      <AltitudeMeters>-1</AltitudeMeters>
      <DistanceMeters>2516</DistanceMeters>
      <HeartRateBpm>
       <Value>121</Value>
      </HeartRateBpm>
      <Cadence>75</Cadence>
      <Extensions>
       <Speed>6.700000</Speed>
      </Extensions>
     </Trackpoint>
     <Trackpoint>
      <Time>2026-06-10T08:07:40Z</Time>
      <Position>
       <LatitudeDegrees>35.6954886</LatitudeDegrees>
       <LongitudeDegrees>139.8044248</LongitudeDegrees>
      </Position>
      <AltitudeMeters>-1</AltitudeMeters>
      <DistanceMeters>2518</DistanceMeters>
      <HeartRateBpm>
       <Value>121</Value>
      </HeartRateBpm>
      <Cadence>75</Cadence>
      <Extensions>
       <Speed>6.630000</Speed>
      </Extensions>
     </Trackpoint>
     <Trackpoint>
      <Time>2026-06-10T08:07:41Z</Time>
      <Position>
       <LatitudeDegrees>35.6954914</LatitudeDegrees>
       <LongitudeDegrees>139.8044444</LongitudeDegrees>
      </Position>
      <AltitudeMeters>-1</AltitudeMeters>
      <DistanceMeters>2520</DistanceMeters>
      <HeartRateBpm>
       <Value>121</Value>
      </HeartRateBpm>
      <Cadence>74</Cadence>
      <Extensions>
       <Speed>6.570000</Speed>
      </Extensions>
     </Trackpoint>
     <Trackpoint>
      <Time>2026-06-10T08:07:42Z</Time>
      <Position>
       <LatitudeDegrees>35.6954943</LatitudeDegrees>
       <LongitudeDegrees>139.8044641</LongitudeDegrees>
      </Position>
      <AltitudeMeters>-1</AltitudeMeters>
      <DistanceMeters>2522</DistanceMeters>
      <HeartRateBpm>
       <Value>121</Value>
      </HeartRateBpm>
      <Cadence>74</Cadence>
      <Extensions>
       <Speed>6.520000</Speed>
      </Extensions>
     </Trackpoint>
     <Trackpoint>
      <Time>2026-06-10T08:07:43Z</Time>
      <Position>
       <LatitudeDegrees>35.6954957</LatitudeDegrees>
       <LongitudeDegrees>139.8044840</LongitudeDegrees>
      </Position>
      <AltitudeMeters>-1</AltitudeMeters>
      <DistanceMeters>2523</DistanceMeters>
      <HeartRateBpm>
       <Value>121</Value>
      </HeartRateBpm>
      <Cadence>74</Cadence>
      <Extensions>
       <Speed>6.480000</Speed>
      </Extensions>
     </Trackpoint>
     <Trackpoint>
      <Time>2026-06-10T08:07:44Z</Time>
      <Position>
       <LatitudeDegrees>35.6954972</LatitudeDegrees>
       <LongitudeDegrees>139.8045039</LongitudeDegrees>
      </Position>
      <AltitudeMeters>-1</AltitudeMeters>
      <DistanceMeters>2524</DistanceMeters>
      <HeartRateBpm>
       <Value>121</Value>
      </HeartRateBpm>
      <Cadence>74</Cadence>
      <Extensions>
       <Speed>6.460000</Speed>
      </Extensions>
     </Trackpoint>
     <Trackpoint>
      <Time>2026-06-10T08:07:45Z</Time>
      <Position>
       <LatitudeDegrees>35.6954981</LatitudeDegrees>
       <LongitudeDegrees>139.8045224</LongitudeDegrees>
      </Position>
      <AltitudeMeters>-1</AltitudeMeters>
      <DistanceMeters>2526</DistanceMeters>
      <HeartRateBpm>
       <Value>121</Value>
      </HeartRateBpm>
      <Cadence>74</Cadence>
      <Extensions>
       <Speed>6.450000</Speed>
      </Extensions>
     </Trackpoint>
     <Trackpoint>
      <Time>2026-06-10T08:07:46Z</Time>
      <Position>
       <LatitudeDegrees>35.6954990</LatitudeDegrees>
       <LongitudeDegrees>139.8045409</LongitudeDegrees>
      </Position>
      <AltitudeMeters>-1</AltitudeMeters>
      <DistanceMeters>2528</DistanceMeters>
      <HeartRateBpm>
       <Value>121</Value>
      </HeartRateBpm>
      <Cadence>74</Cadence>
      <Extensions>
       <Speed>6.440000</Speed>
      </Extensions>
     </Trackpoint>
     <Trackpoint>
      <Time>2026-06-10T08:07:47Z</Time>
      <Position>
       <LatitudeDegrees>35.6954994</LatitudeDegrees>
       <LongitudeDegrees>139.8045577</LongitudeDegrees>
      </Position>
      <AltitudeMeters>-1</AltitudeMeters>
      <DistanceMeters>2529</DistanceMeters>
      <HeartRateBpm>
       <Value>121</Value>
      </HeartRateBpm>
      <Cadence>74</Cadence>
      <Extensions>
       <Speed>6.440000</Speed>
      </Extensions>
     </Trackpoint>
     <Trackpoint>
      <Time>2026-06-10T08:07:48Z</Time>
      <Position>
       <LatitudeDegrees>35.6954999</LatitudeDegrees>
       <LongitudeDegrees>139.8045745</LongitudeDegrees>
      </Position>
      <AltitudeMeters>-1</AltitudeMeters>
      <DistanceMeters>2530</DistanceMeters>
      <HeartRateBpm>
       <Value>120</Value>
      </HeartRateBpm>
      <Cadence>74</Cadence>
      <Extensions>
       <Speed>6.430000</Speed>
      </Extensions>
     </Trackpoint>
     <Trackpoint>
      <Time>2026-06-10T08:07:49Z</Time>
      <Position>
       <LatitudeDegrees>35.6955001</LatitudeDegrees>
       <LongitudeDegrees>139.8045909</LongitudeDegrees>
      </Position>
      <AltitudeMeters>-1</AltitudeMeters>
      <DistanceMeters>2532</DistanceMeters>
      <HeartRateBpm>
       <Value>120</Value>
      </HeartRateBpm>
      <Cadence>75</Cadence>
      <Extensions>
       <Speed>6.430000</Speed>
      </Extensions>
     </Trackpoint>
     <Trackpoint>
      <Time>2026-06-10T08:07:50Z</Time>
      <Position>
       <LatitudeDegrees>35.6955003</LatitudeDegrees>
       <LongitudeDegrees>139.8046074</LongitudeDegrees>
      </Position>
      <AltitudeMeters>-1</AltitudeMeters>
      <DistanceMeters>2534</DistanceMeters>
      <HeartRateBpm>
       <Value>120</Value>
      </HeartRateBpm>
      <Cadence>74</Cadence>
      <Extensions>
       <Speed>6.410000</Speed>
      </Extensions>
     </Trackpoint>
     <Trackpoint>
      <Time>2026-06-10T08:07:51Z</Time>
      <Position>
       <LatitudeDegrees>35.6954989</LatitudeDegrees>
       <LongitudeDegrees>139.8046267</LongitudeDegrees>
      </Position>
      <AltitudeMeters>-1</AltitudeMeters>
      <DistanceMeters>2536</DistanceMeters>
      <HeartRateBpm>
       <Value>120</Value>
      </HeartRateBpm>
      <Cadence>74</Cadence>
      <Extensions>
       <Speed>6.400000</Speed>
      </Extensions>
     </Trackpoint>
     <Trackpoint>
      <Time>2026-06-10T08:07:52Z</Time>
      <Position>
       <LatitudeDegrees>35.6954976</LatitudeDegrees>
       <LongitudeDegrees>139.8046461</LongitudeDegrees>
      </Position>
      <AltitudeMeters>-1</AltitudeMeters>
      <DistanceMeters>2538</DistanceMeters>
      <HeartRateBpm>
       <Value>119</Value>
      </HeartRateBpm>
      <Cadence>74</Cadence>
      <Extensions>
       <Speed>6.390000</Speed>
      </Extensions>
     </Trackpoint>
     <Trackpoint>
      <Time>2026-06-10T08:07:53Z</Time>
      <Position>
       <LatitudeDegrees>35.6954945</LatitudeDegrees>
       <LongitudeDegrees>139.8046687</LongitudeDegrees>
      </Position>
      <AltitudeMeters>-1</AltitudeMeters>
      <DistanceMeters>2541</DistanceMeters>
      <HeartRateBpm>
       <Value>119</Value>
      </HeartRateBpm>
      <Cadence>74</Cadence>
      <Extensions>
       <Speed>6.380000</Speed>
      </Extensions>
     </Trackpoint>
     <Trackpoint>
      <Time>2026-06-10T08:07:54Z</Time>
      <Position>
       <LatitudeDegrees>35.6954914</LatitudeDegrees>
       <LongitudeDegrees>139.8046914</LongitudeDegrees>
      </Position>
      <AltitudeMeters>-1</AltitudeMeters>
      <DistanceMeters>2543</DistanceMeters>
      <HeartRateBpm>
       <Value>119</Value>
      </HeartRateBpm>
      <Cadence>74</Cadence>
      <Extensions>
       <Speed>6.400000</Speed>
      </Extensions>
     </Trackpoint>
     <Trackpoint>
      <Time>2026-06-10T08:07:55Z</Time>
      <Position>
       <LatitudeDegrees>35.6954881</LatitudeDegrees>
       <LongitudeDegrees>139.8047151</LongitudeDegrees>
      </Position>
      <AltitudeMeters>-1</AltitudeMeters>
      <DistanceMeters>2545</DistanceMeters>
      <HeartRateBpm>
       <Value>119</Value>
      </HeartRateBpm>
      <Cadence>75</Cadence>
      <Extensions>
       <Speed>6.420000</Speed>
      </Extensions>
     </Trackpoint>
     <Trackpoint>
      <Time>2026-06-10T08:07:56Z</Time>
      <Position>
       <LatitudeDegrees>35.6954849</LatitudeDegrees>
       <LongitudeDegrees>139.8047389</LongitudeDegrees>
      </Position>
      <AltitudeMeters>-1</AltitudeMeters>
      <DistanceMeters>2546</DistanceMeters>
      <HeartRateBpm>
       <Value>119</Value>
      </HeartRateBpm>
      <Cadence>75</Cadence>
      <Extensions>
       <Speed>6.500000</Speed>
      </Extensions>
     </Trackpoint>
     <Trackpoint>
      <Time>2026-06-10T08:07:57Z</Time>
      <Position>
       <LatitudeDegrees>35.6954831</LatitudeDegrees>
       <LongitudeDegrees>139.8047599</LongitudeDegrees>
      </Position>
      <AltitudeMeters>-1</AltitudeMeters>
      <DistanceMeters>2548</DistanceMeters>
      <HeartRateBpm>
       <Value>119</Value>
      </HeartRateBpm>
      <Cadence>75</Cadence>
      <Extensions>
       <Speed>6.590000</Speed>
      </Extensions>
     </Trackpoint>
     <Trackpoint>
      <Time>2026-06-10T08:07:58Z</Time>
      <Position>
       <LatitudeDegrees>35.6954813</LatitudeDegrees>
       <LongitudeDegrees>139.8047810</LongitudeDegrees>
      </Position>
      <AltitudeMeters>-1</AltitudeMeters>
      <DistanceMeters>2550</DistanceMeters>
      <HeartRateBpm>
       <Value>119</Value>
      </HeartRateBpm>
      <Cadence>75</Cadence>
      <Extensions>
       <Speed>6.700000</Speed>
      </Extensions>
     </Trackpoint>
     <Trackpoint>
      <Time>2026-06-10T08:07:59Z</Time>
      <Position>
       <LatitudeDegrees>35.6954766</LatitudeDegrees>
       <LongitudeDegrees>139.8047986</LongitudeDegrees>
      </Position>
      <AltitudeMeters>-1</AltitudeMeters>
      <DistanceMeters>2551</DistanceMeters>
      <HeartRateBpm>
       <Value>119</Value>
      </HeartRateBpm>
      <Cadence>76</Cadence>
      <Extensions>
       <Speed>6.820000</Speed>
      </Extensions>
     </Trackpoint>
     <Trackpoint>
      <Time>2026-06-10T08:08:00Z</Time>
      <Position>
       <LatitudeDegrees>35.6954719</LatitudeDegrees>
       <LongitudeDegrees>139.8048163</LongitudeDegrees>
      </Position>
      <AltitudeMeters>-1</AltitudeMeters>
      <DistanceMeters>2553</DistanceMeters>
      <HeartRateBpm>
       <Value>119</Value>
      </HeartRateBpm>
      <Cadence>76</Cadence>
      <Extensions>
       <Speed>6.870000</Speed>
      </Extensions>
     </Trackpoint>
     <Trackpoint>
      <Time>2026-06-10T08:08:01Z</Time>
      <Position>
       <LatitudeDegrees>35.6954602</LatitudeDegrees>
       <LongitudeDegrees>139.8048274</LongitudeDegrees>
      </Position>
      <AltitudeMeters>-1</AltitudeMeters>
      <DistanceMeters>2555</DistanceMeters>
      <HeartRateBpm>
       <Value>119</Value>
      </HeartRateBpm>
      <Cadence>77</Cadence>
      <Extensions>
       <Speed>6.930000</Speed>
      </Extensions>
     </Trackpoint>
     <Trackpoint>
      <Time>2026-06-10T08:08:02Z</Time>
      <Position>
       <LatitudeDegrees>35.6954486</LatitudeDegrees>
       <LongitudeDegrees>139.8048386</LongitudeDegrees>
      </Position>
      <AltitudeMeters>-1</AltitudeMeters>
      <DistanceMeters>2558</DistanceMeters>
      <HeartRateBpm>
       <Value>119</Value>
      </HeartRateBpm>
      <Cadence>77</Cadence>
      <Extensions>
       <Speed>6.910000</Speed>
      </Extensions>
     </Trackpoint>
     <Trackpoint>
      <Time>2026-06-10T08:08:03Z</Time>
      <Position>
       <LatitudeDegrees>35.6954308</LatitudeDegrees>
       <LongitudeDegrees>139.8048425</LongitudeDegrees>
      </Position>
      <AltitudeMeters>-1</AltitudeMeters>
      <DistanceMeters>2560</DistanceMeters>
      <HeartRateBpm>
       <Value>119</Value>
      </HeartRateBpm>
      <Cadence>78</Cadence>
      <Extensions>
       <Speed>6.900000</Speed>
      </Extensions>
     </Trackpoint>
     <Trackpoint>
      <Time>2026-06-10T08:08:04Z</Time>
      <Position>
       <LatitudeDegrees>35.6954130</LatitudeDegrees>
       <LongitudeDegrees>139.8048464</LongitudeDegrees>
      </Position>
      <AltitudeMeters>-1</AltitudeMeters>
      <DistanceMeters>2562</DistanceMeters>
      <HeartRateBpm>
       <Value>119</Value>
      </HeartRateBpm>
      <Cadence>78</Cadence>
      <Extensions>
       <Speed>6.890000</Speed>
      </Extensions>
     </Trackpoint>
     <Trackpoint>
      <Time>2026-06-10T08:08:05Z</Time>
      <Position>
       <LatitudeDegrees>35.6953935</LatitudeDegrees>
       <LongitudeDegrees>139.8048450</LongitudeDegrees>
      </Position>
      <AltitudeMeters>-1</AltitudeMeters>
      <DistanceMeters>2564</DistanceMeters>
      <HeartRateBpm>
       <Value>119</Value>
      </HeartRateBpm>
      <Cadence>78</Cadence>
      <Extensions>
       <Speed>6.880000</Speed>
      </Extensions>
     </Trackpoint>
     <Trackpoint>
      <Time>2026-06-10T08:08:06Z</Time>
      <Position>
       <LatitudeDegrees>35.6953740</LatitudeDegrees>
       <LongitudeDegrees>139.8048436</LongitudeDegrees>
      </Position>
      <AltitudeMeters>-1</AltitudeMeters>
      <DistanceMeters>2566</DistanceMeters>
      <HeartRateBpm>
       <Value>119</Value>
      </HeartRateBpm>
      <Cadence>78</Cadence>
      <Extensions>
       <Speed>6.870000</Speed>
      </Extensions>
     </Trackpoint>
     <Trackpoint>
      <Time>2026-06-10T08:08:07Z</Time>
      <Position>
       <LatitudeDegrees>35.6953552</LatitudeDegrees>
       <LongitudeDegrees>139.8048429</LongitudeDegrees>
      </Position>
      <AltitudeMeters>-1</AltitudeMeters>
      <DistanceMeters>2568</DistanceMeters>
      <HeartRateBpm>
       <Value>119</Value>
      </HeartRateBpm>
      <Cadence>78</Cadence>
      <Extensions>
       <Speed>6.870000</Speed>
      </Extensions>
     </Trackpoint>
     <Trackpoint>
      <Time>2026-06-10T08:08:08Z</Time>
      <Position>
       <LatitudeDegrees>35.6953364</LatitudeDegrees>
       <LongitudeDegrees>139.8048423</LongitudeDegrees>
      </Position>
      <AltitudeMeters>-1</AltitudeMeters>
      <DistanceMeters>2570</DistanceMeters>
      <HeartRateBpm>
       <Value>120</Value>
      </HeartRateBpm>
      <Cadence>78</Cadence>
      <Extensions>
       <Speed>6.860000</Speed>
      </Extensions>
     </Trackpoint>
     <Trackpoint>
      <Time>2026-06-10T08:08:09Z</Time>
      <Position>
       <LatitudeDegrees>35.6953190</LatitudeDegrees>
       <LongitudeDegrees>139.8048440</LongitudeDegrees>
      </Position>
      <AltitudeMeters>-1</AltitudeMeters>
      <DistanceMeters>2571</DistanceMeters>
      <HeartRateBpm>
       <Value>120</Value>
      </HeartRateBpm>
      <Cadence>78</Cadence>
      <Extensions>
       <Speed>6.850000</Speed>
      </Extensions>
     </Trackpoint>
     <Trackpoint>
      <Time>2026-06-10T08:08:10Z</Time>
      <Position>
       <LatitudeDegrees>35.6953016</LatitudeDegrees>
       <LongitudeDegrees>139.8048458</LongitudeDegrees>
      </Position>
      <AltitudeMeters>-1</AltitudeMeters>
      <DistanceMeters>2573</DistanceMeters>
      <HeartRateBpm>
       <Value>121</Value>
      </HeartRateBpm>
      <Cadence>78</Cadence>
      <Extensions>
       <Speed>6.850000</Speed>
      </Extensions>
     </Trackpoint>
     <Trackpoint>
      <Time>2026-06-10T08:08:11Z</Time>
      <Position>
       <LatitudeDegrees>35.6952849</LatitudeDegrees>
       <LongitudeDegrees>139.8048499</LongitudeDegrees>
      </Position>
      <AltitudeMeters>-1</AltitudeMeters>
      <DistanceMeters>2575</DistanceMeters>
      <HeartRateBpm>
       <Value>121</Value>
      </HeartRateBpm>
      <Cadence>78</Cadence>
      <Extensions>
       <Speed>6.850000</Speed>
      </Extensions>
     </Trackpoint>
     <Trackpoint>
      <Time>2026-06-10T08:08:12Z</Time>
      <Position>
       <LatitudeDegrees>35.6952682</LatitudeDegrees>
       <LongitudeDegrees>139.8048540</LongitudeDegrees>
      </Position>
      <AltitudeMeters>-1</AltitudeMeters>
      <DistanceMeters>2578</DistanceMeters>
      <HeartRateBpm>
       <Value>121</Value>
      </HeartRateBpm>
      <Cadence>78</Cadence>
      <Extensions>
       <Speed>6.850000</Speed>
      </Extensions>
     </Trackpoint>
     <Trackpoint>
      <Time>2026-06-10T08:08:13Z</Time>
      <Position>
       <LatitudeDegrees>35.6952503</LatitudeDegrees>
       <LongitudeDegrees>139.8048593</LongitudeDegrees>
      </Position>
      <AltitudeMeters>-1</AltitudeMeters>
      <DistanceMeters>2580</DistanceMeters>
      <HeartRateBpm>
       <Value>122</Value>
      </HeartRateBpm>
      <Cadence>77</Cadence>
      <Extensions>
       <Speed>6.860000</Speed>
      </Extensions>
     </Trackpoint>
     <Trackpoint>
      <Time>2026-06-10T08:08:14Z</Time>
      <Position>
       <LatitudeDegrees>35.6952324</LatitudeDegrees>
       <LongitudeDegrees>139.8048647</LongitudeDegrees>
      </Position>
      <AltitudeMeters>-1</AltitudeMeters>
      <DistanceMeters>2582</DistanceMeters>
      <HeartRateBpm>
       <Value>122</Value>
      </HeartRateBpm>
      <Cadence>77</Cadence>
      <Extensions>
       <Speed>6.860000</Speed>
      </Extensions>
     </Trackpoint>
     <Trackpoint>
      <Time>2026-06-10T08:08:15Z</Time>
      <Position>
       <LatitudeDegrees>35.6952132</LatitudeDegrees>
       <LongitudeDegrees>139.8048718</LongitudeDegrees>
      </Position>
      <AltitudeMeters>-1</AltitudeMeters>
      <DistanceMeters>2584</DistanceMeters>
      <HeartRateBpm>
       <Value>122</Value>
      </HeartRateBpm>
      <Cadence>76</Cadence>
      <Extensions>
       <Speed>6.870000</Speed>
      </Extensions>
     </Trackpoint>
     <Trackpoint>
      <Time>2026-06-10T08:08:16Z</Time>
      <Position>
       <LatitudeDegrees>35.6951940</LatitudeDegrees>
       <LongitudeDegrees>139.8048790</LongitudeDegrees>
      </Position>
      <AltitudeMeters>-1</AltitudeMeters>
      <DistanceMeters>2586</DistanceMeters>
      <HeartRateBpm>
       <Value>122</Value>
      </HeartRateBpm>
      <Cadence>76</Cadence>
      <Extensions>
       <Speed>6.880000</Speed>
      </Extensions>
     </Trackpoint>
     <Trackpoint>
      <Time>2026-06-10T08:08:17Z</Time>
      <Position>
       <LatitudeDegrees>35.6951757</LatitudeDegrees>
       <LongitudeDegrees>139.8048854</LongitudeDegrees>
      </Position>
      <AltitudeMeters>-1</AltitudeMeters>
      <DistanceMeters>2588</DistanceMeters>
      <HeartRateBpm>
       <Value>122</Value>
      </HeartRateBpm>
      <Cadence>76</Cadence>
      <Extensions>
       <Speed>6.890000</Speed>
      </Extensions>
     </Trackpoint>
     <Trackpoint>
      <Time>2026-06-10T08:08:18Z</Time>
      <Position>
       <LatitudeDegrees>35.6951574</LatitudeDegrees>
       <LongitudeDegrees>139.8048919</LongitudeDegrees>
      </Position>
      <AltitudeMeters>-1</AltitudeMeters>
      <DistanceMeters>2590</DistanceMeters>
      <HeartRateBpm>
       <Value>122</Value>
      </HeartRateBpm>
      <Cadence>76</Cadence>
      <Extensions>
       <Speed>6.900000</Speed>
      </Extensions>
     </Trackpoint>
     <Trackpoint>
      <Time>2026-06-10T08:08:19Z</Time>
      <Position>
       <LatitudeDegrees>35.6951406</LatitudeDegrees>
       <LongitudeDegrees>139.8048948</LongitudeDegrees>
      </Position>
      <AltitudeMeters>-1</AltitudeMeters>
      <DistanceMeters>2592</DistanceMeters>
      <HeartRateBpm>
       <Value>122</Value>
      </HeartRateBpm>
      <Cadence>76</Cadence>
      <Extensions>
       <Speed>6.920000</Speed>
      </Extensions>
     </Trackpoint>
     <Trackpoint>
      <Time>2026-06-10T08:08:20Z</Time>
      <Position>
       <LatitudeDegrees>35.6951238</LatitudeDegrees>
       <LongitudeDegrees>139.8048978</LongitudeDegrees>
      </Position>
      <AltitudeMeters>-1</AltitudeMeters>
      <DistanceMeters>2594</DistanceMeters>
      <HeartRateBpm>
       <Value>122</Value>
      </HeartRateBpm>
      <Cadence>76</Cadence>
      <Extensions>
       <Speed>6.920000</Speed>
      </Extensions>
     </Trackpoint>
     <Trackpoint>
      <Time>2026-06-10T08:08:21Z</Time>
      <Position>
       <LatitudeDegrees>35.6951100</LatitudeDegrees>
       <LongitudeDegrees>139.8048987</LongitudeDegrees>
      </Position>
      <AltitudeMeters>-1</AltitudeMeters>
      <DistanceMeters>2595</DistanceMeters>
      <HeartRateBpm>
       <Value>122</Value>
      </HeartRateBpm>
      <Cadence>77</Cadence>
      <Extensions>
       <Speed>6.930000</Speed>
      </Extensions>
     </Trackpoint>
     <Trackpoint>
      <Time>2026-06-10T08:08:22Z</Time>
      <Position>
       <LatitudeDegrees>35.6950962</LatitudeDegrees>
       <LongitudeDegrees>139.8048996</LongitudeDegrees>
      </Position>
      <AltitudeMeters>-1</AltitudeMeters>
      <DistanceMeters>2595</DistanceMeters>
      <HeartRateBpm>
       <Value>122</Value>
      </HeartRateBpm>
      <Cadence>77</Cadence>
      <Extensions>
       <Speed>6.930000</Speed>
      </Extensions>
     </Trackpoint>
     <Trackpoint>
      <Time>2026-06-10T08:08:23Z</Time>
      <Position>
       <LatitudeDegrees>35.6950893</LatitudeDegrees>
       <LongitudeDegrees>139.8049061</LongitudeDegrees>
      </Position>
      <AltitudeMeters>-1</AltitudeMeters>
      <DistanceMeters>2595</DistanceMeters>
      <HeartRateBpm>
       <Value>121</Value>
      </HeartRateBpm>
      <Cadence>77</Cadence>
      <Extensions>
       <Speed>6.940000</Speed>
      </Extensions>
     </Trackpoint>
     <Trackpoint>
      <Time>2026-06-10T08:08:24Z</Time>
      <Position>
       <LatitudeDegrees>35.6950824</LatitudeDegrees>
       <LongitudeDegrees>139.8049127</LongitudeDegrees>
      </Position>
      <AltitudeMeters>-1</AltitudeMeters>
      <DistanceMeters>2598</DistanceMeters>
      <HeartRateBpm>
       <Value>121</Value>
      </HeartRateBpm>
      <Cadence>76</Cadence>
      <Extensions>
       <Speed>6.920000</Speed>
      </Extensions>
     </Trackpoint>
     <Trackpoint>
      <Time>2026-06-10T08:08:25Z</Time>
      <Position>
       <LatitudeDegrees>35.6950804</LatitudeDegrees>
       <LongitudeDegrees>139.8049292</LongitudeDegrees>
      </Position>
      <AltitudeMeters>-1</AltitudeMeters>
      <DistanceMeters>2600</DistanceMeters>
      <HeartRateBpm>
       <Value>121</Value>
      </HeartRateBpm>
      <Cadence>76</Cadence>
      <Extensions>
       <Speed>6.900000</Speed>
      </Extensions>
     </Trackpoint>
     <Trackpoint>
      <Time>2026-06-10T08:08:26Z</Time>
      <Position>
       <LatitudeDegrees>35.6950785</LatitudeDegrees>
       <LongitudeDegrees>139.8049457</LongitudeDegrees>
      </Position>
      <AltitudeMeters>-1</AltitudeMeters>
      <DistanceMeters>2602</DistanceMeters>
      <HeartRateBpm>
       <Value>121</Value>
      </HeartRateBpm>
      <Cadence>76</Cadence>
      <Extensions>
       <Speed>6.880000</Speed>
      </Extensions>
     </Trackpoint>
     <Trackpoint>
      <Time>2026-06-10T08:08:27Z</Time>
      <Position>
       <LatitudeDegrees>35.6950795</LatitudeDegrees>
       <LongitudeDegrees>139.8049681</LongitudeDegrees>
      </Position>
      <AltitudeMeters>-1</AltitudeMeters>
      <DistanceMeters>2605</DistanceMeters>
      <HeartRateBpm>
       <Value>121</Value>
      </HeartRateBpm>
      <Cadence>75</Cadence>
      <Extensions>
       <Speed>6.860000</Speed>
      </Extensions>
     </Trackpoint>
     <Trackpoint>
      <Time>2026-06-10T08:08:28Z</Time>
      <Position>
       <LatitudeDegrees>35.6950806</LatitudeDegrees>
       <LongitudeDegrees>139.8049906</LongitudeDegrees>
      </Position>
      <AltitudeMeters>-1</AltitudeMeters>
      <DistanceMeters>2606</DistanceMeters>
      <HeartRateBpm>
       <Value>121</Value>
      </HeartRateBpm>
      <Cadence>75</Cadence>
      <Extensions>
       <Speed>6.860000</Speed>
      </Extensions>
     </Trackpoint>
     <Trackpoint>
      <Time>2026-06-10T08:08:29Z</Time>
      <Position>
       <LatitudeDegrees>35.6950837</LatitudeDegrees>
       <LongitudeDegrees>139.8050118</LongitudeDegrees>
      </Position>
      <AltitudeMeters>-1</AltitudeMeters>
      <DistanceMeters>2608</DistanceMeters>
      <HeartRateBpm>
       <Value>121</Value>
      </HeartRateBpm>
      <Cadence>76</Cadence>
      <Extensions>
       <Speed>6.870000</Speed>
      </Extensions>
     </Trackpoint>
     <Trackpoint>
      <Time>2026-06-10T08:08:30Z</Time>
      <Position>
       <LatitudeDegrees>35.6950869</LatitudeDegrees>
       <LongitudeDegrees>139.8050330</LongitudeDegrees>
      </Position>
      <AltitudeMeters>-1</AltitudeMeters>
      <DistanceMeters>2610</DistanceMeters>
      <HeartRateBpm>
       <Value>121</Value>
      </HeartRateBpm>
      <Cadence>76</Cadence>
      <Extensions>
       <Speed>6.890000</Speed>
      </Extensions>
     </Trackpoint>
     <Trackpoint>
      <Time>2026-06-10T08:08:31Z</Time>
      <Position>
       <LatitudeDegrees>35.6950906</LatitudeDegrees>
       <LongitudeDegrees>139.8050507</LongitudeDegrees>
      </Position>
      <AltitudeMeters>-1</AltitudeMeters>
      <DistanceMeters>2611</DistanceMeters>
      <HeartRateBpm>
       <Value>121</Value>
      </HeartRateBpm>
      <Cadence>76</Cadence>
      <Extensions>
       <Speed>6.910000</Speed>
      </Extensions>
     </Trackpoint>
     <Trackpoint>
      <Time>2026-06-10T08:08:32Z</Time>
      <Position>
       <LatitudeDegrees>35.6950943</LatitudeDegrees>
       <LongitudeDegrees>139.8050684</LongitudeDegrees>
      </Position>
      <AltitudeMeters>-1</AltitudeMeters>
      <DistanceMeters>2612</DistanceMeters>
      <HeartRateBpm>
       <Value>121</Value>
      </HeartRateBpm>
      <Cadence>76</Cadence>
      <Extensions>
       <Speed>6.910000</Speed>
      </Extensions>
     </Trackpoint>
     <Trackpoint>
      <Time>2026-06-10T08:08:33Z</Time>
      <Position>
       <LatitudeDegrees>35.6950965</LatitudeDegrees>
       <LongitudeDegrees>139.8050835</LongitudeDegrees>
      </Position>
      <AltitudeMeters>-1</AltitudeMeters>
      <DistanceMeters>2613</DistanceMeters>
      <HeartRateBpm>
       <Value>121</Value>
      </HeartRateBpm>
      <Cadence>76</Cadence>
      <Extensions>
       <Speed>6.920000</Speed>
      </Extensions>
     </Trackpoint>
     <Trackpoint>
      <Time>2026-06-10T08:08:34Z</Time>
      <Position>
       <LatitudeDegrees>35.6950988</LatitudeDegrees>
       <LongitudeDegrees>139.8050986</LongitudeDegrees>
      </Position>
      <AltitudeMeters>-1</AltitudeMeters>
      <DistanceMeters>2614</DistanceMeters>
      <HeartRateBpm>
       <Value>121</Value>
      </HeartRateBpm>
      <Cadence>76</Cadence>
      <Extensions>
       <Speed>6.900000</Speed>
      </Extensions>
     </Trackpoint>
     <Trackpoint>
      <Time>2026-06-10T08:08:35Z</Time>
      <Position>
       <LatitudeDegrees>35.6950991</LatitudeDegrees>
       <LongitudeDegrees>139.8051127</LongitudeDegrees>
      </Position>
      <AltitudeMeters>-1</AltitudeMeters>
      <DistanceMeters>2616</DistanceMeters>
      <HeartRateBpm>
       <Value>121</Value>
      </HeartRateBpm>
      <Cadence>76</Cadence>
      <Extensions>
       <Speed>6.890000</Speed>
      </Extensions>
     </Trackpoint>
     <Trackpoint>
      <Time>2026-06-10T08:08:36Z</Time>
      <Position>
       <LatitudeDegrees>35.6950994</LatitudeDegrees>
       <LongitudeDegrees>139.8051268</LongitudeDegrees>
      </Position>
      <AltitudeMeters>-1</AltitudeMeters>
      <DistanceMeters>2618</DistanceMeters>
      <HeartRateBpm>
       <Value>121</Value>
      </HeartRateBpm>
      <Cadence>76</Cadence>
      <Extensions>
       <Speed>6.860000</Speed>
      </Extensions>
     </Trackpoint>
     <Trackpoint>
      <Time>2026-06-10T08:08:37Z</Time>
      <Position>
       <LatitudeDegrees>35.6950986</LatitudeDegrees>
       <LongitudeDegrees>139.8051422</LongitudeDegrees>
      </Position>
      <AltitudeMeters>-1</AltitudeMeters>
      <DistanceMeters>2619</DistanceMeters>
      <HeartRateBpm>
       <Value>121</Value>
      </HeartRateBpm>
      <Cadence>76</Cadence>
      <Extensions>
       <Speed>6.840000</Speed>
      </Extensions>
     </Trackpoint>
     <Trackpoint>
      <Time>2026-06-10T08:08:38Z</Time>
      <Position>
       <LatitudeDegrees>35.6950978</LatitudeDegrees>
       <LongitudeDegrees>139.8051576</LongitudeDegrees>
      </Position>
      <AltitudeMeters>-1</AltitudeMeters>
      <DistanceMeters>2620</DistanceMeters>
      <HeartRateBpm>
       <Value>122</Value>
      </HeartRateBpm>
      <Cadence>76</Cadence>
      <Extensions>
       <Speed>6.820000</Speed>
      </Extensions>
     </Trackpoint>
     <Trackpoint>
      <Time>2026-06-10T08:08:39Z</Time>
      <Position>
       <LatitudeDegrees>35.6950972</LatitudeDegrees>
       <LongitudeDegrees>139.8051746</LongitudeDegrees>
      </Position>
      <AltitudeMeters>-1</AltitudeMeters>
      <DistanceMeters>2622</DistanceMeters>
      <HeartRateBpm>
       <Value>122</Value>
      </HeartRateBpm>
      <Cadence>76</Cadence>
      <Extensions>
       <Speed>6.800000</Speed>
      </Extensions>
     </Trackpoint>
     <Trackpoint>
      <Time>2026-06-10T08:08:40Z</Time>
      <Position>
       <LatitudeDegrees>35.6950966</LatitudeDegrees>
       <LongitudeDegrees>139.8051916</LongitudeDegrees>
      </Position>
      <AltitudeMeters>-1</AltitudeMeters>
      <DistanceMeters>2624</DistanceMeters>
      <HeartRateBpm>
       <Value>122</Value>
      </HeartRateBpm>
      <Cadence>76</Cadence>
      <Extensions>
       <Speed>6.770000</Speed>
      </Extensions>
     </Trackpoint>
     <Trackpoint>
      <Time>2026-06-10T08:08:41Z</Time>
      <Position>
       <LatitudeDegrees>35.6950963</LatitudeDegrees>
       <LongitudeDegrees>139.8052099</LongitudeDegrees>
      </Position>
      <AltitudeMeters>-1</AltitudeMeters>
      <DistanceMeters>2626</DistanceMeters>
      <HeartRateBpm>
       <Value>122</Value>
      </HeartRateBpm>
      <Cadence>76</Cadence>
      <Extensions>
       <Speed>6.750000</Speed>
      </Extensions>
     </Trackpoint>
     <Trackpoint>
      <Time>2026-06-10T08:08:42Z</Time>
      <Position>
       <LatitudeDegrees>35.6950960</LatitudeDegrees>
       <LongitudeDegrees>139.8052282</LongitudeDegrees>
      </Position>
      <AltitudeMeters>-1</AltitudeMeters>
      <DistanceMeters>2628</DistanceMeters>
      <HeartRateBpm>
       <Value>122</Value>
      </HeartRateBpm>
      <Cadence>77</Cadence>
      <Extensions>
       <Speed>6.730000</Speed>
      </Extensions>
     </Trackpoint>
     <Trackpoint>
      <Time>2026-06-10T08:08:43Z</Time>
      <Position>
       <LatitudeDegrees>35.6950948</LatitudeDegrees>
       <LongitudeDegrees>139.8052475</LongitudeDegrees>
      </Position>
      <AltitudeMeters>-1</AltitudeMeters>
      <DistanceMeters>2629</DistanceMeters>
      <HeartRateBpm>
       <Value>122</Value>
      </HeartRateBpm>
      <Cadence>77</Cadence>
      <Extensions>
       <Speed>6.710000</Speed>
      </Extensions>
     </Trackpoint>
     <Trackpoint>
      <Time>2026-06-10T08:08:44Z</Time>
      <Position>
       <LatitudeDegrees>35.6950937</LatitudeDegrees>
       <LongitudeDegrees>139.8052668</LongitudeDegrees>
      </Position>
      <AltitudeMeters>-1</AltitudeMeters>
      <DistanceMeters>2631</DistanceMeters>
      <HeartRateBpm>
       <Value>122</Value>
      </HeartRateBpm>
      <Cadence>77</Cadence>
      <Extensions>
       <Speed>6.690000</Speed>
      </Extensions>
     </Trackpoint>
     <Trackpoint>
      <Time>2026-06-10T08:08:45Z</Time>
      <Position>
       <LatitudeDegrees>35.6950906</LatitudeDegrees>
       <LongitudeDegrees>139.8052865</LongitudeDegrees>
      </Position>
      <AltitudeMeters>-1</AltitudeMeters>
      <DistanceMeters>2633</DistanceMeters>
      <HeartRateBpm>
       <Value>122</Value>
      </HeartRateBpm>
      <Cadence>77</Cadence>
      <Extensions>
       <Speed>6.670000</Speed>
      </Extensions>
     </Trackpoint>
     <Trackpoint>
      <Time>2026-06-10T08:08:46Z</Time>
      <Position>
       <LatitudeDegrees>35.6950875</LatitudeDegrees>
       <LongitudeDegrees>139.8053062</LongitudeDegrees>
      </Position>
      <AltitudeMeters>-1</AltitudeMeters>
      <DistanceMeters>2634</DistanceMeters>
      <HeartRateBpm>
       <Value>122</Value>
      </HeartRateBpm>
      <Cadence>76</Cadence>
      <Extensions>
       <Speed>6.650000</Speed>
      </Extensions>
     </Trackpoint>
     <Trackpoint>
      <Time>2026-06-10T08:08:47Z</Time>
      <Position>
       <LatitudeDegrees>35.6950798</LatitudeDegrees>
       <LongitudeDegrees>139.8053233</LongitudeDegrees>
      </Position>
      <AltitudeMeters>-1</AltitudeMeters>
      <DistanceMeters>2636</DistanceMeters>
      <HeartRateBpm>
       <Value>122</Value>
      </HeartRateBpm>
      <Cadence>76</Cadence>
      <Extensions>
       <Speed>6.630000</Speed>
      </Extensions>
     </Trackpoint>
     <Trackpoint>
      <Time>2026-06-10T08:08:48Z</Time>
      <Position>
       <LatitudeDegrees>35.6950722</LatitudeDegrees>
       <LongitudeDegrees>139.8053405</LongitudeDegrees>
      </Position>
      <AltitudeMeters>-1</AltitudeMeters>
      <DistanceMeters>2638</DistanceMeters>
      <HeartRateBpm>
       <Value>122</Value>
      </HeartRateBpm>
      <Cadence>76</Cadence>
      <Extensions>
       <Speed>6.620000</Speed>
      </Extensions>
     </Trackpoint>
     <Trackpoint>
      <Time>2026-06-10T08:08:49Z</Time>
      <Position>
       <LatitudeDegrees>35.6950592</LatitudeDegrees>
       <LongitudeDegrees>139.8053518</LongitudeDegrees>
      </Position>
      <AltitudeMeters>-1</AltitudeMeters>
      <DistanceMeters>2640</DistanceMeters>
      <HeartRateBpm>
       <Value>121</Value>
      </HeartRateBpm>
      <Cadence>75</Cadence>
      <Extensions>
       <Speed>6.610000</Speed>
      </Extensions>
     </Trackpoint>
     <Trackpoint>
      <Time>2026-06-10T08:08:50Z</Time>
      <Position>
       <LatitudeDegrees>35.6950462</LatitudeDegrees>
       <LongitudeDegrees>139.8053631</LongitudeDegrees>
      </Position>
      <AltitudeMeters>-1</AltitudeMeters>
      <DistanceMeters>2642</DistanceMeters>
      <HeartRateBpm>
       <Value>121</Value>
      </HeartRateBpm>
      <Cadence>75</Cadence>
      <Extensions>
       <Speed>6.560000</Speed>
      </Extensions>
     </Trackpoint>
     <Trackpoint>
      <Time>2026-06-10T08:08:51Z</Time>
      <Position>
       <LatitudeDegrees>35.6950300</LatitudeDegrees>
       <LongitudeDegrees>139.8053689</LongitudeDegrees>
      </Position>
      <AltitudeMeters>-1</AltitudeMeters>
      <DistanceMeters>2644</DistanceMeters>
      <HeartRateBpm>
       <Value>121</Value>
      </HeartRateBpm>
      <Cadence>75</Cadence>
      <Extensions>
       <Speed>6.520000</Speed>
      </Extensions>
     </Trackpoint>
     <Trackpoint>
      <Time>2026-06-10T08:08:52Z</Time>
      <Position>
       <LatitudeDegrees>35.6950138</LatitudeDegrees>
       <LongitudeDegrees>139.8053748</LongitudeDegrees>
      </Position>
      <AltitudeMeters>-1</AltitudeMeters>
      <DistanceMeters>2646</DistanceMeters>
      <HeartRateBpm>
       <Value>121</Value>
      </HeartRateBpm>
      <Cadence>75</Cadence>
      <Extensions>
       <Speed>6.500000</Speed>
      </Extensions>
     </Trackpoint>
     <Trackpoint>
      <Time>2026-06-10T08:08:53Z</Time>
      <Position>
       <LatitudeDegrees>35.6949969</LatitudeDegrees>
       <LongitudeDegrees>139.8053775</LongitudeDegrees>
      </Position>
      <AltitudeMeters>-1</AltitudeMeters>
      <DistanceMeters>2648</DistanceMeters>
      <HeartRateBpm>
       <Value>121</Value>
      </HeartRateBpm>
      <Cadence>75</Cadence>
      <Extensions>
       <Speed>6.480000</Speed>
      </Extensions>
     </Trackpoint>
     <Trackpoint>
      <Time>2026-06-10T08:08:54Z</Time>
      <Position>
       <LatitudeDegrees>35.6949800</LatitudeDegrees>
       <LongitudeDegrees>139.8053803</LongitudeDegrees>
      </Position>
      <AltitudeMeters>-1</AltitudeMeters>
      <DistanceMeters>2650</DistanceMeters>
      <HeartRateBpm>
       <Value>121</Value>
      </HeartRateBpm>
      <Cadence>76</Cadence>
      <Extensions>
       <Speed>6.480000</Speed>
      </Extensions>
     </Trackpoint>
     <Trackpoint>
      <Time>2026-06-10T08:08:55Z</Time>
      <Position>
       <LatitudeDegrees>35.6949627</LatitudeDegrees>
       <LongitudeDegrees>139.8053823</LongitudeDegrees>
      </Position>
      <AltitudeMeters>-1</AltitudeMeters>
      <DistanceMeters>2652</DistanceMeters>
      <HeartRateBpm>
       <Value>121</Value>
      </HeartRateBpm>
      <Cadence>77</Cadence>
      <Extensions>
       <Speed>6.480000</Speed>
      </Extensions>
     </Trackpoint>
     <Trackpoint>
      <Time>2026-06-10T08:08:56Z</Time>
      <Position>
       <LatitudeDegrees>35.6949455</LatitudeDegrees>
       <LongitudeDegrees>139.8053843</LongitudeDegrees>
      </Position>
      <AltitudeMeters>-1</AltitudeMeters>
      <DistanceMeters>2654</DistanceMeters>
      <HeartRateBpm>
       <Value>122</Value>
      </HeartRateBpm>
      <Cadence>77</Cadence>
      <Extensions>
       <Speed>6.490000</Speed>
      </Extensions>
     </Trackpoint>
     <Trackpoint>
      <Time>2026-06-10T08:08:57Z</Time>
      <Position>
       <LatitudeDegrees>35.6949296</LatitudeDegrees>
       <LongitudeDegrees>139.8053866</LongitudeDegrees>
      </Position>
      <AltitudeMeters>-1</AltitudeMeters>
      <DistanceMeters>2655</DistanceMeters>
      <HeartRateBpm>
       <Value>122</Value>
      </HeartRateBpm>
      <Cadence>78</Cadence>
      <Extensions>
       <Speed>6.500000</Speed>
      </Extensions>
     </Trackpoint>
     <Trackpoint>
      <Time>2026-06-10T08:08:58Z</Time>
      <Position>
       <LatitudeDegrees>35.6949137</LatitudeDegrees>
       <LongitudeDegrees>139.8053890</LongitudeDegrees>
      </Position>
      <AltitudeMeters>-1</AltitudeMeters>
      <DistanceMeters>2656</DistanceMeters>
      <HeartRateBpm>
       <Value>122</Value>
      </HeartRateBpm>
      <Cadence>78</Cadence>
      <Extensions>
       <Speed>6.500000</Speed>
      </Extensions>
     </Trackpoint>
     <Trackpoint>
      <Time>2026-06-10T08:08:59Z</Time>
      <Position>
       <LatitudeDegrees>35.6948995</LatitudeDegrees>
       <LongitudeDegrees>139.8053926</LongitudeDegrees>
      </Position>
      <AltitudeMeters>-1</AltitudeMeters>
      <DistanceMeters>2658</DistanceMeters>
      <HeartRateBpm>
       <Value>123</Value>
      </HeartRateBpm>
      <Cadence>78</Cadence>
      <Extensions>
       <Speed>6.500000</Speed>
      </Extensions>
     </Trackpoint>
     <Trackpoint>
      <Time>2026-06-10T08:09:00Z</Time>
      <Position>
       <LatitudeDegrees>35.6948854</LatitudeDegrees>
       <LongitudeDegrees>139.8053962</LongitudeDegrees>
      </Position>
      <AltitudeMeters>-1</AltitudeMeters>
      <DistanceMeters>2660</DistanceMeters>
      <HeartRateBpm>
       <Value>123</Value>
      </HeartRateBpm>
      <Cadence>78</Cadence>
      <Extensions>
       <Speed>6.500000</Speed>
      </Extensions>
     </Trackpoint>
     <Trackpoint>
      <Time>2026-06-10T08:09:01Z</Time>
      <Position>
       <LatitudeDegrees>35.6948729</LatitudeDegrees>
       <LongitudeDegrees>139.8054021</LongitudeDegrees>
      </Position>
      <AltitudeMeters>-1</AltitudeMeters>
      <DistanceMeters>2661</DistanceMeters>
      <HeartRateBpm>
       <Value>123</Value>
      </HeartRateBpm>
      <Cadence>78</Cadence>
      <Extensions>
       <Speed>6.500000</Speed>
      </Extensions>
     </Trackpoint>
     <Trackpoint>
      <Time>2026-06-10T08:09:02Z</Time>
      <Position>
       <LatitudeDegrees>35.6948604</LatitudeDegrees>
       <LongitudeDegrees>139.8054081</LongitudeDegrees>
      </Position>
      <AltitudeMeters>-1</AltitudeMeters>
      <DistanceMeters>2662</DistanceMeters>
      <HeartRateBpm>
       <Value>123</Value>
      </HeartRateBpm>
      <Cadence>78</Cadence>
      <Extensions>
       <Speed>6.470000</Speed>
      </Extensions>
     </Trackpoint>
     <Trackpoint>
      <Time>2026-06-10T08:09:03Z</Time>
      <Position>
       <LatitudeDegrees>35.6948481</LatitudeDegrees>
       <LongitudeDegrees>139.8054158</LongitudeDegrees>
      </Position>
      <AltitudeMeters>-1</AltitudeMeters>
      <DistanceMeters>2664</DistanceMeters>
      <HeartRateBpm>
       <Value>123</Value>
      </HeartRateBpm>
      <Cadence>77</Cadence>
      <Extensions>
       <Speed>6.440000</Speed>
      </Extensions>
     </Trackpoint>
     <Trackpoint>
      <Time>2026-06-10T08:09:04Z</Time>
      <Position>
       <LatitudeDegrees>35.6948359</LatitudeDegrees>
       <LongitudeDegrees>139.8054236</LongitudeDegrees>
      </Position>
      <AltitudeMeters>-1</AltitudeMeters>
      <DistanceMeters>2666</DistanceMeters>
      <HeartRateBpm>
       <Value>123</Value>
      </HeartRateBpm>
      <Cadence>77</Cadence>
      <Extensions>
       <Speed>6.400000</Speed>
      </Extensions>
     </Trackpoint>
     <Trackpoint>
      <Time>2026-06-10T08:09:05Z</Time>
      <Position>
       <LatitudeDegrees>35.6948225</LatitudeDegrees>
       <LongitudeDegrees>139.8054300</LongitudeDegrees>
      </Position>
      <AltitudeMeters>-1</AltitudeMeters>
      <DistanceMeters>2667</DistanceMeters>
      <HeartRateBpm>
       <Value>123</Value>
      </HeartRateBpm>
      <Cadence>76</Cadence>
      <Extensions>
       <Speed>6.370000</Speed>
      </Extensions>
     </Trackpoint>
     <Trackpoint>
      <Time>2026-06-10T08:09:06Z</Time>
      <Position>
       <LatitudeDegrees>35.6948092</LatitudeDegrees>
       <LongitudeDegrees>139.8054365</LongitudeDegrees>
      </Position>
      <AltitudeMeters>-1</AltitudeMeters>
      <DistanceMeters>2668</DistanceMeters>
      <HeartRateBpm>
       <Value>123</Value>
      </HeartRateBpm>
      <Cadence>75</Cadence>
      <Extensions>
       <Speed>6.340000</Speed>
      </Extensions>
     </Trackpoint>
     <Trackpoint>
      <Time>2026-06-10T08:09:07Z</Time>
      <Position>
       <LatitudeDegrees>35.6947956</LatitudeDegrees>
       <LongitudeDegrees>139.8054415</LongitudeDegrees>
      </Position>
      <AltitudeMeters>-1</AltitudeMeters>
      <DistanceMeters>2670</DistanceMeters>
      <HeartRateBpm>
       <Value>123</Value>
      </HeartRateBpm>
      <Cadence>75</Cadence>
      <Extensions>
       <Speed>6.320000</Speed>
      </Extensions>
     </Trackpoint>
     <Trackpoint>
      <Time>2026-06-10T08:09:08Z</Time>
      <Position>
       <LatitudeDegrees>35.6947820</LatitudeDegrees>
       <LongitudeDegrees>139.8054466</LongitudeDegrees>
      </Position>
      <AltitudeMeters>-1</AltitudeMeters>
      <DistanceMeters>2672</DistanceMeters>
      <HeartRateBpm>
       <Value>123</Value>
      </HeartRateBpm>
      <Cadence>74</Cadence>
      <Extensions>
       <Speed>6.300000</Speed>
      </Extensions>
     </Trackpoint>
     <Trackpoint>
      <Time>2026-06-10T08:09:09Z</Time>
      <Position>
       <LatitudeDegrees>35.6947671</LatitudeDegrees>
       <LongitudeDegrees>139.8054505</LongitudeDegrees>
      </Position>
      <AltitudeMeters>-1</AltitudeMeters>
      <DistanceMeters>2674</DistanceMeters>
      <HeartRateBpm>
       <Value>123</Value>
      </HeartRateBpm>
      <Cadence>74</Cadence>
      <Extensions>
       <Speed>6.280000</Speed>
      </Extensions>
     </Trackpoint>
     <Trackpoint>
      <Time>2026-06-10T08:09:10Z</Time>
      <Position>
       <LatitudeDegrees>35.6947523</LatitudeDegrees>
       <LongitudeDegrees>139.8054545</LongitudeDegrees>
      </Position>
      <AltitudeMeters>-1</AltitudeMeters>
      <DistanceMeters>2676</DistanceMeters>
      <HeartRateBpm>
       <Value>123</Value>
      </HeartRateBpm>
      <Cadence>74</Cadence>
      <Extensions>
       <Speed>6.260000</Speed>
      </Extensions>
     </Trackpoint>
     <Trackpoint>
      <Time>2026-06-10T08:09:11Z</Time>
      <Position>
       <LatitudeDegrees>35.6947369</LatitudeDegrees>
       <LongitudeDegrees>139.8054568</LongitudeDegrees>
      </Position>
      <AltitudeMeters>-1</AltitudeMeters>
      <DistanceMeters>2677</DistanceMeters>
      <HeartRateBpm>
       <Value>123</Value>
      </HeartRateBpm>
      <Cadence>74</Cadence>
      <Extensions>
       <Speed>6.250000</Speed>
      </Extensions>
     </Trackpoint>
     <Trackpoint>
      <Time>2026-06-10T08:09:12Z</Time>
      <Position>
       <LatitudeDegrees>35.6947216</LatitudeDegrees>
       <LongitudeDegrees>139.8054592</LongitudeDegrees>
      </Position>
      <AltitudeMeters>0</AltitudeMeters>
      <DistanceMeters>2679</DistanceMeters>
      <HeartRateBpm>
       <Value>123</Value>
      </HeartRateBpm>
      <Cadence>74</Cadence>
      <Extensions>
       <Speed>6.240000</Speed>
      </Extensions>
     </Trackpoint>
     <Trackpoint>
      <Time>2026-06-10T08:09:13Z</Time>
      <Position>
       <LatitudeDegrees>35.6947064</LatitudeDegrees>
       <LongitudeDegrees>139.8054589</LongitudeDegrees>
      </Position>
      <AltitudeMeters>0</AltitudeMeters>
      <DistanceMeters>2681</DistanceMeters>
      <HeartRateBpm>
       <Value>123</Value>
      </HeartRateBpm>
      <Cadence>74</Cadence>
      <Extensions>
       <Speed>6.240000</Speed>
      </Extensions>
     </Trackpoint>
     <Trackpoint>
      <Time>2026-06-10T08:09:14Z</Time>
      <Position>
       <LatitudeDegrees>35.6946913</LatitudeDegrees>
       <LongitudeDegrees>139.8054586</LongitudeDegrees>
      </Position>
      <AltitudeMeters>0</AltitudeMeters>
      <DistanceMeters>2682</DistanceMeters>
      <HeartRateBpm>
       <Value>123</Value>
      </HeartRateBpm>
      <Cadence>74</Cadence>
      <Extensions>
       <Speed>6.230000</Speed>
      </Extensions>
     </Trackpoint>
     <Trackpoint>
      <Time>2026-06-10T08:09:15Z</Time>
      <Position>
       <LatitudeDegrees>35.6946766</LatitudeDegrees>
       <LongitudeDegrees>139.8054572</LongitudeDegrees>
      </Position>
      <AltitudeMeters>0</AltitudeMeters>
      <DistanceMeters>2684</DistanceMeters>
      <HeartRateBpm>
       <Value>123</Value>
      </HeartRateBpm>
      <Cadence>74</Cadence>
      <Extensions>
       <Speed>6.220000</Speed>
      </Extensions>
     </Trackpoint>
     <Trackpoint>
      <Time>2026-06-10T08:09:16Z</Time>
      <Position>
       <LatitudeDegrees>35.6946619</LatitudeDegrees>
       <LongitudeDegrees>139.8054558</LongitudeDegrees>
      </Position>
      <AltitudeMeters>0</AltitudeMeters>
      <DistanceMeters>2686</DistanceMeters>
      <HeartRateBpm>
       <Value>123</Value>
      </HeartRateBpm>
      <Cadence>74</Cadence>
      <Extensions>
       <Speed>6.200000</Speed>
      </Extensions>
     </Trackpoint>
     <Trackpoint>
      <Time>2026-06-10T08:09:17Z</Time>
      <Position>
       <LatitudeDegrees>35.6946466</LatitudeDegrees>
       <LongitudeDegrees>139.8054541</LongitudeDegrees>
      </Position>
      <AltitudeMeters>0</AltitudeMeters>
      <DistanceMeters>2687</DistanceMeters>
      <HeartRateBpm>
       <Value>122</Value>
      </HeartRateBpm>
      <Cadence>73</Cadence>
      <Extensions>
       <Speed>6.180000</Speed>
      </Extensions>
     </Trackpoint>
     <Trackpoint>
      <Time>2026-06-10T08:09:18Z</Time>
      <Position>
       <LatitudeDegrees>35.6946313</LatitudeDegrees>
       <LongitudeDegrees>139.8054524</LongitudeDegrees>
      </Position>
      <AltitudeMeters>0</AltitudeMeters>
      <DistanceMeters>2689</DistanceMeters>
      <HeartRateBpm>
       <Value>122</Value>
      </HeartRateBpm>
      <Cadence>73</Cadence>
      <Extensions>
       <Speed>6.160000</Speed>
      </Extensions>
     </Trackpoint>
     <Trackpoint>
      <Time>2026-06-10T08:09:19Z</Time>
      <Position>
       <LatitudeDegrees>35.6946155</LatitudeDegrees>
       <LongitudeDegrees>139.8054520</LongitudeDegrees>
      </Position>
      <AltitudeMeters>0</AltitudeMeters>
      <DistanceMeters>2691</DistanceMeters>
      <HeartRateBpm>
       <Value>122</Value>
      </HeartRateBpm>
      <Cadence>73</Cadence>
      <Extensions>
       <Speed>6.150000</Speed>
      </Extensions>
     </Trackpoint>
     <Trackpoint>
      <Time>2026-06-10T08:09:20Z</Time>
      <Position>
       <LatitudeDegrees>35.6945998</LatitudeDegrees>
       <LongitudeDegrees>139.8054517</LongitudeDegrees>
      </Position>
      <AltitudeMeters>0</AltitudeMeters>
      <DistanceMeters>2692</DistanceMeters>
      <HeartRateBpm>
       <Value>122</Value>
      </HeartRateBpm>
      <Cadence>73</Cadence>
      <Extensions>
       <Speed>6.150000</Speed>
      </Extensions>
     </Trackpoint>
     <Trackpoint>
      <Time>2026-06-10T08:09:21Z</Time>
      <Position>
       <LatitudeDegrees>35.6945840</LatitudeDegrees>
       <LongitudeDegrees>139.8054535</LongitudeDegrees>
      </Position>
      <AltitudeMeters>0</AltitudeMeters>
      <DistanceMeters>2694</DistanceMeters>
      <HeartRateBpm>
       <Value>122</Value>
      </HeartRateBpm>
      <Cadence>73</Cadence>
      <Extensions>
       <Speed>6.150000</Speed>
      </Extensions>
     </Trackpoint>
     <Trackpoint>
      <Time>2026-06-10T08:09:22Z</Time>
      <Position>
       <LatitudeDegrees>35.6945683</LatitudeDegrees>
       <LongitudeDegrees>139.8054554</LongitudeDegrees>
      </Position>
      <AltitudeMeters>0</AltitudeMeters>
      <DistanceMeters>2696</DistanceMeters>
      <HeartRateBpm>
       <Value>122</Value>
      </HeartRateBpm>
      <Cadence>73</Cadence>
      <Extensions>
       <Speed>6.150000</Speed>
      </Extensions>
     </Trackpoint>
     <Trackpoint>
      <Time>2026-06-10T08:09:23Z</Time>
      <Position>
       <LatitudeDegrees>35.6945524</LatitudeDegrees>
       <LongitudeDegrees>139.8054561</LongitudeDegrees>
      </Position>
      <AltitudeMeters>0</AltitudeMeters>
      <DistanceMeters>2698</DistanceMeters>
      <HeartRateBpm>
       <Value>122</Value>
      </HeartRateBpm>
      <Cadence>73</Cadence>
      <Extensions>
       <Speed>6.160000</Speed>
      </Extensions>
     </Trackpoint>
     <Trackpoint>
      <Time>2026-06-10T08:09:24Z</Time>
      <Position>
       <LatitudeDegrees>35.6945366</LatitudeDegrees>
       <LongitudeDegrees>139.8054568</LongitudeDegrees>
      </Position>
      <AltitudeMeters>0</AltitudeMeters>
      <DistanceMeters>2700</DistanceMeters>
      <HeartRateBpm>
       <Value>122</Value>
      </HeartRateBpm>
      <Cadence>74</Cadence>
      <Extensions>
       <Speed>6.170000</Speed>
      </Extensions>
     </Trackpoint>
     <Trackpoint>
      <Time>2026-06-10T08:09:25Z</Time>
      <Position>
       <LatitudeDegrees>35.6945213</LatitudeDegrees>
       <LongitudeDegrees>139.8054566</LongitudeDegrees>
      </Position>
      <AltitudeMeters>0</AltitudeMeters>
      <DistanceMeters>2701</DistanceMeters>
      <HeartRateBpm>
       <Value>121</Value>
      </HeartRateBpm>
      <Cadence>75</Cadence>
      <Extensions>
       <Speed>6.180000</Speed>
      </Extensions>
     </Trackpoint>
     <Trackpoint>
      <Time>2026-06-10T08:09:26Z</Time>
      <Position>
       <LatitudeDegrees>35.6945061</LatitudeDegrees>
       <LongitudeDegrees>139.8054564</LongitudeDegrees>
      </Position>
      <AltitudeMeters>0</AltitudeMeters>
      <DistanceMeters>2703</DistanceMeters>
      <HeartRateBpm>
       <Value>121</Value>
      </HeartRateBpm>
      <Cadence>76</Cadence>
      <Extensions>
       <Speed>6.180000</Speed>
      </Extensions>
     </Trackpoint>
     <Trackpoint>
      <Time>2026-06-10T08:09:27Z</Time>
      <Position>
       <LatitudeDegrees>35.6944911</LatitudeDegrees>
       <LongitudeDegrees>139.8054589</LongitudeDegrees>
      </Position>
      <AltitudeMeters>0</AltitudeMeters>
      <DistanceMeters>2705</DistanceMeters>
      <HeartRateBpm>
       <Value>120</Value>
      </HeartRateBpm>
      <Cadence>77</Cadence>
      <Extensions>
       <Speed>6.180000</Speed>
      </Extensions>
     </Trackpoint>
     <Trackpoint>
      <Time>2026-06-10T08:09:28Z</Time>
      <Position>
       <LatitudeDegrees>35.6944762</LatitudeDegrees>
       <LongitudeDegrees>139.8054615</LongitudeDegrees>
      </Position>
      <AltitudeMeters>0</AltitudeMeters>
      <DistanceMeters>2706</DistanceMeters>
      <HeartRateBpm>
       <Value>120</Value>
      </HeartRateBpm>
      <Cadence>77</Cadence>
      <Extensions>
       <Speed>6.180000</Speed>
      </Extensions>
     </Trackpoint>
     <Trackpoint>
      <Time>2026-06-10T08:09:29Z</Time>
      <Position>
       <LatitudeDegrees>35.6944604</LatitudeDegrees>
       <LongitudeDegrees>139.8054647</LongitudeDegrees>
      </Position>
      <AltitudeMeters>0</AltitudeMeters>
      <DistanceMeters>2708</DistanceMeters>
      <HeartRateBpm>
       <Value>120</Value>
      </HeartRateBpm>
      <Cadence>78</Cadence>
      <Extensions>
       <Speed>6.180000</Speed>
      </Extensions>
     </Trackpoint>
     <Trackpoint>
      <Time>2026-06-10T08:09:30Z</Time>
      <Position>
       <LatitudeDegrees>35.6944447</LatitudeDegrees>
       <LongitudeDegrees>139.8054679</LongitudeDegrees>
      </Position>
      <AltitudeMeters>0</AltitudeMeters>
      <DistanceMeters>2710</DistanceMeters>
      <HeartRateBpm>
       <Value>120</Value>
      </HeartRateBpm>
      <Cadence>78</Cadence>
      <Extensions>
       <Speed>6.180000</Speed>
      </Extensions>
     </Trackpoint>
     <Trackpoint>
      <Time>2026-06-10T08:09:31Z</Time>
      <Position>
       <LatitudeDegrees>35.6944284</LatitudeDegrees>
       <LongitudeDegrees>139.8054705</LongitudeDegrees>
      </Position>
      <AltitudeMeters>0</AltitudeMeters>
      <DistanceMeters>2712</DistanceMeters>
      <HeartRateBpm>
       <Value>120</Value>
      </HeartRateBpm>
      <Cadence>78</Cadence>
      <Extensions>
       <Speed>6.180000</Speed>
      </Extensions>
     </Trackpoint>
     <Trackpoint>
      <Time>2026-06-10T08:09:32Z</Time>
      <Position>
       <LatitudeDegrees>35.6944121</LatitudeDegrees>
       <LongitudeDegrees>139.8054732</LongitudeDegrees>
      </Position>
      <AltitudeMeters>0</AltitudeMeters>
      <DistanceMeters>2714</DistanceMeters>
      <HeartRateBpm>
       <Value>120</Value>
      </HeartRateBpm>
      <Cadence>78</Cadence>
      <Extensions>
       <Speed>6.190000</Speed>
      </Extensions>
     </Trackpoint>
     <Trackpoint>
      <Time>2026-06-10T08:09:33Z</Time>
      <Position>
       <LatitudeDegrees>35.6943972</LatitudeDegrees>
       <LongitudeDegrees>139.8054775</LongitudeDegrees>
      </Position>
      <AltitudeMeters>0</AltitudeMeters>
      <DistanceMeters>2715</DistanceMeters>
      <HeartRateBpm>
       <Value>120</Value>
      </HeartRateBpm>
      <Cadence>78</Cadence>
      <Extensions>
       <Speed>6.200000</Speed>
      </Extensions>
     </Trackpoint>
     <Trackpoint>
      <Time>2026-06-10T08:09:34Z</Time>
      <Position>
       <LatitudeDegrees>35.6943824</LatitudeDegrees>
       <LongitudeDegrees>139.8054819</LongitudeDegrees>
      </Position>
      <AltitudeMeters>0</AltitudeMeters>
      <DistanceMeters>2716</DistanceMeters>
      <HeartRateBpm>
       <Value>120</Value>
      </HeartRateBpm>
      <Cadence>78</Cadence>
      <Extensions>
       <Speed>6.210000</Speed>
      </Extensions>
     </Trackpoint>
     <Trackpoint>
      <Time>2026-06-10T08:09:35Z</Time>
      <Position>
       <LatitudeDegrees>35.6943709</LatitudeDegrees>
       <LongitudeDegrees>139.8054915</LongitudeDegrees>
      </Position>
      <AltitudeMeters>0</AltitudeMeters>
      <DistanceMeters>2718</DistanceMeters>
      <HeartRateBpm>
       <Value>120</Value>
      </HeartRateBpm>
      <Cadence>79</Cadence>
      <Extensions>
       <Speed>6.220000</Speed>
      </Extensions>
     </Trackpoint>
     <Trackpoint>
      <Time>2026-06-10T08:09:36Z</Time>
      <Position>
       <LatitudeDegrees>35.6943595</LatitudeDegrees>
       <LongitudeDegrees>139.8055012</LongitudeDegrees>
      </Position>
      <AltitudeMeters>0</AltitudeMeters>
      <DistanceMeters>2720</DistanceMeters>
      <HeartRateBpm>
       <Value>120</Value>
      </HeartRateBpm>
      <Cadence>79</Cadence>
      <Extensions>
       <Speed>6.220000</Speed>
      </Extensions>
     </Trackpoint>
     <Trackpoint>
      <Time>2026-06-10T08:09:37Z</Time>
      <Position>
       <LatitudeDegrees>35.6943515</LatitudeDegrees>
       <LongitudeDegrees>139.8055174</LongitudeDegrees>
      </Position>
      <AltitudeMeters>0</AltitudeMeters>
      <DistanceMeters>2722</DistanceMeters>
      <HeartRateBpm>
       <Value>120</Value>
      </HeartRateBpm>
      <Cadence>79</Cadence>
      <Extensions>
       <Speed>6.230000</Speed>
      </Extensions>
     </Trackpoint>
     <Trackpoint>
      <Time>2026-06-10T08:09:38Z</Time>
      <Position>
       <LatitudeDegrees>35.6943436</LatitudeDegrees>
       <LongitudeDegrees>139.8055336</LongitudeDegrees>
      </Position>
      <AltitudeMeters>0</AltitudeMeters>
      <DistanceMeters>2724</DistanceMeters>
      <HeartRateBpm>
       <Value>120</Value>
      </HeartRateBpm>
      <Cadence>78</Cadence>
      <Extensions>
       <Speed>6.220000</Speed>
      </Extensions>
     </Trackpoint>
     <Trackpoint>
      <Time>2026-06-10T08:09:39Z</Time>
      <Position>
       <LatitudeDegrees>35.6943349</LatitudeDegrees>
       <LongitudeDegrees>139.8055535</LongitudeDegrees>
      </Position>
      <AltitudeMeters>0</AltitudeMeters>
      <DistanceMeters>2726</DistanceMeters>
      <HeartRateBpm>
       <Value>120</Value>
      </HeartRateBpm>
      <Cadence>78</Cadence>
      <Extensions>
       <Speed>6.220000</Speed>
      </Extensions>
     </Trackpoint>
     <Trackpoint>
      <Time>2026-06-10T08:09:40Z</Time>
      <Position>
       <LatitudeDegrees>35.6943262</LatitudeDegrees>
       <LongitudeDegrees>139.8055734</LongitudeDegrees>
      </Position>
      <AltitudeMeters>0</AltitudeMeters>
      <DistanceMeters>2728</DistanceMeters>
      <HeartRateBpm>
       <Value>120</Value>
      </HeartRateBpm>
      <Cadence>78</Cadence>
      <Extensions>
       <Speed>6.220000</Speed>
      </Extensions>
     </Trackpoint>
     <Trackpoint>
      <Time>2026-06-10T08:09:41Z</Time>
      <Position>
       <LatitudeDegrees>35.6943143</LatitudeDegrees>
       <LongitudeDegrees>139.8055916</LongitudeDegrees>
      </Position>
      <AltitudeMeters>0</AltitudeMeters>
      <DistanceMeters>2731</DistanceMeters>
      <HeartRateBpm>
       <Value>120</Value>
      </HeartRateBpm>
      <Cadence>78</Cadence>
      <Extensions>
       <Speed>6.220000</Speed>
      </Extensions>
     </Trackpoint>
     <Trackpoint>
      <Time>2026-06-10T08:09:42Z</Time>
      <Position>
       <LatitudeDegrees>35.6943025</LatitudeDegrees>
       <LongitudeDegrees>139.8056098</LongitudeDegrees>
      </Position>
      <AltitudeMeters>0</AltitudeMeters>
      <DistanceMeters>2732</DistanceMeters>
      <HeartRateBpm>
       <Value>120</Value>
      </HeartRateBpm>
      <Cadence>78</Cadence>
      <Extensions>
       <Speed>6.240000</Speed>
      </Extensions>
     </Trackpoint>
     <Trackpoint>
      <Time>2026-06-10T08:09:43Z</Time>
      <Position>
       <LatitudeDegrees>35.6942879</LatitudeDegrees>
       <LongitudeDegrees>139.8056233</LongitudeDegrees>
      </Position>
      <AltitudeMeters>0</AltitudeMeters>
      <DistanceMeters>2734</DistanceMeters>
      <HeartRateBpm>
       <Value>121</Value>
      </HeartRateBpm>
      <Cadence>79</Cadence>
      <Extensions>
       <Speed>6.270000</Speed>
      </Extensions>
     </Trackpoint>
     <Trackpoint>
      <Time>2026-06-10T08:09:44Z</Time>
      <Position>
       <LatitudeDegrees>35.6942734</LatitudeDegrees>
       <LongitudeDegrees>139.8056369</LongitudeDegrees>
      </Position>
      <AltitudeMeters>0</AltitudeMeters>
      <DistanceMeters>2736</DistanceMeters>
      <HeartRateBpm>
       <Value>121</Value>
      </HeartRateBpm>
      <Cadence>78</Cadence>
      <Extensions>
       <Speed>6.290000</Speed>
      </Extensions>
     </Trackpoint>
     <Trackpoint>
      <Time>2026-06-10T08:09:45Z</Time>
      <Position>
       <LatitudeDegrees>35.6942566</LatitudeDegrees>
       <LongitudeDegrees>139.8056456</LongitudeDegrees>
      </Position>
      <AltitudeMeters>0</AltitudeMeters>
      <DistanceMeters>2739</DistanceMeters>
      <HeartRateBpm>
       <Value>121</Value>
      </HeartRateBpm>
      <Cadence>78</Cadence>
      <Extensions>
       <Speed>6.310000</Speed>
      </Extensions>
     </Trackpoint>
     <Trackpoint>
      <Time>2026-06-10T08:09:46Z</Time>
      <Position>
       <LatitudeDegrees>35.6942399</LatitudeDegrees>
       <LongitudeDegrees>139.8056544</LongitudeDegrees>
      </Position>
      <AltitudeMeters>0</AltitudeMeters>
      <DistanceMeters>2740</DistanceMeters>
      <HeartRateBpm>
       <Value>121</Value>
      </HeartRateBpm>
      <Cadence>78</Cadence>
      <Extensions>
       <Speed>6.320000</Speed>
      </Extensions>
     </Trackpoint>
     <Trackpoint>
      <Time>2026-06-10T08:09:47Z</Time>
      <Position>
       <LatitudeDegrees>35.6942227</LatitudeDegrees>
       <LongitudeDegrees>139.8056588</LongitudeDegrees>
      </Position>
      <AltitudeMeters>0</AltitudeMeters>
      <DistanceMeters>2742</DistanceMeters>
      <HeartRateBpm>
       <Value>121</Value>
      </HeartRateBpm>
      <Cadence>78</Cadence>
      <Extensions>
       <Speed>6.340000</Speed>
      </Extensions>
     </Trackpoint>
     <Trackpoint>
      <Time>2026-06-10T08:09:48Z</Time>
      <Position>
       <LatitudeDegrees>35.6942056</LatitudeDegrees>
       <LongitudeDegrees>139.8056633</LongitudeDegrees>
      </Position>
      <AltitudeMeters>0</AltitudeMeters>
      <DistanceMeters>2744</DistanceMeters>
      <HeartRateBpm>
       <Value>121</Value>
      </HeartRateBpm>
      <Cadence>78</Cadence>
      <Extensions>
       <Speed>6.360000</Speed>
      </Extensions>
     </Trackpoint>
     <Trackpoint>
      <Time>2026-06-10T08:09:49Z</Time>
      <Position>
       <LatitudeDegrees>35.6941888</LatitudeDegrees>
       <LongitudeDegrees>139.8056647</LongitudeDegrees>
      </Position>
      <AltitudeMeters>0</AltitudeMeters>
      <DistanceMeters>2746</DistanceMeters>
      <HeartRateBpm>
       <Value>121</Value>
      </HeartRateBpm>
      <Cadence>78</Cadence>
      <Extensions>
       <Speed>6.380000</Speed>
      </Extensions>
     </Trackpoint>
     <Trackpoint>
      <Time>2026-06-10T08:09:50Z</Time>
      <Position>
       <LatitudeDegrees>35.6941721</LatitudeDegrees>
       <LongitudeDegrees>139.8056662</LongitudeDegrees>
      </Position>
      <AltitudeMeters>0</AltitudeMeters>
      <DistanceMeters>2748</DistanceMeters>
      <HeartRateBpm>
       <Value>121</Value>
      </HeartRateBpm>
      <Cadence>78</Cadence>
      <Extensions>
       <Speed>6.390000</Speed>
      </Extensions>
     </Trackpoint>
     <Trackpoint>
      <Time>2026-06-10T08:09:51Z</Time>
      <Position>
       <LatitudeDegrees>35.6941552</LatitudeDegrees>
       <LongitudeDegrees>139.8056668</LongitudeDegrees>
      </Position>
      <AltitudeMeters>0</AltitudeMeters>
      <DistanceMeters>2750</DistanceMeters>
      <HeartRateBpm>
       <Value>121</Value>
      </HeartRateBpm>
      <Cadence>78</Cadence>
      <Extensions>
       <Speed>6.400000</Speed>
      </Extensions>
     </Trackpoint>
     <Trackpoint>
      <Time>2026-06-10T08:09:52Z</Time>
      <Position>
       <LatitudeDegrees>35.6941384</LatitudeDegrees>
       <LongitudeDegrees>139.8056675</LongitudeDegrees>
      </Position>
      <AltitudeMeters>0</AltitudeMeters>
      <DistanceMeters>2752</DistanceMeters>
      <HeartRateBpm>
       <Value>121</Value>
      </HeartRateBpm>
      <Cadence>78</Cadence>
      <Extensions>
       <Speed>6.400000</Speed>
      </Extensions>
     </Trackpoint>
     <Trackpoint>
      <Time>2026-06-10T08:09:53Z</Time>
      <Position>
       <LatitudeDegrees>35.6941225</LatitudeDegrees>
       <LongitudeDegrees>139.8056686</LongitudeDegrees>
      </Position>
      <AltitudeMeters>0</AltitudeMeters>
      <DistanceMeters>2753</DistanceMeters>
      <HeartRateBpm>
       <Value>122</Value>
      </HeartRateBpm>
      <Cadence>78</Cadence>
      <Extensions>
       <Speed>6.410000</Speed>
      </Extensions>
     </Trackpoint>
     <Trackpoint>
      <Time>2026-06-10T08:09:54Z</Time>
      <Position>
       <LatitudeDegrees>35.6941067</LatitudeDegrees>
       <LongitudeDegrees>139.8056698</LongitudeDegrees>
      </Position>
      <AltitudeMeters>0</AltitudeMeters>
      <DistanceMeters>2755</DistanceMeters>
      <HeartRateBpm>
       <Value>122</Value>
      </HeartRateBpm>
      <Cadence>78</Cadence>
      <Extensions>
       <Speed>6.420000</Speed>
      </Extensions>
     </Trackpoint>
     <Trackpoint>
      <Time>2026-06-10T08:09:55Z</Time>
      <Position>
       <LatitudeDegrees>35.6940915</LatitudeDegrees>
       <LongitudeDegrees>139.8056708</LongitudeDegrees>
      </Position>
      <AltitudeMeters>0</AltitudeMeters>
      <DistanceMeters>2757</DistanceMeters>
      <HeartRateBpm>
       <Value>122</Value>
      </HeartRateBpm>
      <Cadence>78</Cadence>
      <Extensions>
       <Speed>6.430000</Speed>
      </Extensions>
     </Trackpoint>
     <Trackpoint>
      <Time>2026-06-10T08:09:56Z</Time>
      <Position>
       <LatitudeDegrees>35.6940764</LatitudeDegrees>
       <LongitudeDegrees>139.8056718</LongitudeDegrees>
      </Position>
      <AltitudeMeters>0</AltitudeMeters>
      <DistanceMeters>2758</DistanceMeters>
      <HeartRateBpm>
       <Value>122</Value>
      </HeartRateBpm>
      <Cadence>78</Cadence>
      <Extensions>
       <Speed>6.430000</Speed>
      </Extensions>
     </Trackpoint>
     <Trackpoint>
      <Time>2026-06-10T08:09:57Z</Time>
      <Position>
       <LatitudeDegrees>35.6940614</LatitudeDegrees>
       <LongitudeDegrees>139.8056721</LongitudeDegrees>
      </Position>
      <AltitudeMeters>0</AltitudeMeters>
      <DistanceMeters>2760</DistanceMeters>
      <HeartRateBpm>
       <Value>122</Value>
      </HeartRateBpm>
      <Cadence>78</Cadence>
      <Extensions>
       <Speed>6.440000</Speed>
      </Extensions>
     </Trackpoint>
     <Trackpoint>
      <Time>2026-06-10T08:09:58Z</Time>
      <Position>
       <LatitudeDegrees>35.6940465</LatitudeDegrees>
       <LongitudeDegrees>139.8056724</LongitudeDegrees>
      </Position>
      <AltitudeMeters>0</AltitudeMeters>
      <DistanceMeters>2762</DistanceMeters>
      <HeartRateBpm>
       <Value>122</Value>
      </HeartRateBpm>
      <Cadence>78</Cadence>
      <Extensions>
       <Speed>6.440000</Speed>
      </Extensions>
     </Trackpoint>
     <Trackpoint>
      <Time>2026-06-10T08:09:59Z</Time>
      <Position>
       <LatitudeDegrees>35.6940304</LatitudeDegrees>
       <LongitudeDegrees>139.8056737</LongitudeDegrees>
      </Position>
      <AltitudeMeters>0</AltitudeMeters>
      <DistanceMeters>2764</DistanceMeters>
      <HeartRateBpm>
       <Value>122</Value>
      </HeartRateBpm>
      <Cadence>77</Cadence>
      <Extensions>
       <Speed>6.450000</Speed>
      </Extensions>
     </Trackpoint>
     <Trackpoint>
      <Time>2026-06-10T08:10:00Z</Time>
      <Position>
       <LatitudeDegrees>35.6940144</LatitudeDegrees>
       <LongitudeDegrees>139.8056750</LongitudeDegrees>
      </Position>
      <AltitudeMeters>0</AltitudeMeters>
      <DistanceMeters>2766</DistanceMeters>
      <HeartRateBpm>
       <Value>122</Value>
      </HeartRateBpm>
      <Cadence>77</Cadence>
      <Extensions>
       <Speed>6.450000</Speed>
      </Extensions>
     </Trackpoint>
     <Trackpoint>
      <Time>2026-06-10T08:10:01Z</Time>
      <Position>
       <LatitudeDegrees>35.6939986</LatitudeDegrees>
       <LongitudeDegrees>139.8056781</LongitudeDegrees>
      </Position>
      <AltitudeMeters>0</AltitudeMeters>
      <DistanceMeters>2767</DistanceMeters>
      <HeartRateBpm>
       <Value>122</Value>
      </HeartRateBpm>
      <Cadence>77</Cadence>
      <Extensions>
       <Speed>6.460000</Speed>
      </Extensions>
     </Trackpoint>
     <Trackpoint>
      <Time>2026-06-10T08:10:02Z</Time>
      <Position>
       <LatitudeDegrees>35.6939828</LatitudeDegrees>
       <LongitudeDegrees>139.8056813</LongitudeDegrees>
      </Position>
      <AltitudeMeters>0</AltitudeMeters>
      <DistanceMeters>2768</DistanceMeters>
      <HeartRateBpm>
       <Value>122</Value>
      </HeartRateBpm>
      <Cadence>76</Cadence>
      <Extensions>
       <Speed>6.470000</Speed>
      </Extensions>
     </Trackpoint>
     <Trackpoint>
      <Time>2026-06-10T08:10:03Z</Time>
      <Position>
       <LatitudeDegrees>35.6939686</LatitudeDegrees>
       <LongitudeDegrees>139.8056848</LongitudeDegrees>
      </Position>
      <AltitudeMeters>0</AltitudeMeters>
      <DistanceMeters>2770</DistanceMeters>
      <HeartRateBpm>
       <Value>122</Value>
      </HeartRateBpm>
      <Cadence>76</Cadence>
      <Extensions>
       <Speed>6.480000</Speed>
      </Extensions>
     </Trackpoint>
     <Trackpoint>
      <Time>2026-06-10T08:10:04Z</Time>
      <Position>
       <LatitudeDegrees>35.6939544</LatitudeDegrees>
       <LongitudeDegrees>139.8056883</LongitudeDegrees>
      </Position>
      <AltitudeMeters>0</AltitudeMeters>
      <DistanceMeters>2772</DistanceMeters>
      <HeartRateBpm>
       <Value>122</Value>
      </HeartRateBpm>
      <Cadence>76</Cadence>
      <Extensions>
       <Speed>6.480000</Speed>
      </Extensions>
     </Trackpoint>
     <Trackpoint>
      <Time>2026-06-10T08:10:05Z</Time>
      <Position>
       <LatitudeDegrees>35.6939417</LatitudeDegrees>
       <LongitudeDegrees>139.8056912</LongitudeDegrees>
      </Position>
      <AltitudeMeters>0</AltitudeMeters>
      <DistanceMeters>2773</DistanceMeters>
      <HeartRateBpm>
       <Value>122</Value>
      </HeartRateBpm>
      <Cadence>76</Cadence>
      <Extensions>
       <Speed>6.490000</Speed>
      </Extensions>
     </Trackpoint>
     <Trackpoint>
      <Time>2026-06-10T08:10:06Z</Time>
      <Position>
       <LatitudeDegrees>35.6939290</LatitudeDegrees>
       <LongitudeDegrees>139.8056942</LongitudeDegrees>
      </Position>
      <AltitudeMeters>0</AltitudeMeters>
      <DistanceMeters>2774</DistanceMeters>
      <HeartRateBpm>
       <Value>122</Value>
      </HeartRateBpm>
      <Cadence>75</Cadence>
      <Extensions>
       <Speed>6.470000</Speed>
      </Extensions>
     </Trackpoint>
     <Trackpoint>
      <Time>2026-06-10T08:10:07Z</Time>
      <Position>
       <LatitudeDegrees>35.6939154</LatitudeDegrees>
       <LongitudeDegrees>139.8056985</LongitudeDegrees>
      </Position>
      <AltitudeMeters>0</AltitudeMeters>
      <DistanceMeters>2776</DistanceMeters>
      <HeartRateBpm>
       <Value>122</Value>
      </HeartRateBpm>
      <Cadence>75</Cadence>
      <Extensions>
       <Speed>6.460000</Speed>
      </Extensions>
     </Trackpoint>
     <Trackpoint>
      <Time>2026-06-10T08:10:08Z</Time>
      <Position>
       <LatitudeDegrees>35.6939018</LatitudeDegrees>
       <LongitudeDegrees>139.8057028</LongitudeDegrees>
      </Position>
      <AltitudeMeters>0</AltitudeMeters>
      <DistanceMeters>2778</DistanceMeters>
      <HeartRateBpm>
       <Value>122</Value>
      </HeartRateBpm>
      <Cadence>76</Cadence>
      <Extensions>
       <Speed>6.440000</Speed>
      </Extensions>
     </Trackpoint>
     <Trackpoint>
      <Time>2026-06-10T08:10:09Z</Time>
      <Position>
       <LatitudeDegrees>35.6938869</LatitudeDegrees>
       <LongitudeDegrees>139.8057067</LongitudeDegrees>
      </Position>
      <AltitudeMeters>0</AltitudeMeters>
      <DistanceMeters>2780</DistanceMeters>
      <HeartRateBpm>
       <Value>122</Value>
      </HeartRateBpm>
      <Cadence>76</Cadence>
      <Extensions>
       <Speed>6.420000</Speed>
      </Extensions>
     </Trackpoint>
     <Trackpoint>
      <Time>2026-06-10T08:10:10Z</Time>
      <Position>
       <LatitudeDegrees>35.6938720</LatitudeDegrees>
       <LongitudeDegrees>139.8057106</LongitudeDegrees>
      </Position>
      <AltitudeMeters>0</AltitudeMeters>
      <DistanceMeters>2782</DistanceMeters>
      <HeartRateBpm>
       <Value>122</Value>
      </HeartRateBpm>
      <Cadence>76</Cadence>
      <Extensions>
       <Speed>6.410000</Speed>
      </Extensions>
     </Trackpoint>
     <Trackpoint>
      <Time>2026-06-10T08:10:11Z</Time>
      <Position>
       <LatitudeDegrees>35.6938560</LatitudeDegrees>
       <LongitudeDegrees>139.8057123</LongitudeDegrees>
      </Position>
      <AltitudeMeters>0</AltitudeMeters>
      <DistanceMeters>2783</DistanceMeters>
      <HeartRateBpm>
       <Value>122</Value>
      </HeartRateBpm>
      <Cadence>76</Cadence>
      <Extensions>
       <Speed>6.400000</Speed>
      </Extensions>
     </Trackpoint>
     <Trackpoint>
      <Time>2026-06-10T08:10:12Z</Time>
      <Position>
       <LatitudeDegrees>35.6938401</LatitudeDegrees>
       <LongitudeDegrees>139.8057141</LongitudeDegrees>
      </Position>
      <AltitudeMeters>0</AltitudeMeters>
      <DistanceMeters>2784</DistanceMeters>
      <HeartRateBpm>
       <Value>123</Value>
      </HeartRateBpm>
      <Cadence>75</Cadence>
      <Extensions>
       <Speed>6.390000</Speed>
      </Extensions>
     </Trackpoint>
     <Trackpoint>
      <Time>2026-06-10T08:10:13Z</Time>
      <Position>
       <LatitudeDegrees>35.6938320</LatitudeDegrees>
       <LongitudeDegrees>139.8057162</LongitudeDegrees>
      </Position>
      <AltitudeMeters>0</AltitudeMeters>
      <DistanceMeters>2785</DistanceMeters>
      <HeartRateBpm>
       <Value>123</Value>
      </HeartRateBpm>
      <Cadence>75</Cadence>
      <Extensions>
       <Speed>6.390000</Speed>
      </Extensions>
     </Trackpoint>
     <Trackpoint>
      <Time>2026-06-10T08:10:14Z</Time>
      <Position>
       <LatitudeDegrees>35.6938240</LatitudeDegrees>
       <LongitudeDegrees>139.8057184</LongitudeDegrees>
      </Position>
      <AltitudeMeters>0</AltitudeMeters>
      <DistanceMeters>2786</DistanceMeters>
      <HeartRateBpm>
       <Value>123</Value>
      </HeartRateBpm>
      <Cadence>75</Cadence>
      <Extensions>
       <Speed>6.370000</Speed>
      </Extensions>
     </Trackpoint>
     <Trackpoint>
      <Time>2026-06-10T08:10:15Z</Time>
      <Position>
       <LatitudeDegrees>35.6938156</LatitudeDegrees>
       <LongitudeDegrees>139.8057279</LongitudeDegrees>
      </Position>
      <AltitudeMeters>0</AltitudeMeters>
      <DistanceMeters>2787</DistanceMeters>
      <HeartRateBpm>
       <Value>123</Value>
      </HeartRateBpm>
      <Cadence>75</Cadence>
      <Extensions>
       <Speed>6.360000</Speed>
      </Extensions>
     </Trackpoint>
     <Trackpoint>
      <Time>2026-06-10T08:10:16Z</Time>
      <Position>
       <LatitudeDegrees>35.6938072</LatitudeDegrees>
       <LongitudeDegrees>139.8057375</LongitudeDegrees>
      </Position>
      <AltitudeMeters>0</AltitudeMeters>
      <DistanceMeters>2790</DistanceMeters>
      <HeartRateBpm>
       <Value>122</Value>
      </HeartRateBpm>
      <Cadence>75</Cadence>
      <Extensions>
       <Speed>6.340000</Speed>
      </Extensions>
     </Trackpoint>
     <Trackpoint>
      <Time>2026-06-10T08:10:17Z</Time>
      <Position>
       <LatitudeDegrees>35.6938064</LatitudeDegrees>
       <LongitudeDegrees>139.8057547</LongitudeDegrees>
      </Position>
      <AltitudeMeters>0</AltitudeMeters>
      <DistanceMeters>2792</DistanceMeters>
      <HeartRateBpm>
       <Value>122</Value>
      </HeartRateBpm>
      <Cadence>76</Cadence>
      <Extensions>
       <Speed>6.320000</Speed>
      </Extensions>
     </Trackpoint>
     <Trackpoint>
      <Time>2026-06-10T08:10:18Z</Time>
      <Position>
       <LatitudeDegrees>35.6938056</LatitudeDegrees>
       <LongitudeDegrees>139.8057720</LongitudeDegrees>
      </Position>
      <AltitudeMeters>0</AltitudeMeters>
      <DistanceMeters>2794</DistanceMeters>
      <HeartRateBpm>
       <Value>122</Value>
      </HeartRateBpm>
      <Cadence>77</Cadence>
      <Extensions>
       <Speed>6.310000</Speed>
      </Extensions>
     </Trackpoint>
     <Trackpoint>
      <Time>2026-06-10T08:10:19Z</Time>
      <Position>
       <LatitudeDegrees>35.6938089</LatitudeDegrees>
       <LongitudeDegrees>139.8057947</LongitudeDegrees>
      </Position>
      <AltitudeMeters>0</AltitudeMeters>
      <DistanceMeters>2796</DistanceMeters>
      <HeartRateBpm>
       <Value>123</Value>
      </HeartRateBpm>
      <Cadence>78</Cadence>
      <Extensions>
       <Speed>6.300000</Speed>
      </Extensions>
     </Trackpoint>
     <Trackpoint>
      <Time>2026-06-10T08:10:20Z</Time>
      <Position>
       <LatitudeDegrees>35.6938123</LatitudeDegrees>
       <LongitudeDegrees>139.8058174</LongitudeDegrees>
      </Position>
      <AltitudeMeters>0</AltitudeMeters>
      <DistanceMeters>2798</DistanceMeters>
      <HeartRateBpm>
       <Value>123</Value>
      </HeartRateBpm>
      <Cadence>78</Cadence>
      <Extensions>
       <Speed>6.300000</Speed>
      </Extensions>
     </Trackpoint>
     <Trackpoint>
      <Time>2026-06-10T08:10:21Z</Time>
      <Position>
       <LatitudeDegrees>35.6938170</LatitudeDegrees>
       <LongitudeDegrees>139.8058414</LongitudeDegrees>
      </Position>
      <AltitudeMeters>0</AltitudeMeters>
      <DistanceMeters>2800</DistanceMeters>
      <HeartRateBpm>
       <Value>123</Value>
      </HeartRateBpm>
      <Cadence>78</Cadence>
      <Extensions>
       <Speed>6.300000</Speed>
      </Extensions>
     </Trackpoint>
     <Trackpoint>
      <Time>2026-06-10T08:10:22Z</Time>
      <Position>
       <LatitudeDegrees>35.6938217</LatitudeDegrees>
       <LongitudeDegrees>139.8058654</LongitudeDegrees>
      </Position>
      <AltitudeMeters>0</AltitudeMeters>
      <DistanceMeters>2802</DistanceMeters>
      <HeartRateBpm>
       <Value>123</Value>
      </HeartRateBpm>
      <Cadence>78</Cadence>
      <Extensions>
       <Speed>6.310000</Speed>
      </Extensions>
     </Trackpoint>
     <Trackpoint>
      <Time>2026-06-10T08:10:23Z</Time>
      <Position>
       <LatitudeDegrees>35.6938260</LatitudeDegrees>
       <LongitudeDegrees>139.8058886</LongitudeDegrees>
      </Position>
      <AltitudeMeters>0</AltitudeMeters>
      <DistanceMeters>2804</DistanceMeters>
      <HeartRateBpm>
       <Value>123</Value>
      </HeartRateBpm>
      <Cadence>78</Cadence>
      <Extensions>
       <Speed>6.330000</Speed>
      </Extensions>
     </Trackpoint>
     <Trackpoint>
      <Time>2026-06-10T08:10:24Z</Time>
      <Position>
       <LatitudeDegrees>35.6938304</LatitudeDegrees>
       <LongitudeDegrees>139.8059119</LongitudeDegrees>
      </Position>
      <AltitudeMeters>0</AltitudeMeters>
      <DistanceMeters>2806</DistanceMeters>
      <HeartRateBpm>
       <Value>123</Value>
      </HeartRateBpm>
      <Cadence>78</Cadence>
      <Extensions>
       <Speed>6.340000</Speed>
      </Extensions>
     </Trackpoint>
     <Trackpoint>
      <Time>2026-06-10T08:10:25Z</Time>
      <Position>
       <LatitudeDegrees>35.6938327</LatitudeDegrees>
       <LongitudeDegrees>139.8059331</LongitudeDegrees>
      </Position>
      <AltitudeMeters>0</AltitudeMeters>
      <DistanceMeters>2808</DistanceMeters>
      <HeartRateBpm>
       <Value>123</Value>
      </HeartRateBpm>
      <Cadence>78</Cadence>
      <Extensions>
       <Speed>6.350000</Speed>
      </Extensions>
     </Trackpoint>
     <Trackpoint>
      <Time>2026-06-10T08:10:26Z</Time>
      <Position>
       <LatitudeDegrees>35.6938350</LatitudeDegrees>
       <LongitudeDegrees>139.8059544</LongitudeDegrees>
      </Position>
      <AltitudeMeters>0</AltitudeMeters>
      <DistanceMeters>2810</DistanceMeters>
      <HeartRateBpm>
       <Value>123</Value>
      </HeartRateBpm>
      <Cadence>77</Cadence>
      <Extensions>
       <Speed>6.360000</Speed>
      </Extensions>
     </Trackpoint>
     <Trackpoint>
      <Time>2026-06-10T08:10:27Z</Time>
      <Position>
       <LatitudeDegrees>35.6938371</LatitudeDegrees>
       <LongitudeDegrees>139.8059731</LongitudeDegrees>
      </Position>
      <AltitudeMeters>0</AltitudeMeters>
      <DistanceMeters>2811</DistanceMeters>
      <HeartRateBpm>
       <Value>122</Value>
      </HeartRateBpm>
      <Cadence>77</Cadence>
      <Extensions>
       <Speed>6.370000</Speed>
      </Extensions>
     </Trackpoint>
     <Trackpoint>
      <Time>2026-06-10T08:10:28Z</Time>
      <Position>
       <LatitudeDegrees>35.6938392</LatitudeDegrees>
       <LongitudeDegrees>139.8059919</LongitudeDegrees>
      </Position>
      <AltitudeMeters>0</AltitudeMeters>
      <DistanceMeters>2812</DistanceMeters>
      <HeartRateBpm>
       <Value>122</Value>
      </HeartRateBpm>
      <Cadence>76</Cadence>
      <Extensions>
       <Speed>6.370000</Speed>
      </Extensions>
     </Trackpoint>
     <Trackpoint>
      <Time>2026-06-10T08:10:29Z</Time>
      <Position>
       <LatitudeDegrees>35.6938417</LatitudeDegrees>
       <LongitudeDegrees>139.8060086</LongitudeDegrees>
      </Position>
      <AltitudeMeters>0</AltitudeMeters>
      <DistanceMeters>2814</DistanceMeters>
      <HeartRateBpm>
       <Value>121</Value>
      </HeartRateBpm>
      <Cadence>76</Cadence>
      <Extensions>
       <Speed>6.380000</Speed>
      </Extensions>
     </Trackpoint>
     <Trackpoint>
      <Time>2026-06-10T08:10:30Z</Time>
      <Position>
       <LatitudeDegrees>35.6938443</LatitudeDegrees>
       <LongitudeDegrees>139.8060254</LongitudeDegrees>
      </Position>
      <AltitudeMeters>0</AltitudeMeters>
      <DistanceMeters>2816</DistanceMeters>
      <HeartRateBpm>
       <Value>121</Value>
      </HeartRateBpm>
      <Cadence>76</Cadence>
      <Extensions>
       <Speed>6.380000</Speed>
      </Extensions>
     </Trackpoint>
     <Trackpoint>
      <Time>2026-06-10T08:10:31Z</Time>
      <Position>
       <LatitudeDegrees>35.6938465</LatitudeDegrees>
       <LongitudeDegrees>139.8060418</LongitudeDegrees>
      </Position>
      <AltitudeMeters>0</AltitudeMeters>
      <DistanceMeters>2817</DistanceMeters>
      <HeartRateBpm>
       <Value>121</Value>
      </HeartRateBpm>
      <Cadence>76</Cadence>
      <Extensions>
       <Speed>6.380000</Speed>
      </Extensions>
     </Trackpoint>
     <Trackpoint>
      <Time>2026-06-10T08:10:32Z</Time>
      <Position>
       <LatitudeDegrees>35.6938487</LatitudeDegrees>
       <LongitudeDegrees>139.8060583</LongitudeDegrees>
      </Position>
      <AltitudeMeters>0</AltitudeMeters>
      <DistanceMeters>2819</DistanceMeters>
      <HeartRateBpm>
       <Value>120</Value>
      </HeartRateBpm>
      <Cadence>76</Cadence>
      <Extensions>
       <Speed>6.360000</Speed>
      </Extensions>
     </Trackpoint>
     <Trackpoint>
      <Time>2026-06-10T08:10:33Z</Time>
      <Position>
       <LatitudeDegrees>35.6938504</LatitudeDegrees>
       <LongitudeDegrees>139.8060764</LongitudeDegrees>
      </Position>
      <AltitudeMeters>0</AltitudeMeters>
      <DistanceMeters>2821</DistanceMeters>
      <HeartRateBpm>
       <Value>121</Value>
      </HeartRateBpm>
      <Cadence>76</Cadence>
      <Extensions>
       <Speed>6.340000</Speed>
      </Extensions>
     </Trackpoint>
     <Trackpoint>
      <Time>2026-06-10T08:10:34Z</Time>
      <Position>
       <LatitudeDegrees>35.6938521</LatitudeDegrees>
       <LongitudeDegrees>139.8060945</LongitudeDegrees>
      </Position>
      <AltitudeMeters>0</AltitudeMeters>
      <DistanceMeters>2822</DistanceMeters>
      <HeartRateBpm>
       <Value>121</Value>
      </HeartRateBpm>
      <Cadence>76</Cadence>
      <Extensions>
       <Speed>6.320000</Speed>
      </Extensions>
     </Trackpoint>
     <Trackpoint>
      <Time>2026-06-10T08:10:35Z</Time>
      <Position>
       <LatitudeDegrees>35.6938526</LatitudeDegrees>
       <LongitudeDegrees>139.8061143</LongitudeDegrees>
      </Position>
      <AltitudeMeters>0</AltitudeMeters>
      <DistanceMeters>2824</DistanceMeters>
      <HeartRateBpm>
       <Value>121</Value>
      </HeartRateBpm>
      <Cadence>76</Cadence>
      <Extensions>
       <Speed>6.310000</Speed>
      </Extensions>
     </Trackpoint>
     <Trackpoint>
      <Time>2026-06-10T08:10:36Z</Time>
      <Position>
       <LatitudeDegrees>35.6938531</LatitudeDegrees>
       <LongitudeDegrees>139.8061342</LongitudeDegrees>
      </Position>
      <AltitudeMeters>0</AltitudeMeters>
      <DistanceMeters>2826</DistanceMeters>
      <HeartRateBpm>
       <Value>121</Value>
      </HeartRateBpm>
      <Cadence>76</Cadence>
      <Extensions>
       <Speed>6.300000</Speed>
      </Extensions>
     </Trackpoint>
     <Trackpoint>
      <Time>2026-06-10T08:10:37Z</Time>
      <Position>
       <LatitudeDegrees>35.6938525</LatitudeDegrees>
       <LongitudeDegrees>139.8061546</LongitudeDegrees>
      </Position>
      <AltitudeMeters>0</AltitudeMeters>
      <DistanceMeters>2828</DistanceMeters>
      <HeartRateBpm>
       <Value>121</Value>
      </HeartRateBpm>
      <Cadence>76</Cadence>
      <Extensions>
       <Speed>6.300000</Speed>
      </Extensions>
     </Trackpoint>
     <Trackpoint>
      <Time>2026-06-10T08:10:38Z</Time>
      <Position>
       <LatitudeDegrees>35.6938519</LatitudeDegrees>
       <LongitudeDegrees>139.8061750</LongitudeDegrees>
      </Position>
      <AltitudeMeters>0</AltitudeMeters>
      <DistanceMeters>2830</DistanceMeters>
      <HeartRateBpm>
       <Value>121</Value>
      </HeartRateBpm>
      <Cadence>76</Cadence>
      <Extensions>
       <Speed>6.310000</Speed>
      </Extensions>
     </Trackpoint>
     <Trackpoint>
      <Time>2026-06-10T08:10:39Z</Time>
      <Position>
       <LatitudeDegrees>35.6938517</LatitudeDegrees>
       <LongitudeDegrees>139.8061944</LongitudeDegrees>
      </Position>
      <AltitudeMeters>0</AltitudeMeters>
      <DistanceMeters>2831</DistanceMeters>
      <HeartRateBpm>
       <Value>121</Value>
      </HeartRateBpm>
      <Cadence>76</Cadence>
      <Extensions>
       <Speed>6.320000</Speed>
      </Extensions>
     </Trackpoint>
     <Trackpoint>
      <Time>2026-06-10T08:10:40Z</Time>
      <Position>
       <LatitudeDegrees>35.6938516</LatitudeDegrees>
       <LongitudeDegrees>139.8062139</LongitudeDegrees>
      </Position>
      <AltitudeMeters>0</AltitudeMeters>
      <DistanceMeters>2832</DistanceMeters>
      <HeartRateBpm>
       <Value>120</Value>
      </HeartRateBpm>
      <Cadence>76</Cadence>
      <Extensions>
       <Speed>6.320000</Speed>
      </Extensions>
     </Trackpoint>
     <Trackpoint>
      <Time>2026-06-10T08:10:41Z</Time>
      <Position>
       <LatitudeDegrees>35.6938520</LatitudeDegrees>
       <LongitudeDegrees>139.8062300</LongitudeDegrees>
      </Position>
      <AltitudeMeters>0</AltitudeMeters>
      <DistanceMeters>2834</DistanceMeters>
      <HeartRateBpm>
       <Value>120</Value>
      </HeartRateBpm>
      <Cadence>76</Cadence>
      <Extensions>
       <Speed>6.330000</Speed>
      </Extensions>
     </Trackpoint>
     <Trackpoint>
      <Time>2026-06-10T08:10:42Z</Time>
      <Position>
       <LatitudeDegrees>35.6938524</LatitudeDegrees>
       <LongitudeDegrees>139.8062462</LongitudeDegrees>
      </Position>
      <AltitudeMeters>0</AltitudeMeters>
      <DistanceMeters>2836</DistanceMeters>
      <HeartRateBpm>
       <Value>120</Value>
      </HeartRateBpm>
      <Cadence>76</Cadence>
      <Extensions>
       <Speed>6.330000</Speed>
      </Extensions>
     </Trackpoint>
     <Trackpoint>
      <Time>2026-06-10T08:10:43Z</Time>
      <Position>
       <LatitudeDegrees>35.6938532</LatitudeDegrees>
       <LongitudeDegrees>139.8062620</LongitudeDegrees>
      </Position>
      <AltitudeMeters>0</AltitudeMeters>
      <DistanceMeters>2837</DistanceMeters>
      <HeartRateBpm>
       <Value>120</Value>
      </HeartRateBpm>
      <Cadence>77</Cadence>
      <Extensions>
       <Speed>6.330000</Speed>
      </Extensions>
     </Trackpoint>
     <Trackpoint>
      <Time>2026-06-10T08:10:44Z</Time>
      <Position>
       <LatitudeDegrees>35.6938540</LatitudeDegrees>
       <LongitudeDegrees>139.8062778</LongitudeDegrees>
      </Position>
      <AltitudeMeters>0</AltitudeMeters>
      <DistanceMeters>2839</DistanceMeters>
      <HeartRateBpm>
       <Value>120</Value>
      </HeartRateBpm>
      <Cadence>77</Cadence>
      <Extensions>
       <Speed>6.310000</Speed>
      </Extensions>
     </Trackpoint>
     <Trackpoint>
      <Time>2026-06-10T08:10:45Z</Time>
      <Position>
       <LatitudeDegrees>35.6938551</LatitudeDegrees>
       <LongitudeDegrees>139.8062967</LongitudeDegrees>
      </Position>
      <AltitudeMeters>0</AltitudeMeters>
      <DistanceMeters>2841</DistanceMeters>
      <HeartRateBpm>
       <Value>120</Value>
      </HeartRateBpm>
      <Cadence>77</Cadence>
      <Extensions>
       <Speed>6.300000</Speed>
      </Extensions>
     </Trackpoint>
     <Trackpoint>
      <Time>2026-06-10T08:10:46Z</Time>
      <Position>
       <LatitudeDegrees>35.6938563</LatitudeDegrees>
       <LongitudeDegrees>139.8063157</LongitudeDegrees>
      </Position>
      <AltitudeMeters>-1</AltitudeMeters>
      <DistanceMeters>2843</DistanceMeters>
      <HeartRateBpm>
       <Value>120</Value>
      </HeartRateBpm>
      <Cadence>76</Cadence>
      <Extensions>
       <Speed>6.280000</Speed>
      </Extensions>
     </Trackpoint>
     <Trackpoint>
      <Time>2026-06-10T08:10:47Z</Time>
      <Position>
       <LatitudeDegrees>35.6938562</LatitudeDegrees>
       <LongitudeDegrees>139.8063375</LongitudeDegrees>
      </Position>
      <AltitudeMeters>0</AltitudeMeters>
      <DistanceMeters>2845</DistanceMeters>
      <HeartRateBpm>
       <Value>120</Value>
      </HeartRateBpm>
      <Cadence>76</Cadence>
      <Extensions>
       <Speed>6.260000</Speed>
      </Extensions>
     </Trackpoint>
     <Trackpoint>
      <Time>2026-06-10T08:10:48Z</Time>
      <Position>
       <LatitudeDegrees>35.6938561</LatitudeDegrees>
       <LongitudeDegrees>139.8063594</LongitudeDegrees>
      </Position>
      <AltitudeMeters>0</AltitudeMeters>
      <DistanceMeters>2846</DistanceMeters>
      <HeartRateBpm>
       <Value>121</Value>
      </HeartRateBpm>
      <Cadence>76</Cadence>
      <Extensions>
       <Speed>6.250000</Speed>
      </Extensions>
     </Trackpoint>
     <Trackpoint>
      <Time>2026-06-10T08:10:49Z</Time>
      <Position>
       <LatitudeDegrees>35.6938555</LatitudeDegrees>
       <LongitudeDegrees>139.8063787</LongitudeDegrees>
      </Position>
      <AltitudeMeters>0</AltitudeMeters>
      <DistanceMeters>2848</DistanceMeters>
      <HeartRateBpm>
       <Value>121</Value>
      </HeartRateBpm>
      <Cadence>76</Cadence>
      <Extensions>
       <Speed>6.250000</Speed>
      </Extensions>
     </Trackpoint>
     <Trackpoint>
      <Time>2026-06-10T08:10:50Z</Time>
      <Position>
       <LatitudeDegrees>35.6938550</LatitudeDegrees>
       <LongitudeDegrees>139.8063981</LongitudeDegrees>
      </Position>
      <AltitudeMeters>0</AltitudeMeters>
      <DistanceMeters>2849</DistanceMeters>
      <HeartRateBpm>
       <Value>121</Value>
      </HeartRateBpm>
      <Cadence>76</Cadence>
      <Extensions>
       <Speed>6.250000</Speed>
      </Extensions>
     </Trackpoint>
     <Trackpoint>
      <Time>2026-06-10T08:10:51Z</Time>
      <Position>
       <LatitudeDegrees>35.6938553</LatitudeDegrees>
       <LongitudeDegrees>139.8064142</LongitudeDegrees>
      </Position>
      <AltitudeMeters>0</AltitudeMeters>
      <DistanceMeters>2850</DistanceMeters>
      <HeartRateBpm>
       <Value>121</Value>
      </HeartRateBpm>
      <Cadence>76</Cadence>
      <Extensions>
       <Speed>6.260000</Speed>
      </Extensions>
     </Trackpoint>
     <Trackpoint>
      <Time>2026-06-10T08:10:52Z</Time>
      <Position>
       <LatitudeDegrees>35.6938556</LatitudeDegrees>
       <LongitudeDegrees>139.8064304</LongitudeDegrees>
      </Position>
      <AltitudeMeters>0</AltitudeMeters>
      <DistanceMeters>2852</DistanceMeters>
      <HeartRateBpm>
       <Value>121</Value>
      </HeartRateBpm>
      <Cadence>76</Cadence>
      <Extensions>
       <Speed>6.260000</Speed>
      </Extensions>
     </Trackpoint>
     <Trackpoint>
      <Time>2026-06-10T08:10:53Z</Time>
      <Position>
       <LatitudeDegrees>35.6938563</LatitudeDegrees>
       <LongitudeDegrees>139.8064491</LongitudeDegrees>
      </Position>
      <AltitudeMeters>0</AltitudeMeters>
      <DistanceMeters>2854</DistanceMeters>
      <HeartRateBpm>
       <Value>121</Value>
      </HeartRateBpm>
      <Cadence>76</Cadence>
      <Extensions>
       <Speed>6.260000</Speed>
      </Extensions>
     </Trackpoint>
     <Trackpoint>
      <Time>2026-06-10T08:10:54Z</Time>
      <Position>
       <LatitudeDegrees>35.6938570</LatitudeDegrees>
       <LongitudeDegrees>139.8064679</LongitudeDegrees>
      </Position>
      <AltitudeMeters>0</AltitudeMeters>
      <DistanceMeters>2856</DistanceMeters>
      <HeartRateBpm>
       <Value>121</Value>
      </HeartRateBpm>
      <Cadence>76</Cadence>
      <Extensions>
       <Speed>6.260000</Speed>
      </Extensions>
     </Trackpoint>
     <Trackpoint>
      <Time>2026-06-10T08:10:55Z</Time>
      <Position>
       <LatitudeDegrees>35.6938586</LatitudeDegrees>
       <LongitudeDegrees>139.8064891</LongitudeDegrees>
      </Position>
      <AltitudeMeters>0</AltitudeMeters>
      <DistanceMeters>2858</DistanceMeters>
      <HeartRateBpm>
       <Value>121</Value>
      </HeartRateBpm>
      <Cadence>77</Cadence>
      <Extensions>
       <Speed>6.260000</Speed>
      </Extensions>
     </Trackpoint>
     <Trackpoint>
      <Time>2026-06-10T08:10:56Z</Time>
      <Position>
       <LatitudeDegrees>35.6938603</LatitudeDegrees>
       <LongitudeDegrees>139.8065103</LongitudeDegrees>
      </Position>
      <AltitudeMeters>0</AltitudeMeters>
      <DistanceMeters>2860</DistanceMeters>
      <HeartRateBpm>
       <Value>121</Value>
      </HeartRateBpm>
      <Cadence>77</Cadence>
      <Extensions>
       <Speed>6.260000</Speed>
      </Extensions>
     </Trackpoint>
     <Trackpoint>
      <Time>2026-06-10T08:10:57Z</Time>
      <Position>
       <LatitudeDegrees>35.6938622</LatitudeDegrees>
       <LongitudeDegrees>139.8065319</LongitudeDegrees>
      </Position>
      <AltitudeMeters>0</AltitudeMeters>
      <DistanceMeters>2862</DistanceMeters>
      <HeartRateBpm>
       <Value>121</Value>
      </HeartRateBpm>
      <Cadence>77</Cadence>
      <Extensions>
       <Speed>6.260000</Speed>
      </Extensions>
     </Trackpoint>
     <Trackpoint>
      <Time>2026-06-10T08:10:58Z</Time>
      <Position>
       <LatitudeDegrees>35.6938641</LatitudeDegrees>
       <LongitudeDegrees>139.8065535</LongitudeDegrees>
      </Position>
      <AltitudeMeters>0</AltitudeMeters>
      <DistanceMeters>2864</DistanceMeters>
      <HeartRateBpm>
       <Value>121</Value>
      </HeartRateBpm>
      <Cadence>77</Cadence>
      <Extensions>
       <Speed>6.270000</Speed>
      </Extensions>
     </Trackpoint>
     <Trackpoint>
      <Time>2026-06-10T08:10:59Z</Time>
      <Position>
       <LatitudeDegrees>35.6938657</LatitudeDegrees>
       <LongitudeDegrees>139.8065738</LongitudeDegrees>
      </Position>
      <AltitudeMeters>0</AltitudeMeters>
      <DistanceMeters>2866</DistanceMeters>
      <HeartRateBpm>
       <Value>121</Value>
      </HeartRateBpm>
      <Cadence>77</Cadence>
      <Extensions>
       <Speed>6.280000</Speed>
      </Extensions>
     </Trackpoint>
     <Trackpoint>
      <Time>2026-06-10T08:11:00Z</Time>
      <Position>
       <LatitudeDegrees>35.6938674</LatitudeDegrees>
       <LongitudeDegrees>139.8065942</LongitudeDegrees>
      </Position>
      <AltitudeMeters>0</AltitudeMeters>
      <DistanceMeters>2868</DistanceMeters>
      <HeartRateBpm>
       <Value>121</Value>
      </HeartRateBpm>
      <Cadence>77</Cadence>
      <Extensions>
       <Speed>6.290000</Speed>
      </Extensions>
     </Trackpoint>
     <Trackpoint>
      <Time>2026-06-10T08:11:01Z</Time>
      <Position>
       <LatitudeDegrees>35.6938686</LatitudeDegrees>
       <LongitudeDegrees>139.8066145</LongitudeDegrees>
      </Position>
      <AltitudeMeters>0</AltitudeMeters>
      <DistanceMeters>2869</DistanceMeters>
      <HeartRateBpm>
       <Value>121</Value>
      </HeartRateBpm>
      <Cadence>77</Cadence>
      <Extensions>
       <Speed>6.300000</Speed>
      </Extensions>
     </Trackpoint>
     <Trackpoint>
      <Time>2026-06-10T08:11:02Z</Time>
      <Position>
       <LatitudeDegrees>35.6938699</LatitudeDegrees>
       <LongitudeDegrees>139.8066349</LongitudeDegrees>
      </Position>
      <AltitudeMeters>0</AltitudeMeters>
      <DistanceMeters>2872</DistanceMeters>
      <HeartRateBpm>
       <Value>121</Value>
      </HeartRateBpm>
      <Cadence>77</Cadence>
      <Extensions>
       <Speed>6.300000</Speed>
      </Extensions>
     </Trackpoint>
     <Trackpoint>
      <Time>2026-06-10T08:11:03Z</Time>
      <Position>
       <LatitudeDegrees>35.6938707</LatitudeDegrees>
       <LongitudeDegrees>139.8066564</LongitudeDegrees>
      </Position>
      <AltitudeMeters>0</AltitudeMeters>
      <DistanceMeters>2874</DistanceMeters>
      <HeartRateBpm>
       <Value>120</Value>
      </HeartRateBpm>
      <Cadence>77</Cadence>
      <Extensions>
       <Speed>6.310000</Speed>
      </Extensions>
     </Trackpoint>
     <Trackpoint>
      <Time>2026-06-10T08:11:04Z</Time>
      <Position>
       <LatitudeDegrees>35.6938715</LatitudeDegrees>
       <LongitudeDegrees>139.8066779</LongitudeDegrees>
      </Position>
      <AltitudeMeters>0</AltitudeMeters>
      <DistanceMeters>2875</DistanceMeters>
      <HeartRateBpm>
       <Value>120</Value>
      </HeartRateBpm>
      <Cadence>77</Cadence>
      <Extensions>
       <Speed>6.310000</Speed>
      </Extensions>
     </Trackpoint>
     <Trackpoint>
      <Time>2026-06-10T08:11:05Z</Time>
      <Position>
       <LatitudeDegrees>35.6938706</LatitudeDegrees>
       <LongitudeDegrees>139.8066970</LongitudeDegrees>
      </Position>
      <AltitudeMeters>0</AltitudeMeters>
      <DistanceMeters>2876</DistanceMeters>
      <HeartRateBpm>
       <Value>120</Value>
      </HeartRateBpm>
      <Cadence>77</Cadence>
      <Extensions>
       <Speed>6.310000</Speed>
      </Extensions>
     </Trackpoint>
     <Trackpoint>
      <Time>2026-06-10T08:11:06Z</Time>
      <Position>
       <LatitudeDegrees>35.6938697</LatitudeDegrees>
       <LongitudeDegrees>139.8067162</LongitudeDegrees>
      </Position>
      <AltitudeMeters>0</AltitudeMeters>
      <DistanceMeters>2878</DistanceMeters>
      <HeartRateBpm>
       <Value>120</Value>
      </HeartRateBpm>
      <Cadence>76</Cadence>
      <Extensions>
       <Speed>6.310000</Speed>
      </Extensions>
     </Trackpoint>
     <Trackpoint>
      <Time>2026-06-10T08:11:07Z</Time>
      <Position>
       <LatitudeDegrees>35.6938649</LatitudeDegrees>
       <LongitudeDegrees>139.8067359</LongitudeDegrees>
      </Position>
      <AltitudeMeters>0</AltitudeMeters>
      <DistanceMeters>2881</DistanceMeters>
      <HeartRateBpm>
       <Value>120</Value>
      </HeartRateBpm>
      <Cadence>76</Cadence>
      <Extensions>
       <Speed>6.320000</Speed>
      </Extensions>
     </Trackpoint>
     <Trackpoint>
      <Time>2026-06-10T08:11:08Z</Time>
      <Position>
       <LatitudeDegrees>35.6938602</LatitudeDegrees>
       <LongitudeDegrees>139.8067557</LongitudeDegrees>
      </Position>
      <AltitudeMeters>0</AltitudeMeters>
      <DistanceMeters>2883</DistanceMeters>
      <HeartRateBpm>
       <Value>120</Value>
      </HeartRateBpm>
      <Cadence>76</Cadence>
      <Extensions>
       <Speed>6.320000</Speed>
      </Extensions>
     </Trackpoint>
     <Trackpoint>
      <Time>2026-06-10T08:11:09Z</Time>
      <Position>
       <LatitudeDegrees>35.6938514</LatitudeDegrees>
       <LongitudeDegrees>139.8067749</LongitudeDegrees>
      </Position>
      <AltitudeMeters>0</AltitudeMeters>
      <DistanceMeters>2885</DistanceMeters>
      <HeartRateBpm>
       <Value>120</Value>
      </HeartRateBpm>
      <Cadence>77</Cadence>
      <Extensions>
       <Speed>6.330000</Speed>
      </Extensions>
     </Trackpoint>
     <Trackpoint>
      <Time>2026-06-10T08:11:10Z</Time>
      <Position>
       <LatitudeDegrees>35.6938426</LatitudeDegrees>
       <LongitudeDegrees>139.8067941</LongitudeDegrees>
      </Position>
      <AltitudeMeters>0</AltitudeMeters>
      <DistanceMeters>2886</DistanceMeters>
      <HeartRateBpm>
       <Value>120</Value>
      </HeartRateBpm>
      <Cadence>77</Cadence>
      <Extensions>
       <Speed>6.340000</Speed>
      </Extensions>
     </Trackpoint>
     <Trackpoint>
      <Time>2026-06-10T08:11:11Z</Time>
      <Position>
       <LatitudeDegrees>35.6938306</LatitudeDegrees>
       <LongitudeDegrees>139.8068072</LongitudeDegrees>
      </Position>
      <AltitudeMeters>0</AltitudeMeters>
      <DistanceMeters>2888</DistanceMeters>
      <HeartRateBpm>
       <Value>120</Value>
      </HeartRateBpm>
      <Cadence>77</Cadence>
      <Extensions>
       <Speed>6.350000</Speed>
      </Extensions>
     </Trackpoint>
     <Trackpoint>
      <Time>2026-06-10T08:11:12Z</Time>
      <Position>
       <LatitudeDegrees>35.6938187</LatitudeDegrees>
       <LongitudeDegrees>139.8068204</LongitudeDegrees>
      </Position>
      <AltitudeMeters>0</AltitudeMeters>
      <DistanceMeters>2890</DistanceMeters>
      <HeartRateBpm>
       <Value>120</Value>
      </HeartRateBpm>
      <Cadence>77</Cadence>
      <Extensions>
       <Speed>6.360000</Speed>
      </Extensions>
     </Trackpoint>
     <Trackpoint>
      <Time>2026-06-10T08:11:13Z</Time>
      <Position>
       <LatitudeDegrees>35.6938037</LatitudeDegrees>
       <LongitudeDegrees>139.8068286</LongitudeDegrees>
      </Position>
      <AltitudeMeters>0</AltitudeMeters>
      <DistanceMeters>2892</DistanceMeters>
      <HeartRateBpm>
       <Value>120</Value>
      </HeartRateBpm>
      <Cadence>77</Cadence>
      <Extensions>
       <Speed>6.380000</Speed>
      </Extensions>
     </Trackpoint>
     <Trackpoint>
      <Time>2026-06-10T08:11:14Z</Time>
      <Position>
       <LatitudeDegrees>35.6937887</LatitudeDegrees>
       <LongitudeDegrees>139.8068368</LongitudeDegrees>
      </Position>
      <AltitudeMeters>0</AltitudeMeters>
      <DistanceMeters>2894</DistanceMeters>
      <HeartRateBpm>
       <Value>119</Value>
      </HeartRateBpm>
      <Cadence>77</Cadence>
      <Extensions>
       <Speed>6.390000</Speed>
      </Extensions>
     </Trackpoint>
     <Trackpoint>
      <Time>2026-06-10T08:11:15Z</Time>
      <Position>
       <LatitudeDegrees>35.6937711</LatitudeDegrees>
       <LongitudeDegrees>139.8068422</LongitudeDegrees>
      </Position>
      <AltitudeMeters>0</AltitudeMeters>
      <DistanceMeters>2896</DistanceMeters>
      <HeartRateBpm>
       <Value>119</Value>
      </HeartRateBpm>
      <Cadence>77</Cadence>
      <Extensions>
       <Speed>6.400000</Speed>
      </Extensions>
     </Trackpoint>
     <Trackpoint>
      <Time>2026-06-10T08:11:16Z</Time>
      <Position>
       <LatitudeDegrees>35.6937536</LatitudeDegrees>
       <LongitudeDegrees>139.8068477</LongitudeDegrees>
      </Position>
      <AltitudeMeters>0</AltitudeMeters>
      <DistanceMeters>2898</DistanceMeters>
      <HeartRateBpm>
       <Value>119</Value>
      </HeartRateBpm>
      <Cadence>77</Cadence>
      <Extensions>
       <Speed>6.410000</Speed>
      </Extensions>
     </Trackpoint>
     <Trackpoint>
      <Time>2026-06-10T08:11:17Z</Time>
      <Position>
       <LatitudeDegrees>35.6937353</LatitudeDegrees>
       <LongitudeDegrees>139.8068523</LongitudeDegrees>
      </Position>
      <AltitudeMeters>0</AltitudeMeters>
      <DistanceMeters>2900</DistanceMeters>
      <HeartRateBpm>
       <Value>119</Value>
      </HeartRateBpm>
      <Cadence>77</Cadence>
      <Extensions>
       <Speed>6.420000</Speed>
      </Extensions>
     </Trackpoint>
     <Trackpoint>
      <Time>2026-06-10T08:11:18Z</Time>
      <Position>
       <LatitudeDegrees>35.6937170</LatitudeDegrees>
       <LongitudeDegrees>139.8068569</LongitudeDegrees>
      </Position>
      <AltitudeMeters>0</AltitudeMeters>
      <DistanceMeters>2902</DistanceMeters>
      <HeartRateBpm>
       <Value>120</Value>
      </HeartRateBpm>
      <Cadence>77</Cadence>
      <Extensions>
       <Speed>6.450000</Speed>
      </Extensions>
     </Trackpoint>
     <Trackpoint>
      <Time>2026-06-10T08:11:19Z</Time>
      <Position>
       <LatitudeDegrees>35.6936984</LatitudeDegrees>
       <LongitudeDegrees>139.8068615</LongitudeDegrees>
      </Position>
      <AltitudeMeters>0</AltitudeMeters>
      <DistanceMeters>2904</DistanceMeters>
      <HeartRateBpm>
       <Value>120</Value>
      </HeartRateBpm>
      <Cadence>78</Cadence>
      <Extensions>
       <Speed>6.490000</Speed>
      </Extensions>
     </Trackpoint>
     <Trackpoint>
      <Time>2026-06-10T08:11:20Z</Time>
      <Position>
       <LatitudeDegrees>35.6936798</LatitudeDegrees>
       <LongitudeDegrees>139.8068662</LongitudeDegrees>
      </Position>
      <AltitudeMeters>0</AltitudeMeters>
      <DistanceMeters>2906</DistanceMeters>
      <HeartRateBpm>
       <Value>120</Value>
      </HeartRateBpm>
      <Cadence>77</Cadence>
      <Extensions>
       <Speed>6.510000</Speed>
      </Extensions>
     </Trackpoint>
     <Trackpoint>
      <Time>2026-06-10T08:11:21Z</Time>
      <Position>
       <LatitudeDegrees>35.6936614</LatitudeDegrees>
       <LongitudeDegrees>139.8068693</LongitudeDegrees>
      </Position>
      <AltitudeMeters>0</AltitudeMeters>
      <DistanceMeters>2909</DistanceMeters>
      <HeartRateBpm>
       <Value>121</Value>
      </HeartRateBpm>
      <Cadence>77</Cadence>
      <Extensions>
       <Speed>6.540000</Speed>
      </Extensions>
     </Trackpoint>
     <Trackpoint>
      <Time>2026-06-10T08:11:22Z</Time>
      <Position>
       <LatitudeDegrees>35.6936430</LatitudeDegrees>
       <LongitudeDegrees>139.8068724</LongitudeDegrees>
      </Position>
      <AltitudeMeters>0</AltitudeMeters>
      <DistanceMeters>2910</DistanceMeters>
      <HeartRateBpm>
       <Value>121</Value>
      </HeartRateBpm>
      <Cadence>77</Cadence>
      <Extensions>
       <Speed>6.560000</Speed>
      </Extensions>
     </Trackpoint>
     <Trackpoint>
      <Time>2026-06-10T08:11:23Z</Time>
      <Position>
       <LatitudeDegrees>35.6936257</LatitudeDegrees>
       <LongitudeDegrees>139.8068728</LongitudeDegrees>
      </Position>
      <AltitudeMeters>0</AltitudeMeters>
      <DistanceMeters>2912</DistanceMeters>
      <HeartRateBpm>
       <Value>121</Value>
      </HeartRateBpm>
      <Cadence>78</Cadence>
      <Extensions>
       <Speed>6.580000</Speed>
      </Extensions>
     </Trackpoint>
     <Trackpoint>
      <Time>2026-06-10T08:11:24Z</Time>
      <Position>
       <LatitudeDegrees>35.6936084</LatitudeDegrees>
       <LongitudeDegrees>139.8068733</LongitudeDegrees>
      </Position>
      <AltitudeMeters>0</AltitudeMeters>
      <DistanceMeters>2914</DistanceMeters>
      <HeartRateBpm>
       <Value>121</Value>
      </HeartRateBpm>
      <Cadence>78</Cadence>
      <Extensions>
       <Speed>6.590000</Speed>
      </Extensions>
     </Trackpoint>
     <Trackpoint>
      <Time>2026-06-10T08:11:25Z</Time>
      <Position>
       <LatitudeDegrees>35.6935922</LatitudeDegrees>
       <LongitudeDegrees>139.8068719</LongitudeDegrees>
      </Position>
      <AltitudeMeters>0</AltitudeMeters>
      <DistanceMeters>2916</DistanceMeters>
      <HeartRateBpm>
       <Value>121</Value>
      </HeartRateBpm>
      <Cadence>78</Cadence>
      <Extensions>
       <Speed>6.610000</Speed>
      </Extensions>
     </Trackpoint>
     <Trackpoint>
      <Time>2026-06-10T08:11:26Z</Time>
      <Position>
       <LatitudeDegrees>35.6935760</LatitudeDegrees>
       <LongitudeDegrees>139.8068705</LongitudeDegrees>
      </Position>
      <AltitudeMeters>0</AltitudeMeters>
      <DistanceMeters>2918</DistanceMeters>
      <HeartRateBpm>
       <Value>121</Value>
      </HeartRateBpm>
      <Cadence>77</Cadence>
      <Extensions>
       <Speed>6.620000</Speed>
      </Extensions>
     </Trackpoint>
     <Trackpoint>
      <Time>2026-06-10T08:11:27Z</Time>
      <Position>
       <LatitudeDegrees>35.6935602</LatitudeDegrees>
       <LongitudeDegrees>139.8068718</LongitudeDegrees>
      </Position>
      <AltitudeMeters>0</AltitudeMeters>
      <DistanceMeters>2919</DistanceMeters>
      <HeartRateBpm>
       <Value>121</Value>
      </HeartRateBpm>
      <Cadence>77</Cadence>
      <Extensions>
       <Speed>6.640000</Speed>
      </Extensions>
     </Trackpoint>
     <Trackpoint>
      <Time>2026-06-10T08:11:28Z</Time>
      <Position>
       <LatitudeDegrees>35.6935445</LatitudeDegrees>
       <LongitudeDegrees>139.8068732</LongitudeDegrees>
      </Position>
      <AltitudeMeters>0</AltitudeMeters>
      <DistanceMeters>2921</DistanceMeters>
      <HeartRateBpm>
       <Value>120</Value>
      </HeartRateBpm>
      <Cadence>77</Cadence>
      <Extensions>
       <Speed>6.660000</Speed>
      </Extensions>
     </Trackpoint>
     <Trackpoint>
      <Time>2026-06-10T08:11:29Z</Time>
      <Position>
       <LatitudeDegrees>35.6935307</LatitudeDegrees>
       <LongitudeDegrees>139.8068821</LongitudeDegrees>
      </Position>
      <AltitudeMeters>0</AltitudeMeters>
      <DistanceMeters>2923</DistanceMeters>
      <HeartRateBpm>
       <Value>120</Value>
      </HeartRateBpm>
      <Cadence>77</Cadence>
      <Extensions>
       <Speed>6.690000</Speed>
      </Extensions>
     </Trackpoint>
     <Trackpoint>
      <Time>2026-06-10T08:11:30Z</Time>
      <Position>
       <LatitudeDegrees>35.6935169</LatitudeDegrees>
       <LongitudeDegrees>139.8068910</LongitudeDegrees>
      </Position>
      <AltitudeMeters>0</AltitudeMeters>
      <DistanceMeters>2924</DistanceMeters>
      <HeartRateBpm>
       <Value>120</Value>
      </HeartRateBpm>
      <Cadence>77</Cadence>
      <Extensions>
       <Speed>6.740000</Speed>
      </Extensions>
     </Trackpoint>
     <Trackpoint>
      <Time>2026-06-10T08:11:31Z</Time>
      <Position>
       <LatitudeDegrees>35.6935078</LatitudeDegrees>
       <LongitudeDegrees>139.8069058</LongitudeDegrees>
      </Position>
      <AltitudeMeters>0</AltitudeMeters>
      <DistanceMeters>2926</DistanceMeters>
      <HeartRateBpm>
       <Value>120</Value>
      </HeartRateBpm>
      <Cadence>77</Cadence>
      <Extensions>
       <Speed>6.800000</Speed>
      </Extensions>
     </Trackpoint>
     <Trackpoint>
      <Time>2026-06-10T08:11:32Z</Time>
      <Position>
       <LatitudeDegrees>35.6934988</LatitudeDegrees>
       <LongitudeDegrees>139.8069207</LongitudeDegrees>
      </Position>
      <AltitudeMeters>0</AltitudeMeters>
      <DistanceMeters>2928</DistanceMeters>
      <HeartRateBpm>
       <Value>121</Value>
      </HeartRateBpm>
      <Cadence>77</Cadence>
      <Extensions>
       <Speed>6.810000</Speed>
      </Extensions>
     </Trackpoint>
     <Trackpoint>
      <Time>2026-06-10T08:11:33Z</Time>
      <Position>
       <LatitudeDegrees>35.6934928</LatitudeDegrees>
       <LongitudeDegrees>139.8069390</LongitudeDegrees>
      </Position>
      <AltitudeMeters>0</AltitudeMeters>
      <DistanceMeters>2930</DistanceMeters>
      <HeartRateBpm>
       <Value>121</Value>
      </HeartRateBpm>
      <Cadence>78</Cadence>
      <Extensions>
       <Speed>6.830000</Speed>
      </Extensions>
     </Trackpoint>
     <Trackpoint>
      <Time>2026-06-10T08:11:34Z</Time>
      <Position>
       <LatitudeDegrees>35.6934868</LatitudeDegrees>
       <LongitudeDegrees>139.8069574</LongitudeDegrees>
      </Position>
      <AltitudeMeters>0</AltitudeMeters>
      <DistanceMeters>2932</DistanceMeters>
      <HeartRateBpm>
       <Value>121</Value>
      </HeartRateBpm>
      <Cadence>78</Cadence>
      <Extensions>
       <Speed>6.830000</Speed>
      </Extensions>
     </Trackpoint>
     <Trackpoint>
      <Time>2026-06-10T08:11:35Z</Time>
      <Position>
       <LatitudeDegrees>35.6934823</LatitudeDegrees>
       <LongitudeDegrees>139.8069783</LongitudeDegrees>
      </Position>
      <AltitudeMeters>0</AltitudeMeters>
      <DistanceMeters>2934</DistanceMeters>
      <HeartRateBpm>
       <Value>121</Value>
      </HeartRateBpm>
      <Cadence>78</Cadence>
      <Extensions>
       <Speed>6.830000</Speed>
      </Extensions>
     </Trackpoint>
     <Trackpoint>
      <Time>2026-06-10T08:11:36Z</Time>
      <Position>
       <LatitudeDegrees>35.6934778</LatitudeDegrees>
       <LongitudeDegrees>139.8069992</LongitudeDegrees>
      </Position>
      <AltitudeMeters>0</AltitudeMeters>
      <DistanceMeters>2936</DistanceMeters>
      <HeartRateBpm>
       <Value>122</Value>
      </HeartRateBpm>
      <Cadence>78</Cadence>
      <Extensions>
       <Speed>6.830000</Speed>
      </Extensions>
     </Trackpoint>
     <Trackpoint>
      <Time>2026-06-10T08:11:37Z</Time>
      <Position>
       <LatitudeDegrees>35.6934751</LatitudeDegrees>
       <LongitudeDegrees>139.8070199</LongitudeDegrees>
      </Position>
      <AltitudeMeters>0</AltitudeMeters>
      <DistanceMeters>2938</DistanceMeters>
      <HeartRateBpm>
       <Value>122</Value>
      </HeartRateBpm>
      <Cadence>78</Cadence>
      <Extensions>
       <Speed>6.840000</Speed>
      </Extensions>
     </Trackpoint>
     <Trackpoint>
      <Time>2026-06-10T08:11:38Z</Time>
      <Position>
       <LatitudeDegrees>35.6934725</LatitudeDegrees>
       <LongitudeDegrees>139.8070407</LongitudeDegrees>
      </Position>
      <AltitudeMeters>0</AltitudeMeters>
      <DistanceMeters>2939</DistanceMeters>
      <HeartRateBpm>
       <Value>122</Value>
      </HeartRateBpm>
      <Cadence>77</Cadence>
      <Extensions>
       <Speed>6.840000</Speed>
      </Extensions>
     </Trackpoint>
     <Trackpoint>
      <Time>2026-06-10T08:11:39Z</Time>
      <Position>
       <LatitudeDegrees>35.6934724</LatitudeDegrees>
       <LongitudeDegrees>139.8070591</LongitudeDegrees>
      </Position>
      <AltitudeMeters>0</AltitudeMeters>
      <DistanceMeters>2940</DistanceMeters>
      <HeartRateBpm>
       <Value>122</Value>
      </HeartRateBpm>
      <Cadence>77</Cadence>
      <Extensions>
       <Speed>6.850000</Speed>
      </Extensions>
     </Trackpoint>
     <Trackpoint>
      <Time>2026-06-10T08:11:40Z</Time>
      <Position>
       <LatitudeDegrees>35.6934723</LatitudeDegrees>
       <LongitudeDegrees>139.8070775</LongitudeDegrees>
      </Position>
      <AltitudeMeters>0</AltitudeMeters>
      <DistanceMeters>2942</DistanceMeters>
      <HeartRateBpm>
       <Value>122</Value>
      </HeartRateBpm>
      <Cadence>76</Cadence>
      <Extensions>
       <Speed>6.850000</Speed>
      </Extensions>
     </Trackpoint>
     <Trackpoint>
      <Time>2026-06-10T08:11:41Z</Time>
      <Position>
       <LatitudeDegrees>35.6934747</LatitudeDegrees>
       <LongitudeDegrees>139.8070969</LongitudeDegrees>
      </Position>
      <AltitudeMeters>0</AltitudeMeters>
      <DistanceMeters>2944</DistanceMeters>
      <HeartRateBpm>
       <Value>122</Value>
      </HeartRateBpm>
      <Cadence>76</Cadence>
      <Extensions>
       <Speed>6.850000</Speed>
      </Extensions>
     </Trackpoint>
     <Trackpoint>
      <Time>2026-06-10T08:11:42Z</Time>
      <Position>
       <LatitudeDegrees>35.6934772</LatitudeDegrees>
       <LongitudeDegrees>139.8071163</LongitudeDegrees>
      </Position>
      <AltitudeMeters>0</AltitudeMeters>
      <DistanceMeters>2946</DistanceMeters>
      <HeartRateBpm>
       <Value>122</Value>
      </HeartRateBpm>
      <Cadence>76</Cadence>
      <Extensions>
       <Speed>6.850000</Speed>
      </Extensions>
     </Trackpoint>
     <Trackpoint>
      <Time>2026-06-10T08:11:43Z</Time>
      <Position>
       <LatitudeDegrees>35.6934794</LatitudeDegrees>
       <LongitudeDegrees>139.8071357</LongitudeDegrees>
      </Position>
      <AltitudeMeters>0</AltitudeMeters>
      <DistanceMeters>2948</DistanceMeters>
      <HeartRateBpm>
       <Value>122</Value>
      </HeartRateBpm>
      <Cadence>76</Cadence>
      <Extensions>
       <Speed>6.860000</Speed>
      </Extensions>
     </Trackpoint>
     <Trackpoint>
      <Time>2026-06-10T08:11:44Z</Time>
      <Position>
       <LatitudeDegrees>35.6934817</LatitudeDegrees>
       <LongitudeDegrees>139.8071552</LongitudeDegrees>
      </Position>
      <AltitudeMeters>0</AltitudeMeters>
      <DistanceMeters>2950</DistanceMeters>
      <HeartRateBpm>
       <Value>122</Value>
      </HeartRateBpm>
      <Cadence>76</Cadence>
      <Extensions>
       <Speed>6.850000</Speed>
      </Extensions>
     </Trackpoint>
     <Trackpoint>
      <Time>2026-06-10T08:11:45Z</Time>
      <Position>
       <LatitudeDegrees>35.6934815</LatitudeDegrees>
       <LongitudeDegrees>139.8071742</LongitudeDegrees>
      </Position>
      <AltitudeMeters>0</AltitudeMeters>
      <DistanceMeters>2951</DistanceMeters>
      <HeartRateBpm>
       <Value>123</Value>
      </HeartRateBpm>
      <Cadence>76</Cadence>
      <Extensions>
       <Speed>6.850000</Speed>
      </Extensions>
     </Trackpoint>
     <Trackpoint>
      <Time>2026-06-10T08:11:46Z</Time>
      <Position>
       <LatitudeDegrees>35.6934813</LatitudeDegrees>
       <LongitudeDegrees>139.8071932</LongitudeDegrees>
      </Position>
      <AltitudeMeters>0</AltitudeMeters>
      <DistanceMeters>2953</DistanceMeters>
      <HeartRateBpm>
       <Value>123</Value>
      </HeartRateBpm>
      <Cadence>76</Cadence>
      <Extensions>
       <Speed>6.840000</Speed>
      </Extensions>
     </Trackpoint>
     <Trackpoint>
      <Time>2026-06-10T08:11:47Z</Time>
      <Position>
       <LatitudeDegrees>35.6934785</LatitudeDegrees>
       <LongitudeDegrees>139.8072131</LongitudeDegrees>
      </Position>
      <AltitudeMeters>0</AltitudeMeters>
      <DistanceMeters>2955</DistanceMeters>
      <HeartRateBpm>
       <Value>123</Value>
      </HeartRateBpm>
      <Cadence>76</Cadence>
      <Extensions>
       <Speed>6.840000</Speed>
      </Extensions>
     </Trackpoint>
     <Trackpoint>
      <Time>2026-06-10T08:11:48Z</Time>
      <Position>
       <LatitudeDegrees>35.6934758</LatitudeDegrees>
       <LongitudeDegrees>139.8072331</LongitudeDegrees>
      </Position>
      <AltitudeMeters>0</AltitudeMeters>
      <DistanceMeters>2957</DistanceMeters>
      <HeartRateBpm>
       <Value>123</Value>
      </HeartRateBpm>
      <Cadence>76</Cadence>
      <Extensions>
       <Speed>6.830000</Speed>
      </Extensions>
     </Trackpoint>
     <Trackpoint>
      <Time>2026-06-10T08:11:49Z</Time>
      <Position>
       <LatitudeDegrees>35.6934737</LatitudeDegrees>
       <LongitudeDegrees>139.8072544</LongitudeDegrees>
      </Position>
      <AltitudeMeters>0</AltitudeMeters>
      <DistanceMeters>2959</DistanceMeters>
      <HeartRateBpm>
       <Value>123</Value>
      </HeartRateBpm>
      <Cadence>76</Cadence>
      <Extensions>
       <Speed>6.830000</Speed>
      </Extensions>
     </Trackpoint>
     <Trackpoint>
      <Time>2026-06-10T08:11:50Z</Time>
      <Position>
       <LatitudeDegrees>35.6934717</LatitudeDegrees>
       <LongitudeDegrees>139.8072758</LongitudeDegrees>
      </Position>
      <AltitudeMeters>0</AltitudeMeters>
      <DistanceMeters>2961</DistanceMeters>
      <HeartRateBpm>
       <Value>123</Value>
      </HeartRateBpm>
      <Cadence>76</Cadence>
      <Extensions>
       <Speed>6.820000</Speed>
      </Extensions>
     </Trackpoint>
     <Trackpoint>
      <Time>2026-06-10T08:11:51Z</Time>
      <Position>
       <LatitudeDegrees>35.6934724</LatitudeDegrees>
       <LongitudeDegrees>139.8072979</LongitudeDegrees>
      </Position>
      <AltitudeMeters>0</AltitudeMeters>
      <DistanceMeters>2963</DistanceMeters>
      <HeartRateBpm>
       <Value>123</Value>
      </HeartRateBpm>
      <Cadence>75</Cadence>
      <Extensions>
       <Speed>6.820000</Speed>
      </Extensions>
     </Trackpoint>
     <Trackpoint>
      <Time>2026-06-10T08:11:52Z</Time>
      <Position>
       <LatitudeDegrees>35.6934731</LatitudeDegrees>
       <LongitudeDegrees>139.8073200</LongitudeDegrees>
      </Position>
      <AltitudeMeters>0</AltitudeMeters>
      <DistanceMeters>2965</DistanceMeters>
      <HeartRateBpm>
       <Value>123</Value>
      </HeartRateBpm>
      <Cadence>75</Cadence>
      <Extensions>
       <Speed>6.800000</Speed>
      </Extensions>
     </Trackpoint>
     <Trackpoint>
      <Time>2026-06-10T08:11:53Z</Time>
      <Position>
       <LatitudeDegrees>35.6934762</LatitudeDegrees>
       <LongitudeDegrees>139.8073401</LongitudeDegrees>
      </Position>
      <AltitudeMeters>0</AltitudeMeters>
      <DistanceMeters>2967</DistanceMeters>
      <HeartRateBpm>
       <Value>123</Value>
      </HeartRateBpm>
      <Cadence>76</Cadence>
      <Extensions>
       <Speed>6.780000</Speed>
      </Extensions>
     </Trackpoint>
     <Trackpoint>
      <Time>2026-06-10T08:11:54Z</Time>
      <Position>
       <LatitudeDegrees>35.6934794</LatitudeDegrees>
       <LongitudeDegrees>139.8073602</LongitudeDegrees>
      </Position>
      <AltitudeMeters>0</AltitudeMeters>
      <DistanceMeters>2968</DistanceMeters>
      <HeartRateBpm>
       <Value>123</Value>
      </HeartRateBpm>
      <Cadence>76</Cadence>
      <Extensions>
       <Speed>6.770000</Speed>
      </Extensions>
     </Trackpoint>
     <Trackpoint>
      <Time>2026-06-10T08:11:55Z</Time>
      <Position>
       <LatitudeDegrees>35.6934830</LatitudeDegrees>
       <LongitudeDegrees>139.8073789</LongitudeDegrees>
      </Position>
      <AltitudeMeters>0</AltitudeMeters>
      <DistanceMeters>2970</DistanceMeters>
      <HeartRateBpm>
       <Value>123</Value>
      </HeartRateBpm>
      <Cadence>76</Cadence>
      <Extensions>
       <Speed>6.770000</Speed>
      </Extensions>
     </Trackpoint>
     <Trackpoint>
      <Time>2026-06-10T08:11:56Z</Time>
      <Position>
       <LatitudeDegrees>35.6934866</LatitudeDegrees>
       <LongitudeDegrees>139.8073977</LongitudeDegrees>
      </Position>
      <AltitudeMeters>0</AltitudeMeters>
      <DistanceMeters>2972</DistanceMeters>
      <HeartRateBpm>
       <Value>123</Value>
      </HeartRateBpm>
      <Cadence>76</Cadence>
      <Extensions>
       <Speed>6.760000</Speed>
      </Extensions>
     </Trackpoint>
     <Trackpoint>
      <Time>2026-06-10T08:11:57Z</Time>
      <Position>
       <LatitudeDegrees>35.6934901</LatitudeDegrees>
       <LongitudeDegrees>139.8074175</LongitudeDegrees>
      </Position>
      <AltitudeMeters>0</AltitudeMeters>
      <DistanceMeters>2974</DistanceMeters>
      <HeartRateBpm>
       <Value>123</Value>
      </HeartRateBpm>
      <Cadence>76</Cadence>
      <Extensions>
       <Speed>6.750000</Speed>
      </Extensions>
     </Trackpoint>
     <Trackpoint>
      <Time>2026-06-10T08:11:58Z</Time>
      <Position>
       <LatitudeDegrees>35.6934936</LatitudeDegrees>
       <LongitudeDegrees>139.8074373</LongitudeDegrees>
      </Position>
      <AltitudeMeters>0</AltitudeMeters>
      <DistanceMeters>2976</DistanceMeters>
      <HeartRateBpm>
       <Value>123</Value>
      </HeartRateBpm>
      <Cadence>76</Cadence>
      <Extensions>
       <Speed>6.740000</Speed>
      </Extensions>
     </Trackpoint>
     <Trackpoint>
      <Time>2026-06-10T08:11:59Z</Time>
      <Position>
       <LatitudeDegrees>35.6934974</LatitudeDegrees>
       <LongitudeDegrees>139.8074574</LongitudeDegrees>
      </Position>
      <AltitudeMeters>0</AltitudeMeters>
      <DistanceMeters>2978</DistanceMeters>
      <HeartRateBpm>
       <Value>123</Value>
      </HeartRateBpm>
      <Cadence>77</Cadence>
      <Extensions>
       <Speed>6.730000</Speed>
      </Extensions>
     </Trackpoint>
     <Trackpoint>
      <Time>2026-06-10T08:12:00Z</Time>
      <Position>
       <LatitudeDegrees>35.6935012</LatitudeDegrees>
       <LongitudeDegrees>139.8074775</LongitudeDegrees>
      </Position>
      <AltitudeMeters>0</AltitudeMeters>
      <DistanceMeters>2980</DistanceMeters>
      <HeartRateBpm>
       <Value>123</Value>
      </HeartRateBpm>
      <Cadence>77</Cadence>
      <Extensions>
       <Speed>6.720000</Speed>
      </Extensions>
     </Trackpoint>
     <Trackpoint>
      <Time>2026-06-10T08:12:01Z</Time>
      <Position>
       <LatitudeDegrees>35.6935039</LatitudeDegrees>
       <LongitudeDegrees>139.8074988</LongitudeDegrees>
      </Position>
      <AltitudeMeters>0</AltitudeMeters>
      <DistanceMeters>2982</DistanceMeters>
      <HeartRateBpm>
       <Value>123</Value>
      </HeartRateBpm>
      <Cadence>77</Cadence>
      <Extensions>
       <Speed>6.710000</Speed>
      </Extensions>
     </Trackpoint>
     <Trackpoint>
      <Time>2026-06-10T08:12:02Z</Time>
      <Position>
       <LatitudeDegrees>35.6935067</LatitudeDegrees>
       <LongitudeDegrees>139.8075201</LongitudeDegrees>
      </Position>
      <AltitudeMeters>0</AltitudeMeters>
      <DistanceMeters>2984</DistanceMeters>
      <HeartRateBpm>
       <Value>123</Value>
      </HeartRateBpm>
      <Cadence>77</Cadence>
      <Extensions>
       <Speed>6.700000</Speed>
      </Extensions>
     </Trackpoint>
     <Trackpoint>
      <Time>2026-06-10T08:12:03Z</Time>
      <Position>
       <LatitudeDegrees>35.6935083</LatitudeDegrees>
       <LongitudeDegrees>139.8075421</LongitudeDegrees>
      </Position>
      <AltitudeMeters>0</AltitudeMeters>
      <DistanceMeters>2985</DistanceMeters>
      <HeartRateBpm>
       <Value>123</Value>
      </HeartRateBpm>
      <Cadence>77</Cadence>
      <Extensions>
       <Speed>6.700000</Speed>
      </Extensions>
     </Trackpoint>
     <Trackpoint>
      <Time>2026-06-10T08:12:04Z</Time>
      <Position>
       <LatitudeDegrees>35.6935099</LatitudeDegrees>
       <LongitudeDegrees>139.8075642</LongitudeDegrees>
      </Position>
      <AltitudeMeters>0</AltitudeMeters>
      <DistanceMeters>2988</DistanceMeters>
      <HeartRateBpm>
       <Value>123</Value>
      </HeartRateBpm>
      <Cadence>77</Cadence>
      <Extensions>
       <Speed>6.690000</Speed>
      </Extensions>
     </Trackpoint>
     <Trackpoint>
      <Time>2026-06-10T08:12:05Z</Time>
      <Position>
       <LatitudeDegrees>35.6935108</LatitudeDegrees>
       <LongitudeDegrees>139.8075871</LongitudeDegrees>
      </Position>
      <AltitudeMeters>0</AltitudeMeters>
      <DistanceMeters>2990</DistanceMeters>
      <HeartRateBpm>
       <Value>123</Value>
      </HeartRateBpm>
      <Cadence>76</Cadence>
      <Extensions>
       <Speed>6.690000</Speed>
      </Extensions>
     </Trackpoint>
     <Trackpoint>
      <Time>2026-06-10T08:12:06Z</Time>
      <Position>
       <LatitudeDegrees>35.6935117</LatitudeDegrees>
       <LongitudeDegrees>139.8076100</LongitudeDegrees>
      </Position>
      <AltitudeMeters>0</AltitudeMeters>
      <DistanceMeters>2992</DistanceMeters>
      <HeartRateBpm>
       <Value>123</Value>
      </HeartRateBpm>
      <Cadence>76</Cadence>
      <Extensions>
       <Speed>6.690000</Speed>
      </Extensions>
     </Trackpoint>
     <Trackpoint>
      <Time>2026-06-10T08:12:07Z</Time>
      <Position>
       <LatitudeDegrees>35.6935116</LatitudeDegrees>
       <LongitudeDegrees>139.8076329</LongitudeDegrees>
      </Position>
      <AltitudeMeters>0</AltitudeMeters>
      <DistanceMeters>2994</DistanceMeters>
      <HeartRateBpm>
       <Value>123</Value>
      </HeartRateBpm>
      <Cadence>76</Cadence>
      <Extensions>
       <Speed>6.700000</Speed>
      </Extensions>
     </Trackpoint>
     <Trackpoint>
      <Time>2026-06-10T08:12:08Z</Time>
      <Position>
       <LatitudeDegrees>35.6935115</LatitudeDegrees>
       <LongitudeDegrees>139.8076558</LongitudeDegrees>
      </Position>
      <AltitudeMeters>0</AltitudeMeters>
      <DistanceMeters>2996</DistanceMeters>
      <HeartRateBpm>
       <Value>124</Value>
      </HeartRateBpm>
      <Cadence>76</Cadence>
      <Extensions>
       <Speed>6.720000</Speed>
      </Extensions>
     </Trackpoint>
     <Trackpoint>
      <Time>2026-06-10T08:12:09Z</Time>
      <Position>
       <LatitudeDegrees>35.6935111</LatitudeDegrees>
       <LongitudeDegrees>139.8076764</LongitudeDegrees>
      </Position>
      <AltitudeMeters>0</AltitudeMeters>
      <DistanceMeters>2997</DistanceMeters>
      <HeartRateBpm>
       <Value>124</Value>
      </HeartRateBpm>
      <Cadence>76</Cadence>
      <Extensions>
       <Speed>6.750000</Speed>
      </Extensions>
     </Trackpoint>
     <Trackpoint>
      <Time>2026-06-10T08:12:10Z</Time>
      <Position>
       <LatitudeDegrees>35.6935108</LatitudeDegrees>
       <LongitudeDegrees>139.8076970</LongitudeDegrees>
      </Position>
      <AltitudeMeters>0</AltitudeMeters>
      <DistanceMeters>2998</DistanceMeters>
      <HeartRateBpm>
       <Value>124</Value>
      </HeartRateBpm>
      <Cadence>76</Cadence>
      <Extensions>
       <Speed>6.760000</Speed>
      </Extensions>
     </Trackpoint>
    </Track>
   </Lap>
   <Lap StartTime="2026-06-10T08:12:10Z">
    <TotalTimeSeconds>192</TotalTimeSeconds>
    <DistanceMeters>356</DistanceMeters>
    <Intensity>Active</Intensity>
    <TriggerMethod>Manual</TriggerMethod>
    <MaximumHeartRateBpm>
     <Value>128</Value>
    </MaximumHeartRateBpm>
    <AverageHeartRateBpm>
     <Value>124</Value>
    </AverageHeartRateBpm>
    <Track>
     <Trackpoint>
      <Time>2026-06-10T08:12:10Z</Time>
      <Position>
       <LatitudeDegrees>35.6935108</LatitudeDegrees>
       <LongitudeDegrees>139.8076970</LongitudeDegrees>
      </Position>
      <AltitudeMeters>0</AltitudeMeters>
      <DistanceMeters>2998</DistanceMeters>
      <HeartRateBpm>
       <Value>124</Value>
      </HeartRateBpm>
      <Cadence>76</Cadence>
      <Extensions>
       <Speed>6.760000</Speed>
      </Extensions>
     </Trackpoint>
     <Trackpoint>
      <Time>2026-06-10T08:12:11Z</Time>
      <Position>
       <LatitudeDegrees>35.6935091</LatitudeDegrees>
       <LongitudeDegrees>139.8077155</LongitudeDegrees>
      </Position>
      <AltitudeMeters>0</AltitudeMeters>
      <DistanceMeters>3000</DistanceMeters>
      <HeartRateBpm>
       <Value>124</Value>
      </HeartRateBpm>
      <Cadence>76</Cadence>
      <Extensions>
       <Speed>6.780000</Speed>
      </Extensions>
     </Trackpoint>
     <Trackpoint>
      <Time>2026-06-10T08:12:12Z</Time>
      <Position>
       <LatitudeDegrees>35.6935074</LatitudeDegrees>
       <LongitudeDegrees>139.8077340</LongitudeDegrees>
      </Position>
      <AltitudeMeters>0</AltitudeMeters>
      <DistanceMeters>3002</DistanceMeters>
      <HeartRateBpm>
       <Value>124</Value>
      </HeartRateBpm>
      <Cadence>77</Cadence>
      <Extensions>
       <Speed>6.780000</Speed>
      </Extensions>
     </Trackpoint>
     <Trackpoint>
      <Time>2026-06-10T08:12:13Z</Time>
      <Position>
       <LatitudeDegrees>35.6935083</LatitudeDegrees>
       <LongitudeDegrees>139.8077551</LongitudeDegrees>
      </Position>
      <AltitudeMeters>0</AltitudeMeters>
      <DistanceMeters>3005</DistanceMeters>
      <HeartRateBpm>
       <Value>124</Value>
      </HeartRateBpm>
      <Cadence>77</Cadence>
      <Extensions>
       <Speed>6.790000</Speed>
      </Extensions>
     </Trackpoint>
     <Trackpoint>
      <Time>2026-06-10T08:12:14Z</Time>
      <Position>
       <LatitudeDegrees>35.6935092</LatitudeDegrees>
       <LongitudeDegrees>139.8077762</LongitudeDegrees>
      </Position>
      <AltitudeMeters>0</AltitudeMeters>
      <DistanceMeters>3007</DistanceMeters>
      <HeartRateBpm>
       <Value>124</Value>
      </HeartRateBpm>
      <Cadence>77</Cadence>
      <Extensions>
       <Speed>6.780000</Speed>
      </Extensions>
     </Trackpoint>
     <Trackpoint>
      <Time>2026-06-10T08:12:15Z</Time>
      <Position>
       <LatitudeDegrees>35.6935152</LatitudeDegrees>
       <LongitudeDegrees>139.8077977</LongitudeDegrees>
      </Position>
      <AltitudeMeters>0</AltitudeMeters>
      <DistanceMeters>3009</DistanceMeters>
      <HeartRateBpm>
       <Value>124</Value>
      </HeartRateBpm>
      <Cadence>77</Cadence>
      <Extensions>
       <Speed>6.780000</Speed>
      </Extensions>
     </Trackpoint>
     <Trackpoint>
      <Time>2026-06-10T08:12:16Z</Time>
      <Position>
       <LatitudeDegrees>35.6935212</LatitudeDegrees>
       <LongitudeDegrees>139.8078192</LongitudeDegrees>
      </Position>
      <AltitudeMeters>0</AltitudeMeters>
      <DistanceMeters>3011</DistanceMeters>
      <HeartRateBpm>
       <Value>124</Value>
      </HeartRateBpm>
      <Cadence>77</Cadence>
      <Extensions>
       <Speed>6.780000</Speed>
      </Extensions>
     </Trackpoint>
     <Trackpoint>
      <Time>2026-06-10T08:12:17Z</Time>
      <Position>
       <LatitudeDegrees>35.6935275</LatitudeDegrees>
       <LongitudeDegrees>139.8078404</LongitudeDegrees>
      </Position>
      <AltitudeMeters>0</AltitudeMeters>
      <DistanceMeters>3013</DistanceMeters>
      <HeartRateBpm>
       <Value>125</Value>
      </HeartRateBpm>
      <Cadence>77</Cadence>
      <Extensions>
       <Speed>6.780000</Speed>
      </Extensions>
     </Trackpoint>
     <Trackpoint>
      <Time>2026-06-10T08:12:18Z</Time>
      <Position>
       <LatitudeDegrees>35.6935338</LatitudeDegrees>
       <LongitudeDegrees>139.8078617</LongitudeDegrees>
      </Position>
      <AltitudeMeters>0</AltitudeMeters>
      <DistanceMeters>3015</DistanceMeters>
      <HeartRateBpm>
       <Value>125</Value>
      </HeartRateBpm>
      <Cadence>77</Cadence>
      <Extensions>
       <Speed>6.800000</Speed>
      </Extensions>
     </Trackpoint>
     <Trackpoint>
      <Time>2026-06-10T08:12:19Z</Time>
      <Position>
       <LatitudeDegrees>35.6935383</LatitudeDegrees>
       <LongitudeDegrees>139.8078817</LongitudeDegrees>
      </Position>
      <AltitudeMeters>0</AltitudeMeters>
      <DistanceMeters>3017</DistanceMeters>
      <HeartRateBpm>
       <Value>125</Value>
      </HeartRateBpm>
      <Cadence>77</Cadence>
      <Extensions>
       <Speed>6.820000</Speed>
      </Extensions>
     </Trackpoint>
     <Trackpoint>
      <Time>2026-06-10T08:12:20Z</Time>
      <Position>
       <LatitudeDegrees>35.6935429</LatitudeDegrees>
       <LongitudeDegrees>139.8079018</LongitudeDegrees>
      </Position>
      <AltitudeMeters>0</AltitudeMeters>
      <DistanceMeters>3018</DistanceMeters>
      <HeartRateBpm>
       <Value>125</Value>
      </HeartRateBpm>
      <Cadence>77</Cadence>
      <Extensions>
       <Speed>6.820000</Speed>
      </Extensions>
     </Trackpoint>
     <Trackpoint>
      <Time>2026-06-10T08:12:21Z</Time>
      <Position>
       <LatitudeDegrees>35.6935445</LatitudeDegrees>
       <LongitudeDegrees>139.8079206</LongitudeDegrees>
      </Position>
      <AltitudeMeters>0</AltitudeMeters>
      <DistanceMeters>3020</DistanceMeters>
      <HeartRateBpm>
       <Value>125</Value>
      </HeartRateBpm>
      <Cadence>77</Cadence>
      <Extensions>
       <Speed>6.830000</Speed>
      </Extensions>
     </Trackpoint>
     <Trackpoint>
      <Time>2026-06-10T08:12:22Z</Time>
      <Position>
       <LatitudeDegrees>35.6935462</LatitudeDegrees>
       <LongitudeDegrees>139.8079394</LongitudeDegrees>
      </Position>
      <AltitudeMeters>0</AltitudeMeters>
      <DistanceMeters>3022</DistanceMeters>
      <HeartRateBpm>
       <Value>125</Value>
      </HeartRateBpm>
      <Cadence>77</Cadence>
      <Extensions>
       <Speed>6.830000</Speed>
      </Extensions>
     </Trackpoint>
     <Trackpoint>
      <Time>2026-06-10T08:12:23Z</Time>
      <Position>
       <LatitudeDegrees>35.6935469</LatitudeDegrees>
       <LongitudeDegrees>139.8079579</LongitudeDegrees>
      </Position>
      <AltitudeMeters>0</AltitudeMeters>
      <DistanceMeters>3023</DistanceMeters>
      <HeartRateBpm>
       <Value>125</Value>
      </HeartRateBpm>
      <Cadence>77</Cadence>
      <Extensions>
       <Speed>6.830000</Speed>
      </Extensions>
     </Trackpoint>
     <Trackpoint>
      <Time>2026-06-10T08:12:24Z</Time>
      <Position>
       <LatitudeDegrees>35.6935477</LatitudeDegrees>
       <LongitudeDegrees>139.8079765</LongitudeDegrees>
      </Position>
      <AltitudeMeters>0</AltitudeMeters>
      <DistanceMeters>3025</DistanceMeters>
      <HeartRateBpm>
       <Value>125</Value>
      </HeartRateBpm>
      <Cadence>77</Cadence>
      <Extensions>
       <Speed>6.830000</Speed>
      </Extensions>
     </Trackpoint>
     <Trackpoint>
      <Time>2026-06-10T08:12:25Z</Time>
      <Position>
       <LatitudeDegrees>35.6935491</LatitudeDegrees>
       <LongitudeDegrees>139.8079956</LongitudeDegrees>
      </Position>
      <AltitudeMeters>0</AltitudeMeters>
      <DistanceMeters>3027</DistanceMeters>
      <HeartRateBpm>
       <Value>126</Value>
      </HeartRateBpm>
      <Cadence>77</Cadence>
      <Extensions>
       <Speed>6.830000</Speed>
      </Extensions>
     </Trackpoint>
     <Trackpoint>
      <Time>2026-06-10T08:12:26Z</Time>
      <Position>
       <LatitudeDegrees>35.6935505</LatitudeDegrees>
       <LongitudeDegrees>139.8080147</LongitudeDegrees>
      </Position>
      <AltitudeMeters>0</AltitudeMeters>
      <DistanceMeters>3029</DistanceMeters>
      <HeartRateBpm>
       <Value>126</Value>
      </HeartRateBpm>
      <Cadence>77</Cadence>
      <Extensions>
       <Speed>6.820000</Speed>
      </Extensions>
     </Trackpoint>
     <Trackpoint>
      <Time>2026-06-10T08:12:27Z</Time>
      <Position>
       <LatitudeDegrees>35.6935518</LatitudeDegrees>
       <LongitudeDegrees>139.8080360</LongitudeDegrees>
      </Position>
      <AltitudeMeters>0</AltitudeMeters>
      <DistanceMeters>3031</DistanceMeters>
      <HeartRateBpm>
       <Value>126</Value>
      </HeartRateBpm>
      <Cadence>78</Cadence>
      <Extensions>
       <Speed>6.810000</Speed>
      </Extensions>
     </Trackpoint>
     <Trackpoint>
      <Time>2026-06-10T08:12:28Z</Time>
      <Position>
       <LatitudeDegrees>35.6935532</LatitudeDegrees>
       <LongitudeDegrees>139.8080574</LongitudeDegrees>
      </Position>
      <AltitudeMeters>0</AltitudeMeters>
      <DistanceMeters>3033</DistanceMeters>
      <HeartRateBpm>
       <Value>127</Value>
      </HeartRateBpm>
      <Cadence>78</Cadence>
      <Extensions>
       <Speed>6.810000</Speed>
      </Extensions>
     </Trackpoint>
     <Trackpoint>
      <Time>2026-06-10T08:12:29Z</Time>
      <Position>
       <LatitudeDegrees>35.6935546</LatitudeDegrees>
       <LongitudeDegrees>139.8080779</LongitudeDegrees>
      </Position>
      <AltitudeMeters>0</AltitudeMeters>
      <DistanceMeters>3035</DistanceMeters>
      <HeartRateBpm>
       <Value>127</Value>
      </HeartRateBpm>
      <Cadence>78</Cadence>
      <Extensions>
       <Speed>6.810000</Speed>
      </Extensions>
     </Trackpoint>
     <Trackpoint>
      <Time>2026-06-10T08:12:30Z</Time>
      <Position>
       <LatitudeDegrees>35.6935560</LatitudeDegrees>
       <LongitudeDegrees>139.8080984</LongitudeDegrees>
      </Position>
      <AltitudeMeters>0</AltitudeMeters>
      <DistanceMeters>3036</DistanceMeters>
      <HeartRateBpm>
       <Value>127</Value>
      </HeartRateBpm>
      <Cadence>78</Cadence>
      <Extensions>
       <Speed>6.810000</Speed>
      </Extensions>
     </Trackpoint>
     <Trackpoint>
      <Time>2026-06-10T08:12:31Z</Time>
      <Position>
       <LatitudeDegrees>35.6935586</LatitudeDegrees>
       <LongitudeDegrees>139.8081183</LongitudeDegrees>
      </Position>
      <AltitudeMeters>0</AltitudeMeters>
      <DistanceMeters>3038</DistanceMeters>
      <HeartRateBpm>
       <Value>127</Value>
      </HeartRateBpm>
      <Cadence>79</Cadence>
      <Extensions>
       <Speed>6.810000</Speed>
      </Extensions>
     </Trackpoint>
     <Trackpoint>
      <Time>2026-06-10T08:12:32Z</Time>
      <Position>
       <LatitudeDegrees>35.6935613</LatitudeDegrees>
       <LongitudeDegrees>139.8081383</LongitudeDegrees>
      </Position>
      <AltitudeMeters>0</AltitudeMeters>
      <DistanceMeters>3040</DistanceMeters>
      <HeartRateBpm>
       <Value>128</Value>
      </HeartRateBpm>
      <Cadence>79</Cadence>
      <Extensions>
       <Speed>6.810000</Speed>
      </Extensions>
     </Trackpoint>
     <Trackpoint>
      <Time>2026-06-10T08:12:33Z</Time>
      <Position>
       <LatitudeDegrees>35.6935646</LatitudeDegrees>
       <LongitudeDegrees>139.8081595</LongitudeDegrees>
      </Position>
      <AltitudeMeters>0</AltitudeMeters>
      <DistanceMeters>3042</DistanceMeters>
      <HeartRateBpm>
       <Value>127</Value>
      </HeartRateBpm>
      <Cadence>79</Cadence>
      <Extensions>
       <Speed>6.810000</Speed>
      </Extensions>
     </Trackpoint>
     <Trackpoint>
      <Time>2026-06-10T08:12:34Z</Time>
      <Position>
       <LatitudeDegrees>35.6935679</LatitudeDegrees>
       <LongitudeDegrees>139.8081807</LongitudeDegrees>
      </Position>
      <AltitudeMeters>0</AltitudeMeters>
      <DistanceMeters>3044</DistanceMeters>
      <HeartRateBpm>
       <Value>127</Value>
      </HeartRateBpm>
      <Cadence>79</Cadence>
      <Extensions>
       <Speed>6.810000</Speed>
      </Extensions>
     </Trackpoint>
     <Trackpoint>
      <Time>2026-06-10T08:12:35Z</Time>
      <Position>
       <LatitudeDegrees>35.6935713</LatitudeDegrees>
       <LongitudeDegrees>139.8082033</LongitudeDegrees>
      </Position>
      <AltitudeMeters>0</AltitudeMeters>
      <DistanceMeters>3047</DistanceMeters>
      <HeartRateBpm>
       <Value>127</Value>
      </HeartRateBpm>
      <Cadence>79</Cadence>
      <Extensions>
       <Speed>6.810000</Speed>
      </Extensions>
     </Trackpoint>
     <Trackpoint>
      <Time>2026-06-10T08:12:36Z</Time>
      <Position>
       <LatitudeDegrees>35.6935747</LatitudeDegrees>
       <LongitudeDegrees>139.8082260</LongitudeDegrees>
      </Position>
      <AltitudeMeters>0</AltitudeMeters>
      <DistanceMeters>3048</DistanceMeters>
      <HeartRateBpm>
       <Value>127</Value>
      </HeartRateBpm>
      <Cadence>79</Cadence>
      <Extensions>
       <Speed>6.820000</Speed>
      </Extensions>
     </Trackpoint>
     <Trackpoint>
      <Time>2026-06-10T08:12:37Z</Time>
      <Position>
       <LatitudeDegrees>35.6935771</LatitudeDegrees>
       <LongitudeDegrees>139.8082479</LongitudeDegrees>
      </Position>
      <AltitudeMeters>0</AltitudeMeters>
      <DistanceMeters>3050</DistanceMeters>
      <HeartRateBpm>
       <Value>127</Value>
      </HeartRateBpm>
      <Cadence>79</Cadence>
      <Extensions>
       <Speed>6.830000</Speed>
      </Extensions>
     </Trackpoint>
     <Trackpoint>
      <Time>2026-06-10T08:12:38Z</Time>
      <Position>
       <LatitudeDegrees>35.6935796</LatitudeDegrees>
       <LongitudeDegrees>139.8082699</LongitudeDegrees>
      </Position>
      <AltitudeMeters>0</AltitudeMeters>
      <DistanceMeters>3052</DistanceMeters>
      <HeartRateBpm>
       <Value>127</Value>
      </HeartRateBpm>
      <Cadence>79</Cadence>
      <Extensions>
       <Speed>6.840000</Speed>
      </Extensions>
     </Trackpoint>
     <Trackpoint>
      <Time>2026-06-10T08:12:39Z</Time>
      <Position>
       <LatitudeDegrees>35.6935794</LatitudeDegrees>
       <LongitudeDegrees>139.8082915</LongitudeDegrees>
      </Position>
      <AltitudeMeters>0</AltitudeMeters>
      <DistanceMeters>3054</DistanceMeters>
      <HeartRateBpm>
       <Value>127</Value>
      </HeartRateBpm>
      <Cadence>79</Cadence>
      <Extensions>
       <Speed>6.860000</Speed>
      </Extensions>
     </Trackpoint>
     <Trackpoint>
      <Time>2026-06-10T08:12:40Z</Time>
      <Position>
       <LatitudeDegrees>35.6935792</LatitudeDegrees>
       <LongitudeDegrees>139.8083131</LongitudeDegrees>
      </Position>
      <AltitudeMeters>0</AltitudeMeters>
      <DistanceMeters>3056</DistanceMeters>
      <HeartRateBpm>
       <Value>127</Value>
      </HeartRateBpm>
      <Cadence>79</Cadence>
      <Extensions>
       <Speed>6.870000</Speed>
      </Extensions>
     </Trackpoint>
     <Trackpoint>
      <Time>2026-06-10T08:12:41Z</Time>
      <Position>
       <LatitudeDegrees>35.6935784</LatitudeDegrees>
       <LongitudeDegrees>139.8083335</LongitudeDegrees>
      </Position>
      <AltitudeMeters>0</AltitudeMeters>
      <DistanceMeters>3058</DistanceMeters>
      <HeartRateBpm>
       <Value>127</Value>
      </HeartRateBpm>
      <Cadence>79</Cadence>
      <Extensions>
       <Speed>6.880000</Speed>
      </Extensions>
     </Trackpoint>
     <Trackpoint>
      <Time>2026-06-10T08:12:42Z</Time>
      <Position>
       <LatitudeDegrees>35.6935776</LatitudeDegrees>
       <LongitudeDegrees>139.8083539</LongitudeDegrees>
      </Position>
      <AltitudeMeters>0</AltitudeMeters>
      <DistanceMeters>3060</DistanceMeters>
      <HeartRateBpm>
       <Value>127</Value>
      </HeartRateBpm>
      <Cadence>78</Cadence>
      <Extensions>
       <Speed>6.880000</Speed>
      </Extensions>
     </Trackpoint>
     <Trackpoint>
      <Time>2026-06-10T08:12:43Z</Time>
      <Position>
       <LatitudeDegrees>35.6935774</LatitudeDegrees>
       <LongitudeDegrees>139.8083738</LongitudeDegrees>
      </Position>
      <AltitudeMeters>0</AltitudeMeters>
      <DistanceMeters>3062</DistanceMeters>
      <HeartRateBpm>
       <Value>127</Value>
      </HeartRateBpm>
      <Cadence>78</Cadence>
      <Extensions>
       <Speed>6.880000</Speed>
      </Extensions>
     </Trackpoint>
     <Trackpoint>
      <Time>2026-06-10T08:12:44Z</Time>
      <Position>
       <LatitudeDegrees>35.6935772</LatitudeDegrees>
       <LongitudeDegrees>139.8083938</LongitudeDegrees>
      </Position>
      <AltitudeMeters>0</AltitudeMeters>
      <DistanceMeters>3064</DistanceMeters>
      <HeartRateBpm>
       <Value>127</Value>
      </HeartRateBpm>
      <Cadence>78</Cadence>
      <Extensions>
       <Speed>6.880000</Speed>
      </Extensions>
     </Trackpoint>
     <Trackpoint>
      <Time>2026-06-10T08:12:45Z</Time>
      <Position>
       <LatitudeDegrees>35.6935767</LatitudeDegrees>
       <LongitudeDegrees>139.8084131</LongitudeDegrees>
      </Position>
      <AltitudeMeters>0</AltitudeMeters>
      <DistanceMeters>3065</DistanceMeters>
      <HeartRateBpm>
       <Value>126</Value>
      </HeartRateBpm>
      <Cadence>79</Cadence>
      <Extensions>
       <Speed>6.890000</Speed>
      </Extensions>
     </Trackpoint>
     <Trackpoint>
      <Time>2026-06-10T08:12:46Z</Time>
      <Position>
       <LatitudeDegrees>35.6935762</LatitudeDegrees>
       <LongitudeDegrees>139.8084325</LongitudeDegrees>
      </Position>
      <AltitudeMeters>0</AltitudeMeters>
      <DistanceMeters>3066</DistanceMeters>
      <HeartRateBpm>
       <Value>126</Value>
      </HeartRateBpm>
      <Cadence>78</Cadence>
      <Extensions>
       <Speed>6.890000</Speed>
      </Extensions>
     </Trackpoint>
     <Trackpoint>
      <Time>2026-06-10T08:12:47Z</Time>
      <Position>
       <LatitudeDegrees>35.6935752</LatitudeDegrees>
       <LongitudeDegrees>139.8084523</LongitudeDegrees>
      </Position>
      <AltitudeMeters>0</AltitudeMeters>
      <DistanceMeters>3068</DistanceMeters>
      <HeartRateBpm>
       <Value>126</Value>
      </HeartRateBpm>
      <Cadence>78</Cadence>
      <Extensions>
       <Speed>6.890000</Speed>
      </Extensions>
     </Trackpoint>
     <Trackpoint>
      <Time>2026-06-10T08:12:48Z</Time>
      <Position>
       <LatitudeDegrees>35.6935742</LatitudeDegrees>
       <LongitudeDegrees>139.8084722</LongitudeDegrees>
      </Position>
      <AltitudeMeters>0</AltitudeMeters>
      <DistanceMeters>3070</DistanceMeters>
      <HeartRateBpm>
       <Value>126</Value>
      </HeartRateBpm>
      <Cadence>77</Cadence>
      <Extensions>
       <Speed>6.890000</Speed>
      </Extensions>
     </Trackpoint>
     <Trackpoint>
      <Time>2026-06-10T08:12:49Z</Time>
      <Position>
       <LatitudeDegrees>35.6935736</LatitudeDegrees>
       <LongitudeDegrees>139.8084930</LongitudeDegrees>
      </Position>
      <AltitudeMeters>0</AltitudeMeters>
      <DistanceMeters>3073</DistanceMeters>
      <HeartRateBpm>
       <Value>126</Value>
      </HeartRateBpm>
      <Cadence>77</Cadence>
      <Extensions>
       <Speed>6.890000</Speed>
      </Extensions>
     </Trackpoint>
     <Trackpoint>
      <Time>2026-06-10T08:12:50Z</Time>
      <Position>
       <LatitudeDegrees>35.6935731</LatitudeDegrees>
       <LongitudeDegrees>139.8085139</LongitudeDegrees>
      </Position>
      <AltitudeMeters>0</AltitudeMeters>
      <DistanceMeters>3074</DistanceMeters>
      <HeartRateBpm>
       <Value>126</Value>
      </HeartRateBpm>
      <Cadence>77</Cadence>
      <Extensions>
       <Speed>6.890000</Speed>
      </Extensions>
     </Trackpoint>
     <Trackpoint>
      <Time>2026-06-10T08:12:51Z</Time>
      <Position>
       <LatitudeDegrees>35.6935738</LatitudeDegrees>
       <LongitudeDegrees>139.8085337</LongitudeDegrees>
      </Position>
      <AltitudeMeters>0</AltitudeMeters>
      <DistanceMeters>3076</DistanceMeters>
      <HeartRateBpm>
       <Value>126</Value>
      </HeartRateBpm>
      <Cadence>77</Cadence>
      <Extensions>
       <Speed>6.890000</Speed>
      </Extensions>
     </Trackpoint>
     <Trackpoint>
      <Time>2026-06-10T08:12:52Z</Time>
      <Position>
       <LatitudeDegrees>35.6935745</LatitudeDegrees>
       <LongitudeDegrees>139.8085536</LongitudeDegrees>
      </Position>
      <AltitudeMeters>0</AltitudeMeters>
      <DistanceMeters>3078</DistanceMeters>
      <HeartRateBpm>
       <Value>126</Value>
      </HeartRateBpm>
      <Cadence>77</Cadence>
      <Extensions>
       <Speed>6.880000</Speed>
      </Extensions>
     </Trackpoint>
     <Trackpoint>
      <Time>2026-06-10T08:12:53Z</Time>
      <Position>
       <LatitudeDegrees>35.6935767</LatitudeDegrees>
       <LongitudeDegrees>139.8085726</LongitudeDegrees>
      </Position>
      <AltitudeMeters>0</AltitudeMeters>
      <DistanceMeters>3079</DistanceMeters>
      <HeartRateBpm>
       <Value>126</Value>
      </HeartRateBpm>
      <Cadence>77</Cadence>
      <Extensions>
       <Speed>6.880000</Speed>
      </Extensions>
     </Trackpoint>
     <Trackpoint>
      <Time>2026-06-10T08:12:54Z</Time>
      <Position>
       <LatitudeDegrees>35.6935790</LatitudeDegrees>
       <LongitudeDegrees>139.8085916</LongitudeDegrees>
      </Position>
      <AltitudeMeters>0</AltitudeMeters>
      <DistanceMeters>3081</DistanceMeters>
      <HeartRateBpm>
       <Value>126</Value>
      </HeartRateBpm>
      <Cadence>76</Cadence>
      <Extensions>
       <Speed>6.870000</Speed>
      </Extensions>
     </Trackpoint>
     <Trackpoint>
      <Time>2026-06-10T08:12:55Z</Time>
      <Position>
       <LatitudeDegrees>35.6935828</LatitudeDegrees>
       <LongitudeDegrees>139.8086119</LongitudeDegrees>
      </Position>
      <AltitudeMeters>0</AltitudeMeters>
      <DistanceMeters>3083</DistanceMeters>
      <HeartRateBpm>
       <Value>126</Value>
      </HeartRateBpm>
      <Cadence>76</Cadence>
      <Extensions>
       <Speed>6.870000</Speed>
      </Extensions>
     </Trackpoint>
     <Trackpoint>
      <Time>2026-06-10T08:12:56Z</Time>
      <Position>
       <LatitudeDegrees>35.6935867</LatitudeDegrees>
       <LongitudeDegrees>139.8086323</LongitudeDegrees>
      </Position>
      <AltitudeMeters>0</AltitudeMeters>
      <DistanceMeters>3085</DistanceMeters>
      <HeartRateBpm>
       <Value>126</Value>
      </HeartRateBpm>
      <Cadence>76</Cadence>
      <Extensions>
       <Speed>6.850000</Speed>
      </Extensions>
     </Trackpoint>
     <Trackpoint>
      <Time>2026-06-10T08:12:57Z</Time>
      <Position>
       <LatitudeDegrees>35.6935909</LatitudeDegrees>
       <LongitudeDegrees>139.8086534</LongitudeDegrees>
      </Position>
      <AltitudeMeters>0</AltitudeMeters>
      <DistanceMeters>3087</DistanceMeters>
      <HeartRateBpm>
       <Value>126</Value>
      </HeartRateBpm>
      <Cadence>76</Cadence>
      <Extensions>
       <Speed>6.840000</Speed>
      </Extensions>
     </Trackpoint>
     <Trackpoint>
      <Time>2026-06-10T08:12:58Z</Time>
      <Position>
       <LatitudeDegrees>35.6935952</LatitudeDegrees>
       <LongitudeDegrees>139.8086746</LongitudeDegrees>
      </Position>
      <AltitudeMeters>0</AltitudeMeters>
      <DistanceMeters>3089</DistanceMeters>
      <HeartRateBpm>
       <Value>126</Value>
      </HeartRateBpm>
      <Cadence>76</Cadence>
      <Extensions>
       <Speed>6.840000</Speed>
      </Extensions>
     </Trackpoint>
     <Trackpoint>
      <Time>2026-06-10T08:12:59Z</Time>
      <Position>
       <LatitudeDegrees>35.6935981</LatitudeDegrees>
       <LongitudeDegrees>139.8086959</LongitudeDegrees>
      </Position>
      <AltitudeMeters>0</AltitudeMeters>
      <DistanceMeters>3091</DistanceMeters>
      <HeartRateBpm>
       <Value>126</Value>
      </HeartRateBpm>
      <Cadence>76</Cadence>
      <Extensions>
       <Speed>6.840000</Speed>
      </Extensions>
     </Trackpoint>
     <Trackpoint>
      <Time>2026-06-10T08:13:00Z</Time>
      <Position>
       <LatitudeDegrees>35.6936010</LatitudeDegrees>
       <LongitudeDegrees>139.8087172</LongitudeDegrees>
      </Position>
      <AltitudeMeters>0</AltitudeMeters>
      <DistanceMeters>3093</DistanceMeters>
      <HeartRateBpm>
       <Value>126</Value>
      </HeartRateBpm>
      <Cadence>76</Cadence>
      <Extensions>
       <Speed>6.840000</Speed>
      </Extensions>
     </Trackpoint>
     <Trackpoint>
      <Time>2026-06-10T08:13:01Z</Time>
      <Position>
       <LatitudeDegrees>35.6936019</LatitudeDegrees>
       <LongitudeDegrees>139.8087380</LongitudeDegrees>
      </Position>
      <AltitudeMeters>0</AltitudeMeters>
      <DistanceMeters>3095</DistanceMeters>
      <HeartRateBpm>
       <Value>126</Value>
      </HeartRateBpm>
      <Cadence>76</Cadence>
      <Extensions>
       <Speed>6.840000</Speed>
      </Extensions>
     </Trackpoint>
     <Trackpoint>
      <Time>2026-06-10T08:13:02Z</Time>
      <Position>
       <LatitudeDegrees>35.6936028</LatitudeDegrees>
       <LongitudeDegrees>139.8087589</LongitudeDegrees>
      </Position>
      <AltitudeMeters>0</AltitudeMeters>
      <DistanceMeters>3097</DistanceMeters>
      <HeartRateBpm>
       <Value>126</Value>
      </HeartRateBpm>
      <Cadence>77</Cadence>
      <Extensions>
       <Speed>6.850000</Speed>
      </Extensions>
     </Trackpoint>
     <Trackpoint>
      <Time>2026-06-10T08:13:03Z</Time>
      <Position>
       <LatitudeDegrees>35.6936023</LatitudeDegrees>
       <LongitudeDegrees>139.8087804</LongitudeDegrees>
      </Position>
      <AltitudeMeters>0</AltitudeMeters>
      <DistanceMeters>3099</DistanceMeters>
      <HeartRateBpm>
       <Value>126</Value>
      </HeartRateBpm>
      <Cadence>78</Cadence>
      <Extensions>
       <Speed>6.860000</Speed>
      </Extensions>
     </Trackpoint>
     <Trackpoint>
      <Time>2026-06-10T08:13:04Z</Time>
      <Position>
       <LatitudeDegrees>35.6936018</LatitudeDegrees>
       <LongitudeDegrees>139.8088020</LongitudeDegrees>
      </Position>
      <AltitudeMeters>0</AltitudeMeters>
      <DistanceMeters>3101</DistanceMeters>
      <HeartRateBpm>
       <Value>127</Value>
      </HeartRateBpm>
      <Cadence>78</Cadence>
      <Extensions>
       <Speed>6.860000</Speed>
      </Extensions>
     </Trackpoint>
     <Trackpoint>
      <Time>2026-06-10T08:13:05Z</Time>
      <Position>
       <LatitudeDegrees>35.6936008</LatitudeDegrees>
       <LongitudeDegrees>139.8088231</LongitudeDegrees>
      </Position>
      <AltitudeMeters>0</AltitudeMeters>
      <DistanceMeters>3103</DistanceMeters>
      <HeartRateBpm>
       <Value>127</Value>
      </HeartRateBpm>
      <Cadence>78</Cadence>
      <Extensions>
       <Speed>6.870000</Speed>
      </Extensions>
     </Trackpoint>
     <Trackpoint>
      <Time>2026-06-10T08:13:06Z</Time>
      <Position>
       <LatitudeDegrees>35.6935998</LatitudeDegrees>
       <LongitudeDegrees>139.8088442</LongitudeDegrees>
      </Position>
      <AltitudeMeters>1</AltitudeMeters>
      <DistanceMeters>3104</DistanceMeters>
      <HeartRateBpm>
       <Value>127</Value>
      </HeartRateBpm>
      <Cadence>78</Cadence>
      <Extensions>
       <Speed>6.870000</Speed>
      </Extensions>
     </Trackpoint>
     <Trackpoint>
      <Time>2026-06-10T08:13:07Z</Time>
      <Position>
       <LatitudeDegrees>35.6935991</LatitudeDegrees>
       <LongitudeDegrees>139.8088642</LongitudeDegrees>
      </Position>
      <AltitudeMeters>1</AltitudeMeters>
      <DistanceMeters>3106</DistanceMeters>
      <HeartRateBpm>
       <Value>127</Value>
      </HeartRateBpm>
      <Cadence>78</Cadence>
      <Extensions>
       <Speed>6.870000</Speed>
      </Extensions>
     </Trackpoint>
     <Trackpoint>
      <Time>2026-06-10T08:13:08Z</Time>
      <Position>
       <LatitudeDegrees>35.6935984</LatitudeDegrees>
       <LongitudeDegrees>139.8088842</LongitudeDegrees>
      </Position>
      <AltitudeMeters>1</AltitudeMeters>
      <DistanceMeters>3108</DistanceMeters>
      <HeartRateBpm>
       <Value>126</Value>
      </HeartRateBpm>
      <Cadence>78</Cadence>
      <Extensions>
       <Speed>6.870000</Speed>
      </Extensions>
     </Trackpoint>
     <Trackpoint>
      <Time>2026-06-10T08:13:09Z</Time>
      <Position>
       <LatitudeDegrees>35.6935980</LatitudeDegrees>
       <LongitudeDegrees>139.8089036</LongitudeDegrees>
      </Position>
      <AltitudeMeters>1</AltitudeMeters>
      <DistanceMeters>3110</DistanceMeters>
      <HeartRateBpm>
       <Value>126</Value>
      </HeartRateBpm>
      <Cadence>78</Cadence>
      <Extensions>
       <Speed>6.870000</Speed>
      </Extensions>
     </Trackpoint>
     <Trackpoint>
      <Time>2026-06-10T08:13:10Z</Time>
      <Position>
       <LatitudeDegrees>35.6935977</LatitudeDegrees>
       <LongitudeDegrees>139.8089231</LongitudeDegrees>
      </Position>
      <AltitudeMeters>1</AltitudeMeters>
      <DistanceMeters>3112</DistanceMeters>
      <HeartRateBpm>
       <Value>124</Value>
      </HeartRateBpm>
      <Cadence>78</Cadence>
      <Extensions>
       <Speed>6.860000</Speed>
      </Extensions>
     </Trackpoint>
     <Trackpoint>
      <Time>2026-06-10T08:13:11Z</Time>
      <Position>
       <LatitudeDegrees>35.6935974</LatitudeDegrees>
       <LongitudeDegrees>139.8089420</LongitudeDegrees>
      </Position>
      <AltitudeMeters>1</AltitudeMeters>
      <DistanceMeters>3113</DistanceMeters>
      <HeartRateBpm>
       <Value>123</Value>
      </HeartRateBpm>
      <Cadence>78</Cadence>
      <Extensions>
       <Speed>6.860000</Speed>
      </Extensions>
     </Trackpoint>
     <Trackpoint>
      <Time>2026-06-10T08:13:12Z</Time>
      <Position>
       <LatitudeDegrees>35.6935972</LatitudeDegrees>
       <LongitudeDegrees>139.8089610</LongitudeDegrees>
      </Position>
      <AltitudeMeters>1</AltitudeMeters>
      <DistanceMeters>3114</DistanceMeters>
      <HeartRateBpm>
       <Value>121</Value>
      </HeartRateBpm>
      <Cadence>78</Cadence>
      <Extensions>
       <Speed>6.850000</Speed>
      </Extensions>
     </Trackpoint>
     <Trackpoint>
      <Time>2026-06-10T08:13:13Z</Time>
      <Position>
       <LatitudeDegrees>35.6935970</LatitudeDegrees>
       <LongitudeDegrees>139.8089792</LongitudeDegrees>
      </Position>
      <AltitudeMeters>1</AltitudeMeters>
      <DistanceMeters>3116</DistanceMeters>
      <HeartRateBpm>
       <Value>121</Value>
      </HeartRateBpm>
      <Cadence>78</Cadence>
      <Extensions>
       <Speed>6.850000</Speed>
      </Extensions>
     </Trackpoint>
     <Trackpoint>
      <Time>2026-06-10T08:13:14Z</Time>
      <Position>
       <LatitudeDegrees>35.6935969</LatitudeDegrees>
       <LongitudeDegrees>139.8089975</LongitudeDegrees>
      </Position>
      <AltitudeMeters>1</AltitudeMeters>
      <DistanceMeters>3118</DistanceMeters>
      <HeartRateBpm>
       <Value>120</Value>
      </HeartRateBpm>
      <Cadence>78</Cadence>
      <Extensions>
       <Speed>6.840000</Speed>
      </Extensions>
     </Trackpoint>
     <Trackpoint>
      <Time>2026-06-10T08:13:15Z</Time>
      <Position>
       <LatitudeDegrees>35.6935977</LatitudeDegrees>
       <LongitudeDegrees>139.8090156</LongitudeDegrees>
      </Position>
      <AltitudeMeters>1</AltitudeMeters>
      <DistanceMeters>3119</DistanceMeters>
      <HeartRateBpm>
       <Value>120</Value>
      </HeartRateBpm>
      <Cadence>78</Cadence>
      <Extensions>
       <Speed>6.830000</Speed>
      </Extensions>
     </Trackpoint>
     <Trackpoint>
      <Time>2026-06-10T08:13:16Z</Time>
      <Position>
       <LatitudeDegrees>35.6935985</LatitudeDegrees>
       <LongitudeDegrees>139.8090338</LongitudeDegrees>
      </Position>
      <AltitudeMeters>1</AltitudeMeters>
      <DistanceMeters>3121</DistanceMeters>
      <HeartRateBpm>
       <Value>120</Value>
      </HeartRateBpm>
      <Cadence>78</Cadence>
      <Extensions>
       <Speed>6.810000</Speed>
      </Extensions>
     </Trackpoint>
     <Trackpoint>
      <Time>2026-06-10T08:13:17Z</Time>
      <Position>
       <LatitudeDegrees>35.6936005</LatitudeDegrees>
       <LongitudeDegrees>139.8090522</LongitudeDegrees>
      </Position>
      <AltitudeMeters>0</AltitudeMeters>
      <DistanceMeters>3123</DistanceMeters>
      <HeartRateBpm>
       <Value>121</Value>
      </HeartRateBpm>
      <Cadence>78</Cadence>
      <Extensions>
       <Speed>6.790000</Speed>
      </Extensions>
     </Trackpoint>
     <Trackpoint>
      <Time>2026-06-10T08:13:18Z</Time>
      <Position>
       <LatitudeDegrees>35.6936025</LatitudeDegrees>
       <LongitudeDegrees>139.8090706</LongitudeDegrees>
      </Position>
      <AltitudeMeters>0</AltitudeMeters>
      <DistanceMeters>3125</DistanceMeters>
      <HeartRateBpm>
       <Value>121</Value>
      </HeartRateBpm>
      <Cadence>78</Cadence>
      <Extensions>
       <Speed>6.770000</Speed>
      </Extensions>
     </Trackpoint>
     <Trackpoint>
      <Time>2026-06-10T08:13:19Z</Time>
      <Position>
       <LatitudeDegrees>35.6936051</LatitudeDegrees>
       <LongitudeDegrees>139.8090899</LongitudeDegrees>
      </Position>
      <AltitudeMeters>0</AltitudeMeters>
      <DistanceMeters>3127</DistanceMeters>
      <HeartRateBpm>
       <Value>121</Value>
      </HeartRateBpm>
      <Cadence>78</Cadence>
      <Extensions>
       <Speed>6.760000</Speed>
      </Extensions>
     </Trackpoint>
     <Trackpoint>
      <Time>2026-06-10T08:13:20Z</Time>
      <Position>
       <LatitudeDegrees>35.6936078</LatitudeDegrees>
       <LongitudeDegrees>139.8091092</LongitudeDegrees>
      </Position>
      <AltitudeMeters>0</AltitudeMeters>
      <DistanceMeters>3128</DistanceMeters>
      <HeartRateBpm>
       <Value>122</Value>
      </HeartRateBpm>
      <Cadence>79</Cadence>
      <Extensions>
       <Speed>6.750000</Speed>
      </Extensions>
     </Trackpoint>
     <Trackpoint>
      <Time>2026-06-10T08:13:21Z</Time>
      <Position>
       <LatitudeDegrees>35.6936098</LatitudeDegrees>
       <LongitudeDegrees>139.8091290</LongitudeDegrees>
      </Position>
      <AltitudeMeters>0</AltitudeMeters>
      <DistanceMeters>3130</DistanceMeters>
      <HeartRateBpm>
       <Value>121</Value>
      </HeartRateBpm>
      <Cadence>80</Cadence>
      <Extensions>
       <Speed>6.740000</Speed>
      </Extensions>
     </Trackpoint>
     <Trackpoint>
      <Time>2026-06-10T08:13:22Z</Time>
      <Position>
       <LatitudeDegrees>35.6936119</LatitudeDegrees>
       <LongitudeDegrees>139.8091489</LongitudeDegrees>
      </Position>
      <AltitudeMeters>0</AltitudeMeters>
      <DistanceMeters>3132</DistanceMeters>
      <HeartRateBpm>
       <Value>121</Value>
      </HeartRateBpm>
      <Cadence>80</Cadence>
      <Extensions>
       <Speed>6.730000</Speed>
      </Extensions>
     </Trackpoint>
     <Trackpoint>
      <Time>2026-06-10T08:13:23Z</Time>
      <Position>
       <LatitudeDegrees>35.6936127</LatitudeDegrees>
       <LongitudeDegrees>139.8091685</LongitudeDegrees>
      </Position>
      <AltitudeMeters>0</AltitudeMeters>
      <DistanceMeters>3134</DistanceMeters>
      <HeartRateBpm>
       <Value>121</Value>
      </HeartRateBpm>
      <Cadence>80</Cadence>
      <Extensions>
       <Speed>6.720000</Speed>
      </Extensions>
     </Trackpoint>
     <Trackpoint>
      <Time>2026-06-10T08:13:24Z</Time>
      <Position>
       <LatitudeDegrees>35.6936136</LatitudeDegrees>
       <LongitudeDegrees>139.8091882</LongitudeDegrees>
      </Position>
      <AltitudeMeters>0</AltitudeMeters>
      <DistanceMeters>3136</DistanceMeters>
      <HeartRateBpm>
       <Value>120</Value>
      </HeartRateBpm>
      <Cadence>80</Cadence>
      <Extensions>
       <Speed>6.710000</Speed>
      </Extensions>
     </Trackpoint>
     <Trackpoint>
      <Time>2026-06-10T08:13:25Z</Time>
      <Position>
       <LatitudeDegrees>35.6936130</LatitudeDegrees>
       <LongitudeDegrees>139.8092075</LongitudeDegrees>
      </Position>
      <AltitudeMeters>0</AltitudeMeters>
      <DistanceMeters>3137</DistanceMeters>
      <HeartRateBpm>
       <Value>119</Value>
      </HeartRateBpm>
      <Cadence>80</Cadence>
      <Extensions>
       <Speed>6.700000</Speed>
      </Extensions>
     </Trackpoint>
     <Trackpoint>
      <Time>2026-06-10T08:13:26Z</Time>
      <Position>
       <LatitudeDegrees>35.6936125</LatitudeDegrees>
       <LongitudeDegrees>139.8092269</LongitudeDegrees>
      </Position>
      <AltitudeMeters>0</AltitudeMeters>
      <DistanceMeters>3138</DistanceMeters>
      <HeartRateBpm>
       <Value>118</Value>
      </HeartRateBpm>
      <Cadence>80</Cadence>
      <Extensions>
       <Speed>6.690000</Speed>
      </Extensions>
     </Trackpoint>
     <Trackpoint>
      <Time>2026-06-10T08:13:27Z</Time>
      <Position>
       <LatitudeDegrees>35.6936113</LatitudeDegrees>
       <LongitudeDegrees>139.8092445</LongitudeDegrees>
      </Position>
      <AltitudeMeters>0</AltitudeMeters>
      <DistanceMeters>3140</DistanceMeters>
      <HeartRateBpm>
       <Value>118</Value>
      </HeartRateBpm>
      <Cadence>80</Cadence>
      <Extensions>
       <Speed>6.680000</Speed>
      </Extensions>
     </Trackpoint>
     <Trackpoint>
      <Time>2026-06-10T08:13:28Z</Time>
      <Position>
       <LatitudeDegrees>35.6936102</LatitudeDegrees>
       <LongitudeDegrees>139.8092621</LongitudeDegrees>
      </Position>
      <AltitudeMeters>0</AltitudeMeters>
      <DistanceMeters>3142</DistanceMeters>
      <HeartRateBpm>
       <Value>118</Value>
      </HeartRateBpm>
      <Cadence>79</Cadence>
      <Extensions>
       <Speed>6.670000</Speed>
      </Extensions>
     </Trackpoint>
     <Trackpoint>
      <Time>2026-06-10T08:13:29Z</Time>
      <Position>
       <LatitudeDegrees>35.6936119</LatitudeDegrees>
       <LongitudeDegrees>139.8092802</LongitudeDegrees>
      </Position>
      <AltitudeMeters>0</AltitudeMeters>
      <DistanceMeters>3144</DistanceMeters>
      <HeartRateBpm>
       <Value>119</Value>
      </HeartRateBpm>
      <Cadence>79</Cadence>
      <Extensions>
       <Speed>6.660000</Speed>
      </Extensions>
     </Trackpoint>
     <Trackpoint>
      <Time>2026-06-10T08:13:30Z</Time>
      <Position>
       <LatitudeDegrees>35.6936136</LatitudeDegrees>
       <LongitudeDegrees>139.8092984</LongitudeDegrees>
      </Position>
      <AltitudeMeters>0</AltitudeMeters>
      <DistanceMeters>3146</DistanceMeters>
      <HeartRateBpm>
       <Value>120</Value>
      </HeartRateBpm>
      <Cadence>79</Cadence>
      <Extensions>
       <Speed>6.650000</Speed>
      </Extensions>
     </Trackpoint>
     <Trackpoint>
      <Time>2026-06-10T08:13:31Z</Time>
      <Position>
       <LatitudeDegrees>35.6936167</LatitudeDegrees>
       <LongitudeDegrees>139.8093172</LongitudeDegrees>
      </Position>
      <AltitudeMeters>0</AltitudeMeters>
      <DistanceMeters>3147</DistanceMeters>
      <HeartRateBpm>
       <Value>120</Value>
      </HeartRateBpm>
      <Cadence>79</Cadence>
      <Extensions>
       <Speed>6.640000</Speed>
      </Extensions>
     </Trackpoint>
     <Trackpoint>
      <Time>2026-06-10T08:13:32Z</Time>
      <Position>
       <LatitudeDegrees>35.6936198</LatitudeDegrees>
       <LongitudeDegrees>139.8093361</LongitudeDegrees>
      </Position>
      <AltitudeMeters>0</AltitudeMeters>
      <DistanceMeters>3149</DistanceMeters>
      <HeartRateBpm>
       <Value>121</Value>
      </HeartRateBpm>
      <Cadence>79</Cadence>
      <Extensions>
       <Speed>6.630000</Speed>
      </Extensions>
     </Trackpoint>
     <Trackpoint>
      <Time>2026-06-10T08:13:33Z</Time>
      <Position>
       <LatitudeDegrees>35.6936227</LatitudeDegrees>
       <LongitudeDegrees>139.8093559</LongitudeDegrees>
      </Position>
      <AltitudeMeters>0</AltitudeMeters>
      <DistanceMeters>3151</DistanceMeters>
      <HeartRateBpm>
       <Value>122</Value>
      </HeartRateBpm>
      <Cadence>78</Cadence>
      <Extensions>
       <Speed>6.620000</Speed>
      </Extensions>
     </Trackpoint>
     <Trackpoint>
      <Time>2026-06-10T08:13:34Z</Time>
      <Position>
       <LatitudeDegrees>35.6936256</LatitudeDegrees>
       <LongitudeDegrees>139.8093758</LongitudeDegrees>
      </Position>
      <AltitudeMeters>0</AltitudeMeters>
      <DistanceMeters>3153</DistanceMeters>
      <HeartRateBpm>
       <Value>122</Value>
      </HeartRateBpm>
      <Cadence>78</Cadence>
      <Extensions>
       <Speed>6.610000</Speed>
      </Extensions>
     </Trackpoint>
     <Trackpoint>
      <Time>2026-06-10T08:13:35Z</Time>
      <Position>
       <LatitudeDegrees>35.6936280</LatitudeDegrees>
       <LongitudeDegrees>139.8093966</LongitudeDegrees>
      </Position>
      <AltitudeMeters>0</AltitudeMeters>
      <DistanceMeters>3155</DistanceMeters>
      <HeartRateBpm>
       <Value>123</Value>
      </HeartRateBpm>
      <Cadence>78</Cadence>
      <Extensions>
       <Speed>6.600000</Speed>
      </Extensions>
     </Trackpoint>
     <Trackpoint>
      <Time>2026-06-10T08:13:36Z</Time>
      <Position>
       <LatitudeDegrees>35.6936305</LatitudeDegrees>
       <LongitudeDegrees>139.8094175</LongitudeDegrees>
      </Position>
      <AltitudeMeters>0</AltitudeMeters>
      <DistanceMeters>3157</DistanceMeters>
      <HeartRateBpm>
       <Value>123</Value>
      </HeartRateBpm>
      <Cadence>78</Cadence>
      <Extensions>
       <Speed>6.590000</Speed>
      </Extensions>
     </Trackpoint>
     <Trackpoint>
      <Time>2026-06-10T08:13:37Z</Time>
      <Position>
       <LatitudeDegrees>35.6936324</LatitudeDegrees>
       <LongitudeDegrees>139.8094396</LongitudeDegrees>
      </Position>
      <AltitudeMeters>0</AltitudeMeters>
      <DistanceMeters>3159</DistanceMeters>
      <HeartRateBpm>
       <Value>123</Value>
      </HeartRateBpm>
      <Cadence>78</Cadence>
      <Extensions>
       <Speed>6.590000</Speed>
      </Extensions>
     </Trackpoint>
     <Trackpoint>
      <Time>2026-06-10T08:13:38Z</Time>
      <Position>
       <LatitudeDegrees>35.6936343</LatitudeDegrees>
       <LongitudeDegrees>139.8094618</LongitudeDegrees>
      </Position>
      <AltitudeMeters>0</AltitudeMeters>
      <DistanceMeters>3160</DistanceMeters>
      <HeartRateBpm>
       <Value>123</Value>
      </HeartRateBpm>
      <Cadence>78</Cadence>
      <Extensions>
       <Speed>6.580000</Speed>
      </Extensions>
     </Trackpoint>
     <Trackpoint>
      <Time>2026-06-10T08:13:39Z</Time>
      <Position>
       <LatitudeDegrees>35.6936345</LatitudeDegrees>
       <LongitudeDegrees>139.8094827</LongitudeDegrees>
      </Position>
      <AltitudeMeters>0</AltitudeMeters>
      <DistanceMeters>3162</DistanceMeters>
      <HeartRateBpm>
       <Value>123</Value>
      </HeartRateBpm>
      <Cadence>79</Cadence>
      <Extensions>
       <Speed>6.580000</Speed>
      </Extensions>
     </Trackpoint>
     <Trackpoint>
      <Time>2026-06-10T08:13:40Z</Time>
      <Position>
       <LatitudeDegrees>35.6936348</LatitudeDegrees>
       <LongitudeDegrees>139.8095036</LongitudeDegrees>
      </Position>
      <AltitudeMeters>0</AltitudeMeters>
      <DistanceMeters>3164</DistanceMeters>
      <HeartRateBpm>
       <Value>123</Value>
      </HeartRateBpm>
      <Cadence>79</Cadence>
      <Extensions>
       <Speed>6.570000</Speed>
      </Extensions>
     </Trackpoint>
     <Trackpoint>
      <Time>2026-06-10T08:13:41Z</Time>
      <Position>
       <LatitudeDegrees>35.6936367</LatitudeDegrees>
       <LongitudeDegrees>139.8095240</LongitudeDegrees>
      </Position>
      <AltitudeMeters>0</AltitudeMeters>
      <DistanceMeters>3166</DistanceMeters>
      <HeartRateBpm>
       <Value>123</Value>
      </HeartRateBpm>
      <Cadence>79</Cadence>
      <Extensions>
       <Speed>6.560000</Speed>
      </Extensions>
     </Trackpoint>
     <Trackpoint>
      <Time>2026-06-10T08:13:42Z</Time>
      <Position>
       <LatitudeDegrees>35.6936386</LatitudeDegrees>
       <LongitudeDegrees>139.8095444</LongitudeDegrees>
      </Position>
      <AltitudeMeters>0</AltitudeMeters>
      <DistanceMeters>3168</DistanceMeters>
      <HeartRateBpm>
       <Value>124</Value>
      </HeartRateBpm>
      <Cadence>79</Cadence>
      <Extensions>
       <Speed>6.550000</Speed>
      </Extensions>
     </Trackpoint>
     <Trackpoint>
      <Time>2026-06-10T08:13:43Z</Time>
      <Position>
       <LatitudeDegrees>35.6936413</LatitudeDegrees>
       <LongitudeDegrees>139.8095641</LongitudeDegrees>
      </Position>
      <AltitudeMeters>0</AltitudeMeters>
      <DistanceMeters>3170</DistanceMeters>
      <HeartRateBpm>
       <Value>124</Value>
      </HeartRateBpm>
      <Cadence>79</Cadence>
      <Extensions>
       <Speed>6.550000</Speed>
      </Extensions>
     </Trackpoint>
     <Trackpoint>
      <Time>2026-06-10T08:13:44Z</Time>
      <Position>
       <LatitudeDegrees>35.6936441</LatitudeDegrees>
       <LongitudeDegrees>139.8095839</LongitudeDegrees>
      </Position>
      <AltitudeMeters>0</AltitudeMeters>
      <DistanceMeters>3172</DistanceMeters>
      <HeartRateBpm>
       <Value>124</Value>
      </HeartRateBpm>
      <Cadence>79</Cadence>
      <Extensions>
       <Speed>6.550000</Speed>
      </Extensions>
     </Trackpoint>
     <Trackpoint>
      <Time>2026-06-10T08:13:45Z</Time>
      <Position>
       <LatitudeDegrees>35.6936470</LatitudeDegrees>
       <LongitudeDegrees>139.8096036</LongitudeDegrees>
      </Position>
      <AltitudeMeters>0</AltitudeMeters>
      <DistanceMeters>3174</DistanceMeters>
      <HeartRateBpm>
       <Value>124</Value>
      </HeartRateBpm>
      <Cadence>79</Cadence>
      <Extensions>
       <Speed>6.550000</Speed>
      </Extensions>
     </Trackpoint>
     <Trackpoint>
      <Time>2026-06-10T08:13:46Z</Time>
      <Position>
       <LatitudeDegrees>35.6936499</LatitudeDegrees>
       <LongitudeDegrees>139.8096233</LongitudeDegrees>
      </Position>
      <AltitudeMeters>0</AltitudeMeters>
      <DistanceMeters>3176</DistanceMeters>
      <HeartRateBpm>
       <Value>124</Value>
      </HeartRateBpm>
      <Cadence>78</Cadence>
      <Extensions>
       <Speed>6.550000</Speed>
      </Extensions>
     </Trackpoint>
     <Trackpoint>
      <Time>2026-06-10T08:13:47Z</Time>
      <Position>
       <LatitudeDegrees>35.6936495</LatitudeDegrees>
       <LongitudeDegrees>139.8096418</LongitudeDegrees>
      </Position>
      <AltitudeMeters>0</AltitudeMeters>
      <DistanceMeters>3177</DistanceMeters>
      <HeartRateBpm>
       <Value>123</Value>
      </HeartRateBpm>
      <Cadence>78</Cadence>
      <Extensions>
       <Speed>6.550000</Speed>
      </Extensions>
     </Trackpoint>
     <Trackpoint>
      <Time>2026-06-10T08:13:48Z</Time>
      <Position>
       <LatitudeDegrees>35.6936492</LatitudeDegrees>
       <LongitudeDegrees>139.8096604</LongitudeDegrees>
      </Position>
      <AltitudeMeters>0</AltitudeMeters>
      <DistanceMeters>3178</DistanceMeters>
      <HeartRateBpm>
       <Value>123</Value>
      </HeartRateBpm>
      <Cadence>77</Cadence>
      <Extensions>
       <Speed>6.550000</Speed>
      </Extensions>
     </Trackpoint>
     <Trackpoint>
      <Time>2026-06-10T08:13:49Z</Time>
      <Position>
       <LatitudeDegrees>35.6936486</LatitudeDegrees>
       <LongitudeDegrees>139.8096788</LongitudeDegrees>
      </Position>
      <AltitudeMeters>0</AltitudeMeters>
      <DistanceMeters>3180</DistanceMeters>
      <HeartRateBpm>
       <Value>123</Value>
      </HeartRateBpm>
      <Cadence>77</Cadence>
      <Extensions>
       <Speed>6.550000</Speed>
      </Extensions>
     </Trackpoint>
     <Trackpoint>
      <Time>2026-06-10T08:13:50Z</Time>
      <Position>
       <LatitudeDegrees>35.6936481</LatitudeDegrees>
       <LongitudeDegrees>139.8096973</LongitudeDegrees>
      </Position>
      <AltitudeMeters>0</AltitudeMeters>
      <DistanceMeters>3182</DistanceMeters>
      <HeartRateBpm>
       <Value>123</Value>
      </HeartRateBpm>
      <Cadence>77</Cadence>
      <Extensions>
       <Speed>6.550000</Speed>
      </Extensions>
     </Trackpoint>
     <Trackpoint>
      <Time>2026-06-10T08:13:51Z</Time>
      <Position>
       <LatitudeDegrees>35.6936494</LatitudeDegrees>
       <LongitudeDegrees>139.8097167</LongitudeDegrees>
      </Position>
      <AltitudeMeters>0</AltitudeMeters>
      <DistanceMeters>3184</DistanceMeters>
      <HeartRateBpm>
       <Value>123</Value>
      </HeartRateBpm>
      <Cadence>77</Cadence>
      <Extensions>
       <Speed>6.550000</Speed>
      </Extensions>
     </Trackpoint>
     <Trackpoint>
      <Time>2026-06-10T08:13:52Z</Time>
      <Position>
       <LatitudeDegrees>35.6936507</LatitudeDegrees>
       <LongitudeDegrees>139.8097362</LongitudeDegrees>
      </Position>
      <AltitudeMeters>0</AltitudeMeters>
      <DistanceMeters>3186</DistanceMeters>
      <HeartRateBpm>
       <Value>123</Value>
      </HeartRateBpm>
      <Cadence>77</Cadence>
      <Extensions>
       <Speed>6.550000</Speed>
      </Extensions>
     </Trackpoint>
     <Trackpoint>
      <Time>2026-06-10T08:13:53Z</Time>
      <Position>
       <LatitudeDegrees>35.6936521</LatitudeDegrees>
       <LongitudeDegrees>139.8097550</LongitudeDegrees>
      </Position>
      <AltitudeMeters>0</AltitudeMeters>
      <DistanceMeters>3187</DistanceMeters>
      <HeartRateBpm>
       <Value>123</Value>
      </HeartRateBpm>
      <Cadence>77</Cadence>
      <Extensions>
       <Speed>6.550000</Speed>
      </Extensions>
     </Trackpoint>
     <Trackpoint>
      <Time>2026-06-10T08:13:54Z</Time>
      <Position>
       <LatitudeDegrees>35.6936536</LatitudeDegrees>
       <LongitudeDegrees>139.8097738</LongitudeDegrees>
      </Position>
      <AltitudeMeters>0</AltitudeMeters>
      <DistanceMeters>3188</DistanceMeters>
      <HeartRateBpm>
       <Value>123</Value>
      </HeartRateBpm>
      <Cadence>77</Cadence>
      <Extensions>
       <Speed>6.550000</Speed>
      </Extensions>
     </Trackpoint>
     <Trackpoint>
      <Time>2026-06-10T08:13:55Z</Time>
      <Position>
       <LatitudeDegrees>35.6936546</LatitudeDegrees>
       <LongitudeDegrees>139.8097920</LongitudeDegrees>
      </Position>
      <AltitudeMeters>0</AltitudeMeters>
      <DistanceMeters>3190</DistanceMeters>
      <HeartRateBpm>
       <Value>123</Value>
      </HeartRateBpm>
      <Cadence>78</Cadence>
      <Extensions>
       <Speed>6.550000</Speed>
      </Extensions>
     </Trackpoint>
     <Trackpoint>
      <Time>2026-06-10T08:13:56Z</Time>
      <Position>
       <LatitudeDegrees>35.6936557</LatitudeDegrees>
       <LongitudeDegrees>139.8098103</LongitudeDegrees>
      </Position>
      <AltitudeMeters>0</AltitudeMeters>
      <DistanceMeters>3192</DistanceMeters>
      <HeartRateBpm>
       <Value>123</Value>
      </HeartRateBpm>
      <Cadence>78</Cadence>
      <Extensions>
       <Speed>6.540000</Speed>
      </Extensions>
     </Trackpoint>
     <Trackpoint>
      <Time>2026-06-10T08:13:57Z</Time>
      <Position>
       <LatitudeDegrees>35.6936563</LatitudeDegrees>
       <LongitudeDegrees>139.8098299</LongitudeDegrees>
      </Position>
      <AltitudeMeters>0</AltitudeMeters>
      <DistanceMeters>3194</DistanceMeters>
      <HeartRateBpm>
       <Value>122</Value>
      </HeartRateBpm>
      <Cadence>78</Cadence>
      <Extensions>
       <Speed>6.530000</Speed>
      </Extensions>
     </Trackpoint>
     <Trackpoint>
      <Time>2026-06-10T08:13:58Z</Time>
      <Position>
       <LatitudeDegrees>35.6936569</LatitudeDegrees>
       <LongitudeDegrees>139.8098495</LongitudeDegrees>
      </Position>
      <AltitudeMeters>0</AltitudeMeters>
      <DistanceMeters>3196</DistanceMeters>
      <HeartRateBpm>
       <Value>122</Value>
      </HeartRateBpm>
      <Cadence>78</Cadence>
      <Extensions>
       <Speed>6.520000</Speed>
      </Extensions>
     </Trackpoint>
     <Trackpoint>
      <Time>2026-06-10T08:13:59Z</Time>
      <Position>
       <LatitudeDegrees>35.6936561</LatitudeDegrees>
       <LongitudeDegrees>139.8098708</LongitudeDegrees>
      </Position>
      <AltitudeMeters>0</AltitudeMeters>
      <DistanceMeters>3198</DistanceMeters>
      <HeartRateBpm>
       <Value>122</Value>
      </HeartRateBpm>
      <Cadence>78</Cadence>
      <Extensions>
       <Speed>6.520000</Speed>
      </Extensions>
     </Trackpoint>
     <Trackpoint>
      <Time>2026-06-10T08:14:00Z</Time>
      <Position>
       <LatitudeDegrees>35.6936554</LatitudeDegrees>
       <LongitudeDegrees>139.8098922</LongitudeDegrees>
      </Position>
      <AltitudeMeters>0</AltitudeMeters>
      <DistanceMeters>3200</DistanceMeters>
      <HeartRateBpm>
       <Value>122</Value>
      </HeartRateBpm>
      <Cadence>78</Cadence>
      <Extensions>
       <Speed>6.520000</Speed>
      </Extensions>
     </Trackpoint>
     <Trackpoint>
      <Time>2026-06-10T08:14:01Z</Time>
      <Position>
       <LatitudeDegrees>35.6936553</LatitudeDegrees>
       <LongitudeDegrees>139.8099154</LongitudeDegrees>
      </Position>
      <AltitudeMeters>-1</AltitudeMeters>
      <DistanceMeters>3202</DistanceMeters>
      <HeartRateBpm>
       <Value>122</Value>
      </HeartRateBpm>
      <Cadence>78</Cadence>
      <Extensions>
       <Speed>6.520000</Speed>
      </Extensions>
     </Trackpoint>
     <Trackpoint>
      <Time>2026-06-10T08:14:02Z</Time>
      <Position>
       <LatitudeDegrees>35.6936552</LatitudeDegrees>
       <LongitudeDegrees>139.8099387</LongitudeDegrees>
      </Position>
      <AltitudeMeters>-1</AltitudeMeters>
      <DistanceMeters>3204</DistanceMeters>
      <HeartRateBpm>
       <Value>122</Value>
      </HeartRateBpm>
      <Cadence>78</Cadence>
      <Extensions>
       <Speed>6.530000</Speed>
      </Extensions>
     </Trackpoint>
     <Trackpoint>
      <Time>2026-06-10T08:14:03Z</Time>
      <Position>
       <LatitudeDegrees>35.6936563</LatitudeDegrees>
       <LongitudeDegrees>139.8099607</LongitudeDegrees>
      </Position>
      <AltitudeMeters>-1</AltitudeMeters>
      <DistanceMeters>3206</DistanceMeters>
      <HeartRateBpm>
       <Value>122</Value>
      </HeartRateBpm>
      <Cadence>78</Cadence>
      <Extensions>
       <Speed>6.550000</Speed>
      </Extensions>
     </Trackpoint>
     <Trackpoint>
      <Time>2026-06-10T08:14:04Z</Time>
      <Position>
       <LatitudeDegrees>35.6936574</LatitudeDegrees>
       <LongitudeDegrees>139.8099827</LongitudeDegrees>
      </Position>
      <AltitudeMeters>-1</AltitudeMeters>
      <DistanceMeters>3208</DistanceMeters>
      <HeartRateBpm>
       <Value>122</Value>
      </HeartRateBpm>
      <Cadence>78</Cadence>
      <Extensions>
       <Speed>6.560000</Speed>
      </Extensions>
     </Trackpoint>
     <Trackpoint>
      <Time>2026-06-10T08:14:05Z</Time>
      <Position>
       <LatitudeDegrees>35.6936603</LatitudeDegrees>
       <LongitudeDegrees>139.8100020</LongitudeDegrees>
      </Position>
      <AltitudeMeters>-1</AltitudeMeters>
      <DistanceMeters>3209</DistanceMeters>
      <HeartRateBpm>
       <Value>122</Value>
      </HeartRateBpm>
      <Cadence>78</Cadence>
      <Extensions>
       <Speed>6.580000</Speed>
      </Extensions>
     </Trackpoint>
     <Trackpoint>
      <Time>2026-06-10T08:14:06Z</Time>
      <Position>
       <LatitudeDegrees>35.6936632</LatitudeDegrees>
       <LongitudeDegrees>139.8100214</LongitudeDegrees>
      </Position>
      <AltitudeMeters>-1</AltitudeMeters>
      <DistanceMeters>3211</DistanceMeters>
      <HeartRateBpm>
       <Value>122</Value>
      </HeartRateBpm>
      <Cadence>78</Cadence>
      <Extensions>
       <Speed>6.590000</Speed>
      </Extensions>
     </Trackpoint>
     <Trackpoint>
      <Time>2026-06-10T08:14:07Z</Time>
      <Position>
       <LatitudeDegrees>35.6936660</LatitudeDegrees>
       <LongitudeDegrees>139.8100413</LongitudeDegrees>
      </Position>
      <AltitudeMeters>-1</AltitudeMeters>
      <DistanceMeters>3213</DistanceMeters>
      <HeartRateBpm>
       <Value>122</Value>
      </HeartRateBpm>
      <Cadence>78</Cadence>
      <Extensions>
       <Speed>6.600000</Speed>
      </Extensions>
     </Trackpoint>
     <Trackpoint>
      <Time>2026-06-10T08:14:08Z</Time>
      <Position>
       <LatitudeDegrees>35.6936688</LatitudeDegrees>
       <LongitudeDegrees>139.8100612</LongitudeDegrees>
      </Position>
      <AltitudeMeters>-1</AltitudeMeters>
      <DistanceMeters>3215</DistanceMeters>
      <HeartRateBpm>
       <Value>122</Value>
      </HeartRateBpm>
      <Cadence>78</Cadence>
      <Extensions>
       <Speed>6.600000</Speed>
      </Extensions>
     </Trackpoint>
     <Trackpoint>
      <Time>2026-06-10T08:14:09Z</Time>
      <Position>
       <LatitudeDegrees>35.6936701</LatitudeDegrees>
       <LongitudeDegrees>139.8100815</LongitudeDegrees>
      </Position>
      <AltitudeMeters>-1</AltitudeMeters>
      <DistanceMeters>3217</DistanceMeters>
      <HeartRateBpm>
       <Value>122</Value>
      </HeartRateBpm>
      <Cadence>78</Cadence>
      <Extensions>
       <Speed>6.610000</Speed>
      </Extensions>
     </Trackpoint>
     <Trackpoint>
      <Time>2026-06-10T08:14:10Z</Time>
      <Position>
       <LatitudeDegrees>35.6936715</LatitudeDegrees>
       <LongitudeDegrees>139.8101018</LongitudeDegrees>
      </Position>
      <AltitudeMeters>-1</AltitudeMeters>
      <DistanceMeters>3218</DistanceMeters>
      <HeartRateBpm>
       <Value>122</Value>
      </HeartRateBpm>
      <Cadence>78</Cadence>
      <Extensions>
       <Speed>6.610000</Speed>
      </Extensions>
     </Trackpoint>
     <Trackpoint>
      <Time>2026-06-10T08:14:11Z</Time>
      <Position>
       <LatitudeDegrees>35.6936711</LatitudeDegrees>
       <LongitudeDegrees>139.8101200</LongitudeDegrees>
      </Position>
      <AltitudeMeters>-1</AltitudeMeters>
      <DistanceMeters>3220</DistanceMeters>
      <HeartRateBpm>
       <Value>122</Value>
      </HeartRateBpm>
      <Cadence>78</Cadence>
      <Extensions>
       <Speed>6.610000</Speed>
      </Extensions>
     </Trackpoint>
     <Trackpoint>
      <Time>2026-06-10T08:14:12Z</Time>
      <Position>
       <LatitudeDegrees>35.6936707</LatitudeDegrees>
       <LongitudeDegrees>139.8101383</LongitudeDegrees>
      </Position>
      <AltitudeMeters>-1</AltitudeMeters>
      <DistanceMeters>3222</DistanceMeters>
      <HeartRateBpm>
       <Value>122</Value>
      </HeartRateBpm>
      <Cadence>78</Cadence>
      <Extensions>
       <Speed>6.610000</Speed>
      </Extensions>
     </Trackpoint>
     <Trackpoint>
      <Time>2026-06-10T08:14:13Z</Time>
      <Position>
       <LatitudeDegrees>35.6936675</LatitudeDegrees>
       <LongitudeDegrees>139.8101557</LongitudeDegrees>
      </Position>
      <AltitudeMeters>-1</AltitudeMeters>
      <DistanceMeters>3223</DistanceMeters>
      <HeartRateBpm>
       <Value>122</Value>
      </HeartRateBpm>
      <Cadence>78</Cadence>
      <Extensions>
       <Speed>6.620000</Speed>
      </Extensions>
     </Trackpoint>
     <Trackpoint>
      <Time>2026-06-10T08:14:14Z</Time>
      <Position>
       <LatitudeDegrees>35.6936643</LatitudeDegrees>
       <LongitudeDegrees>139.8101731</LongitudeDegrees>
      </Position>
      <AltitudeMeters>-1</AltitudeMeters>
      <DistanceMeters>3224</DistanceMeters>
      <HeartRateBpm>
       <Value>122</Value>
      </HeartRateBpm>
      <Cadence>78</Cadence>
      <Extensions>
       <Speed>6.610000</Speed>
      </Extensions>
     </Trackpoint>
     <Trackpoint>
      <Time>2026-06-10T08:14:15Z</Time>
      <Position>
       <LatitudeDegrees>35.6936614</LatitudeDegrees>
       <LongitudeDegrees>139.8101903</LongitudeDegrees>
      </Position>
      <AltitudeMeters>-1</AltitudeMeters>
      <DistanceMeters>3226</DistanceMeters>
      <HeartRateBpm>
       <Value>122</Value>
      </HeartRateBpm>
      <Cadence>78</Cadence>
      <Extensions>
       <Speed>6.610000</Speed>
      </Extensions>
     </Trackpoint>
     <Trackpoint>
      <Time>2026-06-10T08:14:16Z</Time>
      <Position>
       <LatitudeDegrees>35.6936586</LatitudeDegrees>
       <LongitudeDegrees>139.8102075</LongitudeDegrees>
      </Position>
      <AltitudeMeters>-1</AltitudeMeters>
      <DistanceMeters>3228</DistanceMeters>
      <HeartRateBpm>
       <Value>122</Value>
      </HeartRateBpm>
      <Cadence>78</Cadence>
      <Extensions>
       <Speed>6.580000</Speed>
      </Extensions>
     </Trackpoint>
     <Trackpoint>
      <Time>2026-06-10T08:14:17Z</Time>
      <Position>
       <LatitudeDegrees>35.6936594</LatitudeDegrees>
       <LongitudeDegrees>139.8102256</LongitudeDegrees>
      </Position>
      <AltitudeMeters>-1</AltitudeMeters>
      <DistanceMeters>3230</DistanceMeters>
      <HeartRateBpm>
       <Value>122</Value>
      </HeartRateBpm>
      <Cadence>78</Cadence>
      <Extensions>
       <Speed>6.560000</Speed>
      </Extensions>
     </Trackpoint>
     <Trackpoint>
      <Time>2026-06-10T08:14:18Z</Time>
      <Position>
       <LatitudeDegrees>35.6936603</LatitudeDegrees>
       <LongitudeDegrees>139.8102437</LongitudeDegrees>
      </Position>
      <AltitudeMeters>-1</AltitudeMeters>
      <DistanceMeters>3232</DistanceMeters>
      <HeartRateBpm>
       <Value>122</Value>
      </HeartRateBpm>
      <Cadence>78</Cadence>
      <Extensions>
       <Speed>6.550000</Speed>
      </Extensions>
     </Trackpoint>
     <Trackpoint>
      <Time>2026-06-10T08:14:19Z</Time>
      <Position>
       <LatitudeDegrees>35.6936643</LatitudeDegrees>
       <LongitudeDegrees>139.8102628</LongitudeDegrees>
      </Position>
      <AltitudeMeters>-1</AltitudeMeters>
      <DistanceMeters>3234</DistanceMeters>
      <HeartRateBpm>
       <Value>122</Value>
      </HeartRateBpm>
      <Cadence>78</Cadence>
      <Extensions>
       <Speed>6.540000</Speed>
      </Extensions>
     </Trackpoint>
     <Trackpoint>
      <Time>2026-06-10T08:14:20Z</Time>
      <Position>
       <LatitudeDegrees>35.6936684</LatitudeDegrees>
       <LongitudeDegrees>139.8102820</LongitudeDegrees>
      </Position>
      <AltitudeMeters>-1</AltitudeMeters>
      <DistanceMeters>3236</DistanceMeters>
      <HeartRateBpm>
       <Value>122</Value>
      </HeartRateBpm>
      <Cadence>77</Cadence>
      <Extensions>
       <Speed>6.520000</Speed>
      </Extensions>
     </Trackpoint>
     <Trackpoint>
      <Time>2026-06-10T08:14:21Z</Time>
      <Position>
       <LatitudeDegrees>35.6936722</LatitudeDegrees>
       <LongitudeDegrees>139.8103029</LongitudeDegrees>
      </Position>
      <AltitudeMeters>-1</AltitudeMeters>
      <DistanceMeters>3238</DistanceMeters>
      <HeartRateBpm>
       <Value>122</Value>
      </HeartRateBpm>
      <Cadence>77</Cadence>
      <Extensions>
       <Speed>6.510000</Speed>
      </Extensions>
     </Trackpoint>
     <Trackpoint>
      <Time>2026-06-10T08:14:22Z</Time>
      <Position>
       <LatitudeDegrees>35.6936761</LatitudeDegrees>
       <LongitudeDegrees>139.8103238</LongitudeDegrees>
      </Position>
      <AltitudeMeters>-1</AltitudeMeters>
      <DistanceMeters>3240</DistanceMeters>
      <HeartRateBpm>
       <Value>122</Value>
      </HeartRateBpm>
      <Cadence>77</Cadence>
      <Extensions>
       <Speed>6.500000</Speed>
      </Extensions>
     </Trackpoint>
     <Trackpoint>
      <Time>2026-06-10T08:14:23Z</Time>
      <Position>
       <LatitudeDegrees>35.6936786</LatitudeDegrees>
       <LongitudeDegrees>139.8103465</LongitudeDegrees>
      </Position>
      <AltitudeMeters>-1</AltitudeMeters>
      <DistanceMeters>3242</DistanceMeters>
      <HeartRateBpm>
       <Value>122</Value>
      </HeartRateBpm>
      <Cadence>78</Cadence>
      <Extensions>
       <Speed>6.490000</Speed>
      </Extensions>
     </Trackpoint>
     <Trackpoint>
      <Time>2026-06-10T08:14:24Z</Time>
      <Position>
       <LatitudeDegrees>35.6936811</LatitudeDegrees>
       <LongitudeDegrees>139.8103693</LongitudeDegrees>
      </Position>
      <AltitudeMeters>-1</AltitudeMeters>
      <DistanceMeters>3244</DistanceMeters>
      <HeartRateBpm>
       <Value>123</Value>
      </HeartRateBpm>
      <Cadence>78</Cadence>
      <Extensions>
       <Speed>6.500000</Speed>
      </Extensions>
     </Trackpoint>
     <Trackpoint>
      <Time>2026-06-10T08:14:25Z</Time>
      <Position>
       <LatitudeDegrees>35.6936823</LatitudeDegrees>
       <LongitudeDegrees>139.8103922</LongitudeDegrees>
      </Position>
      <AltitudeMeters>-1</AltitudeMeters>
      <DistanceMeters>3246</DistanceMeters>
      <HeartRateBpm>
       <Value>123</Value>
      </HeartRateBpm>
      <Cadence>78</Cadence>
      <Extensions>
       <Speed>6.510000</Speed>
      </Extensions>
     </Trackpoint>
     <Trackpoint>
      <Time>2026-06-10T08:14:26Z</Time>
      <Position>
       <LatitudeDegrees>35.6936835</LatitudeDegrees>
       <LongitudeDegrees>139.8104151</LongitudeDegrees>
      </Position>
      <AltitudeMeters>-1</AltitudeMeters>
      <DistanceMeters>3248</DistanceMeters>
      <HeartRateBpm>
       <Value>123</Value>
      </HeartRateBpm>
      <Cadence>78</Cadence>
      <Extensions>
       <Speed>6.540000</Speed>
      </Extensions>
     </Trackpoint>
     <Trackpoint>
      <Time>2026-06-10T08:14:27Z</Time>
      <Position>
       <LatitudeDegrees>35.6936851</LatitudeDegrees>
       <LongitudeDegrees>139.8104370</LongitudeDegrees>
      </Position>
      <AltitudeMeters>-1</AltitudeMeters>
      <DistanceMeters>3250</DistanceMeters>
      <HeartRateBpm>
       <Value>123</Value>
      </HeartRateBpm>
      <Cadence>78</Cadence>
      <Extensions>
       <Speed>6.570000</Speed>
      </Extensions>
     </Trackpoint>
     <Trackpoint>
      <Time>2026-06-10T08:14:28Z</Time>
      <Position>
       <LatitudeDegrees>35.6936868</LatitudeDegrees>
       <LongitudeDegrees>139.8104589</LongitudeDegrees>
      </Position>
      <AltitudeMeters>-1</AltitudeMeters>
      <DistanceMeters>3252</DistanceMeters>
      <HeartRateBpm>
       <Value>124</Value>
      </HeartRateBpm>
      <Cadence>78</Cadence>
      <Extensions>
       <Speed>6.590000</Speed>
      </Extensions>
     </Trackpoint>
     <Trackpoint>
      <Time>2026-06-10T08:14:29Z</Time>
      <Position>
       <LatitudeDegrees>35.6936901</LatitudeDegrees>
       <LongitudeDegrees>139.8104806</LongitudeDegrees>
      </Position>
      <AltitudeMeters>-1</AltitudeMeters>
      <DistanceMeters>3254</DistanceMeters>
      <HeartRateBpm>
       <Value>124</Value>
      </HeartRateBpm>
      <Cadence>78</Cadence>
      <Extensions>
       <Speed>6.620000</Speed>
      </Extensions>
     </Trackpoint>
     <Trackpoint>
      <Time>2026-06-10T08:14:30Z</Time>
      <Position>
       <LatitudeDegrees>35.6936935</LatitudeDegrees>
       <LongitudeDegrees>139.8105023</LongitudeDegrees>
      </Position>
      <AltitudeMeters>-1</AltitudeMeters>
      <DistanceMeters>3256</DistanceMeters>
      <HeartRateBpm>
       <Value>124</Value>
      </HeartRateBpm>
      <Cadence>78</Cadence>
      <Extensions>
       <Speed>6.650000</Speed>
      </Extensions>
     </Trackpoint>
     <Trackpoint>
      <Time>2026-06-10T08:14:31Z</Time>
      <Position>
       <LatitudeDegrees>35.6936969</LatitudeDegrees>
       <LongitudeDegrees>139.8105250</LongitudeDegrees>
      </Position>
      <AltitudeMeters>-1</AltitudeMeters>
      <DistanceMeters>3258</DistanceMeters>
      <HeartRateBpm>
       <Value>125</Value>
      </HeartRateBpm>
      <Cadence>79</Cadence>
      <Extensions>
       <Speed>6.680000</Speed>
      </Extensions>
     </Trackpoint>
     <Trackpoint>
      <Time>2026-06-10T08:14:32Z</Time>
      <Position>
       <LatitudeDegrees>35.6937003</LatitudeDegrees>
       <LongitudeDegrees>139.8105477</LongitudeDegrees>
      </Position>
      <AltitudeMeters>-1</AltitudeMeters>
      <DistanceMeters>3260</DistanceMeters>
      <HeartRateBpm>
       <Value>125</Value>
      </HeartRateBpm>
      <Cadence>79</Cadence>
      <Extensions>
       <Speed>6.700000</Speed>
      </Extensions>
     </Trackpoint>
     <Trackpoint>
      <Time>2026-06-10T08:14:33Z</Time>
      <Position>
       <LatitudeDegrees>35.6937022</LatitudeDegrees>
       <LongitudeDegrees>139.8105693</LongitudeDegrees>
      </Position>
      <AltitudeMeters>-1</AltitudeMeters>
      <DistanceMeters>3262</DistanceMeters>
      <HeartRateBpm>
       <Value>125</Value>
      </HeartRateBpm>
      <Cadence>79</Cadence>
      <Extensions>
       <Speed>6.730000</Speed>
      </Extensions>
     </Trackpoint>
     <Trackpoint>
      <Time>2026-06-10T08:14:34Z</Time>
      <Position>
       <LatitudeDegrees>35.6937042</LatitudeDegrees>
       <LongitudeDegrees>139.8105910</LongitudeDegrees>
      </Position>
      <AltitudeMeters>-1</AltitudeMeters>
      <DistanceMeters>3264</DistanceMeters>
      <HeartRateBpm>
       <Value>126</Value>
      </HeartRateBpm>
      <Cadence>79</Cadence>
      <Extensions>
       <Speed>6.740000</Speed>
      </Extensions>
     </Trackpoint>
     <Trackpoint>
      <Time>2026-06-10T08:14:35Z</Time>
      <Position>
       <LatitudeDegrees>35.6937056</LatitudeDegrees>
       <LongitudeDegrees>139.8106123</LongitudeDegrees>
      </Position>
      <AltitudeMeters>-1</AltitudeMeters>
      <DistanceMeters>3265</DistanceMeters>
      <HeartRateBpm>
       <Value>126</Value>
      </HeartRateBpm>
      <Cadence>79</Cadence>
      <Extensions>
       <Speed>6.760000</Speed>
      </Extensions>
     </Trackpoint>
     <Trackpoint>
      <Time>2026-06-10T08:14:36Z</Time>
      <Position>
       <LatitudeDegrees>35.6937070</LatitudeDegrees>
       <LongitudeDegrees>139.8106337</LongitudeDegrees>
      </Position>
      <AltitudeMeters>-1</AltitudeMeters>
      <DistanceMeters>3267</DistanceMeters>
      <HeartRateBpm>
       <Value>126</Value>
      </HeartRateBpm>
      <Cadence>79</Cadence>
      <Extensions>
       <Speed>6.770000</Speed>
      </Extensions>
     </Trackpoint>
     <Trackpoint>
      <Time>2026-06-10T08:14:37Z</Time>
      <Position>
       <LatitudeDegrees>35.6937059</LatitudeDegrees>
       <LongitudeDegrees>139.8106547</LongitudeDegrees>
      </Position>
      <AltitudeMeters>-1</AltitudeMeters>
      <DistanceMeters>3269</DistanceMeters>
      <HeartRateBpm>
       <Value>126</Value>
      </HeartRateBpm>
      <Cadence>79</Cadence>
      <Extensions>
       <Speed>6.790000</Speed>
      </Extensions>
     </Trackpoint>
     <Trackpoint>
      <Time>2026-06-10T08:14:38Z</Time>
      <Position>
       <LatitudeDegrees>35.6937048</LatitudeDegrees>
       <LongitudeDegrees>139.8106757</LongitudeDegrees>
      </Position>
      <AltitudeMeters>-1</AltitudeMeters>
      <DistanceMeters>3271</DistanceMeters>
      <HeartRateBpm>
       <Value>126</Value>
      </HeartRateBpm>
      <Cadence>79</Cadence>
      <Extensions>
       <Speed>6.810000</Speed>
      </Extensions>
     </Trackpoint>
     <Trackpoint>
      <Time>2026-06-10T08:14:39Z</Time>
      <Position>
       <LatitudeDegrees>35.6937033</LatitudeDegrees>
       <LongitudeDegrees>139.8106960</LongitudeDegrees>
      </Position>
      <AltitudeMeters>-1</AltitudeMeters>
      <DistanceMeters>3273</DistanceMeters>
      <HeartRateBpm>
       <Value>126</Value>
      </HeartRateBpm>
      <Cadence>79</Cadence>
      <Extensions>
       <Speed>6.840000</Speed>
      </Extensions>
     </Trackpoint>
     <Trackpoint>
      <Time>2026-06-10T08:14:40Z</Time>
      <Position>
       <LatitudeDegrees>35.6937018</LatitudeDegrees>
       <LongitudeDegrees>139.8107163</LongitudeDegrees>
      </Position>
      <AltitudeMeters>-1</AltitudeMeters>
      <DistanceMeters>3275</DistanceMeters>
      <HeartRateBpm>
       <Value>126</Value>
      </HeartRateBpm>
      <Cadence>79</Cadence>
      <Extensions>
       <Speed>6.850000</Speed>
      </Extensions>
     </Trackpoint>
     <Trackpoint>
      <Time>2026-06-10T08:14:41Z</Time>
      <Position>
       <LatitudeDegrees>35.6937012</LatitudeDegrees>
       <LongitudeDegrees>139.8107374</LongitudeDegrees>
      </Position>
      <AltitudeMeters>-1</AltitudeMeters>
      <DistanceMeters>3277</DistanceMeters>
      <HeartRateBpm>
       <Value>127</Value>
      </HeartRateBpm>
      <Cadence>79</Cadence>
      <Extensions>
       <Speed>6.870000</Speed>
      </Extensions>
     </Trackpoint>
     <Trackpoint>
      <Time>2026-06-10T08:14:42Z</Time>
      <Position>
       <LatitudeDegrees>35.6937006</LatitudeDegrees>
       <LongitudeDegrees>139.8107585</LongitudeDegrees>
      </Position>
      <AltitudeMeters>-1</AltitudeMeters>
      <DistanceMeters>3279</DistanceMeters>
      <HeartRateBpm>
       <Value>127</Value>
      </HeartRateBpm>
      <Cadence>79</Cadence>
      <Extensions>
       <Speed>6.880000</Speed>
      </Extensions>
     </Trackpoint>
     <Trackpoint>
      <Time>2026-06-10T08:14:43Z</Time>
      <Position>
       <LatitudeDegrees>35.6936995</LatitudeDegrees>
       <LongitudeDegrees>139.8107815</LongitudeDegrees>
      </Position>
      <AltitudeMeters>-1</AltitudeMeters>
      <DistanceMeters>3281</DistanceMeters>
      <HeartRateBpm>
       <Value>127</Value>
      </HeartRateBpm>
      <Cadence>79</Cadence>
      <Extensions>
       <Speed>6.890000</Speed>
      </Extensions>
     </Trackpoint>
     <Trackpoint>
      <Time>2026-06-10T08:14:44Z</Time>
      <Position>
       <LatitudeDegrees>35.6936984</LatitudeDegrees>
       <LongitudeDegrees>139.8108046</LongitudeDegrees>
      </Position>
      <AltitudeMeters>-1</AltitudeMeters>
      <DistanceMeters>3284</DistanceMeters>
      <HeartRateBpm>
       <Value>127</Value>
      </HeartRateBpm>
      <Cadence>79</Cadence>
      <Extensions>
       <Speed>6.900000</Speed>
      </Extensions>
     </Trackpoint>
     <Trackpoint>
      <Time>2026-06-10T08:14:45Z</Time>
      <Position>
       <LatitudeDegrees>35.6936977</LatitudeDegrees>
       <LongitudeDegrees>139.8108280</LongitudeDegrees>
      </Position>
      <AltitudeMeters>-1</AltitudeMeters>
      <DistanceMeters>3286</DistanceMeters>
      <HeartRateBpm>
       <Value>127</Value>
      </HeartRateBpm>
      <Cadence>79</Cadence>
      <Extensions>
       <Speed>6.910000</Speed>
      </Extensions>
     </Trackpoint>
     <Trackpoint>
      <Time>2026-06-10T08:14:46Z</Time>
      <Position>
       <LatitudeDegrees>35.6936971</LatitudeDegrees>
       <LongitudeDegrees>139.8108515</LongitudeDegrees>
      </Position>
      <AltitudeMeters>-1</AltitudeMeters>
      <DistanceMeters>3288</DistanceMeters>
      <HeartRateBpm>
       <Value>126</Value>
      </HeartRateBpm>
      <Cadence>79</Cadence>
      <Extensions>
       <Speed>6.920000</Speed>
      </Extensions>
     </Trackpoint>
     <Trackpoint>
      <Time>2026-06-10T08:14:47Z</Time>
      <Position>
       <LatitudeDegrees>35.6936977</LatitudeDegrees>
       <LongitudeDegrees>139.8108721</LongitudeDegrees>
      </Position>
      <AltitudeMeters>-1</AltitudeMeters>
      <DistanceMeters>3289</DistanceMeters>
      <HeartRateBpm>
       <Value>126</Value>
      </HeartRateBpm>
      <Cadence>79</Cadence>
      <Extensions>
       <Speed>6.940000</Speed>
      </Extensions>
     </Trackpoint>
     <Trackpoint>
      <Time>2026-06-10T08:14:48Z</Time>
      <Position>
       <LatitudeDegrees>35.6936984</LatitudeDegrees>
       <LongitudeDegrees>139.8108927</LongitudeDegrees>
      </Position>
      <AltitudeMeters>-1</AltitudeMeters>
      <DistanceMeters>3291</DistanceMeters>
      <HeartRateBpm>
       <Value>126</Value>
      </HeartRateBpm>
      <Cadence>78</Cadence>
      <Extensions>
       <Speed>6.950000</Speed>
      </Extensions>
     </Trackpoint>
     <Trackpoint>
      <Time>2026-06-10T08:14:49Z</Time>
      <Position>
       <LatitudeDegrees>35.6936984</LatitudeDegrees>
       <LongitudeDegrees>139.8109132</LongitudeDegrees>
      </Position>
      <AltitudeMeters>-1</AltitudeMeters>
      <DistanceMeters>3293</DistanceMeters>
      <HeartRateBpm>
       <Value>126</Value>
      </HeartRateBpm>
      <Cadence>78</Cadence>
      <Extensions>
       <Speed>6.970000</Speed>
      </Extensions>
     </Trackpoint>
     <Trackpoint>
      <Time>2026-06-10T08:14:50Z</Time>
      <Position>
       <LatitudeDegrees>35.6936984</LatitudeDegrees>
       <LongitudeDegrees>139.8109338</LongitudeDegrees>
      </Position>
      <AltitudeMeters>-1</AltitudeMeters>
      <DistanceMeters>3295</DistanceMeters>
      <HeartRateBpm>
       <Value>126</Value>
      </HeartRateBpm>
      <Cadence>78</Cadence>
      <Extensions>
       <Speed>6.970000</Speed>
      </Extensions>
     </Trackpoint>
     <Trackpoint>
      <Time>2026-06-10T08:14:51Z</Time>
      <Position>
       <LatitudeDegrees>35.6936989</LatitudeDegrees>
       <LongitudeDegrees>139.8109554</LongitudeDegrees>
      </Position>
      <AltitudeMeters>-1</AltitudeMeters>
      <DistanceMeters>3297</DistanceMeters>
      <HeartRateBpm>
       <Value>126</Value>
      </HeartRateBpm>
      <Cadence>79</Cadence>
      <Extensions>
       <Speed>6.980000</Speed>
      </Extensions>
     </Trackpoint>
     <Trackpoint>
      <Time>2026-06-10T08:14:52Z</Time>
      <Position>
       <LatitudeDegrees>35.6936994</LatitudeDegrees>
       <LongitudeDegrees>139.8109771</LongitudeDegrees>
      </Position>
      <AltitudeMeters>-1</AltitudeMeters>
      <DistanceMeters>3299</DistanceMeters>
      <HeartRateBpm>
       <Value>126</Value>
      </HeartRateBpm>
      <Cadence>79</Cadence>
      <Extensions>
       <Speed>6.980000</Speed>
      </Extensions>
     </Trackpoint>
     <Trackpoint>
      <Time>2026-06-10T08:14:53Z</Time>
      <Position>
       <LatitudeDegrees>35.6936991</LatitudeDegrees>
       <LongitudeDegrees>139.8109997</LongitudeDegrees>
      </Position>
      <AltitudeMeters>-1</AltitudeMeters>
      <DistanceMeters>3301</DistanceMeters>
      <HeartRateBpm>
       <Value>126</Value>
      </HeartRateBpm>
      <Cadence>79</Cadence>
      <Extensions>
       <Speed>6.990000</Speed>
      </Extensions>
     </Trackpoint>
     <Trackpoint>
      <Time>2026-06-10T08:14:54Z</Time>
      <Position>
       <LatitudeDegrees>35.6936988</LatitudeDegrees>
       <LongitudeDegrees>139.8110224</LongitudeDegrees>
      </Position>
      <AltitudeMeters>-1</AltitudeMeters>
      <DistanceMeters>3303</DistanceMeters>
      <HeartRateBpm>
       <Value>126</Value>
      </HeartRateBpm>
      <Cadence>79</Cadence>
      <Extensions>
       <Speed>6.990000</Speed>
      </Extensions>
     </Trackpoint>
     <Trackpoint>
      <Time>2026-06-10T08:14:55Z</Time>
      <Position>
       <LatitudeDegrees>35.6936979</LatitudeDegrees>
       <LongitudeDegrees>139.8110447</LongitudeDegrees>
      </Position>
      <AltitudeMeters>-1</AltitudeMeters>
      <DistanceMeters>3305</DistanceMeters>
      <HeartRateBpm>
       <Value>126</Value>
      </HeartRateBpm>
      <Cadence>79</Cadence>
      <Extensions>
       <Speed>6.990000</Speed>
      </Extensions>
     </Trackpoint>
     <Trackpoint>
      <Time>2026-06-10T08:14:56Z</Time>
      <Position>
       <LatitudeDegrees>35.6936970</LatitudeDegrees>
       <LongitudeDegrees>139.8110670</LongitudeDegrees>
      </Position>
      <AltitudeMeters>-1</AltitudeMeters>
      <DistanceMeters>3307</DistanceMeters>
      <HeartRateBpm>
       <Value>126</Value>
      </HeartRateBpm>
      <Cadence>79</Cadence>
      <Extensions>
       <Speed>7.000000</Speed>
      </Extensions>
     </Trackpoint>
     <Trackpoint>
      <Time>2026-06-10T08:14:57Z</Time>
      <Position>
       <LatitudeDegrees>35.6936973</LatitudeDegrees>
       <LongitudeDegrees>139.8110881</LongitudeDegrees>
      </Position>
      <AltitudeMeters>-1</AltitudeMeters>
      <DistanceMeters>3309</DistanceMeters>
      <HeartRateBpm>
       <Value>126</Value>
      </HeartRateBpm>
      <Cadence>79</Cadence>
      <Extensions>
       <Speed>7.010000</Speed>
      </Extensions>
     </Trackpoint>
     <Trackpoint>
      <Time>2026-06-10T08:14:58Z</Time>
      <Position>
       <LatitudeDegrees>35.6936977</LatitudeDegrees>
       <LongitudeDegrees>139.8111093</LongitudeDegrees>
      </Position>
      <AltitudeMeters>-1</AltitudeMeters>
      <DistanceMeters>3310</DistanceMeters>
      <HeartRateBpm>
       <Value>126</Value>
      </HeartRateBpm>
      <Cadence>79</Cadence>
      <Extensions>
       <Speed>7.010000</Speed>
      </Extensions>
     </Trackpoint>
     <Trackpoint>
      <Time>2026-06-10T08:14:59Z</Time>
      <Position>
       <LatitudeDegrees>35.6937008</LatitudeDegrees>
       <LongitudeDegrees>139.8111300</LongitudeDegrees>
      </Position>
      <AltitudeMeters>-1</AltitudeMeters>
      <DistanceMeters>3312</DistanceMeters>
      <HeartRateBpm>
       <Value>126</Value>
      </HeartRateBpm>
      <Cadence>79</Cadence>
      <Extensions>
       <Speed>7.020000</Speed>
      </Extensions>
     </Trackpoint>
     <Trackpoint>
      <Time>2026-06-10T08:15:00Z</Time>
      <Position>
       <LatitudeDegrees>35.6937040</LatitudeDegrees>
       <LongitudeDegrees>139.8111508</LongitudeDegrees>
      </Position>
      <AltitudeMeters>-1</AltitudeMeters>
      <DistanceMeters>3314</DistanceMeters>
      <HeartRateBpm>
       <Value>126</Value>
      </HeartRateBpm>
      <Cadence>79</Cadence>
      <Extensions>
       <Speed>7.020000</Speed>
      </Extensions>
     </Trackpoint>
     <Trackpoint>
      <Time>2026-06-10T08:15:01Z</Time>
      <Position>
       <LatitudeDegrees>35.6937067</LatitudeDegrees>
       <LongitudeDegrees>139.8111716</LongitudeDegrees>
      </Position>
      <AltitudeMeters>-1</AltitudeMeters>
      <DistanceMeters>3316</DistanceMeters>
      <HeartRateBpm>
       <Value>125</Value>
      </HeartRateBpm>
      <Cadence>79</Cadence>
      <Extensions>
       <Speed>7.030000</Speed>
      </Extensions>
     </Trackpoint>
     <Trackpoint>
      <Time>2026-06-10T08:15:02Z</Time>
      <Position>
       <LatitudeDegrees>35.6937095</LatitudeDegrees>
       <LongitudeDegrees>139.8111924</LongitudeDegrees>
      </Position>
      <AltitudeMeters>-1</AltitudeMeters>
      <DistanceMeters>3318</DistanceMeters>
      <HeartRateBpm>
       <Value>125</Value>
      </HeartRateBpm>
      <Cadence>79</Cadence>
      <Extensions>
       <Speed>7.040000</Speed>
      </Extensions>
     </Trackpoint>
     <Trackpoint>
      <Time>2026-06-10T08:15:03Z</Time>
      <Position>
       <LatitudeDegrees>35.6937092</LatitudeDegrees>
       <LongitudeDegrees>139.8112123</LongitudeDegrees>
      </Position>
      <AltitudeMeters>-1</AltitudeMeters>
      <DistanceMeters>3320</DistanceMeters>
      <HeartRateBpm>
       <Value>124</Value>
      </HeartRateBpm>
      <Cadence>79</Cadence>
      <Extensions>
       <Speed>7.050000</Speed>
      </Extensions>
     </Trackpoint>
     <Trackpoint>
      <Time>2026-06-10T08:15:04Z</Time>
      <Position>
       <LatitudeDegrees>35.6937090</LatitudeDegrees>
       <LongitudeDegrees>139.8112323</LongitudeDegrees>
      </Position>
      <AltitudeMeters>-1</AltitudeMeters>
      <DistanceMeters>3322</DistanceMeters>
      <HeartRateBpm>
       <Value>124</Value>
      </HeartRateBpm>
      <Cadence>79</Cadence>
      <Extensions>
       <Speed>7.050000</Speed>
      </Extensions>
     </Trackpoint>
     <Trackpoint>
      <Time>2026-06-10T08:15:05Z</Time>
      <Position>
       <LatitudeDegrees>35.6937067</LatitudeDegrees>
       <LongitudeDegrees>139.8112512</LongitudeDegrees>
      </Position>
      <AltitudeMeters>-1</AltitudeMeters>
      <DistanceMeters>3323</DistanceMeters>
      <HeartRateBpm>
       <Value>125</Value>
      </HeartRateBpm>
      <Cadence>79</Cadence>
      <Extensions>
       <Speed>7.050000</Speed>
      </Extensions>
     </Trackpoint>
     <Trackpoint>
      <Time>2026-06-10T08:15:06Z</Time>
      <Position>
       <LatitudeDegrees>35.6937045</LatitudeDegrees>
       <LongitudeDegrees>139.8112701</LongitudeDegrees>
      </Position>
      <AltitudeMeters>-1</AltitudeMeters>
      <DistanceMeters>3325</DistanceMeters>
      <HeartRateBpm>
       <Value>125</Value>
      </HeartRateBpm>
      <Cadence>78</Cadence>
      <Extensions>
       <Speed>7.050000</Speed>
      </Extensions>
     </Trackpoint>
     <Trackpoint>
      <Time>2026-06-10T08:15:07Z</Time>
      <Position>
       <LatitudeDegrees>35.6937046</LatitudeDegrees>
       <LongitudeDegrees>139.8112887</LongitudeDegrees>
      </Position>
      <AltitudeMeters>-1</AltitudeMeters>
      <DistanceMeters>3327</DistanceMeters>
      <HeartRateBpm>
       <Value>125</Value>
      </HeartRateBpm>
      <Cadence>78</Cadence>
      <Extensions>
       <Speed>7.060000</Speed>
      </Extensions>
     </Trackpoint>
     <Trackpoint>
      <Time>2026-06-10T08:15:08Z</Time>
      <Position>
       <LatitudeDegrees>35.6937048</LatitudeDegrees>
       <LongitudeDegrees>139.8113074</LongitudeDegrees>
      </Position>
      <AltitudeMeters>-1</AltitudeMeters>
      <DistanceMeters>3328</DistanceMeters>
      <HeartRateBpm>
       <Value>125</Value>
      </HeartRateBpm>
      <Cadence>78</Cadence>
      <Extensions>
       <Speed>7.040000</Speed>
      </Extensions>
     </Trackpoint>
     <Trackpoint>
      <Time>2026-06-10T08:15:09Z</Time>
      <Position>
       <LatitudeDegrees>35.6937069</LatitudeDegrees>
       <LongitudeDegrees>139.8113273</LongitudeDegrees>
      </Position>
      <AltitudeMeters>-1</AltitudeMeters>
      <DistanceMeters>3330</DistanceMeters>
      <HeartRateBpm>
       <Value>125</Value>
      </HeartRateBpm>
      <Cadence>79</Cadence>
      <Extensions>
       <Speed>7.030000</Speed>
      </Extensions>
     </Trackpoint>
     <Trackpoint>
      <Time>2026-06-10T08:15:10Z</Time>
      <Position>
       <LatitudeDegrees>35.6937090</LatitudeDegrees>
       <LongitudeDegrees>139.8113472</LongitudeDegrees>
      </Position>
      <AltitudeMeters>-1</AltitudeMeters>
      <DistanceMeters>3332</DistanceMeters>
      <HeartRateBpm>
       <Value>125</Value>
      </HeartRateBpm>
      <Cadence>79</Cadence>
      <Extensions>
       <Speed>7.020000</Speed>
      </Extensions>
     </Trackpoint>
     <Trackpoint>
      <Time>2026-06-10T08:15:11Z</Time>
      <Position>
       <LatitudeDegrees>35.6937114</LatitudeDegrees>
       <LongitudeDegrees>139.8113678</LongitudeDegrees>
      </Position>
      <AltitudeMeters>-1</AltitudeMeters>
      <DistanceMeters>3334</DistanceMeters>
      <HeartRateBpm>
       <Value>124</Value>
      </HeartRateBpm>
      <Cadence>79</Cadence>
      <Extensions>
       <Speed>7.010000</Speed>
      </Extensions>
     </Trackpoint>
     <Trackpoint>
      <Time>2026-06-10T08:15:12Z</Time>
      <Position>
       <LatitudeDegrees>35.6937139</LatitudeDegrees>
       <LongitudeDegrees>139.8113884</LongitudeDegrees>
      </Position>
      <AltitudeMeters>-1</AltitudeMeters>
      <DistanceMeters>3336</DistanceMeters>
      <HeartRateBpm>
       <Value>124</Value>
      </HeartRateBpm>
      <Cadence>79</Cadence>
      <Extensions>
       <Speed>7.000000</Speed>
      </Extensions>
     </Trackpoint>
     <Trackpoint>
      <Time>2026-06-10T08:15:13Z</Time>
      <Position>
       <LatitudeDegrees>35.6937136</LatitudeDegrees>
       <LongitudeDegrees>139.8114097</LongitudeDegrees>
      </Position>
      <AltitudeMeters>-1</AltitudeMeters>
      <DistanceMeters>3338</DistanceMeters>
      <HeartRateBpm>
       <Value>124</Value>
      </HeartRateBpm>
      <Cadence>79</Cadence>
      <Extensions>
       <Speed>6.990000</Speed>
      </Extensions>
     </Trackpoint>
     <Trackpoint>
      <Time>2026-06-10T08:15:14Z</Time>
      <Position>
       <LatitudeDegrees>35.6937133</LatitudeDegrees>
       <LongitudeDegrees>139.8114311</LongitudeDegrees>
      </Position>
      <AltitudeMeters>-1</AltitudeMeters>
      <DistanceMeters>3340</DistanceMeters>
      <HeartRateBpm>
       <Value>124</Value>
      </HeartRateBpm>
      <Cadence>79</Cadence>
      <Extensions>
       <Speed>6.980000</Speed>
      </Extensions>
     </Trackpoint>
     <Trackpoint>
      <Time>2026-06-10T08:15:15Z</Time>
      <Position>
       <LatitudeDegrees>35.6937121</LatitudeDegrees>
       <LongitudeDegrees>139.8114536</LongitudeDegrees>
      </Position>
      <AltitudeMeters>-1</AltitudeMeters>
      <DistanceMeters>3342</DistanceMeters>
      <HeartRateBpm>
       <Value>124</Value>
      </HeartRateBpm>
      <Cadence>79</Cadence>
      <Extensions>
       <Speed>6.970000</Speed>
      </Extensions>
     </Trackpoint>
     <Trackpoint>
      <Time>2026-06-10T08:15:16Z</Time>
      <Position>
       <LatitudeDegrees>35.6937110</LatitudeDegrees>
       <LongitudeDegrees>139.8114762</LongitudeDegrees>
      </Position>
      <AltitudeMeters>-1</AltitudeMeters>
      <DistanceMeters>3344</DistanceMeters>
      <HeartRateBpm>
       <Value>124</Value>
      </HeartRateBpm>
      <Cadence>79</Cadence>
      <Extensions>
       <Speed>6.960000</Speed>
      </Extensions>
     </Trackpoint>
     <Trackpoint>
      <Time>2026-06-10T08:15:17Z</Time>
      <Position>
       <LatitudeDegrees>35.6937113</LatitudeDegrees>
       <LongitudeDegrees>139.8114988</LongitudeDegrees>
      </Position>
      <AltitudeMeters>-1</AltitudeMeters>
      <DistanceMeters>3346</DistanceMeters>
      <HeartRateBpm>
       <Value>125</Value>
      </HeartRateBpm>
      <Cadence>79</Cadence>
      <Extensions>
       <Speed>6.960000</Speed>
      </Extensions>
     </Trackpoint>
     <Trackpoint>
      <Time>2026-06-10T08:15:18Z</Time>
      <Position>
       <LatitudeDegrees>35.6937117</LatitudeDegrees>
       <LongitudeDegrees>139.8115215</LongitudeDegrees>
      </Position>
      <AltitudeMeters>-1</AltitudeMeters>
      <DistanceMeters>3348</DistanceMeters>
      <HeartRateBpm>
       <Value>125</Value>
      </HeartRateBpm>
      <Cadence>79</Cadence>
      <Extensions>
       <Speed>6.950000</Speed>
      </Extensions>
     </Trackpoint>
     <Trackpoint>
      <Time>2026-06-10T08:15:19Z</Time>
      <Position>
       <LatitudeDegrees>35.6937129</LatitudeDegrees>
       <LongitudeDegrees>139.8115429</LongitudeDegrees>
      </Position>
      <AltitudeMeters>-1</AltitudeMeters>
      <DistanceMeters>3350</DistanceMeters>
      <HeartRateBpm>
       <Value>125</Value>
      </HeartRateBpm>
      <Cadence>79</Cadence>
      <Extensions>
       <Speed>6.950000</Speed>
      </Extensions>
     </Trackpoint>
     <Trackpoint>
      <Time>2026-06-10T08:15:20Z</Time>
      <Position>
       <LatitudeDegrees>35.6937141</LatitudeDegrees>
       <LongitudeDegrees>139.8115644</LongitudeDegrees>
      </Position>
      <AltitudeMeters>-1</AltitudeMeters>
      <DistanceMeters>3352</DistanceMeters>
      <HeartRateBpm>
       <Value>125</Value>
      </HeartRateBpm>
      <Cadence>79</Cadence>
      <Extensions>
       <Speed>6.940000</Speed>
      </Extensions>
     </Trackpoint>
     <Trackpoint>
      <Time>2026-06-10T08:15:21Z</Time>
      <AltitudeMeters>-1</AltitudeMeters>
      <DistanceMeters>3353</DistanceMeters>
      <HeartRateBpm>
       <Value>125</Value>
      </HeartRateBpm>
      <Cadence>79</Cadence>
      <Extensions>
       <Speed>6.930000</Speed>
      </Extensions>
     </Trackpoint>
     <Trackpoint>
      <Time>2026-06-10T08:15:22Z</Time>
      <AltitudeMeters>0</AltitudeMeters>
      <DistanceMeters>3356</DistanceMeters>
      <HeartRateBpm>
       <Value>125</Value>
      </HeartRateBpm>
     </Trackpoint>
    </Track>
   </Lap>
   <Creator>
    <Name>COROS Wearables</Name>
   </Creator>
  </Activity>
 </Activities>
</TrainingCenterDatabase>
