<?xml version="1.0" encoding="UTF-8"?>
<TrainingCenterDatabase xsi:schemaLocation="http://www.garmin.com/xmlschemas/TrainingCenterDatabase/v2 http://www.garmin.com/xmlschemas/TrainingCenterDatabasev2.xsd" xmlns:ns5="http://www.garmin.com/xmlschemas/ActivityGoals/v1" xmlns:ns3="http://www.garmin.com/xmlschemas/ActivityExtension/v2" xmlns:ns2="http://www.garmin.com/xmlschemas/UserProfile/v2" xmlns="http://www.garmin.com/xmlschemas/TrainingCenterDatabase/v2" xmlns:xsi="http://www.w3.org/2001/XMLSchema-instance" xmlns:ns4="http://www.garmin.com/xmlschemas/ProfileExtension/v1">
 <Activities>
  <Activity Sport="Running">
   <Id>2026-05-25T11:04:43Z</Id>
   <Lap StartTime="2026-05-25T11:04:43Z">
    <TotalTimeSeconds>561</TotalTimeSeconds>
    <DistanceMeters>1000</DistanceMeters>
    <Intensity>Active</Intensity>
    <TriggerMethod>Manual</TriggerMethod>
    <MaximumHeartRateBpm>
     <Value>132</Value>
    </MaximumHeartRateBpm>
    <AverageHeartRateBpm>
     <Value>120</Value>
    </AverageHeartRateBpm>
    <Track>
     <Trackpoint>
      <Time>2026-05-25T11:04:43Z</Time>
      <DistanceMeters>0</DistanceMeters>
     </Trackpoint>
     <Trackpoint>
      <Time>2026-05-25T11:04:44Z</Time>
      <HeartRateBpm>
       <Value>98</Value>
      </HeartRateBpm>
     </Trackpoint>
     <Trackpoint>
      <Time>2026-05-25T11:04:45Z</Time>
      <HeartRateBpm>
       <Value>100</Value>
      </HeartRateBpm>
     </Trackpoint>
     <Trackpoint>
      <Time>2026-05-25T11:04:46Z</Time>
      <Position>
       <LatitudeDegrees>35.7037245</LatitudeDegrees>
       <LongitudeDegrees>139.7844703</LongitudeDegrees>
      </Position>
      <DistanceMeters>0</DistanceMeters>
      <HeartRateBpm>
       <Value>100</Value>
      </HeartRateBpm>
      <Extensions>
       <Speed>4.020000</Speed>
      </Extensions>
     </Trackpoint>
     <Trackpoint>
      <Time>2026-05-25T11:04:47Z</Time>
      <Position>
       <LatitudeDegrees>35.7037367</LatitudeDegrees>
       <LongitudeDegrees>139.7844821</LongitudeDegrees>
      </Position>
      <DistanceMeters>0</DistanceMeters>
      <HeartRateBpm>
       <Value>101</Value>
      </HeartRateBpm>
      <Extensions>
       <Speed>4.020000</Speed>
      </Extensions>
     </Trackpoint>
     <Trackpoint>
      <Time>2026-05-25T11:04:48Z</Time>
      <Position>
       <LatitudeDegrees>35.7037489</LatitudeDegrees>
       <LongitudeDegrees>139.7844939</LongitudeDegrees>
      </Position>
      <DistanceMeters>0</DistanceMeters>
      <HeartRateBpm>
       <Value>101</Value>
      </HeartRateBpm>
      <Cadence>55</Cadence>
      <Extensions>
       <Speed>4.020000</Speed>
      </Extensions>
     </Trackpoint>
     <Trackpoint>
      <Time>2026-05-25T11:04:49Z</Time>
      <Position>
       <LatitudeDegrees>35.7037624</LatitudeDegrees>
       <LongitudeDegrees>139.7845130</LongitudeDegrees>
      </Position>
      <AltitudeMeters>5</AltitudeMeters>
      <DistanceMeters>0</DistanceMeters>
      <HeartRateBpm>
       <Value>102</Value>
      </HeartRateBpm>
      <Cadence>57</Cadence>
      <Extensions>
       <Speed>4.020000</Speed>
      </Extensions>
     </Trackpoint>
     <Trackpoint>
      <Time>2026-05-25T11:04:50Z</Time>
      <Position>
       <LatitudeDegrees>35.7037759</LatitudeDegrees>
       <LongitudeDegrees>139.7845321</LongitudeDegrees>
      </Position>
      <AltitudeMeters>5</AltitudeMeters>
      <DistanceMeters>6</DistanceMeters>
      <HeartRateBpm>
       <Value>102</Value>
      </HeartRateBpm>
      <Cadence>66</Cadence>
      <Extensions>
       <Speed>5.950000</Speed>
      </Extensions>
     </Trackpoint>
     <Trackpoint>
      <Time>2026-05-25T11:04:51Z</Time>
      <Position>
       <LatitudeDegrees>35.7037863</LatitudeDegrees>
       <LongitudeDegrees>139.7845536</LongitudeDegrees>
      </Position>
      <AltitudeMeters>5</AltitudeMeters>
      <DistanceMeters>11</DistanceMeters>
      <HeartRateBpm>
       <Value>102</Value>
      </HeartRateBpm>
      <Cadence>75</Cadence>
      <Extensions>
       <Speed>7.890000</Speed>
      </Extensions>
     </Trackpoint>
     <Trackpoint>
      <Time>2026-05-25T11:04:52Z</Time>
      <Position>
       <LatitudeDegrees>35.7037968</LatitudeDegrees>
       <LongitudeDegrees>139.7845752</LongitudeDegrees>
      </Position>
      <AltitudeMeters>5</AltitudeMeters>
      <DistanceMeters>14</DistanceMeters>
      <HeartRateBpm>
       <Value>103</Value>
      </HeartRateBpm>
      <Cadence>75</Cadence>
      <Extensions>
       <Speed>8.220000</Speed>
      </Extensions>
     </Trackpoint>
     <Trackpoint>
      <Time>2026-05-25T11:04:53Z</Time>
      <Position>
       <LatitudeDegrees>35.7038045</LatitudeDegrees>
       <LongitudeDegrees>139.7845970</LongitudeDegrees>
      </Position>
      <AltitudeMeters>5</AltitudeMeters>
      <DistanceMeters>16</DistanceMeters>
      <HeartRateBpm>
       <Value>103</Value>
      </HeartRateBpm>
      <Cadence>75</Cadence>
      <Extensions>
       <Speed>8.550000</Speed>
      </Extensions>
     </Trackpoint>
     <Trackpoint>
      <Time>2026-05-25T11:04:54Z</Time>
      <Position>
       <LatitudeDegrees>35.7038122</LatitudeDegrees>
       <LongitudeDegrees>139.7846188</LongitudeDegrees>
      </Position>
      <AltitudeMeters>5</AltitudeMeters>
      <DistanceMeters>18</DistanceMeters>
      <HeartRateBpm>
       <Value>105</Value>
      </HeartRateBpm>
      <Cadence>75</Cadence>
      <Extensions>
       <Speed>8.760000</Speed>
      </Extensions>
     </Trackpoint>
     <Trackpoint>
      <Time>2026-05-25T11:04:55Z</Time>
      <Position>
       <LatitudeDegrees>35.7038174</LatitudeDegrees>
       <LongitudeDegrees>139.7846401</LongitudeDegrees>
      </Position>
      <AltitudeMeters>5</AltitudeMeters>
      <DistanceMeters>20</DistanceMeters>
      <HeartRateBpm>
       <Value>106</Value>
      </HeartRateBpm>
      <Cadence>75</Cadence>
      <Extensions>
       <Speed>8.970000</Speed>
      </Extensions>
     </Trackpoint>
     <Trackpoint>
      <Time>2026-05-25T11:04:56Z</Time>
      <Position>
       <LatitudeDegrees>35.7038227</LatitudeDegrees>
       <LongitudeDegrees>139.7846615</LongitudeDegrees>
      </Position>
      <AltitudeMeters>5</AltitudeMeters>
      <DistanceMeters>22</DistanceMeters>
      <HeartRateBpm>
       <Value>106</Value>
      </HeartRateBpm>
      <Cadence>75</Cadence>
      <Extensions>
       <Speed>8.900000</Speed>
      </Extensions>
     </Trackpoint>
     <Trackpoint>
      <Time>2026-05-25T11:04:57Z</Time>
      <Position>
       <LatitudeDegrees>35.7038250</LatitudeDegrees>
       <LongitudeDegrees>139.7846823</LongitudeDegrees>
      </Position>
      <AltitudeMeters>5</AltitudeMeters>
      <DistanceMeters>24</DistanceMeters>
      <HeartRateBpm>
       <Value>106</Value>
      </HeartRateBpm>
      <Cadence>75</Cadence>
      <Extensions>
       <Speed>8.830000</Speed>
      </Extensions>
     </Trackpoint>
     <Trackpoint>
      <Time>2026-05-25T11:04:58Z</Time>
      <Position>
       <LatitudeDegrees>35.7038274</LatitudeDegrees>
       <LongitudeDegrees>139.7847032</LongitudeDegrees>
      </Position>
      <AltitudeMeters>5</AltitudeMeters>
      <DistanceMeters>26</DistanceMeters>
      <HeartRateBpm>
       <Value>106</Value>
      </HeartRateBpm>
      <Cadence>75</Cadence>
      <Extensions>
       <Speed>8.690000</Speed>
      </Extensions>
     </Trackpoint>
     <Trackpoint>
      <Time>2026-05-25T11:04:59Z</Time>
      <Position>
       <LatitudeDegrees>35.7038276</LatitudeDegrees>
       <LongitudeDegrees>139.7847236</LongitudeDegrees>
      </Position>
      <AltitudeMeters>5</AltitudeMeters>
      <DistanceMeters>28</DistanceMeters>
      <HeartRateBpm>
       <Value>106</Value>
      </HeartRateBpm>
      <Cadence>75</Cadence>
      <Extensions>
       <Speed>8.560000</Speed>
      </Extensions>
     </Trackpoint>
     <Trackpoint>
      <Time>2026-05-25T11:05:00Z</Time>
      <Position>
       <LatitudeDegrees>35.7038278</LatitudeDegrees>
       <LongitudeDegrees>139.7847440</LongitudeDegrees>
      </Position>
      <AltitudeMeters>5</AltitudeMeters>
      <DistanceMeters>30</DistanceMeters>
      <HeartRateBpm>
       <Value>107</Value>
      </HeartRateBpm>
      <Cadence>75</Cadence>
      <Extensions>
       <Speed>8.470000</Speed>
      </Extensions>
     </Trackpoint>
     <Trackpoint>
      <Time>2026-05-25T11:05:01Z</Time>
      <Position>
       <LatitudeDegrees>35.7038281</LatitudeDegrees>
       <LongitudeDegrees>139.7847624</LongitudeDegrees>
      </Position>
      <AltitudeMeters>5</AltitudeMeters>
      <DistanceMeters>31</DistanceMeters>
      <HeartRateBpm>
       <Value>106</Value>
      </HeartRateBpm>
      <Cadence>75</Cadence>
      <Extensions>
       <Speed>8.390000</Speed>
      </Extensions>
     </Trackpoint>
     <Trackpoint>
      <Time>2026-05-25T11:05:02Z</Time>
      <Position>
       <LatitudeDegrees>35.7038284</LatitudeDegrees>
       <LongitudeDegrees>139.7847809</LongitudeDegrees>
      </Position>
      <AltitudeMeters>5</AltitudeMeters>
      <DistanceMeters>32</DistanceMeters>
      <HeartRateBpm>
       <Value>107</Value>
      </HeartRateBpm>
      <Cadence>75</Cadence>
      <Extensions>
       <Speed>8.300000</Speed>
      </Extensions>
     </Trackpoint>
     <Trackpoint>
      <Time>2026-05-25T11:05:03Z</Time>
      <Position>
       <LatitudeDegrees>35.7038306</LatitudeDegrees>
       <LongitudeDegrees>139.7847981</LongitudeDegrees>
      </Position>
      <AltitudeMeters>5</AltitudeMeters>
      <DistanceMeters>34</DistanceMeters>
      <HeartRateBpm>
       <Value>107</Value>
      </HeartRateBpm>
      <Cadence>75</Cadence>
      <Extensions>
       <Speed>8.220000</Speed>
      </Extensions>
     </Trackpoint>
     <Trackpoint>
      <Time>2026-05-25T11:05:04Z</Time>
      <Position>
       <LatitudeDegrees>35.7038329</LatitudeDegrees>
       <LongitudeDegrees>139.7848154</LongitudeDegrees>
      </Position>
      <AltitudeMeters>5</AltitudeMeters>
      <DistanceMeters>36</DistanceMeters>
      <HeartRateBpm>
       <Value>107</Value>
      </HeartRateBpm>
      <Cadence>75</Cadence>
      <Extensions>
       <Speed>8.110000</Speed>
      </Extensions>
     </Trackpoint>
     <Trackpoint>
      <Time>2026-05-25T11:05:05Z</Time>
      <Position>
       <LatitudeDegrees>35.7038357</LatitudeDegrees>
       <LongitudeDegrees>139.7848310</LongitudeDegrees>
      </Position>
      <AltitudeMeters>5</AltitudeMeters>
      <DistanceMeters>37</DistanceMeters>
      <HeartRateBpm>
       <Value>108</Value>
      </HeartRateBpm>
      <Cadence>75</Cadence>
      <Extensions>
       <Speed>8.010000</Speed>
      </Extensions>
     </Trackpoint>
     <Trackpoint>
      <Time>2026-05-25T11:05:06Z</Time>
      <Position>
       <LatitudeDegrees>35.7038385</LatitudeDegrees>
       <LongitudeDegrees>139.7848467</LongitudeDegrees>
      </Position>
      <AltitudeMeters>5</AltitudeMeters>
      <DistanceMeters>38</DistanceMeters>
      <HeartRateBpm>
       <Value>108</Value>
      </HeartRateBpm>
      <Cadence>75</Cadence>
      <Extensions>
       <Speed>7.890000</Speed>
      </Extensions>
     </Trackpoint>
     <Trackpoint>
      <Time>2026-05-25T11:05:07Z</Time>
      <Position>
       <LatitudeDegrees>35.7038401</LatitudeDegrees>
       <LongitudeDegrees>139.7848613</LongitudeDegrees>
      </Position>
      <AltitudeMeters>5</AltitudeMeters>
      <DistanceMeters>40</DistanceMeters>
      <HeartRateBpm>
       <Value>108</Value>
      </HeartRateBpm>
      <Cadence>75</Cadence>
      <Extensions>
       <Speed>7.780000</Speed>
      </Extensions>
     </Trackpoint>
     <Trackpoint>
      <Time>2026-05-25T11:05:08Z</Time>
      <Position>
       <LatitudeDegrees>35.7038417</LatitudeDegrees>
       <LongitudeDegrees>139.7848760</LongitudeDegrees>
      </Position>
      <AltitudeMeters>5</AltitudeMeters>
      <DistanceMeters>41</DistanceMeters>
      <HeartRateBpm>
       <Value>109</Value>
      </HeartRateBpm>
      <Cadence>75</Cadence>
      <Extensions>
       <Speed>7.650000</Speed>
      </Extensions>
     </Trackpoint>
     <Trackpoint>
      <Time>2026-05-25T11:05:09Z</Time>
      <Position>
       <LatitudeDegrees>35.7038421</LatitudeDegrees>
       <LongitudeDegrees>139.7848879</LongitudeDegrees>
      </Position>
      <AltitudeMeters>5</AltitudeMeters>
      <DistanceMeters>42</DistanceMeters>
      <HeartRateBpm>
       <Value>110</Value>
      </HeartRateBpm>
      <Cadence>75</Cadence>
      <Extensions>
       <Speed>7.520000</Speed>
      </Extensions>
     </Trackpoint>
     <Trackpoint>
      <Time>2026-05-25T11:05:10Z</Time>
      <Position>
       <LatitudeDegrees>35.7038426</LatitudeDegrees>
       <LongitudeDegrees>139.7848999</LongitudeDegrees>
      </Position>
      <AltitudeMeters>5</AltitudeMeters>
      <DistanceMeters>43</DistanceMeters>
      <HeartRateBpm>
       <Value>110</Value>
      </HeartRateBpm>
      <Cadence>75</Cadence>
      <Extensions>
       <Speed>7.340000</Speed>
      </Extensions>
     </Trackpoint>
     <Trackpoint>
      <Time>2026-05-25T11:05:11Z</Time>
      <Position>
       <LatitudeDegrees>35.7038422</LatitudeDegrees>
       <LongitudeDegrees>139.7849113</LongitudeDegrees>
      </Position>
      <AltitudeMeters>5</AltitudeMeters>
      <DistanceMeters>44</DistanceMeters>
      <HeartRateBpm>
       <Value>109</Value>
      </HeartRateBpm>
      <Cadence>76</Cadence>
      <Extensions>
       <Speed>7.170000</Speed>
      </Extensions>
     </Trackpoint>
     <Trackpoint>
      <Time>2026-05-25T11:05:12Z</Time>
      <Position>
       <LatitudeDegrees>35.7038419</LatitudeDegrees>
       <LongitudeDegrees>139.7849228</LongitudeDegrees>
      </Position>
      <AltitudeMeters>5</AltitudeMeters>
      <DistanceMeters>45</DistanceMeters>
      <HeartRateBpm>
       <Value>109</Value>
      </HeartRateBpm>
      <Cadence>76</Cadence>
      <Extensions>
       <Speed>7.070000</Speed>
      </Extensions>
     </Trackpoint>
     <Trackpoint>
      <Time>2026-05-25T11:05:13Z</Time>
      <Position>
       <LatitudeDegrees>35.7038401</LatitudeDegrees>
       <LongitudeDegrees>139.7849357</LongitudeDegrees>
      </Position>
      <AltitudeMeters>5</AltitudeMeters>
      <DistanceMeters>46</DistanceMeters>
      <HeartRateBpm>
       <Value>109</Value>
      </HeartRateBpm>
      <Cadence>76</Cadence>
      <Extensions>
       <Speed>6.970000</Speed>
      </Extensions>
     </Trackpoint>
     <Trackpoint>
      <Time>2026-05-25T11:05:14Z</Time>
      <Position>
       <LatitudeDegrees>35.7038383</LatitudeDegrees>
       <LongitudeDegrees>139.7849487</LongitudeDegrees>
      </Position>
      <AltitudeMeters>5</AltitudeMeters>
      <DistanceMeters>48</DistanceMeters>
      <HeartRateBpm>
       <Value>108</Value>
      </HeartRateBpm>
      <Cadence>76</Cadence>
      <Extensions>
       <Speed>6.850000</Speed>
      </Extensions>
     </Trackpoint>
     <Trackpoint>
      <Time>2026-05-25T11:05:15Z</Time>
      <Position>
       <LatitudeDegrees>35.7038367</LatitudeDegrees>
       <LongitudeDegrees>139.7849635</LongitudeDegrees>
      </Position>
      <AltitudeMeters>5</AltitudeMeters>
      <DistanceMeters>49</DistanceMeters>
      <HeartRateBpm>
       <Value>108</Value>
      </HeartRateBpm>
      <Cadence>76</Cadence>
      <Extensions>
       <Speed>6.740000</Speed>
      </Extensions>
     </Trackpoint>
     <Trackpoint>
      <Time>2026-05-25T11:05:16Z</Time>
      <Position>
       <LatitudeDegrees>35.7038352</LatitudeDegrees>
       <LongitudeDegrees>139.7849783</LongitudeDegrees>
      </Position>
      <AltitudeMeters>5</AltitudeMeters>
      <DistanceMeters>50</DistanceMeters>
      <HeartRateBpm>
       <Value>108</Value>
      </HeartRateBpm>
      <Cadence>76</Cadence>
      <Extensions>
       <Speed>6.660000</Speed>
      </Extensions>
     </Trackpoint>
     <Trackpoint>
      <Time>2026-05-25T11:05:17Z</Time>
      <Position>
       <LatitudeDegrees>35.7038349</LatitudeDegrees>
       <LongitudeDegrees>139.7849932</LongitudeDegrees>
      </Position>
      <AltitudeMeters>5</AltitudeMeters>
      <DistanceMeters>52</DistanceMeters>
      <HeartRateBpm>
       <Value>108</Value>
      </HeartRateBpm>
      <Cadence>76</Cadence>
      <Extensions>
       <Speed>6.580000</Speed>
      </Extensions>
     </Trackpoint>
     <Trackpoint>
      <Time>2026-05-25T11:05:18Z</Time>
      <Position>
       <LatitudeDegrees>35.7038347</LatitudeDegrees>
       <LongitudeDegrees>139.7850082</LongitudeDegrees>
      </Position>
      <AltitudeMeters>5</AltitudeMeters>
      <DistanceMeters>54</DistanceMeters>
      <HeartRateBpm>
       <Value>108</Value>
      </HeartRateBpm>
      <Cadence>76</Cadence>
      <Extensions>
       <Speed>6.490000</Speed>
      </Extensions>
     </Trackpoint>
     <Trackpoint>
      <Time>2026-05-25T11:05:19Z</Time>
      <Position>
       <LatitudeDegrees>35.7038351</LatitudeDegrees>
       <LongitudeDegrees>139.7850244</LongitudeDegrees>
      </Position>
      <AltitudeMeters>5</AltitudeMeters>
      <DistanceMeters>55</DistanceMeters>
      <HeartRateBpm>
       <Value>109</Value>
      </HeartRateBpm>
      <Cadence>76</Cadence>
      <Extensions>
       <Speed>6.400000</Speed>
      </Extensions>
     </Trackpoint>
     <Trackpoint>
      <Time>2026-05-25T11:05:20Z</Time>
      <Position>
       <LatitudeDegrees>35.7038356</LatitudeDegrees>
       <LongitudeDegrees>139.7850406</LongitudeDegrees>
      </Position>
      <AltitudeMeters>5</AltitudeMeters>
      <DistanceMeters>56</DistanceMeters>
      <HeartRateBpm>
       <Value>109</Value>
      </HeartRateBpm>
      <Cadence>75</Cadence>
      <Extensions>
       <Speed>6.350000</Speed>
      </Extensions>
     </Trackpoint>
     <Trackpoint>
      <Time>2026-05-25T11:05:21Z</Time>
      <Position>
       <LatitudeDegrees>35.7038367</LatitudeDegrees>
       <LongitudeDegrees>139.7850580</LongitudeDegrees>
      </Position>
      <AltitudeMeters>5</AltitudeMeters>
      <DistanceMeters>58</DistanceMeters>
      <HeartRateBpm>
       <Value>109</Value>
      </HeartRateBpm>
      <Cadence>74</Cadence>
      <Extensions>
       <Speed>6.300000</Speed>
      </Extensions>
     </Trackpoint>
     <Trackpoint>
      <Time>2026-05-25T11:05:22Z</Time>
      <Position>
       <LatitudeDegrees>35.7038378</LatitudeDegrees>
       <LongitudeDegrees>139.7850754</LongitudeDegrees>
      </Position>
      <AltitudeMeters>5</AltitudeMeters>
      <DistanceMeters>60</DistanceMeters>
      <HeartRateBpm>
       <Value>110</Value>
      </HeartRateBpm>
      <Cadence>74</Cadence>
      <Extensions>
       <Speed>6.080000</Speed>
      </Extensions>
     </Trackpoint>
     <Trackpoint>
      <Time>2026-05-25T11:05:23Z</Time>
      <Position>
       <LatitudeDegrees>35.7038390</LatitudeDegrees>
       <LongitudeDegrees>139.7850933</LongitudeDegrees>
      </Position>
      <AltitudeMeters>5</AltitudeMeters>
      <DistanceMeters>61</DistanceMeters>
      <HeartRateBpm>
       <Value>110</Value>
      </HeartRateBpm>
      <Cadence>74</Cadence>
      <Extensions>
       <Speed>5.870000</Speed>
      </Extensions>
     </Trackpoint>
     <Trackpoint>
      <Time>2026-05-25T11:05:24Z</Time>
      <Position>
       <LatitudeDegrees>35.7038402</LatitudeDegrees>
       <LongitudeDegrees>139.7851113</LongitudeDegrees>
      </Position>
      <AltitudeMeters>5</AltitudeMeters>
      <DistanceMeters>63</DistanceMeters>
      <HeartRateBpm>
       <Value>110</Value>
      </HeartRateBpm>
      <Cadence>73</Cadence>
      <Extensions>
       <Speed>5.790000</Speed>
      </Extensions>
     </Trackpoint>
     <Trackpoint>
      <Time>2026-05-25T11:05:25Z</Time>
      <Position>
       <LatitudeDegrees>35.7038400</LatitudeDegrees>
       <LongitudeDegrees>139.7851332</LongitudeDegrees>
      </Position>
      <AltitudeMeters>5</AltitudeMeters>
      <DistanceMeters>65</DistanceMeters>
      <HeartRateBpm>
       <Value>111</Value>
      </HeartRateBpm>
      <Cadence>73</Cadence>
      <Extensions>
       <Speed>5.710000</Speed>
      </Extensions>
     </Trackpoint>
     <Trackpoint>
      <Time>2026-05-25T11:05:26Z</Time>
      <Position>
       <LatitudeDegrees>35.7038398</LatitudeDegrees>
       <LongitudeDegrees>139.7851552</LongitudeDegrees>
      </Position>
      <AltitudeMeters>5</AltitudeMeters>
      <DistanceMeters>68</DistanceMeters>
      <HeartRateBpm>
       <Value>111</Value>
      </HeartRateBpm>
      <Cadence>73</Cadence>
      <Extensions>
       <Speed>5.680000</Speed>
      </Extensions>
     </Trackpoint>
     <Trackpoint>
      <Time>2026-05-25T11:05:27Z</Time>
      <Position>
       <LatitudeDegrees>35.7038384</LatitudeDegrees>
       <LongitudeDegrees>139.7851784</LongitudeDegrees>
      </Position>
      <AltitudeMeters>5</AltitudeMeters>
      <DistanceMeters>70</DistanceMeters>
      <HeartRateBpm>
       <Value>111</Value>
      </HeartRateBpm>
      <Cadence>73</Cadence>
      <Extensions>
       <Speed>5.650000</Speed>
      </Extensions>
     </Trackpoint>
     <Trackpoint>
      <Time>2026-05-25T11:05:28Z</Time>
      <Position>
       <LatitudeDegrees>35.7038370</LatitudeDegrees>
       <LongitudeDegrees>139.7852016</LongitudeDegrees>
      </Position>
      <AltitudeMeters>5</AltitudeMeters>
      <DistanceMeters>72</DistanceMeters>
      <HeartRateBpm>
       <Value>111</Value>
      </HeartRateBpm>
      <Cadence>73</Cadence>
      <Extensions>
       <Speed>5.640000</Speed>
      </Extensions>
     </Trackpoint>
     <Trackpoint>
      <Time>2026-05-25T11:05:29Z</Time>
      <Position>
       <LatitudeDegrees>35.7038364</LatitudeDegrees>
       <LongitudeDegrees>139.7852227</LongitudeDegrees>
      </Position>
      <AltitudeMeters>5</AltitudeMeters>
      <DistanceMeters>73</DistanceMeters>
      <HeartRateBpm>
       <Value>111</Value>
      </HeartRateBpm>
      <Cadence>73</Cadence>
      <Extensions>
       <Speed>5.630000</Speed>
      </Extensions>
     </Trackpoint>
     <Trackpoint>
      <Time>2026-05-25T11:05:30Z</Time>
      <Position>
       <LatitudeDegrees>35.7038359</LatitudeDegrees>
       <LongitudeDegrees>139.7852439</LongitudeDegrees>
      </Position>
      <AltitudeMeters>5</AltitudeMeters>
      <DistanceMeters>74</DistanceMeters>
      <HeartRateBpm>
       <Value>111</Value>
      </HeartRateBpm>
      <Cadence>74</Cadence>
      <Extensions>
       <Speed>5.630000</Speed>
      </Extensions>
     </Trackpoint>
     <Trackpoint>
      <Time>2026-05-25T11:05:31Z</Time>
      <Position>
       <LatitudeDegrees>35.7038378</LatitudeDegrees>
       <LongitudeDegrees>139.7852633</LongitudeDegrees>
      </Position>
      <AltitudeMeters>5</AltitudeMeters>
      <DistanceMeters>76</DistanceMeters>
      <HeartRateBpm>
       <Value>111</Value>
      </HeartRateBpm>
      <Cadence>74</Cadence>
      <Extensions>
       <Speed>5.640000</Speed>
      </Extensions>
     </Trackpoint>
     <Trackpoint>
      <Time>2026-05-25T11:05:32Z</Time>
      <Position>
       <LatitudeDegrees>35.7038397</LatitudeDegrees>
       <LongitudeDegrees>139.7852827</LongitudeDegrees>
      </Position>
      <AltitudeMeters>5</AltitudeMeters>
      <DistanceMeters>78</DistanceMeters>
      <HeartRateBpm>
       <Value>111</Value>
      </HeartRateBpm>
      <Cadence>74</Cadence>
      <Extensions>
       <Speed>5.650000</Speed>
      </Extensions>
     </Trackpoint>
     <Trackpoint>
      <Time>2026-05-25T11:05:33Z</Time>
      <Position>
       <LatitudeDegrees>35.7038435</LatitudeDegrees>
       <LongitudeDegrees>139.7852997</LongitudeDegrees>
      </Position>
      <AltitudeMeters>5</AltitudeMeters>
      <DistanceMeters>80</DistanceMeters>
      <HeartRateBpm>
       <Value>111</Value>
      </HeartRateBpm>
      <Cadence>75</Cadence>
      <Extensions>
       <Speed>5.670000</Speed>
      </Extensions>
     </Trackpoint>
     <Trackpoint>
      <Time>2026-05-25T11:05:34Z</Time>
      <Position>
       <LatitudeDegrees>35.7038474</LatitudeDegrees>
       <LongitudeDegrees>139.7853168</LongitudeDegrees>
      </Position>
      <AltitudeMeters>5</AltitudeMeters>
      <DistanceMeters>82</DistanceMeters>
      <HeartRateBpm>
       <Value>111</Value>
      </HeartRateBpm>
      <Cadence>75</Cadence>
      <Extensions>
       <Speed>5.670000</Speed>
      </Extensions>
     </Trackpoint>
     <Trackpoint>
      <Time>2026-05-25T11:05:35Z</Time>
      <Position>
       <LatitudeDegrees>35.7038505</LatitudeDegrees>
       <LongitudeDegrees>139.7853377</LongitudeDegrees>
      </Position>
      <AltitudeMeters>5</AltitudeMeters>
      <DistanceMeters>83</DistanceMeters>
      <HeartRateBpm>
       <Value>111</Value>
      </HeartRateBpm>
      <Cadence>75</Cadence>
      <Extensions>
       <Speed>5.670000</Speed>
      </Extensions>
     </Trackpoint>
     <Trackpoint>
      <Time>2026-05-25T11:05:36Z</Time>
      <Position>
       <LatitudeDegrees>35.7038536</LatitudeDegrees>
       <LongitudeDegrees>139.7853586</LongitudeDegrees>
      </Position>
      <AltitudeMeters>5</AltitudeMeters>
      <DistanceMeters>86</DistanceMeters>
      <HeartRateBpm>
       <Value>111</Value>
      </HeartRateBpm>
      <Cadence>74</Cadence>
      <Extensions>
       <Speed>5.680000</Speed>
      </Extensions>
     </Trackpoint>
     <Trackpoint>
      <Time>2026-05-25T11:05:37Z</Time>
      <Position>
       <LatitudeDegrees>35.7038560</LatitudeDegrees>
       <LongitudeDegrees>139.7853816</LongitudeDegrees>
      </Position>
      <AltitudeMeters>5</AltitudeMeters>
      <DistanceMeters>88</DistanceMeters>
      <HeartRateBpm>
       <Value>111</Value>
      </HeartRateBpm>
      <Cadence>74</Cadence>
      <Extensions>
       <Speed>5.690000</Speed>
      </Extensions>
     </Trackpoint>
     <Trackpoint>
      <Time>2026-05-25T11:05:38Z</Time>
      <Position>
       <LatitudeDegrees>35.7038584</LatitudeDegrees>
       <LongitudeDegrees>139.7854047</LongitudeDegrees>
      </Position>
      <AltitudeMeters>5</AltitudeMeters>
      <DistanceMeters>90</DistanceMeters>
      <HeartRateBpm>
       <Value>111</Value>
      </HeartRateBpm>
      <Cadence>74</Cadence>
      <Extensions>
       <Speed>5.690000</Speed>
      </Extensions>
     </Trackpoint>
     <Trackpoint>
      <Time>2026-05-25T11:05:39Z</Time>
      <Position>
       <LatitudeDegrees>35.7038649</LatitudeDegrees>
       <LongitudeDegrees>139.7854231</LongitudeDegrees>
      </Position>
      <AltitudeMeters>5</AltitudeMeters>
      <DistanceMeters>92</DistanceMeters>
      <HeartRateBpm>
       <Value>111</Value>
      </HeartRateBpm>
      <Cadence>75</Cadence>
      <Extensions>
       <Speed>5.700000</Speed>
      </Extensions>
     </Trackpoint>
     <Trackpoint>
      <Time>2026-05-25T11:05:40Z</Time>
      <Position>
       <LatitudeDegrees>35.7038715</LatitudeDegrees>
       <LongitudeDegrees>139.7854415</LongitudeDegrees>
      </Position>
      <AltitudeMeters>5</AltitudeMeters>
      <DistanceMeters>94</DistanceMeters>
      <HeartRateBpm>
       <Value>111</Value>
      </HeartRateBpm>
      <Cadence>75</Cadence>
      <Extensions>
       <Speed>5.710000</Speed>
      </Extensions>
     </Trackpoint>
     <Trackpoint>
      <Time>2026-05-25T11:05:41Z</Time>
      <Position>
       <LatitudeDegrees>35.7038850</LatitudeDegrees>
       <LongitudeDegrees>139.7854517</LongitudeDegrees>
      </Position>
      <AltitudeMeters>5</AltitudeMeters>
      <DistanceMeters>95</DistanceMeters>
      <HeartRateBpm>
       <Value>111</Value>
      </HeartRateBpm>
      <Cadence>75</Cadence>
      <Extensions>
       <Speed>5.730000</Speed>
      </Extensions>
     </Trackpoint>
     <Trackpoint>
      <Time>2026-05-25T11:05:42Z</Time>
      <Position>
       <LatitudeDegrees>35.7038986</LatitudeDegrees>
       <LongitudeDegrees>139.7854620</LongitudeDegrees>
      </Position>
      <AltitudeMeters>5</AltitudeMeters>
      <DistanceMeters>97</DistanceMeters>
      <HeartRateBpm>
       <Value>112</Value>
      </HeartRateBpm>
      <Cadence>75</Cadence>
      <Extensions>
       <Speed>5.750000</Speed>
      </Extensions>
     </Trackpoint>
     <Trackpoint>
      <Time>2026-05-25T11:05:43Z</Time>
      <Position>
       <LatitudeDegrees>35.7039147</LatitudeDegrees>
       <LongitudeDegrees>139.7854651</LongitudeDegrees>
      </Position>
      <AltitudeMeters>5</AltitudeMeters>
      <DistanceMeters>99</DistanceMeters>
      <HeartRateBpm>
       <Value>112</Value>
      </HeartRateBpm>
      <Cadence>75</Cadence>
      <Extensions>
       <Speed>5.770000</Speed>
      </Extensions>
     </Trackpoint>
     <Trackpoint>
      <Time>2026-05-25T11:05:44Z</Time>
      <Position>
       <LatitudeDegrees>35.7039309</LatitudeDegrees>
       <LongitudeDegrees>139.7854683</LongitudeDegrees>
      </Position>
      <AltitudeMeters>5</AltitudeMeters>
      <DistanceMeters>100</DistanceMeters>
      <HeartRateBpm>
       <Value>112</Value>
      </HeartRateBpm>
      <Cadence>75</Cadence>
      <Extensions>
       <Speed>5.810000</Speed>
      </Extensions>
     </Trackpoint>
     <Trackpoint>
      <Time>2026-05-25T11:05:45Z</Time>
      <Position>
       <LatitudeDegrees>35.7039459</LatitudeDegrees>
       <LongitudeDegrees>139.7854661</LongitudeDegrees>
      </Position>
      <AltitudeMeters>5</AltitudeMeters>
      <DistanceMeters>102</DistanceMeters>
      <HeartRateBpm>
       <Value>113</Value>
      </HeartRateBpm>
      <Cadence>75</Cadence>
      <Extensions>
       <Speed>5.850000</Speed>
      </Extensions>
     </Trackpoint>
     <Trackpoint>
      <Time>2026-05-25T11:05:46Z</Time>
      <Position>
       <LatitudeDegrees>35.7039609</LatitudeDegrees>
       <LongitudeDegrees>139.7854639</LongitudeDegrees>
      </Position>
      <AltitudeMeters>5</AltitudeMeters>
      <DistanceMeters>104</DistanceMeters>
      <HeartRateBpm>
       <Value>113</Value>
      </HeartRateBpm>
      <Cadence>75</Cadence>
      <Extensions>
       <Speed>5.860000</Speed>
      </Extensions>
     </Trackpoint>
     <Trackpoint>
      <Time>2026-05-25T11:05:47Z</Time>
      <Position>
       <LatitudeDegrees>35.7039747</LatitudeDegrees>
       <LongitudeDegrees>139.7854592</LongitudeDegrees>
      </Position>
      <AltitudeMeters>5</AltitudeMeters>
      <DistanceMeters>105</DistanceMeters>
      <HeartRateBpm>
       <Value>113</Value>
      </HeartRateBpm>
      <Cadence>75</Cadence>
      <Extensions>
       <Speed>5.880000</Speed>
      </Extensions>
     </Trackpoint>
     <Trackpoint>
      <Time>2026-05-25T11:05:48Z</Time>
      <Position>
       <LatitudeDegrees>35.7039886</LatitudeDegrees>
       <LongitudeDegrees>139.7854545</LongitudeDegrees>
      </Position>
      <AltitudeMeters>5</AltitudeMeters>
      <DistanceMeters>107</DistanceMeters>
      <HeartRateBpm>
       <Value>113</Value>
      </HeartRateBpm>
      <Cadence>75</Cadence>
      <Extensions>
       <Speed>5.880000</Speed>
      </Extensions>
     </Trackpoint>
     <Trackpoint>
      <Time>2026-05-25T11:05:49Z</Time>
      <Position>
       <LatitudeDegrees>35.7040041</LatitudeDegrees>
       <LongitudeDegrees>139.7854522</LongitudeDegrees>
      </Position>
      <AltitudeMeters>5</AltitudeMeters>
      <DistanceMeters>109</DistanceMeters>
      <HeartRateBpm>
       <Value>113</Value>
      </HeartRateBpm>
      <Cadence>75</Cadence>
      <Extensions>
       <Speed>5.890000</Speed>
      </Extensions>
     </Trackpoint>
     <Trackpoint>
      <Time>2026-05-25T11:05:50Z</Time>
      <Position>
       <LatitudeDegrees>35.7040196</LatitudeDegrees>
       <LongitudeDegrees>139.7854500</LongitudeDegrees>
      </Position>
      <AltitudeMeters>5</AltitudeMeters>
      <DistanceMeters>111</DistanceMeters>
      <HeartRateBpm>
       <Value>113</Value>
      </HeartRateBpm>
      <Cadence>75</Cadence>
      <Extensions>
       <Speed>5.910000</Speed>
      </Extensions>
     </Trackpoint>
     <Trackpoint>
      <Time>2026-05-25T11:05:51Z</Time>
      <Position>
       <LatitudeDegrees>35.7040358</LatitudeDegrees>
       <LongitudeDegrees>139.7854557</LongitudeDegrees>
      </Position>
      <AltitudeMeters>5</AltitudeMeters>
      <DistanceMeters>113</DistanceMeters>
      <HeartRateBpm>
       <Value>113</Value>
      </HeartRateBpm>
      <Cadence>76</Cadence>
      <Extensions>
       <Speed>5.930000</Speed>
      </Extensions>
     </Trackpoint>
     <Trackpoint>
      <Time>2026-05-25T11:05:52Z</Time>
      <Position>
       <LatitudeDegrees>35.7040521</LatitudeDegrees>
       <LongitudeDegrees>139.7854615</LongitudeDegrees>
      </Position>
      <AltitudeMeters>5</AltitudeMeters>
      <DistanceMeters>115</DistanceMeters>
      <HeartRateBpm>
       <Value>113</Value>
      </HeartRateBpm>
      <Cadence>76</Cadence>
      <Extensions>
       <Speed>5.940000</Speed>
      </Extensions>
     </Trackpoint>
     <Trackpoint>
      <Time>2026-05-25T11:05:53Z</Time>
      <Position>
       <LatitudeDegrees>35.7040638</LatitudeDegrees>
       <LongitudeDegrees>139.7854754</LongitudeDegrees>
      </Position>
      <AltitudeMeters>5</AltitudeMeters>
      <DistanceMeters>117</DistanceMeters>
      <HeartRateBpm>
       <Value>113</Value>
      </HeartRateBpm>
      <Cadence>76</Cadence>
      <Extensions>
       <Speed>5.950000</Speed>
      </Extensions>
     </Trackpoint>
     <Trackpoint>
      <Time>2026-05-25T11:05:54Z</Time>
      <Position>
       <LatitudeDegrees>35.7040756</LatitudeDegrees>
       <LongitudeDegrees>139.7854893</LongitudeDegrees>
      </Position>
      <AltitudeMeters>5</AltitudeMeters>
      <DistanceMeters>118</DistanceMeters>
      <HeartRateBpm>
       <Value>113</Value>
      </HeartRateBpm>
      <Cadence>76</Cadence>
      <Extensions>
       <Speed>5.990000</Speed>
      </Extensions>
     </Trackpoint>
     <Trackpoint>
      <Time>2026-05-25T11:05:55Z</Time>
      <Position>
       <LatitudeDegrees>35.7040789</LatitudeDegrees>
       <LongitudeDegrees>139.7855070</LongitudeDegrees>
      </Position>
      <AltitudeMeters>5</AltitudeMeters>
      <DistanceMeters>120</DistanceMeters>
      <HeartRateBpm>
       <Value>113</Value>
      </HeartRateBpm>
      <Cadence>76</Cadence>
      <Extensions>
       <Speed>6.030000</Speed>
      </Extensions>
     </Trackpoint>
     <Trackpoint>
      <Time>2026-05-25T11:05:56Z</Time>
      <Position>
       <LatitudeDegrees>35.7040823</LatitudeDegrees>
       <LongitudeDegrees>139.7855247</LongitudeDegrees>
      </Position>
      <AltitudeMeters>5</AltitudeMeters>
      <DistanceMeters>122</DistanceMeters>
      <HeartRateBpm>
       <Value>113</Value>
      </HeartRateBpm>
      <Cadence>75</Cadence>
      <Extensions>
       <Speed>6.100000</Speed>
      </Extensions>
     </Trackpoint>
     <Trackpoint>
      <Time>2026-05-25T11:05:57Z</Time>
      <Position>
       <LatitudeDegrees>35.7040812</LatitudeDegrees>
       <LongitudeDegrees>139.7855470</LongitudeDegrees>
      </Position>
      <AltitudeMeters>5</AltitudeMeters>
      <DistanceMeters>124</DistanceMeters>
      <HeartRateBpm>
       <Value>113</Value>
      </HeartRateBpm>
      <Cadence>75</Cadence>
      <Extensions>
       <Speed>6.170000</Speed>
      </Extensions>
     </Trackpoint>
     <Trackpoint>
      <Time>2026-05-25T11:05:58Z</Time>
      <Position>
       <LatitudeDegrees>35.7040801</LatitudeDegrees>
       <LongitudeDegrees>139.7855693</LongitudeDegrees>
      </Position>
      <AltitudeMeters>5</AltitudeMeters>
      <DistanceMeters>126</DistanceMeters>
      <HeartRateBpm>
       <Value>113</Value>
      </HeartRateBpm>
      <Cadence>75</Cadence>
      <Extensions>
       <Speed>6.250000</Speed>
      </Extensions>
     </Trackpoint>
     <Trackpoint>
      <Time>2026-05-25T11:05:59Z</Time>
      <Position>
       <LatitudeDegrees>35.7040786</LatitudeDegrees>
       <LongitudeDegrees>139.7855930</LongitudeDegrees>
      </Position>
      <AltitudeMeters>5</AltitudeMeters>
      <DistanceMeters>128</DistanceMeters>
      <HeartRateBpm>
       <Value>114</Value>
      </HeartRateBpm>
      <Cadence>75</Cadence>
      <Extensions>
       <Speed>6.340000</Speed>
      </Extensions>
     </Trackpoint>
     <Trackpoint>
      <Time>2026-05-25T11:06:00Z</Time>
      <Position>
       <LatitudeDegrees>35.7040771</LatitudeDegrees>
       <LongitudeDegrees>139.7856167</LongitudeDegrees>
      </Position>
      <AltitudeMeters>5</AltitudeMeters>
      <DistanceMeters>130</DistanceMeters>
      <HeartRateBpm>
       <Value>114</Value>
      </HeartRateBpm>
      <Cadence>74</Cadence>
      <Extensions>
       <Speed>6.510000</Speed>
      </Extensions>
     </Trackpoint>
     <Trackpoint>
      <Time>2026-05-25T11:06:01Z</Time>
      <Position>
       <LatitudeDegrees>35.7040784</LatitudeDegrees>
       <LongitudeDegrees>139.7856406</LongitudeDegrees>
      </Position>
      <AltitudeMeters>5</AltitudeMeters>
      <DistanceMeters>132</DistanceMeters>
      <HeartRateBpm>
       <Value>115</Value>
      </HeartRateBpm>
      <Cadence>74</Cadence>
      <Extensions>
       <Speed>6.680000</Speed>
      </Extensions>
     </Trackpoint>
     <Trackpoint>
      <Time>2026-05-25T11:06:02Z</Time>
      <Position>
       <LatitudeDegrees>35.7040797</LatitudeDegrees>
       <LongitudeDegrees>139.7856646</LongitudeDegrees>
      </Position>
      <AltitudeMeters>5</AltitudeMeters>
      <DistanceMeters>134</DistanceMeters>
      <HeartRateBpm>
       <Value>114</Value>
      </HeartRateBpm>
      <Cadence>74</Cadence>
      <Extensions>
       <Speed>6.800000</Speed>
      </Extensions>
     </Trackpoint>
     <Trackpoint>
      <Time>2026-05-25T11:06:03Z</Time>
      <Position>
       <LatitudeDegrees>35.7040808</LatitudeDegrees>
       <LongitudeDegrees>139.7856855</LongitudeDegrees>
      </Position>
      <AltitudeMeters>5</AltitudeMeters>
      <DistanceMeters>136</DistanceMeters>
      <HeartRateBpm>
       <Value>115</Value>
      </HeartRateBpm>
      <Cadence>74</Cadence>
      <Extensions>
       <Speed>6.920000</Speed>
      </Extensions>
     </Trackpoint>
     <Trackpoint>
      <Time>2026-05-25T11:06:04Z</Time>
      <Position>
       <LatitudeDegrees>35.7040820</LatitudeDegrees>
       <LongitudeDegrees>139.7857065</LongitudeDegrees>
      </Position>
      <AltitudeMeters>5</AltitudeMeters>
      <DistanceMeters>138</DistanceMeters>
      <HeartRateBpm>
       <Value>115</Value>
      </HeartRateBpm>
      <Cadence>74</Cadence>
      <Extensions>
       <Speed>7.040000</Speed>
      </Extensions>
     </Trackpoint>
     <Trackpoint>
      <Time>2026-05-25T11:06:05Z</Time>
      <Position>
       <LatitudeDegrees>35.7040825</LatitudeDegrees>
       <LongitudeDegrees>139.7857259</LongitudeDegrees>
      </Position>
      <AltitudeMeters>5</AltitudeMeters>
      <DistanceMeters>139</DistanceMeters>
      <HeartRateBpm>
       <Value>115</Value>
      </HeartRateBpm>
      <Cadence>74</Cadence>
      <Extensions>
       <Speed>7.160000</Speed>
      </Extensions>
     </Trackpoint>
     <Trackpoint>
      <Time>2026-05-25T11:06:06Z</Time>
      <Position>
       <LatitudeDegrees>35.7040830</LatitudeDegrees>
       <LongitudeDegrees>139.7857454</LongitudeDegrees>
      </Position>
      <AltitudeMeters>5</AltitudeMeters>
      <DistanceMeters>141</DistanceMeters>
      <HeartRateBpm>
       <Value>116</Value>
      </HeartRateBpm>
      <Cadence>74</Cadence>
      <Extensions>
       <Speed>7.180000</Speed>
      </Extensions>
     </Trackpoint>
     <Trackpoint>
      <Time>2026-05-25T11:06:07Z</Time>
      <Position>
       <LatitudeDegrees>35.7040832</LatitudeDegrees>
       <LongitudeDegrees>139.7857646</LongitudeDegrees>
      </Position>
      <AltitudeMeters>5</AltitudeMeters>
      <DistanceMeters>143</DistanceMeters>
      <HeartRateBpm>
       <Value>116</Value>
      </HeartRateBpm>
      <Cadence>74</Cadence>
      <Extensions>
       <Speed>7.200000</Speed>
      </Extensions>
     </Trackpoint>
     <Trackpoint>
      <Time>2026-05-25T11:06:08Z</Time>
      <Position>
       <LatitudeDegrees>35.7040834</LatitudeDegrees>
       <LongitudeDegrees>139.7857839</LongitudeDegrees>
      </Position>
      <AltitudeMeters>5</AltitudeMeters>
      <DistanceMeters>145</DistanceMeters>
      <HeartRateBpm>
       <Value>117</Value>
      </HeartRateBpm>
      <Cadence>74</Cadence>
      <Extensions>
       <Speed>7.200000</Speed>
      </Extensions>
     </Trackpoint>
     <Trackpoint>
      <Time>2026-05-25T11:06:09Z</Time>
      <Position>
       <LatitudeDegrees>35.7040849</LatitudeDegrees>
       <LongitudeDegrees>139.7858036</LongitudeDegrees>
      </Position>
      <AltitudeMeters>5</AltitudeMeters>
      <DistanceMeters>147</DistanceMeters>
      <HeartRateBpm>
       <Value>117</Value>
      </HeartRateBpm>
      <Cadence>74</Cadence>
      <Extensions>
       <Speed>7.200000</Speed>
      </Extensions>
     </Trackpoint>
     <Trackpoint>
      <Time>2026-05-25T11:06:10Z</Time>
      <Position>
       <LatitudeDegrees>35.7040865</LatitudeDegrees>
       <LongitudeDegrees>139.7858233</LongitudeDegrees>
      </Position>
      <AltitudeMeters>5</AltitudeMeters>
      <DistanceMeters>148</DistanceMeters>
      <HeartRateBpm>
       <Value>117</Value>
      </HeartRateBpm>
      <Cadence>74</Cadence>
      <Extensions>
       <Speed>7.180000</Speed>
      </Extensions>
     </Trackpoint>
     <Trackpoint>
      <Time>2026-05-25T11:06:11Z</Time>
      <Position>
       <LatitudeDegrees>35.7040896</LatitudeDegrees>
       <LongitudeDegrees>139.7858418</LongitudeDegrees>
      </Position>
      <AltitudeMeters>5</AltitudeMeters>
      <DistanceMeters>150</DistanceMeters>
      <HeartRateBpm>
       <Value>118</Value>
      </HeartRateBpm>
      <Cadence>74</Cadence>
      <Extensions>
       <Speed>7.170000</Speed>
      </Extensions>
     </Trackpoint>
     <Trackpoint>
      <Time>2026-05-25T11:06:12Z</Time>
      <Position>
       <LatitudeDegrees>35.7040927</LatitudeDegrees>
       <LongitudeDegrees>139.7858604</LongitudeDegrees>
      </Position>
      <AltitudeMeters>5</AltitudeMeters>
      <DistanceMeters>152</DistanceMeters>
      <HeartRateBpm>
       <Value>118</Value>
      </HeartRateBpm>
      <Cadence>74</Cadence>
      <Extensions>
       <Speed>7.150000</Speed>
      </Extensions>
     </Trackpoint>
     <Trackpoint>
      <Time>2026-05-25T11:06:13Z</Time>
      <Position>
       <LatitudeDegrees>35.7040940</LatitudeDegrees>
       <LongitudeDegrees>139.7858788</LongitudeDegrees>
      </Position>
      <AltitudeMeters>5</AltitudeMeters>
      <DistanceMeters>153</DistanceMeters>
      <HeartRateBpm>
       <Value>118</Value>
      </HeartRateBpm>
      <Cadence>75</Cadence>
      <Extensions>
       <Speed>7.140000</Speed>
      </Extensions>
     </Trackpoint>
     <Trackpoint>
      <Time>2026-05-25T11:06:14Z</Time>
      <Position>
       <LatitudeDegrees>35.7040953</LatitudeDegrees>
       <LongitudeDegrees>139.7858972</LongitudeDegrees>
      </Position>
      <AltitudeMeters>5</AltitudeMeters>
      <DistanceMeters>155</DistanceMeters>
      <HeartRateBpm>
       <Value>118</Value>
      </HeartRateBpm>
      <Cadence>75</Cadence>
      <Extensions>
       <Speed>7.120000</Speed>
      </Extensions>
     </Trackpoint>
     <Trackpoint>
      <Time>2026-05-25T11:06:15Z</Time>
      <Position>
       <LatitudeDegrees>35.7040929</LatitudeDegrees>
       <LongitudeDegrees>139.7859140</LongitudeDegrees>
      </Position>
      <AltitudeMeters>5</AltitudeMeters>
      <DistanceMeters>157</DistanceMeters>
      <HeartRateBpm>
       <Value>118</Value>
      </HeartRateBpm>
      <Cadence>75</Cadence>
      <Extensions>
       <Speed>7.110000</Speed>
      </Extensions>
     </Trackpoint>
     <Trackpoint>
      <Time>2026-05-25T11:06:16Z</Time>
      <Position>
       <LatitudeDegrees>35.7040905</LatitudeDegrees>
       <LongitudeDegrees>139.7859308</LongitudeDegrees>
      </Position>
      <AltitudeMeters>5</AltitudeMeters>
      <DistanceMeters>158</DistanceMeters>
      <HeartRateBpm>
       <Value>118</Value>
      </HeartRateBpm>
      <Cadence>75</Cadence>
      <Extensions>
       <Speed>7.080000</Speed>
      </Extensions>
     </Trackpoint>
     <Trackpoint>
      <Time>2026-05-25T11:06:17Z</Time>
      <Position>
       <LatitudeDegrees>35.7040863</LatitudeDegrees>
       <LongitudeDegrees>139.7859465</LongitudeDegrees>
      </Position>
      <AltitudeMeters>5</AltitudeMeters>
      <DistanceMeters>159</DistanceMeters>
      <HeartRateBpm>
       <Value>118</Value>
      </HeartRateBpm>
      <Cadence>75</Cadence>
      <Extensions>
       <Speed>7.050000</Speed>
      </Extensions>
     </Trackpoint>
     <Trackpoint>
      <Time>2026-05-25T11:06:18Z</Time>
      <Position>
       <LatitudeDegrees>35.7040822</LatitudeDegrees>
       <LongitudeDegrees>139.7859622</LongitudeDegrees>
      </Position>
      <AltitudeMeters>5</AltitudeMeters>
      <DistanceMeters>161</DistanceMeters>
      <HeartRateBpm>
       <Value>118</Value>
      </HeartRateBpm>
      <Cadence>75</Cadence>
      <Extensions>
       <Speed>7.010000</Speed>
      </Extensions>
     </Trackpoint>
     <Trackpoint>
      <Time>2026-05-25T11:06:19Z</Time>
      <Position>
       <LatitudeDegrees>35.7040776</LatitudeDegrees>
       <LongitudeDegrees>139.7859790</LongitudeDegrees>
      </Position>
      <AltitudeMeters>5</AltitudeMeters>
      <DistanceMeters>163</DistanceMeters>
      <HeartRateBpm>
       <Value>118</Value>
      </HeartRateBpm>
      <Cadence>75</Cadence>
      <Extensions>
       <Speed>6.980000</Speed>
      </Extensions>
     </Trackpoint>
     <Trackpoint>
      <Time>2026-05-25T11:06:20Z</Time>
      <Position>
       <LatitudeDegrees>35.7040731</LatitudeDegrees>
       <LongitudeDegrees>139.7859958</LongitudeDegrees>
      </Position>
      <AltitudeMeters>5</AltitudeMeters>
      <DistanceMeters>164</DistanceMeters>
      <HeartRateBpm>
       <Value>119</Value>
      </HeartRateBpm>
      <Cadence>75</Cadence>
      <Extensions>
       <Speed>6.930000</Speed>
      </Extensions>
     </Trackpoint>
     <Trackpoint>
      <Time>2026-05-25T11:06:21Z</Time>
      <Position>
       <LatitudeDegrees>35.7040702</LatitudeDegrees>
       <LongitudeDegrees>139.7860136</LongitudeDegrees>
      </Position>
      <AltitudeMeters>5</AltitudeMeters>
      <DistanceMeters>166</DistanceMeters>
      <HeartRateBpm>
       <Value>119</Value>
      </HeartRateBpm>
      <Cadence>76</Cadence>
      <Extensions>
       <Speed>6.890000</Speed>
      </Extensions>
     </Trackpoint>
     <Trackpoint>
      <Time>2026-05-25T11:06:22Z</Time>
      <Position>
       <LatitudeDegrees>35.7040674</LatitudeDegrees>
       <LongitudeDegrees>139.7860314</LongitudeDegrees>
      </Position>
      <AltitudeMeters>5</AltitudeMeters>
      <DistanceMeters>168</DistanceMeters>
      <HeartRateBpm>
       <Value>119</Value>
      </HeartRateBpm>
      <Cadence>75</Cadence>
      <Extensions>
       <Speed>6.850000</Speed>
      </Extensions>
     </Trackpoint>
     <Trackpoint>
      <Time>2026-05-25T11:06:23Z</Time>
      <Position>
       <LatitudeDegrees>35.7040667</LatitudeDegrees>
       <LongitudeDegrees>139.7860503</LongitudeDegrees>
      </Position>
      <AltitudeMeters>5</AltitudeMeters>
      <DistanceMeters>169</DistanceMeters>
      <HeartRateBpm>
       <Value>118</Value>
      </HeartRateBpm>
      <Cadence>75</Cadence>
      <Extensions>
       <Speed>6.820000</Speed>
      </Extensions>
     </Trackpoint>
     <Trackpoint>
      <Time>2026-05-25T11:06:24Z</Time>
      <Position>
       <LatitudeDegrees>35.7040661</LatitudeDegrees>
       <LongitudeDegrees>139.7860693</LongitudeDegrees>
      </Position>
      <AltitudeMeters>5</AltitudeMeters>
      <DistanceMeters>171</DistanceMeters>
      <HeartRateBpm>
       <Value>118</Value>
      </HeartRateBpm>
      <Cadence>74</Cadence>
      <Extensions>
       <Speed>6.790000</Speed>
      </Extensions>
     </Trackpoint>
     <Trackpoint>
      <Time>2026-05-25T11:06:25Z</Time>
      <Position>
       <LatitudeDegrees>35.7040695</LatitudeDegrees>
       <LongitudeDegrees>139.7860911</LongitudeDegrees>
      </Position>
      <AltitudeMeters>5</AltitudeMeters>
      <DistanceMeters>173</DistanceMeters>
      <HeartRateBpm>
       <Value>118</Value>
      </HeartRateBpm>
      <Cadence>74</Cadence>
      <Extensions>
       <Speed>6.760000</Speed>
      </Extensions>
     </Trackpoint>
     <Trackpoint>
      <Time>2026-05-25T11:06:26Z</Time>
      <Position>
       <LatitudeDegrees>35.7040730</LatitudeDegrees>
       <LongitudeDegrees>139.7861129</LongitudeDegrees>
      </Position>
      <AltitudeMeters>5</AltitudeMeters>
      <DistanceMeters>176</DistanceMeters>
      <HeartRateBpm>
       <Value>118</Value>
      </HeartRateBpm>
      <Cadence>74</Cadence>
      <Extensions>
       <Speed>6.730000</Speed>
      </Extensions>
     </Trackpoint>
     <Trackpoint>
      <Time>2026-05-25T11:06:27Z</Time>
      <Position>
       <LatitudeDegrees>35.7040762</LatitudeDegrees>
       <LongitudeDegrees>139.7861353</LongitudeDegrees>
      </Position>
      <AltitudeMeters>5</AltitudeMeters>
      <DistanceMeters>178</DistanceMeters>
      <HeartRateBpm>
       <Value>118</Value>
      </HeartRateBpm>
      <Cadence>74</Cadence>
      <Extensions>
       <Speed>6.700000</Speed>
      </Extensions>
     </Trackpoint>
     <Trackpoint>
      <Time>2026-05-25T11:06:28Z</Time>
      <Position>
       <LatitudeDegrees>35.7040794</LatitudeDegrees>
       <LongitudeDegrees>139.7861577</LongitudeDegrees>
      </Position>
      <AltitudeMeters>5</AltitudeMeters>
      <DistanceMeters>180</DistanceMeters>
      <HeartRateBpm>
       <Value>118</Value>
      </HeartRateBpm>
      <Cadence>74</Cadence>
      <Extensions>
       <Speed>6.670000</Speed>
      </Extensions>
     </Trackpoint>
     <Trackpoint>
      <Time>2026-05-25T11:06:29Z</Time>
      <Position>
       <LatitudeDegrees>35.7040808</LatitudeDegrees>
       <LongitudeDegrees>139.7861786</LongitudeDegrees>
      </Position>
      <AltitudeMeters>5</AltitudeMeters>
      <DistanceMeters>182</DistanceMeters>
      <HeartRateBpm>
       <Value>118</Value>
      </HeartRateBpm>
      <Cadence>74</Cadence>
      <Extensions>
       <Speed>6.640000</Speed>
      </Extensions>
     </Trackpoint>
     <Trackpoint>
      <Time>2026-05-25T11:06:30Z</Time>
      <Position>
       <LatitudeDegrees>35.7040823</LatitudeDegrees>
       <LongitudeDegrees>139.7861995</LongitudeDegrees>
      </Position>
      <AltitudeMeters>5</AltitudeMeters>
      <DistanceMeters>183</DistanceMeters>
      <HeartRateBpm>
       <Value>118</Value>
      </HeartRateBpm>
      <Cadence>74</Cadence>
      <Extensions>
       <Speed>6.640000</Speed>
      </Extensions>
     </Trackpoint>
     <Trackpoint>
      <Time>2026-05-25T11:06:31Z</Time>
      <Position>
       <LatitudeDegrees>35.7040838</LatitudeDegrees>
       <LongitudeDegrees>139.7862162</LongitudeDegrees>
      </Position>
      <AltitudeMeters>5</AltitudeMeters>
      <DistanceMeters>184</DistanceMeters>
      <HeartRateBpm>
       <Value>118</Value>
      </HeartRateBpm>
      <Cadence>74</Cadence>
      <Extensions>
       <Speed>6.650000</Speed>
      </Extensions>
     </Trackpoint>
     <Trackpoint>
      <Time>2026-05-25T11:06:32Z</Time>
      <Position>
       <LatitudeDegrees>35.7040853</LatitudeDegrees>
       <LongitudeDegrees>139.7862330</LongitudeDegrees>
      </Position>
      <AltitudeMeters>5</AltitudeMeters>
      <DistanceMeters>186</DistanceMeters>
      <HeartRateBpm>
       <Value>118</Value>
      </HeartRateBpm>
      <Cadence>74</Cadence>
      <Extensions>
       <Speed>6.650000</Speed>
      </Extensions>
     </Trackpoint>
     <Trackpoint>
      <Time>2026-05-25T11:06:33Z</Time>
      <Position>
       <LatitudeDegrees>35.7040872</LatitudeDegrees>
       <LongitudeDegrees>139.7862475</LongitudeDegrees>
      </Position>
      <AltitudeMeters>5</AltitudeMeters>
      <DistanceMeters>187</DistanceMeters>
      <HeartRateBpm>
       <Value>118</Value>
      </HeartRateBpm>
      <Cadence>74</Cadence>
      <Extensions>
       <Speed>6.660000</Speed>
      </Extensions>
     </Trackpoint>
     <Trackpoint>
      <Time>2026-05-25T11:06:34Z</Time>
      <Position>
       <LatitudeDegrees>35.7040892</LatitudeDegrees>
       <LongitudeDegrees>139.7862620</LongitudeDegrees>
      </Position>
      <AltitudeMeters>5</AltitudeMeters>
      <DistanceMeters>188</DistanceMeters>
      <HeartRateBpm>
       <Value>118</Value>
      </HeartRateBpm>
      <Cadence>74</Cadence>
      <Extensions>
       <Speed>6.650000</Speed>
      </Extensions>
     </Trackpoint>
     <Trackpoint>
      <Time>2026-05-25T11:06:35Z</Time>
      <Position>
       <LatitudeDegrees>35.7040900</LatitudeDegrees>
       <LongitudeDegrees>139.7862798</LongitudeDegrees>
      </Position>
      <AltitudeMeters>5</AltitudeMeters>
      <DistanceMeters>190</DistanceMeters>
      <HeartRateBpm>
       <Value>118</Value>
      </HeartRateBpm>
      <Cadence>74</Cadence>
      <Extensions>
       <Speed>6.640000</Speed>
      </Extensions>
     </Trackpoint>
     <Trackpoint>
      <Time>2026-05-25T11:06:36Z</Time>
      <Position>
       <LatitudeDegrees>35.7040909</LatitudeDegrees>
       <LongitudeDegrees>139.7862977</LongitudeDegrees>
      </Position>
      <AltitudeMeters>5</AltitudeMeters>
      <DistanceMeters>192</DistanceMeters>
      <HeartRateBpm>
       <Value>117</Value>
      </HeartRateBpm>
      <Cadence>74</Cadence>
      <Extensions>
       <Speed>6.610000</Speed>
      </Extensions>
     </Trackpoint>
     <Trackpoint>
      <Time>2026-05-25T11:06:37Z</Time>
      <Position>
       <LatitudeDegrees>35.7040901</LatitudeDegrees>
       <LongitudeDegrees>139.7863163</LongitudeDegrees>
      </Position>
      <AltitudeMeters>5</AltitudeMeters>
      <DistanceMeters>194</DistanceMeters>
      <HeartRateBpm>
       <Value>117</Value>
      </HeartRateBpm>
      <Cadence>74</Cadence>
      <Extensions>
       <Speed>6.590000</Speed>
      </Extensions>
     </Trackpoint>
     <Trackpoint>
      <Time>2026-05-25T11:06:38Z</Time>
      <Position>
       <LatitudeDegrees>35.7040893</LatitudeDegrees>
       <LongitudeDegrees>139.7863349</LongitudeDegrees>
      </Position>
      <AltitudeMeters>5</AltitudeMeters>
      <DistanceMeters>196</DistanceMeters>
      <HeartRateBpm>
       <Value>117</Value>
      </HeartRateBpm>
      <Cadence>74</Cadence>
      <Extensions>
       <Speed>6.560000</Speed>
      </Extensions>
     </Trackpoint>
     <Trackpoint>
      <Time>2026-05-25T11:06:39Z</Time>
      <Position>
       <LatitudeDegrees>35.7040876</LatitudeDegrees>
       <LongitudeDegrees>139.7863522</LongitudeDegrees>
      </Position>
      <AltitudeMeters>5</AltitudeMeters>
      <DistanceMeters>197</DistanceMeters>
      <HeartRateBpm>
       <Value>116</Value>
      </HeartRateBpm>
      <Cadence>74</Cadence>
      <Extensions>
       <Speed>6.540000</Speed>
      </Extensions>
     </Trackpoint>
     <Trackpoint>
      <Time>2026-05-25T11:06:40Z</Time>
      <Position>
       <LatitudeDegrees>35.7040859</LatitudeDegrees>
       <LongitudeDegrees>139.7863695</LongitudeDegrees>
      </Position>
      <AltitudeMeters>5</AltitudeMeters>
      <DistanceMeters>198</DistanceMeters>
      <HeartRateBpm>
       <Value>116</Value>
      </HeartRateBpm>
      <Cadence>74</Cadence>
      <Extensions>
       <Speed>6.520000</Speed>
      </Extensions>
     </Trackpoint>
     <Trackpoint>
      <Time>2026-05-25T11:06:41Z</Time>
      <Position>
       <LatitudeDegrees>35.7040846</LatitudeDegrees>
       <LongitudeDegrees>139.7863879</LongitudeDegrees>
      </Position>
      <AltitudeMeters>5</AltitudeMeters>
      <DistanceMeters>200</DistanceMeters>
      <HeartRateBpm>
       <Value>117</Value>
      </HeartRateBpm>
      <Cadence>74</Cadence>
      <Extensions>
       <Speed>6.500000</Speed>
      </Extensions>
     </Trackpoint>
     <Trackpoint>
      <Time>2026-05-25T11:06:42Z</Time>
      <Position>
       <LatitudeDegrees>35.7040833</LatitudeDegrees>
       <LongitudeDegrees>139.7864064</LongitudeDegrees>
      </Position>
      <AltitudeMeters>5</AltitudeMeters>
      <DistanceMeters>202</DistanceMeters>
      <HeartRateBpm>
       <Value>117</Value>
      </HeartRateBpm>
      <Cadence>74</Cadence>
      <Extensions>
       <Speed>6.480000</Speed>
      </Extensions>
     </Trackpoint>
     <Trackpoint>
      <Time>2026-05-25T11:06:43Z</Time>
      <Position>
       <LatitudeDegrees>35.7040824</LatitudeDegrees>
       <LongitudeDegrees>139.7864243</LongitudeDegrees>
      </Position>
      <AltitudeMeters>5</AltitudeMeters>
      <DistanceMeters>203</DistanceMeters>
      <HeartRateBpm>
       <Value>117</Value>
      </HeartRateBpm>
      <Cadence>74</Cadence>
      <Extensions>
       <Speed>6.470000</Speed>
      </Extensions>
     </Trackpoint>
     <Trackpoint>
      <Time>2026-05-25T11:06:44Z</Time>
      <Position>
       <LatitudeDegrees>35.7040816</LatitudeDegrees>
       <LongitudeDegrees>139.7864423</LongitudeDegrees>
      </Position>
      <AltitudeMeters>5</AltitudeMeters>
      <DistanceMeters>204</DistanceMeters>
      <HeartRateBpm>
       <Value>117</Value>
      </HeartRateBpm>
      <Cadence>74</Cadence>
      <Extensions>
       <Speed>6.460000</Speed>
      </Extensions>
     </Trackpoint>
     <Trackpoint>
      <Time>2026-05-25T11:06:45Z</Time>
      <Position>
       <LatitudeDegrees>35.7040816</LatitudeDegrees>
       <LongitudeDegrees>139.7864600</LongitudeDegrees>
      </Position>
      <AltitudeMeters>5</AltitudeMeters>
      <DistanceMeters>206</DistanceMeters>
      <HeartRateBpm>
       <Value>117</Value>
      </HeartRateBpm>
      <Cadence>74</Cadence>
      <Extensions>
       <Speed>6.450000</Speed>
      </Extensions>
     </Trackpoint>
     <Trackpoint>
      <Time>2026-05-25T11:06:46Z</Time>
      <Position>
       <LatitudeDegrees>35.7040817</LatitudeDegrees>
       <LongitudeDegrees>139.7864777</LongitudeDegrees>
      </Position>
      <AltitudeMeters>5</AltitudeMeters>
      <DistanceMeters>208</DistanceMeters>
      <HeartRateBpm>
       <Value>117</Value>
      </HeartRateBpm>
      <Cadence>74</Cadence>
      <Extensions>
       <Speed>6.430000</Speed>
      </Extensions>
     </Trackpoint>
     <Trackpoint>
      <Time>2026-05-25T11:06:47Z</Time>
      <Position>
       <LatitudeDegrees>35.7040840</LatitudeDegrees>
       <LongitudeDegrees>139.7864952</LongitudeDegrees>
      </Position>
      <AltitudeMeters>5</AltitudeMeters>
      <DistanceMeters>210</DistanceMeters>
      <HeartRateBpm>
       <Value>117</Value>
      </HeartRateBpm>
      <Cadence>74</Cadence>
      <Extensions>
       <Speed>6.420000</Speed>
      </Extensions>
     </Trackpoint>
     <Trackpoint>
      <Time>2026-05-25T11:06:48Z</Time>
      <Position>
       <LatitudeDegrees>35.7040864</LatitudeDegrees>
       <LongitudeDegrees>139.7865127</LongitudeDegrees>
      </Position>
      <AltitudeMeters>5</AltitudeMeters>
      <DistanceMeters>212</DistanceMeters>
      <HeartRateBpm>
       <Value>117</Value>
      </HeartRateBpm>
      <Cadence>74</Cadence>
      <Extensions>
       <Speed>6.400000</Speed>
      </Extensions>
     </Trackpoint>
     <Trackpoint>
      <Time>2026-05-25T11:06:49Z</Time>
      <Position>
       <LatitudeDegrees>35.7040884</LatitudeDegrees>
       <LongitudeDegrees>139.7865322</LongitudeDegrees>
      </Position>
      <AltitudeMeters>5</AltitudeMeters>
      <DistanceMeters>213</DistanceMeters>
      <HeartRateBpm>
       <Value>117</Value>
      </HeartRateBpm>
      <Cadence>74</Cadence>
      <Extensions>
       <Speed>6.390000</Speed>
      </Extensions>
     </Trackpoint>
     <Trackpoint>
      <Time>2026-05-25T11:06:50Z</Time>
      <Position>
       <LatitudeDegrees>35.7040904</LatitudeDegrees>
       <LongitudeDegrees>139.7865518</LongitudeDegrees>
      </Position>
      <AltitudeMeters>5</AltitudeMeters>
      <DistanceMeters>215</DistanceMeters>
      <HeartRateBpm>
       <Value>117</Value>
      </HeartRateBpm>
      <Cadence>74</Cadence>
      <Extensions>
       <Speed>6.370000</Speed>
      </Extensions>
     </Trackpoint>
     <Trackpoint>
      <Time>2026-05-25T11:06:51Z</Time>
      <Position>
       <LatitudeDegrees>35.7040899</LatitudeDegrees>
       <LongitudeDegrees>139.7865722</LongitudeDegrees>
      </Position>
      <AltitudeMeters>5</AltitudeMeters>
      <DistanceMeters>217</DistanceMeters>
      <HeartRateBpm>
       <Value>117</Value>
      </HeartRateBpm>
      <Cadence>74</Cadence>
      <Extensions>
       <Speed>6.350000</Speed>
      </Extensions>
     </Trackpoint>
     <Trackpoint>
      <Time>2026-05-25T11:06:52Z</Time>
      <Position>
       <LatitudeDegrees>35.7040894</LatitudeDegrees>
       <LongitudeDegrees>139.7865927</LongitudeDegrees>
      </Position>
      <AltitudeMeters>5</AltitudeMeters>
      <DistanceMeters>219</DistanceMeters>
      <HeartRateBpm>
       <Value>117</Value>
      </HeartRateBpm>
      <Cadence>74</Cadence>
      <Extensions>
       <Speed>6.340000</Speed>
      </Extensions>
     </Trackpoint>
     <Trackpoint>
      <Time>2026-05-25T11:06:53Z</Time>
      <Position>
       <LatitudeDegrees>35.7040868</LatitudeDegrees>
       <LongitudeDegrees>139.7866129</LongitudeDegrees>
      </Position>
      <AltitudeMeters>5</AltitudeMeters>
      <DistanceMeters>221</DistanceMeters>
      <HeartRateBpm>
       <Value>117</Value>
      </HeartRateBpm>
      <Cadence>75</Cadence>
      <Extensions>
       <Speed>6.340000</Speed>
      </Extensions>
     </Trackpoint>
     <Trackpoint>
      <Time>2026-05-25T11:06:54Z</Time>
      <Position>
       <LatitudeDegrees>35.7040842</LatitudeDegrees>
       <LongitudeDegrees>139.7866332</LongitudeDegrees>
      </Position>
      <AltitudeMeters>5</AltitudeMeters>
      <DistanceMeters>222</DistanceMeters>
      <HeartRateBpm>
       <Value>117</Value>
      </HeartRateBpm>
      <Cadence>75</Cadence>
      <Extensions>
       <Speed>6.330000</Speed>
      </Extensions>
     </Trackpoint>
     <Trackpoint>
      <Time>2026-05-25T11:06:55Z</Time>
      <Position>
       <LatitudeDegrees>35.7040823</LatitudeDegrees>
       <LongitudeDegrees>139.7866523</LongitudeDegrees>
      </Position>
      <AltitudeMeters>5</AltitudeMeters>
      <DistanceMeters>224</DistanceMeters>
      <HeartRateBpm>
       <Value>116</Value>
      </HeartRateBpm>
      <Cadence>75</Cadence>
      <Extensions>
       <Speed>6.330000</Speed>
      </Extensions>
     </Trackpoint>
     <Trackpoint>
      <Time>2026-05-25T11:06:56Z</Time>
      <Position>
       <LatitudeDegrees>35.7040805</LatitudeDegrees>
       <LongitudeDegrees>139.7866714</LongitudeDegrees>
      </Position>
      <AltitudeMeters>5</AltitudeMeters>
      <DistanceMeters>226</DistanceMeters>
      <HeartRateBpm>
       <Value>116</Value>
      </HeartRateBpm>
      <Cadence>75</Cadence>
      <Extensions>
       <Speed>6.330000</Speed>
      </Extensions>
     </Trackpoint>
     <Trackpoint>
      <Time>2026-05-25T11:06:57Z</Time>
      <Position>
       <LatitudeDegrees>35.7040759</LatitudeDegrees>
       <LongitudeDegrees>139.7866856</LongitudeDegrees>
      </Position>
      <AltitudeMeters>5</AltitudeMeters>
      <DistanceMeters>227</DistanceMeters>
      <HeartRateBpm>
       <Value>116</Value>
      </HeartRateBpm>
      <Cadence>75</Cadence>
      <Extensions>
       <Speed>6.330000</Speed>
      </Extensions>
     </Trackpoint>
     <Trackpoint>
      <Time>2026-05-25T11:06:58Z</Time>
      <Position>
       <LatitudeDegrees>35.7040714</LatitudeDegrees>
       <LongitudeDegrees>139.7866998</LongitudeDegrees>
      </Position>
      <AltitudeMeters>5</AltitudeMeters>
      <DistanceMeters>228</DistanceMeters>
      <HeartRateBpm>
       <Value>116</Value>
      </HeartRateBpm>
      <Cadence>75</Cadence>
      <Extensions>
       <Speed>6.330000</Speed>
      </Extensions>
     </Trackpoint>
     <Trackpoint>
      <Time>2026-05-25T11:06:59Z</Time>
      <Position>
       <LatitudeDegrees>35.7040596</LatitudeDegrees>
       <LongitudeDegrees>139.7867080</LongitudeDegrees>
      </Position>
      <AltitudeMeters>5</AltitudeMeters>
      <DistanceMeters>230</DistanceMeters>
      <HeartRateBpm>
       <Value>116</Value>
      </HeartRateBpm>
      <Cadence>75</Cadence>
      <Extensions>
       <Speed>6.330000</Speed>
      </Extensions>
     </Trackpoint>
     <Trackpoint>
      <Time>2026-05-25T11:07:00Z</Time>
      <Position>
       <LatitudeDegrees>35.7040479</LatitudeDegrees>
       <LongitudeDegrees>139.7867162</LongitudeDegrees>
      </Position>
      <AltitudeMeters>5</AltitudeMeters>
      <DistanceMeters>232</DistanceMeters>
      <HeartRateBpm>
       <Value>116</Value>
      </HeartRateBpm>
      <Cadence>74</Cadence>
      <Extensions>
       <Speed>6.310000</Speed>
      </Extensions>
     </Trackpoint>
     <Trackpoint>
      <Time>2026-05-25T11:07:01Z</Time>
      <Position>
       <LatitudeDegrees>35.7040314</LatitudeDegrees>
       <LongitudeDegrees>139.7867198</LongitudeDegrees>
      </Position>
      <AltitudeMeters>5</AltitudeMeters>
      <DistanceMeters>234</DistanceMeters>
      <HeartRateBpm>
       <Value>117</Value>
      </HeartRateBpm>
      <Cadence>74</Cadence>
      <Extensions>
       <Speed>6.300000</Speed>
      </Extensions>
     </Trackpoint>
     <Trackpoint>
      <Time>2026-05-25T11:07:02Z</Time>
      <Position>
       <LatitudeDegrees>35.7040149</LatitudeDegrees>
       <LongitudeDegrees>139.7867235</LongitudeDegrees>
      </Position>
      <AltitudeMeters>5</AltitudeMeters>
      <DistanceMeters>236</DistanceMeters>
      <HeartRateBpm>
       <Value>117</Value>
      </HeartRateBpm>
      <Cadence>74</Cadence>
      <Extensions>
       <Speed>6.280000</Speed>
      </Extensions>
     </Trackpoint>
     <Trackpoint>
      <Time>2026-05-25T11:07:03Z</Time>
      <Position>
       <LatitudeDegrees>35.7039964</LatitudeDegrees>
       <LongitudeDegrees>139.7867254</LongitudeDegrees>
      </Position>
      <AltitudeMeters>5</AltitudeMeters>
      <DistanceMeters>238</DistanceMeters>
      <HeartRateBpm>
       <Value>117</Value>
      </HeartRateBpm>
      <Cadence>74</Cadence>
      <Extensions>
       <Speed>6.270000</Speed>
      </Extensions>
     </Trackpoint>
     <Trackpoint>
      <Time>2026-05-25T11:07:04Z</Time>
      <Position>
       <LatitudeDegrees>35.7039780</LatitudeDegrees>
       <LongitudeDegrees>139.7867274</LongitudeDegrees>
      </Position>
      <AltitudeMeters>5</AltitudeMeters>
      <DistanceMeters>240</DistanceMeters>
      <HeartRateBpm>
       <Value>117</Value>
      </HeartRateBpm>
      <Cadence>74</Cadence>
      <Extensions>
       <Speed>6.260000</Speed>
      </Extensions>
     </Trackpoint>
     <Trackpoint>
      <Time>2026-05-25T11:07:05Z</Time>
      <Position>
       <LatitudeDegrees>35.7039587</LatitudeDegrees>
       <LongitudeDegrees>139.7867273</LongitudeDegrees>
      </Position>
      <AltitudeMeters>5</AltitudeMeters>
      <DistanceMeters>242</DistanceMeters>
      <HeartRateBpm>
       <Value>117</Value>
      </HeartRateBpm>
      <Cadence>74</Cadence>
      <Extensions>
       <Speed>6.260000</Speed>
      </Extensions>
     </Trackpoint>
     <Trackpoint>
      <Time>2026-05-25T11:07:06Z</Time>
      <Position>
       <LatitudeDegrees>35.7039394</LatitudeDegrees>
       <LongitudeDegrees>139.7867272</LongitudeDegrees>
      </Position>
      <AltitudeMeters>5</AltitudeMeters>
      <DistanceMeters>244</DistanceMeters>
      <HeartRateBpm>
       <Value>117</Value>
      </HeartRateBpm>
      <Cadence>74</Cadence>
      <Extensions>
       <Speed>6.260000</Speed>
      </Extensions>
     </Trackpoint>
     <Trackpoint>
      <Time>2026-05-25T11:07:07Z</Time>
      <Position>
       <LatitudeDegrees>35.7039210</LatitudeDegrees>
       <LongitudeDegrees>139.7867267</LongitudeDegrees>
      </Position>
      <AltitudeMeters>5</AltitudeMeters>
      <DistanceMeters>247</DistanceMeters>
      <HeartRateBpm>
       <Value>117</Value>
      </HeartRateBpm>
      <Cadence>74</Cadence>
      <Extensions>
       <Speed>6.270000</Speed>
      </Extensions>
     </Trackpoint>
     <Trackpoint>
      <Time>2026-05-25T11:07:08Z</Time>
      <Position>
       <LatitudeDegrees>35.7039027</LatitudeDegrees>
       <LongitudeDegrees>139.7867262</LongitudeDegrees>
      </Position>
      <AltitudeMeters>5</AltitudeMeters>
      <DistanceMeters>248</DistanceMeters>
      <HeartRateBpm>
       <Value>117</Value>
      </HeartRateBpm>
      <Cadence>74</Cadence>
      <Extensions>
       <Speed>6.290000</Speed>
      </Extensions>
     </Trackpoint>
     <Trackpoint>
      <Time>2026-05-25T11:07:09Z</Time>
      <Position>
       <LatitudeDegrees>35.7038864</LatitudeDegrees>
       <LongitudeDegrees>139.7867283</LongitudeDegrees>
      </Position>
      <AltitudeMeters>5</AltitudeMeters>
      <DistanceMeters>250</DistanceMeters>
      <HeartRateBpm>
       <Value>117</Value>
      </HeartRateBpm>
      <Cadence>74</Cadence>
      <Extensions>
       <Speed>6.310000</Speed>
      </Extensions>
     </Trackpoint>
     <Trackpoint>
      <Time>2026-05-25T11:07:10Z</Time>
      <Position>
       <LatitudeDegrees>35.7038702</LatitudeDegrees>
       <LongitudeDegrees>139.7867305</LongitudeDegrees>
      </Position>
      <AltitudeMeters>5</AltitudeMeters>
      <DistanceMeters>252</DistanceMeters>
      <HeartRateBpm>
       <Value>117</Value>
      </HeartRateBpm>
      <Cadence>74</Cadence>
      <Extensions>
       <Speed>6.320000</Speed>
      </Extensions>
     </Trackpoint>
     <Trackpoint>
      <Time>2026-05-25T11:07:11Z</Time>
      <Position>
       <LatitudeDegrees>35.7038558</LatitudeDegrees>
       <LongitudeDegrees>139.7867329</LongitudeDegrees>
      </Position>
      <AltitudeMeters>5</AltitudeMeters>
      <DistanceMeters>253</DistanceMeters>
      <HeartRateBpm>
       <Value>117</Value>
      </HeartRateBpm>
      <Cadence>74</Cadence>
      <Extensions>
       <Speed>6.340000</Speed>
      </Extensions>
     </Trackpoint>
     <Trackpoint>
      <Time>2026-05-25T11:07:12Z</Time>
      <Position>
       <LatitudeDegrees>35.7038415</LatitudeDegrees>
       <LongitudeDegrees>139.7867354</LongitudeDegrees>
      </Position>
      <AltitudeMeters>5</AltitudeMeters>
      <DistanceMeters>254</DistanceMeters>
      <HeartRateBpm>
       <Value>118</Value>
      </HeartRateBpm>
      <Cadence>74</Cadence>
      <Extensions>
       <Speed>6.340000</Speed>
      </Extensions>
     </Trackpoint>
     <Trackpoint>
      <Time>2026-05-25T11:07:13Z</Time>
      <Position>
       <LatitudeDegrees>35.7038268</LatitudeDegrees>
       <LongitudeDegrees>139.7867371</LongitudeDegrees>
      </Position>
      <AltitudeMeters>5</AltitudeMeters>
      <DistanceMeters>256</DistanceMeters>
      <HeartRateBpm>
       <Value>118</Value>
      </HeartRateBpm>
      <Cadence>74</Cadence>
      <Extensions>
       <Speed>6.350000</Speed>
      </Extensions>
     </Trackpoint>
     <Trackpoint>
      <Time>2026-05-25T11:07:14Z</Time>
      <Position>
       <LatitudeDegrees>35.7038122</LatitudeDegrees>
       <LongitudeDegrees>139.7867389</LongitudeDegrees>
      </Position>
      <AltitudeMeters>5</AltitudeMeters>
      <DistanceMeters>258</DistanceMeters>
      <HeartRateBpm>
       <Value>118</Value>
      </HeartRateBpm>
      <Cadence>74</Cadence>
      <Extensions>
       <Speed>6.350000</Speed>
      </Extensions>
     </Trackpoint>
     <Trackpoint>
      <Time>2026-05-25T11:07:15Z</Time>
      <Position>
       <LatitudeDegrees>35.7037970</LatitudeDegrees>
       <LongitudeDegrees>139.7867392</LongitudeDegrees>
      </Position>
      <AltitudeMeters>5</AltitudeMeters>
      <DistanceMeters>260</DistanceMeters>
      <HeartRateBpm>
       <Value>119</Value>
      </HeartRateBpm>
      <Cadence>74</Cadence>
      <Extensions>
       <Speed>6.350000</Speed>
      </Extensions>
     </Trackpoint>
     <Trackpoint>
      <Time>2026-05-25T11:07:16Z</Time>
      <Position>
       <LatitudeDegrees>35.7037819</LatitudeDegrees>
       <LongitudeDegrees>139.7867395</LongitudeDegrees>
      </Position>
      <AltitudeMeters>5</AltitudeMeters>
      <DistanceMeters>262</DistanceMeters>
      <HeartRateBpm>
       <Value>120</Value>
      </HeartRateBpm>
      <Cadence>74</Cadence>
      <Extensions>
       <Speed>6.340000</Speed>
      </Extensions>
     </Trackpoint>
     <Trackpoint>
      <Time>2026-05-25T11:07:17Z</Time>
      <Position>
       <LatitudeDegrees>35.7037662</LatitudeDegrees>
       <LongitudeDegrees>139.7867383</LongitudeDegrees>
      </Position>
      <AltitudeMeters>5</AltitudeMeters>
      <DistanceMeters>263</DistanceMeters>
      <HeartRateBpm>
       <Value>120</Value>
      </HeartRateBpm>
      <Cadence>74</Cadence>
      <Extensions>
       <Speed>6.340000</Speed>
      </Extensions>
     </Trackpoint>
     <Trackpoint>
      <Time>2026-05-25T11:07:18Z</Time>
      <Position>
       <LatitudeDegrees>35.7037506</LatitudeDegrees>
       <LongitudeDegrees>139.7867371</LongitudeDegrees>
      </Position>
      <AltitudeMeters>5</AltitudeMeters>
      <DistanceMeters>265</DistanceMeters>
      <HeartRateBpm>
       <Value>119</Value>
      </HeartRateBpm>
      <Cadence>74</Cadence>
      <Extensions>
       <Speed>6.330000</Speed>
      </Extensions>
     </Trackpoint>
     <Trackpoint>
      <Time>2026-05-25T11:07:19Z</Time>
      <Position>
       <LatitudeDegrees>35.7037361</LatitudeDegrees>
       <LongitudeDegrees>139.7867350</LongitudeDegrees>
      </Position>
      <AltitudeMeters>5</AltitudeMeters>
      <DistanceMeters>267</DistanceMeters>
      <HeartRateBpm>
       <Value>118</Value>
      </HeartRateBpm>
      <Cadence>74</Cadence>
      <Extensions>
       <Speed>6.330000</Speed>
      </Extensions>
     </Trackpoint>
     <Trackpoint>
      <Time>2026-05-25T11:07:20Z</Time>
      <Position>
       <LatitudeDegrees>35.7037216</LatitudeDegrees>
       <LongitudeDegrees>139.7867329</LongitudeDegrees>
      </Position>
      <AltitudeMeters>5</AltitudeMeters>
      <DistanceMeters>268</DistanceMeters>
      <HeartRateBpm>
       <Value>118</Value>
      </HeartRateBpm>
      <Cadence>74</Cadence>
      <Extensions>
       <Speed>6.330000</Speed>
      </Extensions>
     </Trackpoint>
     <Trackpoint>
      <Time>2026-05-25T11:07:21Z</Time>
      <Position>
       <LatitudeDegrees>35.7037071</LatitudeDegrees>
       <LongitudeDegrees>139.7867305</LongitudeDegrees>
      </Position>
      <AltitudeMeters>5</AltitudeMeters>
      <DistanceMeters>270</DistanceMeters>
      <HeartRateBpm>
       <Value>117</Value>
      </HeartRateBpm>
      <Cadence>74</Cadence>
      <Extensions>
       <Speed>6.330000</Speed>
      </Extensions>
     </Trackpoint>
     <Trackpoint>
      <Time>2026-05-25T11:07:22Z</Time>
      <Position>
       <LatitudeDegrees>35.7036927</LatitudeDegrees>
       <LongitudeDegrees>139.7867282</LongitudeDegrees>
      </Position>
      <AltitudeMeters>5</AltitudeMeters>
      <DistanceMeters>272</DistanceMeters>
      <HeartRateBpm>
       <Value>117</Value>
      </HeartRateBpm>
      <Cadence>74</Cadence>
      <Extensions>
       <Speed>6.320000</Speed>
      </Extensions>
     </Trackpoint>
     <Trackpoint>
      <Time>2026-05-25T11:07:23Z</Time>
      <Position>
       <LatitudeDegrees>35.7036778</LatitudeDegrees>
       <LongitudeDegrees>139.7867270</LongitudeDegrees>
      </Position>
      <AltitudeMeters>5</AltitudeMeters>
      <DistanceMeters>273</DistanceMeters>
      <HeartRateBpm>
       <Value>117</Value>
      </HeartRateBpm>
      <Cadence>74</Cadence>
      <Extensions>
       <Speed>6.320000</Speed>
      </Extensions>
     </Trackpoint>
     <Trackpoint>
      <Time>2026-05-25T11:07:24Z</Time>
      <Position>
       <LatitudeDegrees>35.7036630</LatitudeDegrees>
       <LongitudeDegrees>139.7867258</LongitudeDegrees>
      </Position>
      <AltitudeMeters>5</AltitudeMeters>
      <DistanceMeters>274</DistanceMeters>
      <HeartRateBpm>
       <Value>118</Value>
      </HeartRateBpm>
      <Cadence>74</Cadence>
      <Extensions>
       <Speed>6.310000</Speed>
      </Extensions>
     </Trackpoint>
     <Trackpoint>
      <Time>2026-05-25T11:07:25Z</Time>
      <Position>
       <LatitudeDegrees>35.7036487</LatitudeDegrees>
       <LongitudeDegrees>139.7867243</LongitudeDegrees>
      </Position>
      <AltitudeMeters>5</AltitudeMeters>
      <DistanceMeters>276</DistanceMeters>
      <HeartRateBpm>
       <Value>120</Value>
      </HeartRateBpm>
      <Cadence>74</Cadence>
      <Extensions>
       <Speed>6.310000</Speed>
      </Extensions>
     </Trackpoint>
     <Trackpoint>
      <Time>2026-05-25T11:07:26Z</Time>
      <Position>
       <LatitudeDegrees>35.7036345</LatitudeDegrees>
       <LongitudeDegrees>139.7867229</LongitudeDegrees>
      </Position>
      <AltitudeMeters>5</AltitudeMeters>
      <DistanceMeters>278</DistanceMeters>
      <HeartRateBpm>
       <Value>120</Value>
      </HeartRateBpm>
      <Cadence>74</Cadence>
      <Extensions>
       <Speed>6.300000</Speed>
      </Extensions>
     </Trackpoint>
     <Trackpoint>
      <Time>2026-05-25T11:07:27Z</Time>
      <Position>
       <LatitudeDegrees>35.7036203</LatitudeDegrees>
       <LongitudeDegrees>139.7867202</LongitudeDegrees>
      </Position>
      <AltitudeMeters>5</AltitudeMeters>
      <DistanceMeters>280</DistanceMeters>
      <HeartRateBpm>
       <Value>120</Value>
      </HeartRateBpm>
      <Cadence>74</Cadence>
      <Extensions>
       <Speed>6.290000</Speed>
      </Extensions>
     </Trackpoint>
     <Trackpoint>
      <Time>2026-05-25T11:07:28Z</Time>
      <Position>
       <LatitudeDegrees>35.7036062</LatitudeDegrees>
       <LongitudeDegrees>139.7867176</LongitudeDegrees>
      </Position>
      <AltitudeMeters>5</AltitudeMeters>
      <DistanceMeters>282</DistanceMeters>
      <HeartRateBpm>
       <Value>120</Value>
      </HeartRateBpm>
      <Cadence>74</Cadence>
      <Extensions>
       <Speed>6.280000</Speed>
      </Extensions>
     </Trackpoint>
     <Trackpoint>
      <Time>2026-05-25T11:07:29Z</Time>
      <Position>
       <LatitudeDegrees>35.7035911</LatitudeDegrees>
       <LongitudeDegrees>139.7867158</LongitudeDegrees>
      </Position>
      <AltitudeMeters>5</AltitudeMeters>
      <DistanceMeters>283</DistanceMeters>
      <HeartRateBpm>
       <Value>120</Value>
      </HeartRateBpm>
      <Cadence>74</Cadence>
      <Extensions>
       <Speed>6.280000</Speed>
      </Extensions>
     </Trackpoint>
     <Trackpoint>
      <Time>2026-05-25T11:07:30Z</Time>
      <Position>
       <LatitudeDegrees>35.7035761</LatitudeDegrees>
       <LongitudeDegrees>139.7867141</LongitudeDegrees>
      </Position>
      <AltitudeMeters>5</AltitudeMeters>
      <DistanceMeters>284</DistanceMeters>
      <HeartRateBpm>
       <Value>120</Value>
      </HeartRateBpm>
      <Cadence>74</Cadence>
      <Extensions>
       <Speed>6.270000</Speed>
      </Extensions>
     </Trackpoint>
     <Trackpoint>
      <Time>2026-05-25T11:07:31Z</Time>
      <Position>
       <LatitudeDegrees>35.7035600</LatitudeDegrees>
       <LongitudeDegrees>139.7867150</LongitudeDegrees>
      </Position>
      <AltitudeMeters>5</AltitudeMeters>
      <DistanceMeters>286</DistanceMeters>
      <HeartRateBpm>
       <Value>120</Value>
      </HeartRateBpm>
      <Cadence>74</Cadence>
      <Extensions>
       <Speed>6.270000</Speed>
      </Extensions>
     </Trackpoint>
     <Trackpoint>
      <Time>2026-05-25T11:07:32Z</Time>
      <Position>
       <LatitudeDegrees>35.7035440</LatitudeDegrees>
       <LongitudeDegrees>139.7867160</LongitudeDegrees>
      </Position>
      <AltitudeMeters>5</AltitudeMeters>
      <DistanceMeters>288</DistanceMeters>
      <HeartRateBpm>
       <Value>119</Value>
      </HeartRateBpm>
      <Cadence>74</Cadence>
      <Extensions>
       <Speed>6.260000</Speed>
      </Extensions>
     </Trackpoint>
     <Trackpoint>
      <Time>2026-05-25T11:07:33Z</Time>
      <Position>
       <LatitudeDegrees>35.7035277</LatitudeDegrees>
       <LongitudeDegrees>139.7867186</LongitudeDegrees>
      </Position>
      <AltitudeMeters>5</AltitudeMeters>
      <DistanceMeters>290</DistanceMeters>
      <HeartRateBpm>
       <Value>119</Value>
      </HeartRateBpm>
      <Cadence>74</Cadence>
      <Extensions>
       <Speed>6.260000</Speed>
      </Extensions>
     </Trackpoint>
     <Trackpoint>
      <Time>2026-05-25T11:07:34Z</Time>
      <Position>
       <LatitudeDegrees>35.7035114</LatitudeDegrees>
       <LongitudeDegrees>139.7867212</LongitudeDegrees>
      </Position>
      <AltitudeMeters>5</AltitudeMeters>
      <DistanceMeters>292</DistanceMeters>
      <HeartRateBpm>
       <Value>119</Value>
      </HeartRateBpm>
      <Cadence>74</Cadence>
      <Extensions>
       <Speed>6.250000</Speed>
      </Extensions>
     </Trackpoint>
     <Trackpoint>
      <Time>2026-05-25T11:07:35Z</Time>
      <Position>
       <LatitudeDegrees>35.7034948</LatitudeDegrees>
       <LongitudeDegrees>139.7867236</LongitudeDegrees>
      </Position>
      <AltitudeMeters>5</AltitudeMeters>
      <DistanceMeters>294</DistanceMeters>
      <HeartRateBpm>
       <Value>119</Value>
      </HeartRateBpm>
      <Cadence>75</Cadence>
      <Extensions>
       <Speed>6.250000</Speed>
      </Extensions>
     </Trackpoint>
     <Trackpoint>
      <Time>2026-05-25T11:07:36Z</Time>
      <Position>
       <LatitudeDegrees>35.7034782</LatitudeDegrees>
       <LongitudeDegrees>139.7867260</LongitudeDegrees>
      </Position>
      <AltitudeMeters>5</AltitudeMeters>
      <DistanceMeters>296</DistanceMeters>
      <HeartRateBpm>
       <Value>119</Value>
      </HeartRateBpm>
      <Cadence>75</Cadence>
      <Extensions>
       <Speed>6.240000</Speed>
      </Extensions>
     </Trackpoint>
     <Trackpoint>
      <Time>2026-05-25T11:07:37Z</Time>
      <Position>
       <LatitudeDegrees>35.7034625</LatitudeDegrees>
       <LongitudeDegrees>139.7867288</LongitudeDegrees>
      </Position>
      <AltitudeMeters>5</AltitudeMeters>
      <DistanceMeters>298</DistanceMeters>
      <HeartRateBpm>
       <Value>119</Value>
      </HeartRateBpm>
      <Cadence>75</Cadence>
      <Extensions>
       <Speed>6.240000</Speed>
      </Extensions>
     </Trackpoint>
     <Trackpoint>
      <Time>2026-05-25T11:07:38Z</Time>
      <Position>
       <LatitudeDegrees>35.7034468</LatitudeDegrees>
       <LongitudeDegrees>139.7867317</LongitudeDegrees>
      </Position>
      <AltitudeMeters>5</AltitudeMeters>
      <DistanceMeters>300</DistanceMeters>
      <HeartRateBpm>
       <Value>119</Value>
      </HeartRateBpm>
      <Cadence>75</Cadence>
      <Extensions>
       <Speed>6.240000</Speed>
      </Extensions>
     </Trackpoint>
     <Trackpoint>
      <Time>2026-05-25T11:07:39Z</Time>
      <Position>
       <LatitudeDegrees>35.7034313</LatitudeDegrees>
       <LongitudeDegrees>139.7867342</LongitudeDegrees>
      </Position>
      <AltitudeMeters>5</AltitudeMeters>
      <DistanceMeters>301</DistanceMeters>
      <HeartRateBpm>
       <Value>119</Value>
      </HeartRateBpm>
      <Cadence>75</Cadence>
      <Extensions>
       <Speed>6.250000</Speed>
      </Extensions>
     </Trackpoint>
     <Trackpoint>
      <Time>2026-05-25T11:07:40Z</Time>
      <Position>
       <LatitudeDegrees>35.7034159</LatitudeDegrees>
       <LongitudeDegrees>139.7867368</LongitudeDegrees>
      </Position>
      <AltitudeMeters>5</AltitudeMeters>
      <DistanceMeters>302</DistanceMeters>
      <HeartRateBpm>
       <Value>119</Value>
      </HeartRateBpm>
      <Cadence>74</Cadence>
      <Extensions>
       <Speed>6.250000</Speed>
      </Extensions>
     </Trackpoint>
     <Trackpoint>
      <Time>2026-05-25T11:07:41Z</Time>
      <Position>
       <LatitudeDegrees>35.7034015</LatitudeDegrees>
       <LongitudeDegrees>139.7867384</LongitudeDegrees>
      </Position>
      <AltitudeMeters>5</AltitudeMeters>
      <DistanceMeters>304</DistanceMeters>
      <HeartRateBpm>
       <Value>119</Value>
      </HeartRateBpm>
      <Cadence>74</Cadence>
      <Extensions>
       <Speed>6.260000</Speed>
      </Extensions>
     </Trackpoint>
     <Trackpoint>
      <Time>2026-05-25T11:07:42Z</Time>
      <Position>
       <LatitudeDegrees>35.7033871</LatitudeDegrees>
       <LongitudeDegrees>139.7867401</LongitudeDegrees>
      </Position>
      <AltitudeMeters>5</AltitudeMeters>
      <DistanceMeters>306</DistanceMeters>
      <HeartRateBpm>
       <Value>120</Value>
      </HeartRateBpm>
      <Cadence>74</Cadence>
      <Extensions>
       <Speed>6.260000</Speed>
      </Extensions>
     </Trackpoint>
     <Trackpoint>
      <Time>2026-05-25T11:07:43Z</Time>
      <Position>
       <LatitudeDegrees>35.7033724</LatitudeDegrees>
       <LongitudeDegrees>139.7867423</LongitudeDegrees>
      </Position>
      <AltitudeMeters>5</AltitudeMeters>
      <DistanceMeters>307</DistanceMeters>
      <HeartRateBpm>
       <Value>120</Value>
      </HeartRateBpm>
      <Cadence>74</Cadence>
      <Extensions>
       <Speed>6.270000</Speed>
      </Extensions>
     </Trackpoint>
     <Trackpoint>
      <Time>2026-05-25T11:07:44Z</Time>
      <Position>
       <LatitudeDegrees>35.7033577</LatitudeDegrees>
       <LongitudeDegrees>139.7867445</LongitudeDegrees>
      </Position>
      <AltitudeMeters>5</AltitudeMeters>
      <DistanceMeters>309</DistanceMeters>
      <HeartRateBpm>
       <Value>120</Value>
      </HeartRateBpm>
      <Cadence>74</Cadence>
      <Extensions>
       <Speed>6.270000</Speed>
      </Extensions>
     </Trackpoint>
     <Trackpoint>
      <Time>2026-05-25T11:07:45Z</Time>
      <Position>
       <LatitudeDegrees>35.7033431</LatitudeDegrees>
       <LongitudeDegrees>139.7867443</LongitudeDegrees>
      </Position>
      <AltitudeMeters>5</AltitudeMeters>
      <DistanceMeters>311</DistanceMeters>
      <HeartRateBpm>
       <Value>121</Value>
      </HeartRateBpm>
      <Cadence>74</Cadence>
      <Extensions>
       <Speed>6.270000</Speed>
      </Extensions>
     </Trackpoint>
     <Trackpoint>
      <Time>2026-05-25T11:07:46Z</Time>
      <Position>
       <LatitudeDegrees>35.7033286</LatitudeDegrees>
       <LongitudeDegrees>139.7867442</LongitudeDegrees>
      </Position>
      <AltitudeMeters>5</AltitudeMeters>
      <DistanceMeters>312</DistanceMeters>
      <HeartRateBpm>
       <Value>120</Value>
      </HeartRateBpm>
      <Cadence>74</Cadence>
      <Extensions>
       <Speed>6.270000</Speed>
      </Extensions>
     </Trackpoint>
     <Trackpoint>
      <Time>2026-05-25T11:07:47Z</Time>
      <Position>
       <LatitudeDegrees>35.7033148</LatitudeDegrees>
       <LongitudeDegrees>139.7867400</LongitudeDegrees>
      </Position>
      <AltitudeMeters>5</AltitudeMeters>
      <DistanceMeters>314</DistanceMeters>
      <HeartRateBpm>
       <Value>120</Value>
      </HeartRateBpm>
      <Cadence>74</Cadence>
      <Extensions>
       <Speed>6.280000</Speed>
      </Extensions>
     </Trackpoint>
     <Trackpoint>
      <Time>2026-05-25T11:07:48Z</Time>
      <Position>
       <LatitudeDegrees>35.7033010</LatitudeDegrees>
       <LongitudeDegrees>139.7867358</LongitudeDegrees>
      </Position>
      <AltitudeMeters>5</AltitudeMeters>
      <DistanceMeters>316</DistanceMeters>
      <HeartRateBpm>
       <Value>119</Value>
      </HeartRateBpm>
      <Cadence>74</Cadence>
      <Extensions>
       <Speed>6.270000</Speed>
      </Extensions>
     </Trackpoint>
     <Trackpoint>
      <Time>2026-05-25T11:07:49Z</Time>
      <Position>
       <LatitudeDegrees>35.7032875</LatitudeDegrees>
       <LongitudeDegrees>139.7867299</LongitudeDegrees>
      </Position>
      <AltitudeMeters>4</AltitudeMeters>
      <DistanceMeters>317</DistanceMeters>
      <HeartRateBpm>
       <Value>119</Value>
      </HeartRateBpm>
      <Cadence>75</Cadence>
      <Extensions>
       <Speed>6.270000</Speed>
      </Extensions>
     </Trackpoint>
     <Trackpoint>
      <Time>2026-05-25T11:07:50Z</Time>
      <Position>
       <LatitudeDegrees>35.7032740</LatitudeDegrees>
       <LongitudeDegrees>139.7867240</LongitudeDegrees>
      </Position>
      <AltitudeMeters>4</AltitudeMeters>
      <DistanceMeters>318</DistanceMeters>
      <HeartRateBpm>
       <Value>118</Value>
      </HeartRateBpm>
      <Cadence>75</Cadence>
      <Extensions>
       <Speed>6.260000</Speed>
      </Extensions>
     </Trackpoint>
     <Trackpoint>
      <Time>2026-05-25T11:07:51Z</Time>
      <Position>
       <LatitudeDegrees>35.7032601</LatitudeDegrees>
       <LongitudeDegrees>139.7867198</LongitudeDegrees>
      </Position>
      <AltitudeMeters>4</AltitudeMeters>
      <DistanceMeters>320</DistanceMeters>
      <HeartRateBpm>
       <Value>118</Value>
      </HeartRateBpm>
      <Cadence>75</Cadence>
      <Extensions>
       <Speed>6.260000</Speed>
      </Extensions>
     </Trackpoint>
     <Trackpoint>
      <Time>2026-05-25T11:07:52Z</Time>
      <Position>
       <LatitudeDegrees>35.7032463</LatitudeDegrees>
       <LongitudeDegrees>139.7867156</LongitudeDegrees>
      </Position>
      <AltitudeMeters>4</AltitudeMeters>
      <DistanceMeters>322</DistanceMeters>
      <HeartRateBpm>
       <Value>118</Value>
      </HeartRateBpm>
      <Cadence>75</Cadence>
      <Extensions>
       <Speed>6.250000</Speed>
      </Extensions>
     </Trackpoint>
     <Trackpoint>
      <Time>2026-05-25T11:07:53Z</Time>
      <Position>
       <LatitudeDegrees>35.7032317</LatitudeDegrees>
       <LongitudeDegrees>139.7867143</LongitudeDegrees>
      </Position>
      <AltitudeMeters>4</AltitudeMeters>
      <DistanceMeters>323</DistanceMeters>
      <HeartRateBpm>
       <Value>118</Value>
      </HeartRateBpm>
      <Cadence>75</Cadence>
      <Extensions>
       <Speed>6.250000</Speed>
      </Extensions>
     </Trackpoint>
     <Trackpoint>
      <Time>2026-05-25T11:07:54Z</Time>
      <Position>
       <LatitudeDegrees>35.7032171</LatitudeDegrees>
       <LongitudeDegrees>139.7867131</LongitudeDegrees>
      </Position>
      <AltitudeMeters>4</AltitudeMeters>
      <DistanceMeters>325</DistanceMeters>
      <HeartRateBpm>
       <Value>118</Value>
      </HeartRateBpm>
      <Cadence>75</Cadence>
      <Extensions>
       <Speed>6.240000</Speed>
      </Extensions>
     </Trackpoint>
     <Trackpoint>
      <Time>2026-05-25T11:07:55Z</Time>
      <Position>
       <LatitudeDegrees>35.7032022</LatitudeDegrees>
       <LongitudeDegrees>139.7867146</LongitudeDegrees>
      </Position>
      <AltitudeMeters>4</AltitudeMeters>
      <DistanceMeters>327</DistanceMeters>
      <HeartRateBpm>
       <Value>118</Value>
      </HeartRateBpm>
      <Cadence>75</Cadence>
      <Extensions>
       <Speed>6.230000</Speed>
      </Extensions>
     </Trackpoint>
     <Trackpoint>
      <Time>2026-05-25T11:07:56Z</Time>
      <Position>
       <LatitudeDegrees>35.7031873</LatitudeDegrees>
       <LongitudeDegrees>139.7867162</LongitudeDegrees>
      </Position>
      <AltitudeMeters>4</AltitudeMeters>
      <DistanceMeters>328</DistanceMeters>
      <HeartRateBpm>
       <Value>118</Value>
      </HeartRateBpm>
      <Cadence>75</Cadence>
      <Extensions>
       <Speed>6.220000</Speed>
      </Extensions>
     </Trackpoint>
     <Trackpoint>
      <Time>2026-05-25T11:07:57Z</Time>
      <Position>
       <LatitudeDegrees>35.7031747</LatitudeDegrees>
       <LongitudeDegrees>139.7867191</LongitudeDegrees>
      </Position>
      <AltitudeMeters>4</AltitudeMeters>
      <DistanceMeters>330</DistanceMeters>
      <HeartRateBpm>
       <Value>118</Value>
      </HeartRateBpm>
      <Cadence>75</Cadence>
      <Extensions>
       <Speed>6.220000</Speed>
      </Extensions>
     </Trackpoint>
     <Trackpoint>
      <Time>2026-05-25T11:07:58Z</Time>
      <Position>
       <LatitudeDegrees>35.7031621</LatitudeDegrees>
       <LongitudeDegrees>139.7867220</LongitudeDegrees>
      </Position>
      <AltitudeMeters>4</AltitudeMeters>
      <DistanceMeters>331</DistanceMeters>
      <HeartRateBpm>
       <Value>117</Value>
      </HeartRateBpm>
      <Cadence>74</Cadence>
      <Extensions>
       <Speed>6.210000</Speed>
      </Extensions>
     </Trackpoint>
     <Trackpoint>
      <Time>2026-05-25T11:07:59Z</Time>
      <Position>
       <LatitudeDegrees>35.7031493</LatitudeDegrees>
       <LongitudeDegrees>139.7867237</LongitudeDegrees>
      </Position>
      <AltitudeMeters>4</AltitudeMeters>
      <DistanceMeters>332</DistanceMeters>
      <HeartRateBpm>
       <Value>117</Value>
      </HeartRateBpm>
      <Cadence>74</Cadence>
      <Extensions>
       <Speed>6.210000</Speed>
      </Extensions>
     </Trackpoint>
     <Trackpoint>
      <Time>2026-05-25T11:08:00Z</Time>
      <Position>
       <LatitudeDegrees>35.7031366</LatitudeDegrees>
       <LongitudeDegrees>139.7867255</LongitudeDegrees>
      </Position>
      <AltitudeMeters>4</AltitudeMeters>
      <DistanceMeters>334</DistanceMeters>
      <HeartRateBpm>
       <Value>117</Value>
      </HeartRateBpm>
      <Cadence>74</Cadence>
      <Extensions>
       <Speed>6.180000</Speed>
      </Extensions>
     </Trackpoint>
     <Trackpoint>
      <Time>2026-05-25T11:08:01Z</Time>
      <Position>
       <LatitudeDegrees>35.7031226</LatitudeDegrees>
       <LongitudeDegrees>139.7867236</LongitudeDegrees>
      </Position>
      <AltitudeMeters>4</AltitudeMeters>
      <DistanceMeters>335</DistanceMeters>
      <HeartRateBpm>
       <Value>118</Value>
      </HeartRateBpm>
      <Cadence>74</Cadence>
      <Extensions>
       <Speed>6.160000</Speed>
      </Extensions>
     </Trackpoint>
     <Trackpoint>
      <Time>2026-05-25T11:08:02Z</Time>
      <Position>
       <LatitudeDegrees>35.7031087</LatitudeDegrees>
       <LongitudeDegrees>139.7867217</LongitudeDegrees>
      </Position>
      <AltitudeMeters>4</AltitudeMeters>
      <DistanceMeters>337</DistanceMeters>
      <HeartRateBpm>
       <Value>117</Value>
      </HeartRateBpm>
      <Cadence>73</Cadence>
      <Extensions>
       <Speed>6.130000</Speed>
      </Extensions>
     </Trackpoint>
     <Trackpoint>
      <Time>2026-05-25T11:08:03Z</Time>
      <Position>
       <LatitudeDegrees>35.7030933</LatitudeDegrees>
       <LongitudeDegrees>139.7867200</LongitudeDegrees>
      </Position>
      <AltitudeMeters>4</AltitudeMeters>
      <DistanceMeters>339</DistanceMeters>
      <HeartRateBpm>
       <Value>117</Value>
      </HeartRateBpm>
      <Cadence>73</Cadence>
      <Extensions>
       <Speed>6.110000</Speed>
      </Extensions>
     </Trackpoint>
     <Trackpoint>
      <Time>2026-05-25T11:08:04Z</Time>
      <Position>
       <LatitudeDegrees>35.7030780</LatitudeDegrees>
       <LongitudeDegrees>139.7867184</LongitudeDegrees>
      </Position>
      <AltitudeMeters>4</AltitudeMeters>
      <DistanceMeters>340</DistanceMeters>
      <HeartRateBpm>
       <Value>117</Value>
      </HeartRateBpm>
      <Cadence>73</Cadence>
      <Extensions>
       <Speed>6.100000</Speed>
      </Extensions>
     </Trackpoint>
     <Trackpoint>
      <Time>2026-05-25T11:08:05Z</Time>
      <Position>
       <LatitudeDegrees>35.7030632</LatitudeDegrees>
       <LongitudeDegrees>139.7867187</LongitudeDegrees>
      </Position>
      <AltitudeMeters>4</AltitudeMeters>
      <DistanceMeters>342</DistanceMeters>
      <HeartRateBpm>
       <Value>116</Value>
      </HeartRateBpm>
      <Cadence>73</Cadence>
      <Extensions>
       <Speed>6.090000</Speed>
      </Extensions>
     </Trackpoint>
     <Trackpoint>
      <Time>2026-05-25T11:08:06Z</Time>
      <Position>
       <LatitudeDegrees>35.7030485</LatitudeDegrees>
       <LongitudeDegrees>139.7867190</LongitudeDegrees>
      </Position>
      <AltitudeMeters>4</AltitudeMeters>
      <DistanceMeters>344</DistanceMeters>
      <HeartRateBpm>
       <Value>116</Value>
      </HeartRateBpm>
      <Cadence>73</Cadence>
      <Extensions>
       <Speed>6.090000</Speed>
      </Extensions>
     </Trackpoint>
     <Trackpoint>
      <Time>2026-05-25T11:08:07Z</Time>
      <Position>
       <LatitudeDegrees>35.7030361</LatitudeDegrees>
       <LongitudeDegrees>139.7867221</LongitudeDegrees>
      </Position>
      <AltitudeMeters>4</AltitudeMeters>
      <DistanceMeters>345</DistanceMeters>
      <HeartRateBpm>
       <Value>115</Value>
      </HeartRateBpm>
      <Cadence>73</Cadence>
      <Extensions>
       <Speed>6.100000</Speed>
      </Extensions>
     </Trackpoint>
     <Trackpoint>
      <Time>2026-05-25T11:08:08Z</Time>
      <Position>
       <LatitudeDegrees>35.7030238</LatitudeDegrees>
       <LongitudeDegrees>139.7867253</LongitudeDegrees>
      </Position>
      <AltitudeMeters>4</AltitudeMeters>
      <DistanceMeters>346</DistanceMeters>
      <HeartRateBpm>
       <Value>114</Value>
      </HeartRateBpm>
      <Cadence>73</Cadence>
      <Extensions>
       <Speed>6.100000</Speed>
      </Extensions>
     </Trackpoint>
     <Trackpoint>
      <Time>2026-05-25T11:08:09Z</Time>
      <Position>
       <LatitudeDegrees>35.7030142</LatitudeDegrees>
       <LongitudeDegrees>139.7867316</LongitudeDegrees>
      </Position>
      <AltitudeMeters>4</AltitudeMeters>
      <DistanceMeters>348</DistanceMeters>
      <HeartRateBpm>
       <Value>114</Value>
      </HeartRateBpm>
      <Cadence>73</Cadence>
      <Extensions>
       <Speed>6.100000</Speed>
      </Extensions>
     </Trackpoint>
     <Trackpoint>
      <Time>2026-05-25T11:08:10Z</Time>
      <Position>
       <LatitudeDegrees>35.7030047</LatitudeDegrees>
       <LongitudeDegrees>139.7867380</LongitudeDegrees>
      </Position>
      <AltitudeMeters>4</AltitudeMeters>
      <DistanceMeters>349</DistanceMeters>
      <HeartRateBpm>
       <Value>113</Value>
      </HeartRateBpm>
      <Cadence>73</Cadence>
      <Extensions>
       <Speed>6.090000</Speed>
      </Extensions>
     </Trackpoint>
     <Trackpoint>
      <Time>2026-05-25T11:08:11Z</Time>
      <Position>
       <LatitudeDegrees>35.7029995</LatitudeDegrees>
       <LongitudeDegrees>139.7867478</LongitudeDegrees>
      </Position>
      <AltitudeMeters>4</AltitudeMeters>
      <DistanceMeters>350</DistanceMeters>
      <HeartRateBpm>
       <Value>112</Value>
      </HeartRateBpm>
      <Cadence>74</Cadence>
      <Extensions>
       <Speed>6.080000</Speed>
      </Extensions>
     </Trackpoint>
     <Trackpoint>
      <Time>2026-05-25T11:08:12Z</Time>
      <Position>
       <LatitudeDegrees>35.7029943</LatitudeDegrees>
       <LongitudeDegrees>139.7867576</LongitudeDegrees>
      </Position>
      <AltitudeMeters>4</AltitudeMeters>
      <DistanceMeters>351</DistanceMeters>
      <HeartRateBpm>
       <Value>112</Value>
      </HeartRateBpm>
      <Cadence>74</Cadence>
      <Extensions>
       <Speed>6.070000</Speed>
      </Extensions>
     </Trackpoint>
     <Trackpoint>
      <Time>2026-05-25T11:08:13Z</Time>
      <Position>
       <LatitudeDegrees>35.7029929</LatitudeDegrees>
       <LongitudeDegrees>139.7867713</LongitudeDegrees>
      </Position>
      <AltitudeMeters>5</AltitudeMeters>
      <DistanceMeters>352</DistanceMeters>
      <HeartRateBpm>
       <Value>112</Value>
      </HeartRateBpm>
      <Cadence>74</Cadence>
      <Extensions>
       <Speed>6.060000</Speed>
      </Extensions>
     </Trackpoint>
     <Trackpoint>
      <Time>2026-05-25T11:08:14Z</Time>
      <Position>
       <LatitudeDegrees>35.7029915</LatitudeDegrees>
       <LongitudeDegrees>139.7867851</LongitudeDegrees>
      </Position>
      <AltitudeMeters>5</AltitudeMeters>
      <DistanceMeters>354</DistanceMeters>
      <HeartRateBpm>
       <Value>112</Value>
      </HeartRateBpm>
      <Cadence>74</Cadence>
      <Extensions>
       <Speed>6.050000</Speed>
      </Extensions>
     </Trackpoint>
     <Trackpoint>
      <Time>2026-05-25T11:08:15Z</Time>
      <Position>
       <LatitudeDegrees>35.7029896</LatitudeDegrees>
       <LongitudeDegrees>139.7868015</LongitudeDegrees>
      </Position>
      <AltitudeMeters>5</AltitudeMeters>
      <DistanceMeters>355</DistanceMeters>
      <HeartRateBpm>
       <Value>111</Value>
      </HeartRateBpm>
      <Cadence>74</Cadence>
      <Extensions>
       <Speed>6.040000</Speed>
      </Extensions>
     </Trackpoint>
     <Trackpoint>
      <Time>2026-05-25T11:08:16Z</Time>
      <Position>
       <LatitudeDegrees>35.7029878</LatitudeDegrees>
       <LongitudeDegrees>139.7868180</LongitudeDegrees>
      </Position>
      <AltitudeMeters>5</AltitudeMeters>
      <DistanceMeters>357</DistanceMeters>
      <HeartRateBpm>
       <Value>112</Value>
      </HeartRateBpm>
      <Cadence>74</Cadence>
      <Extensions>
       <Speed>6.030000</Speed>
      </Extensions>
     </Trackpoint>
     <Trackpoint>
      <Time>2026-05-25T11:08:17Z</Time>
      <Position>
       <LatitudeDegrees>35.7029850</LatitudeDegrees>
       <LongitudeDegrees>139.7868368</LongitudeDegrees>
      </Position>
      <AltitudeMeters>5</AltitudeMeters>
      <DistanceMeters>359</DistanceMeters>
      <HeartRateBpm>
       <Value>113</Value>
      </HeartRateBpm>
      <Cadence>74</Cadence>
      <Extensions>
       <Speed>6.020000</Speed>
      </Extensions>
     </Trackpoint>
     <Trackpoint>
      <Time>2026-05-25T11:08:18Z</Time>
      <Position>
       <LatitudeDegrees>35.7029823</LatitudeDegrees>
       <LongitudeDegrees>139.7868557</LongitudeDegrees>
      </Position>
      <AltitudeMeters>5</AltitudeMeters>
      <DistanceMeters>360</DistanceMeters>
      <HeartRateBpm>
       <Value>114</Value>
      </HeartRateBpm>
      <Cadence>74</Cadence>
      <Extensions>
       <Speed>6.010000</Speed>
      </Extensions>
     </Trackpoint>
     <Trackpoint>
      <Time>2026-05-25T11:08:19Z</Time>
      <Position>
       <LatitudeDegrees>35.7029815</LatitudeDegrees>
       <LongitudeDegrees>139.7868758</LongitudeDegrees>
      </Position>
      <AltitudeMeters>5</AltitudeMeters>
      <DistanceMeters>362</DistanceMeters>
      <HeartRateBpm>
       <Value>115</Value>
      </HeartRateBpm>
      <Cadence>74</Cadence>
      <Extensions>
       <Speed>6.010000</Speed>
      </Extensions>
     </Trackpoint>
     <Trackpoint>
      <Time>2026-05-25T11:08:20Z</Time>
      <Position>
       <LatitudeDegrees>35.7029808</LatitudeDegrees>
       <LongitudeDegrees>139.7868959</LongitudeDegrees>
      </Position>
      <AltitudeMeters>5</AltitudeMeters>
      <DistanceMeters>364</DistanceMeters>
      <HeartRateBpm>
       <Value>116</Value>
      </HeartRateBpm>
      <Cadence>74</Cadence>
      <Extensions>
       <Speed>6.010000</Speed>
      </Extensions>
     </Trackpoint>
     <Trackpoint>
      <Time>2026-05-25T11:08:21Z</Time>
      <Position>
       <LatitudeDegrees>35.7029812</LatitudeDegrees>
       <LongitudeDegrees>139.7869153</LongitudeDegrees>
      </Position>
      <AltitudeMeters>5</AltitudeMeters>
      <DistanceMeters>366</DistanceMeters>
      <HeartRateBpm>
       <Value>116</Value>
      </HeartRateBpm>
      <Cadence>74</Cadence>
      <Extensions>
       <Speed>6.010000</Speed>
      </Extensions>
     </Trackpoint>
     <Trackpoint>
      <Time>2026-05-25T11:08:22Z</Time>
      <Position>
       <LatitudeDegrees>35.7029817</LatitudeDegrees>
       <LongitudeDegrees>139.7869347</LongitudeDegrees>
      </Position>
      <AltitudeMeters>5</AltitudeMeters>
      <DistanceMeters>368</DistanceMeters>
      <HeartRateBpm>
       <Value>117</Value>
      </HeartRateBpm>
      <Cadence>74</Cadence>
      <Extensions>
       <Speed>6.020000</Speed>
      </Extensions>
     </Trackpoint>
     <Trackpoint>
      <Time>2026-05-25T11:08:23Z</Time>
      <Position>
       <LatitudeDegrees>35.7029818</LatitudeDegrees>
       <LongitudeDegrees>139.7869544</LongitudeDegrees>
      </Position>
      <AltitudeMeters>5</AltitudeMeters>
      <DistanceMeters>369</DistanceMeters>
      <HeartRateBpm>
       <Value>117</Value>
      </HeartRateBpm>
      <Cadence>74</Cadence>
      <Extensions>
       <Speed>6.030000</Speed>
      </Extensions>
     </Trackpoint>
     <Trackpoint>
      <Time>2026-05-25T11:08:24Z</Time>
      <Position>
       <LatitudeDegrees>35.7029820</LatitudeDegrees>
       <LongitudeDegrees>139.7869741</LongitudeDegrees>
      </Position>
      <AltitudeMeters>4</AltitudeMeters>
      <DistanceMeters>371</DistanceMeters>
      <HeartRateBpm>
       <Value>118</Value>
      </HeartRateBpm>
      <Cadence>74</Cadence>
      <Extensions>
       <Speed>6.040000</Speed>
      </Extensions>
     </Trackpoint>
     <Trackpoint>
      <Time>2026-05-25T11:08:25Z</Time>
      <Position>
       <LatitudeDegrees>35.7029802</LatitudeDegrees>
       <LongitudeDegrees>139.7869931</LongitudeDegrees>
      </Position>
      <AltitudeMeters>4</AltitudeMeters>
      <DistanceMeters>373</DistanceMeters>
      <HeartRateBpm>
       <Value>118</Value>
      </HeartRateBpm>
      <Cadence>74</Cadence>
      <Extensions>
       <Speed>6.050000</Speed>
      </Extensions>
     </Trackpoint>
     <Trackpoint>
      <Time>2026-05-25T11:08:26Z</Time>
      <Position>
       <LatitudeDegrees>35.7029785</LatitudeDegrees>
       <LongitudeDegrees>139.7870122</LongitudeDegrees>
      </Position>
      <AltitudeMeters>4</AltitudeMeters>
      <DistanceMeters>374</DistanceMeters>
      <HeartRateBpm>
       <Value>118</Value>
      </HeartRateBpm>
      <Cadence>74</Cadence>
      <Extensions>
       <Speed>6.060000</Speed>
      </Extensions>
     </Trackpoint>
     <Trackpoint>
      <Time>2026-05-25T11:08:27Z</Time>
      <Position>
       <LatitudeDegrees>35.7029752</LatitudeDegrees>
       <LongitudeDegrees>139.7870298</LongitudeDegrees>
      </Position>
      <AltitudeMeters>4</AltitudeMeters>
      <DistanceMeters>376</DistanceMeters>
      <HeartRateBpm>
       <Value>118</Value>
      </HeartRateBpm>
      <Cadence>74</Cadence>
      <Extensions>
       <Speed>6.070000</Speed>
      </Extensions>
     </Trackpoint>
     <Trackpoint>
      <Time>2026-05-25T11:08:28Z</Time>
      <Position>
       <LatitudeDegrees>35.7029719</LatitudeDegrees>
       <LongitudeDegrees>139.7870475</LongitudeDegrees>
      </Position>
      <AltitudeMeters>4</AltitudeMeters>
      <DistanceMeters>378</DistanceMeters>
      <HeartRateBpm>
       <Value>119</Value>
      </HeartRateBpm>
      <Cadence>74</Cadence>
      <Extensions>
       <Speed>6.090000</Speed>
      </Extensions>
     </Trackpoint>
     <Trackpoint>
      <Time>2026-05-25T11:08:29Z</Time>
      <Position>
       <LatitudeDegrees>35.7029691</LatitudeDegrees>
       <LongitudeDegrees>139.7870661</LongitudeDegrees>
      </Position>
      <AltitudeMeters>4</AltitudeMeters>
      <DistanceMeters>379</DistanceMeters>
      <HeartRateBpm>
       <Value>119</Value>
      </HeartRateBpm>
      <Cadence>74</Cadence>
      <Extensions>
       <Speed>6.120000</Speed>
      </Extensions>
     </Trackpoint>
     <Trackpoint>
      <Time>2026-05-25T11:08:30Z</Time>
      <Position>
       <LatitudeDegrees>35.7029663</LatitudeDegrees>
       <LongitudeDegrees>139.7870848</LongitudeDegrees>
      </Position>
      <AltitudeMeters>4</AltitudeMeters>
      <DistanceMeters>381</DistanceMeters>
      <HeartRateBpm>
       <Value>120</Value>
      </HeartRateBpm>
      <Cadence>74</Cadence>
      <Extensions>
       <Speed>6.130000</Speed>
      </Extensions>
     </Trackpoint>
     <Trackpoint>
      <Time>2026-05-25T11:08:31Z</Time>
      <Position>
       <LatitudeDegrees>35.7029649</LatitudeDegrees>
       <LongitudeDegrees>139.7871043</LongitudeDegrees>
      </Position>
      <AltitudeMeters>4</AltitudeMeters>
      <DistanceMeters>383</DistanceMeters>
      <HeartRateBpm>
       <Value>120</Value>
      </HeartRateBpm>
      <Cadence>75</Cadence>
      <Extensions>
       <Speed>6.140000</Speed>
      </Extensions>
     </Trackpoint>
     <Trackpoint>
      <Time>2026-05-25T11:08:32Z</Time>
      <Position>
       <LatitudeDegrees>35.7029636</LatitudeDegrees>
       <LongitudeDegrees>139.7871238</LongitudeDegrees>
      </Position>
      <AltitudeMeters>4</AltitudeMeters>
      <DistanceMeters>385</DistanceMeters>
      <HeartRateBpm>
       <Value>120</Value>
      </HeartRateBpm>
      <Cadence>75</Cadence>
      <Extensions>
       <Speed>6.140000</Speed>
      </Extensions>
     </Trackpoint>
     <Trackpoint>
      <Time>2026-05-25T11:08:33Z</Time>
      <Position>
       <LatitudeDegrees>35.7029622</LatitudeDegrees>
       <LongitudeDegrees>139.7871427</LongitudeDegrees>
      </Position>
      <AltitudeMeters>4</AltitudeMeters>
      <DistanceMeters>387</DistanceMeters>
      <HeartRateBpm>
       <Value>121</Value>
      </HeartRateBpm>
      <Cadence>75</Cadence>
      <Extensions>
       <Speed>6.150000</Speed>
      </Extensions>
     </Trackpoint>
     <Trackpoint>
      <Time>2026-05-25T11:08:34Z</Time>
      <Position>
       <LatitudeDegrees>35.7029609</LatitudeDegrees>
       <LongitudeDegrees>139.7871616</LongitudeDegrees>
      </Position>
      <AltitudeMeters>4</AltitudeMeters>
      <DistanceMeters>388</DistanceMeters>
      <HeartRateBpm>
       <Value>121</Value>
      </HeartRateBpm>
      <Cadence>75</Cadence>
      <Extensions>
       <Speed>6.150000</Speed>
      </Extensions>
     </Trackpoint>
     <Trackpoint>
      <Time>2026-05-25T11:08:35Z</Time>
      <Position>
       <LatitudeDegrees>35.7029591</LatitudeDegrees>
       <LongitudeDegrees>139.7871782</LongitudeDegrees>
      </Position>
      <AltitudeMeters>4</AltitudeMeters>
      <DistanceMeters>389</DistanceMeters>
      <HeartRateBpm>
       <Value>121</Value>
      </HeartRateBpm>
      <Cadence>75</Cadence>
      <Extensions>
       <Speed>6.160000</Speed>
      </Extensions>
     </Trackpoint>
     <Trackpoint>
      <Time>2026-05-25T11:08:36Z</Time>
      <Position>
       <LatitudeDegrees>35.7029573</LatitudeDegrees>
       <LongitudeDegrees>139.7871948</LongitudeDegrees>
      </Position>
      <AltitudeMeters>4</AltitudeMeters>
      <DistanceMeters>390</DistanceMeters>
      <HeartRateBpm>
       <Value>121</Value>
      </HeartRateBpm>
      <Cadence>75</Cadence>
      <Extensions>
       <Speed>6.160000</Speed>
      </Extensions>
     </Trackpoint>
     <Trackpoint>
      <Time>2026-05-25T11:08:37Z</Time>
      <Position>
       <LatitudeDegrees>35.7029572</LatitudeDegrees>
       <LongitudeDegrees>139.7872128</LongitudeDegrees>
      </Position>
      <AltitudeMeters>4</AltitudeMeters>
      <DistanceMeters>392</DistanceMeters>
      <HeartRateBpm>
       <Value>121</Value>
      </HeartRateBpm>
      <Cadence>75</Cadence>
      <Extensions>
       <Speed>6.160000</Speed>
      </Extensions>
     </Trackpoint>
     <Trackpoint>
      <Time>2026-05-25T11:08:38Z</Time>
      <Position>
       <LatitudeDegrees>35.7029572</LatitudeDegrees>
       <LongitudeDegrees>139.7872309</LongitudeDegrees>
      </Position>
      <AltitudeMeters>4</AltitudeMeters>
      <DistanceMeters>394</DistanceMeters>
      <HeartRateBpm>
       <Value>121</Value>
      </HeartRateBpm>
      <Cadence>74</Cadence>
      <Extensions>
       <Speed>6.150000</Speed>
      </Extensions>
     </Trackpoint>
     <Trackpoint>
      <Time>2026-05-25T11:08:39Z</Time>
      <Position>
       <LatitudeDegrees>35.7029597</LatitudeDegrees>
       <LongitudeDegrees>139.7872511</LongitudeDegrees>
      </Position>
      <AltitudeMeters>4</AltitudeMeters>
      <DistanceMeters>397</DistanceMeters>
      <HeartRateBpm>
       <Value>121</Value>
      </HeartRateBpm>
      <Cadence>74</Cadence>
      <Extensions>
       <Speed>6.150000</Speed>
      </Extensions>
     </Trackpoint>
     <Trackpoint>
      <Time>2026-05-25T11:08:40Z</Time>
      <Position>
       <LatitudeDegrees>35.7029623</LatitudeDegrees>
       <LongitudeDegrees>139.7872714</LongitudeDegrees>
      </Position>
      <AltitudeMeters>4</AltitudeMeters>
      <DistanceMeters>398</DistanceMeters>
      <HeartRateBpm>
       <Value>121</Value>
      </HeartRateBpm>
      <Cadence>74</Cadence>
      <Extensions>
       <Speed>6.140000</Speed>
      </Extensions>
     </Trackpoint>
     <Trackpoint>
      <Time>2026-05-25T11:08:41Z</Time>
      <Position>
       <LatitudeDegrees>35.7029631</LatitudeDegrees>
       <LongitudeDegrees>139.7872929</LongitudeDegrees>
      </Position>
      <AltitudeMeters>4</AltitudeMeters>
      <DistanceMeters>400</DistanceMeters>
      <HeartRateBpm>
       <Value>121</Value>
      </HeartRateBpm>
      <Cadence>74</Cadence>
      <Extensions>
       <Speed>6.130000</Speed>
      </Extensions>
     </Trackpoint>
     <Trackpoint>
      <Time>2026-05-25T11:08:42Z</Time>
      <Position>
       <LatitudeDegrees>35.7029639</LatitudeDegrees>
       <LongitudeDegrees>139.7873144</LongitudeDegrees>
      </Position>
      <AltitudeMeters>4</AltitudeMeters>
      <DistanceMeters>402</DistanceMeters>
      <HeartRateBpm>
       <Value>121</Value>
      </HeartRateBpm>
      <Cadence>74</Cadence>
      <Extensions>
       <Speed>6.130000</Speed>
      </Extensions>
     </Trackpoint>
     <Trackpoint>
      <Time>2026-05-25T11:08:43Z</Time>
      <Position>
       <LatitudeDegrees>35.7029622</LatitudeDegrees>
       <LongitudeDegrees>139.7873366</LongitudeDegrees>
      </Position>
      <AltitudeMeters>4</AltitudeMeters>
      <DistanceMeters>404</DistanceMeters>
      <HeartRateBpm>
       <Value>120</Value>
      </HeartRateBpm>
      <Cadence>74</Cadence>
      <Extensions>
       <Speed>6.140000</Speed>
      </Extensions>
     </Trackpoint>
     <Trackpoint>
      <Time>2026-05-25T11:08:44Z</Time>
      <Position>
       <LatitudeDegrees>35.7029606</LatitudeDegrees>
       <LongitudeDegrees>139.7873588</LongitudeDegrees>
      </Position>
      <AltitudeMeters>4</AltitudeMeters>
      <DistanceMeters>406</DistanceMeters>
      <HeartRateBpm>
       <Value>120</Value>
      </HeartRateBpm>
      <Cadence>74</Cadence>
      <Extensions>
       <Speed>6.150000</Speed>
      </Extensions>
     </Trackpoint>
     <Trackpoint>
      <Time>2026-05-25T11:08:45Z</Time>
      <Position>
       <LatitudeDegrees>35.7029608</LatitudeDegrees>
       <LongitudeDegrees>139.7873810</LongitudeDegrees>
      </Position>
      <AltitudeMeters>4</AltitudeMeters>
      <DistanceMeters>408</DistanceMeters>
      <HeartRateBpm>
       <Value>120</Value>
      </HeartRateBpm>
      <Cadence>74</Cadence>
      <Extensions>
       <Speed>6.170000</Speed>
      </Extensions>
     </Trackpoint>
     <Trackpoint>
      <Time>2026-05-25T11:08:46Z</Time>
      <Position>
       <LatitudeDegrees>35.7029611</LatitudeDegrees>
       <LongitudeDegrees>139.7874032</LongitudeDegrees>
      </Position>
      <AltitudeMeters>4</AltitudeMeters>
      <DistanceMeters>410</DistanceMeters>
      <HeartRateBpm>
       <Value>120</Value>
      </HeartRateBpm>
      <Cadence>74</Cadence>
      <Extensions>
       <Speed>6.200000</Speed>
      </Extensions>
     </Trackpoint>
     <Trackpoint>
      <Time>2026-05-25T11:08:47Z</Time>
      <Position>
       <LatitudeDegrees>35.7029596</LatitudeDegrees>
       <LongitudeDegrees>139.7874231</LongitudeDegrees>
      </Position>
      <AltitudeMeters>4</AltitudeMeters>
      <DistanceMeters>412</DistanceMeters>
      <HeartRateBpm>
       <Value>120</Value>
      </HeartRateBpm>
      <Cadence>75</Cadence>
      <Extensions>
       <Speed>6.240000</Speed>
      </Extensions>
     </Trackpoint>
     <Trackpoint>
      <Time>2026-05-25T11:08:48Z</Time>
      <Position>
       <LatitudeDegrees>35.7029582</LatitudeDegrees>
       <LongitudeDegrees>139.7874430</LongitudeDegrees>
      </Position>
      <AltitudeMeters>4</AltitudeMeters>
      <DistanceMeters>414</DistanceMeters>
      <HeartRateBpm>
       <Value>121</Value>
      </HeartRateBpm>
      <Cadence>75</Cadence>
      <Extensions>
       <Speed>6.260000</Speed>
      </Extensions>
     </Trackpoint>
     <Trackpoint>
      <Time>2026-05-25T11:08:49Z</Time>
      <Position>
       <LatitudeDegrees>35.7029520</LatitudeDegrees>
       <LongitudeDegrees>139.7874626</LongitudeDegrees>
      </Position>
      <AltitudeMeters>4</AltitudeMeters>
      <DistanceMeters>416</DistanceMeters>
      <HeartRateBpm>
       <Value>121</Value>
      </HeartRateBpm>
      <Cadence>75</Cadence>
      <Extensions>
       <Speed>6.290000</Speed>
      </Extensions>
     </Trackpoint>
     <Trackpoint>
      <Time>2026-05-25T11:08:50Z</Time>
      <Position>
       <LatitudeDegrees>35.7029458</LatitudeDegrees>
       <LongitudeDegrees>139.7874822</LongitudeDegrees>
      </Position>
      <AltitudeMeters>4</AltitudeMeters>
      <DistanceMeters>418</DistanceMeters>
      <HeartRateBpm>
       <Value>121</Value>
      </HeartRateBpm>
      <Cadence>75</Cadence>
      <Extensions>
       <Speed>6.360000</Speed>
      </Extensions>
     </Trackpoint>
     <Trackpoint>
      <Time>2026-05-25T11:08:51Z</Time>
      <Position>
       <LatitudeDegrees>35.7029385</LatitudeDegrees>
       <LongitudeDegrees>139.7875018</LongitudeDegrees>
      </Position>
      <AltitudeMeters>4</AltitudeMeters>
      <DistanceMeters>420</DistanceMeters>
      <HeartRateBpm>
       <Value>121</Value>
      </HeartRateBpm>
      <Cadence>76</Cadence>
      <Extensions>
       <Speed>6.440000</Speed>
      </Extensions>
     </Trackpoint>
     <Trackpoint>
      <Time>2026-05-25T11:08:52Z</Time>
      <Position>
       <LatitudeDegrees>35.7029312</LatitudeDegrees>
       <LongitudeDegrees>139.7875215</LongitudeDegrees>
      </Position>
      <AltitudeMeters>4</AltitudeMeters>
      <DistanceMeters>422</DistanceMeters>
      <HeartRateBpm>
       <Value>121</Value>
      </HeartRateBpm>
      <Cadence>76</Cadence>
      <Extensions>
       <Speed>6.490000</Speed>
      </Extensions>
     </Trackpoint>
     <Trackpoint>
      <Time>2026-05-25T11:08:53Z</Time>
      <Position>
       <LatitudeDegrees>35.7029229</LatitudeDegrees>
       <LongitudeDegrees>139.7875391</LongitudeDegrees>
      </Position>
      <AltitudeMeters>4</AltitudeMeters>
      <DistanceMeters>424</DistanceMeters>
      <HeartRateBpm>
       <Value>121</Value>
      </HeartRateBpm>
      <Cadence>76</Cadence>
      <Extensions>
       <Speed>6.550000</Speed>
      </Extensions>
     </Trackpoint>
     <Trackpoint>
      <Time>2026-05-25T11:08:54Z</Time>
      <Position>
       <LatitudeDegrees>35.7029147</LatitudeDegrees>
       <LongitudeDegrees>139.7875567</LongitudeDegrees>
      </Position>
      <AltitudeMeters>4</AltitudeMeters>
      <DistanceMeters>426</DistanceMeters>
      <HeartRateBpm>
       <Value>121</Value>
      </HeartRateBpm>
      <Cadence>76</Cadence>
      <Extensions>
       <Speed>6.580000</Speed>
      </Extensions>
     </Trackpoint>
     <Trackpoint>
      <Time>2026-05-25T11:08:55Z</Time>
      <Position>
       <LatitudeDegrees>35.7029097</LatitudeDegrees>
       <LongitudeDegrees>139.7875748</LongitudeDegrees>
      </Position>
      <AltitudeMeters>4</AltitudeMeters>
      <DistanceMeters>427</DistanceMeters>
      <HeartRateBpm>
       <Value>121</Value>
      </HeartRateBpm>
      <Cadence>76</Cadence>
      <Extensions>
       <Speed>6.620000</Speed>
      </Extensions>
     </Trackpoint>
     <Trackpoint>
      <Time>2026-05-25T11:08:56Z</Time>
      <Position>
       <LatitudeDegrees>35.7029048</LatitudeDegrees>
       <LongitudeDegrees>139.7875930</LongitudeDegrees>
      </Position>
      <AltitudeMeters>4</AltitudeMeters>
      <DistanceMeters>428</DistanceMeters>
      <HeartRateBpm>
       <Value>121</Value>
      </HeartRateBpm>
      <Cadence>76</Cadence>
      <Extensions>
       <Speed>6.630000</Speed>
      </Extensions>
     </Trackpoint>
     <Trackpoint>
      <Time>2026-05-25T11:08:57Z</Time>
      <Position>
       <LatitudeDegrees>35.7029032</LatitudeDegrees>
       <LongitudeDegrees>139.7876121</LongitudeDegrees>
      </Position>
      <AltitudeMeters>4</AltitudeMeters>
      <DistanceMeters>430</DistanceMeters>
      <HeartRateBpm>
       <Value>121</Value>
      </HeartRateBpm>
      <Cadence>76</Cadence>
      <Extensions>
       <Speed>6.640000</Speed>
      </Extensions>
     </Trackpoint>
     <Trackpoint>
      <Time>2026-05-25T11:08:58Z</Time>
      <Position>
       <LatitudeDegrees>35.7029017</LatitudeDegrees>
       <LongitudeDegrees>139.7876312</LongitudeDegrees>
      </Position>
      <AltitudeMeters>4</AltitudeMeters>
      <DistanceMeters>432</DistanceMeters>
      <HeartRateBpm>
       <Value>121</Value>
      </HeartRateBpm>
      <Cadence>76</Cadence>
      <Extensions>
       <Speed>6.660000</Speed>
      </Extensions>
     </Trackpoint>
     <Trackpoint>
      <Time>2026-05-25T11:08:59Z</Time>
      <Position>
       <LatitudeDegrees>35.7029017</LatitudeDegrees>
       <LongitudeDegrees>139.7876513</LongitudeDegrees>
      </Position>
      <AltitudeMeters>4</AltitudeMeters>
      <DistanceMeters>434</DistanceMeters>
      <HeartRateBpm>
       <Value>121</Value>
      </HeartRateBpm>
      <Cadence>76</Cadence>
      <Extensions>
       <Speed>6.690000</Speed>
      </Extensions>
     </Trackpoint>
     <Trackpoint>
      <Time>2026-05-25T11:09:00Z</Time>
      <Position>
       <LatitudeDegrees>35.7029018</LatitudeDegrees>
       <LongitudeDegrees>139.7876714</LongitudeDegrees>
      </Position>
      <AltitudeMeters>4</AltitudeMeters>
      <DistanceMeters>436</DistanceMeters>
      <HeartRateBpm>
       <Value>121</Value>
      </HeartRateBpm>
      <Cadence>75</Cadence>
      <Extensions>
       <Speed>6.690000</Speed>
      </Extensions>
     </Trackpoint>
     <Trackpoint>
      <Time>2026-05-25T11:09:01Z</Time>
      <Position>
       <LatitudeDegrees>35.7029019</LatitudeDegrees>
       <LongitudeDegrees>139.7876919</LongitudeDegrees>
      </Position>
      <AltitudeMeters>4</AltitudeMeters>
      <DistanceMeters>438</DistanceMeters>
      <HeartRateBpm>
       <Value>121</Value>
      </HeartRateBpm>
      <Cadence>75</Cadence>
      <Extensions>
       <Speed>6.700000</Speed>
      </Extensions>
     </Trackpoint>
     <Trackpoint>
      <Time>2026-05-25T11:09:02Z</Time>
      <Position>
       <LatitudeDegrees>35.7029021</LatitudeDegrees>
       <LongitudeDegrees>139.7877124</LongitudeDegrees>
      </Position>
      <AltitudeMeters>4</AltitudeMeters>
      <DistanceMeters>440</DistanceMeters>
      <HeartRateBpm>
       <Value>121</Value>
      </HeartRateBpm>
      <Cadence>75</Cadence>
      <Extensions>
       <Speed>6.700000</Speed>
      </Extensions>
     </Trackpoint>
     <Trackpoint>
      <Time>2026-05-25T11:09:03Z</Time>
      <Position>
       <LatitudeDegrees>35.7029013</LatitudeDegrees>
       <LongitudeDegrees>139.7877320</LongitudeDegrees>
      </Position>
      <AltitudeMeters>4</AltitudeMeters>
      <DistanceMeters>441</DistanceMeters>
      <HeartRateBpm>
       <Value>120</Value>
      </HeartRateBpm>
      <Cadence>75</Cadence>
      <Extensions>
       <Speed>6.700000</Speed>
      </Extensions>
     </Trackpoint>
     <Trackpoint>
      <Time>2026-05-25T11:09:04Z</Time>
      <Position>
       <LatitudeDegrees>35.7029006</LatitudeDegrees>
       <LongitudeDegrees>139.7877517</LongitudeDegrees>
      </Position>
      <AltitudeMeters>4</AltitudeMeters>
      <DistanceMeters>442</DistanceMeters>
      <HeartRateBpm>
       <Value>120</Value>
      </HeartRateBpm>
      <Cadence>75</Cadence>
      <Extensions>
       <Speed>6.690000</Speed>
      </Extensions>
     </Trackpoint>
     <Trackpoint>
      <Time>2026-05-25T11:09:05Z</Time>
      <Position>
       <LatitudeDegrees>35.7028984</LatitudeDegrees>
       <LongitudeDegrees>139.7877697</LongitudeDegrees>
      </Position>
      <AltitudeMeters>4</AltitudeMeters>
      <DistanceMeters>444</DistanceMeters>
      <HeartRateBpm>
       <Value>120</Value>
      </HeartRateBpm>
      <Cadence>75</Cadence>
      <Extensions>
       <Speed>6.690000</Speed>
      </Extensions>
     </Trackpoint>
     <Trackpoint>
      <Time>2026-05-25T11:09:06Z</Time>
      <Position>
       <LatitudeDegrees>35.7028962</LatitudeDegrees>
       <LongitudeDegrees>139.7877878</LongitudeDegrees>
      </Position>
      <AltitudeMeters>4</AltitudeMeters>
      <DistanceMeters>446</DistanceMeters>
      <HeartRateBpm>
       <Value>120</Value>
      </HeartRateBpm>
      <Cadence>74</Cadence>
      <Extensions>
       <Speed>6.680000</Speed>
      </Extensions>
     </Trackpoint>
     <Trackpoint>
      <Time>2026-05-25T11:09:07Z</Time>
      <Position>
       <LatitudeDegrees>35.7028901</LatitudeDegrees>
       <LongitudeDegrees>139.7878044</LongitudeDegrees>
      </Position>
      <AltitudeMeters>4</AltitudeMeters>
      <DistanceMeters>448</DistanceMeters>
      <HeartRateBpm>
       <Value>120</Value>
      </HeartRateBpm>
      <Cadence>74</Cadence>
      <Extensions>
       <Speed>6.680000</Speed>
      </Extensions>
     </Trackpoint>
     <Trackpoint>
      <Time>2026-05-25T11:09:08Z</Time>
      <Position>
       <LatitudeDegrees>35.7028841</LatitudeDegrees>
       <LongitudeDegrees>139.7878211</LongitudeDegrees>
      </Position>
      <AltitudeMeters>4</AltitudeMeters>
      <DistanceMeters>450</DistanceMeters>
      <HeartRateBpm>
       <Value>120</Value>
      </HeartRateBpm>
      <Cadence>74</Cadence>
      <Extensions>
       <Speed>6.670000</Speed>
      </Extensions>
     </Trackpoint>
     <Trackpoint>
      <Time>2026-05-25T11:09:09Z</Time>
      <Position>
       <LatitudeDegrees>35.7028748</LatitudeDegrees>
       <LongitudeDegrees>139.7878360</LongitudeDegrees>
      </Position>
      <AltitudeMeters>4</AltitudeMeters>
      <DistanceMeters>452</DistanceMeters>
      <HeartRateBpm>
       <Value>120</Value>
      </HeartRateBpm>
      <Cadence>74</Cadence>
      <Extensions>
       <Speed>6.660000</Speed>
      </Extensions>
     </Trackpoint>
     <Trackpoint>
      <Time>2026-05-25T11:09:10Z</Time>
      <Position>
       <LatitudeDegrees>35.7028655</LatitudeDegrees>
       <LongitudeDegrees>139.7878509</LongitudeDegrees>
      </Position>
      <AltitudeMeters>4</AltitudeMeters>
      <DistanceMeters>454</DistanceMeters>
      <HeartRateBpm>
       <Value>120</Value>
      </HeartRateBpm>
      <Cadence>74</Cadence>
      <Extensions>
       <Speed>6.650000</Speed>
      </Extensions>
     </Trackpoint>
     <Trackpoint>
      <Time>2026-05-25T11:09:11Z</Time>
      <Position>
       <LatitudeDegrees>35.7028557</LatitudeDegrees>
       <LongitudeDegrees>139.7878628</LongitudeDegrees>
      </Position>
      <AltitudeMeters>4</AltitudeMeters>
      <DistanceMeters>455</DistanceMeters>
      <HeartRateBpm>
       <Value>120</Value>
      </HeartRateBpm>
      <Cadence>74</Cadence>
      <Extensions>
       <Speed>6.650000</Speed>
      </Extensions>
     </Trackpoint>
     <Trackpoint>
      <Time>2026-05-25T11:09:12Z</Time>
      <Position>
       <LatitudeDegrees>35.7028460</LatitudeDegrees>
       <LongitudeDegrees>139.7878748</LongitudeDegrees>
      </Position>
      <AltitudeMeters>4</AltitudeMeters>
      <DistanceMeters>456</DistanceMeters>
      <HeartRateBpm>
       <Value>120</Value>
      </HeartRateBpm>
      <Cadence>74</Cadence>
      <Extensions>
       <Speed>6.640000</Speed>
      </Extensions>
     </Trackpoint>
     <Trackpoint>
      <Time>2026-05-25T11:09:13Z</Time>
      <Position>
       <LatitudeDegrees>35.7028335</LatitudeDegrees>
       <LongitudeDegrees>139.7878824</LongitudeDegrees>
      </Position>
      <AltitudeMeters>4</AltitudeMeters>
      <DistanceMeters>457</DistanceMeters>
      <HeartRateBpm>
       <Value>120</Value>
      </HeartRateBpm>
      <Cadence>74</Cadence>
      <Extensions>
       <Speed>6.630000</Speed>
      </Extensions>
     </Trackpoint>
     <Trackpoint>
      <Time>2026-05-25T11:09:14Z</Time>
      <Position>
       <LatitudeDegrees>35.7028210</LatitudeDegrees>
       <LongitudeDegrees>139.7878901</LongitudeDegrees>
      </Position>
      <AltitudeMeters>4</AltitudeMeters>
      <DistanceMeters>459</DistanceMeters>
      <HeartRateBpm>
       <Value>119</Value>
      </HeartRateBpm>
      <Cadence>74</Cadence>
      <Extensions>
       <Speed>6.610000</Speed>
      </Extensions>
     </Trackpoint>
     <Trackpoint>
      <Time>2026-05-25T11:09:15Z</Time>
      <Position>
       <LatitudeDegrees>35.7028037</LatitudeDegrees>
       <LongitudeDegrees>139.7878944</LongitudeDegrees>
      </Position>
      <AltitudeMeters>4</AltitudeMeters>
      <DistanceMeters>461</DistanceMeters>
      <HeartRateBpm>
       <Value>119</Value>
      </HeartRateBpm>
      <Cadence>74</Cadence>
      <Extensions>
       <Speed>6.600000</Speed>
      </Extensions>
     </Trackpoint>
     <Trackpoint>
      <Time>2026-05-25T11:09:16Z</Time>
      <Position>
       <LatitudeDegrees>35.7027864</LatitudeDegrees>
       <LongitudeDegrees>139.7878987</LongitudeDegrees>
      </Position>
      <AltitudeMeters>4</AltitudeMeters>
      <DistanceMeters>464</DistanceMeters>
      <HeartRateBpm>
       <Value>119</Value>
      </HeartRateBpm>
      <Cadence>74</Cadence>
      <Extensions>
       <Speed>6.580000</Speed>
      </Extensions>
     </Trackpoint>
     <Trackpoint>
      <Time>2026-05-25T11:09:17Z</Time>
      <Position>
       <LatitudeDegrees>35.7027668</LatitudeDegrees>
       <LongitudeDegrees>139.7878992</LongitudeDegrees>
      </Position>
      <AltitudeMeters>4</AltitudeMeters>
      <DistanceMeters>466</DistanceMeters>
      <HeartRateBpm>
       <Value>119</Value>
      </HeartRateBpm>
      <Cadence>74</Cadence>
      <Extensions>
       <Speed>6.570000</Speed>
      </Extensions>
     </Trackpoint>
     <Trackpoint>
      <Time>2026-05-25T11:09:18Z</Time>
      <Position>
       <LatitudeDegrees>35.7027472</LatitudeDegrees>
       <LongitudeDegrees>139.7878998</LongitudeDegrees>
      </Position>
      <AltitudeMeters>4</AltitudeMeters>
      <DistanceMeters>468</DistanceMeters>
      <HeartRateBpm>
       <Value>120</Value>
      </HeartRateBpm>
      <Cadence>74</Cadence>
      <Extensions>
       <Speed>6.560000</Speed>
      </Extensions>
     </Trackpoint>
     <Trackpoint>
      <Time>2026-05-25T11:09:19Z</Time>
      <Position>
       <LatitudeDegrees>35.7027266</LatitudeDegrees>
       <LongitudeDegrees>139.7878980</LongitudeDegrees>
      </Position>
      <AltitudeMeters>4</AltitudeMeters>
      <DistanceMeters>470</DistanceMeters>
      <HeartRateBpm>
       <Value>120</Value>
      </HeartRateBpm>
      <Cadence>74</Cadence>
      <Extensions>
       <Speed>6.550000</Speed>
      </Extensions>
     </Trackpoint>
     <Trackpoint>
      <Time>2026-05-25T11:09:20Z</Time>
      <Position>
       <LatitudeDegrees>35.7027061</LatitudeDegrees>
       <LongitudeDegrees>139.7878963</LongitudeDegrees>
      </Position>
      <AltitudeMeters>4</AltitudeMeters>
      <DistanceMeters>472</DistanceMeters>
      <HeartRateBpm>
       <Value>120</Value>
      </HeartRateBpm>
      <Cadence>74</Cadence>
      <Extensions>
       <Speed>6.550000</Speed>
      </Extensions>
     </Trackpoint>
     <Trackpoint>
      <Time>2026-05-25T11:09:21Z</Time>
      <Position>
       <LatitudeDegrees>35.7026864</LatitudeDegrees>
       <LongitudeDegrees>139.7878937</LongitudeDegrees>
      </Position>
      <AltitudeMeters>4</AltitudeMeters>
      <DistanceMeters>475</DistanceMeters>
      <HeartRateBpm>
       <Value>121</Value>
      </HeartRateBpm>
      <Cadence>74</Cadence>
      <Extensions>
       <Speed>6.550000</Speed>
      </Extensions>
     </Trackpoint>
     <Trackpoint>
      <Time>2026-05-25T11:09:22Z</Time>
      <Position>
       <LatitudeDegrees>35.7026668</LatitudeDegrees>
       <LongitudeDegrees>139.7878911</LongitudeDegrees>
      </Position>
      <AltitudeMeters>4</AltitudeMeters>
      <DistanceMeters>477</DistanceMeters>
      <HeartRateBpm>
       <Value>121</Value>
      </HeartRateBpm>
      <Cadence>74</Cadence>
      <Extensions>
       <Speed>6.600000</Speed>
      </Extensions>
     </Trackpoint>
     <Trackpoint>
      <Time>2026-05-25T11:09:23Z</Time>
      <Position>
       <LatitudeDegrees>35.7026476</LatitudeDegrees>
       <LongitudeDegrees>139.7878885</LongitudeDegrees>
      </Position>
      <AltitudeMeters>4</AltitudeMeters>
      <DistanceMeters>479</DistanceMeters>
      <HeartRateBpm>
       <Value>121</Value>
      </HeartRateBpm>
      <Cadence>74</Cadence>
      <Extensions>
       <Speed>6.660000</Speed>
      </Extensions>
     </Trackpoint>
     <Trackpoint>
      <Time>2026-05-25T11:09:24Z</Time>
      <Position>
       <LatitudeDegrees>35.7026284</LatitudeDegrees>
       <LongitudeDegrees>139.7878859</LongitudeDegrees>
      </Position>
      <AltitudeMeters>4</AltitudeMeters>
      <DistanceMeters>481</DistanceMeters>
      <HeartRateBpm>
       <Value>121</Value>
      </HeartRateBpm>
      <Cadence>74</Cadence>
      <Extensions>
       <Speed>6.720000</Speed>
      </Extensions>
     </Trackpoint>
     <Trackpoint>
      <Time>2026-05-25T11:09:25Z</Time>
      <Position>
       <LatitudeDegrees>35.7026105</LatitudeDegrees>
       <LongitudeDegrees>139.7878836</LongitudeDegrees>
      </Position>
      <AltitudeMeters>4</AltitudeMeters>
      <DistanceMeters>483</DistanceMeters>
      <HeartRateBpm>
       <Value>121</Value>
      </HeartRateBpm>
      <Cadence>74</Cadence>
      <Extensions>
       <Speed>6.780000</Speed>
      </Extensions>
     </Trackpoint>
     <Trackpoint>
      <Time>2026-05-25T11:09:26Z</Time>
      <Position>
       <LatitudeDegrees>35.7025926</LatitudeDegrees>
       <LongitudeDegrees>139.7878814</LongitudeDegrees>
      </Position>
      <AltitudeMeters>4</AltitudeMeters>
      <DistanceMeters>484</DistanceMeters>
      <HeartRateBpm>
       <Value>121</Value>
      </HeartRateBpm>
      <Cadence>74</Cadence>
      <Extensions>
       <Speed>6.830000</Speed>
      </Extensions>
     </Trackpoint>
     <Trackpoint>
      <Time>2026-05-25T11:09:27Z</Time>
      <Position>
       <LatitudeDegrees>35.7025762</LatitudeDegrees>
       <LongitudeDegrees>139.7878803</LongitudeDegrees>
      </Position>
      <AltitudeMeters>4</AltitudeMeters>
      <DistanceMeters>486</DistanceMeters>
      <HeartRateBpm>
       <Value>121</Value>
      </HeartRateBpm>
      <Cadence>74</Cadence>
      <Extensions>
       <Speed>6.890000</Speed>
      </Extensions>
     </Trackpoint>
     <Trackpoint>
      <Time>2026-05-25T11:09:28Z</Time>
      <Position>
       <LatitudeDegrees>35.7025598</LatitudeDegrees>
       <LongitudeDegrees>139.7878792</LongitudeDegrees>
      </Position>
      <AltitudeMeters>4</AltitudeMeters>
      <DistanceMeters>488</DistanceMeters>
      <HeartRateBpm>
       <Value>121</Value>
      </HeartRateBpm>
      <Cadence>74</Cadence>
      <Extensions>
       <Speed>6.900000</Speed>
      </Extensions>
     </Trackpoint>
     <Trackpoint>
      <Time>2026-05-25T11:09:29Z</Time>
      <Position>
       <LatitudeDegrees>35.7025452</LatitudeDegrees>
       <LongitudeDegrees>139.7878782</LongitudeDegrees>
      </Position>
      <AltitudeMeters>4</AltitudeMeters>
      <DistanceMeters>490</DistanceMeters>
      <HeartRateBpm>
       <Value>121</Value>
      </HeartRateBpm>
      <Cadence>74</Cadence>
      <Extensions>
       <Speed>6.920000</Speed>
      </Extensions>
     </Trackpoint>
     <Trackpoint>
      <Time>2026-05-25T11:09:30Z</Time>
      <Position>
       <LatitudeDegrees>35.7025307</LatitudeDegrees>
       <LongitudeDegrees>139.7878772</LongitudeDegrees>
      </Position>
      <AltitudeMeters>4</AltitudeMeters>
      <DistanceMeters>492</DistanceMeters>
      <HeartRateBpm>
       <Value>121</Value>
      </HeartRateBpm>
      <Cadence>74</Cadence>
      <Extensions>
       <Speed>6.940000</Speed>
      </Extensions>
     </Trackpoint>
     <Trackpoint>
      <Time>2026-05-25T11:09:31Z</Time>
      <Position>
       <LatitudeDegrees>35.7025167</LatitudeDegrees>
       <LongitudeDegrees>139.7878760</LongitudeDegrees>
      </Position>
      <AltitudeMeters>4</AltitudeMeters>
      <DistanceMeters>493</DistanceMeters>
      <HeartRateBpm>
       <Value>121</Value>
      </HeartRateBpm>
      <Cadence>74</Cadence>
      <Extensions>
       <Speed>6.960000</Speed>
      </Extensions>
     </Trackpoint>
     <Trackpoint>
      <Time>2026-05-25T11:09:32Z</Time>
      <Position>
       <LatitudeDegrees>35.7025027</LatitudeDegrees>
       <LongitudeDegrees>139.7878749</LongitudeDegrees>
      </Position>
      <AltitudeMeters>4</AltitudeMeters>
      <DistanceMeters>494</DistanceMeters>
      <HeartRateBpm>
       <Value>121</Value>
      </HeartRateBpm>
      <Cadence>74</Cadence>
      <Extensions>
       <Speed>6.970000</Speed>
      </Extensions>
     </Trackpoint>
     <Trackpoint>
      <Time>2026-05-25T11:09:33Z</Time>
      <Position>
       <LatitudeDegrees>35.7024877</LatitudeDegrees>
       <LongitudeDegrees>139.7878736</LongitudeDegrees>
      </Position>
      <AltitudeMeters>4</AltitudeMeters>
      <DistanceMeters>496</DistanceMeters>
      <HeartRateBpm>
       <Value>121</Value>
      </HeartRateBpm>
      <Cadence>74</Cadence>
      <Extensions>
       <Speed>6.980000</Speed>
      </Extensions>
     </Trackpoint>
     <Trackpoint>
      <Time>2026-05-25T11:09:34Z</Time>
      <Position>
       <LatitudeDegrees>35.7024728</LatitudeDegrees>
       <LongitudeDegrees>139.7878724</LongitudeDegrees>
      </Position>
      <AltitudeMeters>4</AltitudeMeters>
      <DistanceMeters>498</DistanceMeters>
      <HeartRateBpm>
       <Value>120</Value>
      </HeartRateBpm>
      <Cadence>74</Cadence>
      <Extensions>
       <Speed>6.960000</Speed>
      </Extensions>
     </Trackpoint>
     <Trackpoint>
      <Time>2026-05-25T11:09:35Z</Time>
      <Position>
       <LatitudeDegrees>35.7024568</LatitudeDegrees>
       <LongitudeDegrees>139.7878710</LongitudeDegrees>
      </Position>
      <AltitudeMeters>4</AltitudeMeters>
      <DistanceMeters>500</DistanceMeters>
      <HeartRateBpm>
       <Value>120</Value>
      </HeartRateBpm>
      <Cadence>74</Cadence>
      <Extensions>
       <Speed>6.950000</Speed>
      </Extensions>
     </Trackpoint>
     <Trackpoint>
      <Time>2026-05-25T11:09:36Z</Time>
      <Position>
       <LatitudeDegrees>35.7024408</LatitudeDegrees>
       <LongitudeDegrees>139.7878696</LongitudeDegrees>
      </Position>
      <AltitudeMeters>4</AltitudeMeters>
      <DistanceMeters>502</DistanceMeters>
      <HeartRateBpm>
       <Value>120</Value>
      </HeartRateBpm>
      <Cadence>74</Cadence>
      <Extensions>
       <Speed>6.930000</Speed>
      </Extensions>
     </Trackpoint>
     <Trackpoint>
      <Time>2026-05-25T11:09:37Z</Time>
      <Position>
       <LatitudeDegrees>35.7024259</LatitudeDegrees>
       <LongitudeDegrees>139.7878683</LongitudeDegrees>
      </Position>
      <AltitudeMeters>4</AltitudeMeters>
      <DistanceMeters>503</DistanceMeters>
      <HeartRateBpm>
       <Value>120</Value>
      </HeartRateBpm>
      <Cadence>74</Cadence>
      <Extensions>
       <Speed>6.920000</Speed>
      </Extensions>
     </Trackpoint>
     <Trackpoint>
      <Time>2026-05-25T11:09:38Z</Time>
      <Position>
       <LatitudeDegrees>35.7024110</LatitudeDegrees>
       <LongitudeDegrees>139.7878670</LongitudeDegrees>
      </Position>
      <AltitudeMeters>4</AltitudeMeters>
      <DistanceMeters>504</DistanceMeters>
      <HeartRateBpm>
       <Value>120</Value>
      </HeartRateBpm>
      <Cadence>74</Cadence>
      <Extensions>
       <Speed>6.910000</Speed>
      </Extensions>
     </Trackpoint>
     <Trackpoint>
      <Time>2026-05-25T11:09:39Z</Time>
      <Position>
       <LatitudeDegrees>35.7023966</LatitudeDegrees>
       <LongitudeDegrees>139.7878665</LongitudeDegrees>
      </Position>
      <AltitudeMeters>4</AltitudeMeters>
      <DistanceMeters>506</DistanceMeters>
      <HeartRateBpm>
       <Value>120</Value>
      </HeartRateBpm>
      <Cadence>74</Cadence>
      <Extensions>
       <Speed>6.900000</Speed>
      </Extensions>
     </Trackpoint>
     <Trackpoint>
      <Time>2026-05-25T11:09:40Z</Time>
      <Position>
       <LatitudeDegrees>35.7023822</LatitudeDegrees>
       <LongitudeDegrees>139.7878660</LongitudeDegrees>
      </Position>
      <AltitudeMeters>4</AltitudeMeters>
      <DistanceMeters>508</DistanceMeters>
      <HeartRateBpm>
       <Value>120</Value>
      </HeartRateBpm>
      <Cadence>74</Cadence>
      <Extensions>
       <Speed>6.900000</Speed>
      </Extensions>
     </Trackpoint>
     <Trackpoint>
      <Time>2026-05-25T11:09:41Z</Time>
      <Position>
       <LatitudeDegrees>35.7023660</LatitudeDegrees>
       <LongitudeDegrees>139.7878668</LongitudeDegrees>
      </Position>
      <AltitudeMeters>4</AltitudeMeters>
      <DistanceMeters>510</DistanceMeters>
      <HeartRateBpm>
       <Value>120</Value>
      </HeartRateBpm>
      <Cadence>74</Cadence>
      <Extensions>
       <Speed>6.900000</Speed>
      </Extensions>
     </Trackpoint>
     <Trackpoint>
      <Time>2026-05-25T11:09:42Z</Time>
      <Position>
       <LatitudeDegrees>35.7023499</LatitudeDegrees>
       <LongitudeDegrees>139.7878676</LongitudeDegrees>
      </Position>
      <AltitudeMeters>4</AltitudeMeters>
      <DistanceMeters>512</DistanceMeters>
      <HeartRateBpm>
       <Value>120</Value>
      </HeartRateBpm>
      <Cadence>74</Cadence>
      <Extensions>
       <Speed>6.870000</Speed>
      </Extensions>
     </Trackpoint>
     <Trackpoint>
      <Time>2026-05-25T11:09:43Z</Time>
      <Position>
       <LatitudeDegrees>35.7023317</LatitudeDegrees>
       <LongitudeDegrees>139.7878714</LongitudeDegrees>
      </Position>
      <AltitudeMeters>4</AltitudeMeters>
      <DistanceMeters>514</DistanceMeters>
      <HeartRateBpm>
       <Value>119</Value>
      </HeartRateBpm>
      <Cadence>74</Cadence>
      <Extensions>
       <Speed>6.840000</Speed>
      </Extensions>
     </Trackpoint>
     <Trackpoint>
      <Time>2026-05-25T11:09:44Z</Time>
      <Position>
       <LatitudeDegrees>35.7023135</LatitudeDegrees>
       <LongitudeDegrees>139.7878752</LongitudeDegrees>
      </Position>
      <AltitudeMeters>4</AltitudeMeters>
      <DistanceMeters>516</DistanceMeters>
      <HeartRateBpm>
       <Value>119</Value>
      </HeartRateBpm>
      <Cadence>74</Cadence>
      <Extensions>
       <Speed>6.840000</Speed>
      </Extensions>
     </Trackpoint>
     <Trackpoint>
      <Time>2026-05-25T11:09:45Z</Time>
      <Position>
       <LatitudeDegrees>35.7022968</LatitudeDegrees>
       <LongitudeDegrees>139.7878786</LongitudeDegrees>
      </Position>
      <AltitudeMeters>4</AltitudeMeters>
      <DistanceMeters>518</DistanceMeters>
      <HeartRateBpm>
       <Value>119</Value>
      </HeartRateBpm>
      <Cadence>74</Cadence>
      <Extensions>
       <Speed>6.840000</Speed>
      </Extensions>
     </Trackpoint>
     <Trackpoint>
      <Time>2026-05-25T11:09:46Z</Time>
      <Position>
       <LatitudeDegrees>35.7022801</LatitudeDegrees>
       <LongitudeDegrees>139.7878820</LongitudeDegrees>
      </Position>
      <AltitudeMeters>4</AltitudeMeters>
      <DistanceMeters>520</DistanceMeters>
      <HeartRateBpm>
       <Value>119</Value>
      </HeartRateBpm>
      <Cadence>74</Cadence>
      <Extensions>
       <Speed>6.830000</Speed>
      </Extensions>
     </Trackpoint>
     <Trackpoint>
      <Time>2026-05-25T11:09:47Z</Time>
      <Position>
       <LatitudeDegrees>35.7022654</LatitudeDegrees>
       <LongitudeDegrees>139.7878825</LongitudeDegrees>
      </Position>
      <AltitudeMeters>4</AltitudeMeters>
      <DistanceMeters>521</DistanceMeters>
      <HeartRateBpm>
       <Value>120</Value>
      </HeartRateBpm>
      <Cadence>75</Cadence>
      <Extensions>
       <Speed>6.830000</Speed>
      </Extensions>
     </Trackpoint>
     <Trackpoint>
      <Time>2026-05-25T11:09:48Z</Time>
      <Position>
       <LatitudeDegrees>35.7022507</LatitudeDegrees>
       <LongitudeDegrees>139.7878831</LongitudeDegrees>
      </Position>
      <AltitudeMeters>4</AltitudeMeters>
      <DistanceMeters>522</DistanceMeters>
      <HeartRateBpm>
       <Value>120</Value>
      </HeartRateBpm>
      <Cadence>75</Cadence>
      <Extensions>
       <Speed>6.820000</Speed>
      </Extensions>
     </Trackpoint>
     <Trackpoint>
      <Time>2026-05-25T11:09:49Z</Time>
      <Position>
       <LatitudeDegrees>35.7022368</LatitudeDegrees>
       <LongitudeDegrees>139.7878836</LongitudeDegrees>
      </Position>
      <AltitudeMeters>4</AltitudeMeters>
      <DistanceMeters>524</DistanceMeters>
      <HeartRateBpm>
       <Value>121</Value>
      </HeartRateBpm>
      <Cadence>75</Cadence>
      <Extensions>
       <Speed>6.820000</Speed>
      </Extensions>
     </Trackpoint>
     <Trackpoint>
      <Time>2026-05-25T11:09:50Z</Time>
      <Position>
       <LatitudeDegrees>35.7022229</LatitudeDegrees>
       <LongitudeDegrees>139.7878841</LongitudeDegrees>
      </Position>
      <AltitudeMeters>4</AltitudeMeters>
      <DistanceMeters>526</DistanceMeters>
      <HeartRateBpm>
       <Value>121</Value>
      </HeartRateBpm>
      <Cadence>75</Cadence>
      <Extensions>
       <Speed>6.810000</Speed>
      </Extensions>
     </Trackpoint>
     <Trackpoint>
      <Time>2026-05-25T11:09:51Z</Time>
      <Position>
       <LatitudeDegrees>35.7022078</LatitudeDegrees>
       <LongitudeDegrees>139.7878849</LongitudeDegrees>
      </Position>
      <AltitudeMeters>4</AltitudeMeters>
      <DistanceMeters>527</DistanceMeters>
      <HeartRateBpm>
       <Value>122</Value>
      </HeartRateBpm>
      <Cadence>76</Cadence>
      <Extensions>
       <Speed>6.800000</Speed>
      </Extensions>
     </Trackpoint>
     <Trackpoint>
      <Time>2026-05-25T11:09:52Z</Time>
      <Position>
       <LatitudeDegrees>35.7021927</LatitudeDegrees>
       <LongitudeDegrees>139.7878857</LongitudeDegrees>
      </Position>
      <AltitudeMeters>4</AltitudeMeters>
      <DistanceMeters>529</DistanceMeters>
      <HeartRateBpm>
       <Value>122</Value>
      </HeartRateBpm>
      <Cadence>75</Cadence>
      <Extensions>
       <Speed>6.790000</Speed>
      </Extensions>
     </Trackpoint>
     <Trackpoint>
      <Time>2026-05-25T11:09:53Z</Time>
      <Position>
       <LatitudeDegrees>35.7021771</LatitudeDegrees>
       <LongitudeDegrees>139.7878870</LongitudeDegrees>
      </Position>
      <AltitudeMeters>4</AltitudeMeters>
      <DistanceMeters>531</DistanceMeters>
      <HeartRateBpm>
       <Value>122</Value>
      </HeartRateBpm>
      <Cadence>75</Cadence>
      <Extensions>
       <Speed>6.780000</Speed>
      </Extensions>
     </Trackpoint>
     <Trackpoint>
      <Time>2026-05-25T11:09:54Z</Time>
      <Position>
       <LatitudeDegrees>35.7021616</LatitudeDegrees>
       <LongitudeDegrees>139.7878883</LongitudeDegrees>
      </Position>
      <AltitudeMeters>4</AltitudeMeters>
      <DistanceMeters>533</DistanceMeters>
      <HeartRateBpm>
       <Value>121</Value>
      </HeartRateBpm>
      <Cadence>75</Cadence>
      <Extensions>
       <Speed>6.770000</Speed>
      </Extensions>
     </Trackpoint>
     <Trackpoint>
      <Time>2026-05-25T11:09:55Z</Time>
      <Position>
       <LatitudeDegrees>35.7021465</LatitudeDegrees>
       <LongitudeDegrees>139.7878902</LongitudeDegrees>
      </Position>
      <AltitudeMeters>4</AltitudeMeters>
      <DistanceMeters>535</DistanceMeters>
      <HeartRateBpm>
       <Value>122</Value>
      </HeartRateBpm>
      <Cadence>75</Cadence>
      <Extensions>
       <Speed>6.760000</Speed>
      </Extensions>
     </Trackpoint>
     <Trackpoint>
      <Time>2026-05-25T11:09:56Z</Time>
      <Position>
       <LatitudeDegrees>35.7021315</LatitudeDegrees>
       <LongitudeDegrees>139.7878921</LongitudeDegrees>
      </Position>
      <AltitudeMeters>4</AltitudeMeters>
      <DistanceMeters>536</DistanceMeters>
      <HeartRateBpm>
       <Value>122</Value>
      </HeartRateBpm>
      <Cadence>75</Cadence>
      <Extensions>
       <Speed>6.750000</Speed>
      </Extensions>
     </Trackpoint>
     <Trackpoint>
      <Time>2026-05-25T11:09:57Z</Time>
      <Position>
       <LatitudeDegrees>35.7021177</LatitudeDegrees>
       <LongitudeDegrees>139.7878949</LongitudeDegrees>
      </Position>
      <AltitudeMeters>4</AltitudeMeters>
      <DistanceMeters>538</DistanceMeters>
      <HeartRateBpm>
       <Value>122</Value>
      </HeartRateBpm>
      <Cadence>75</Cadence>
      <Extensions>
       <Speed>6.750000</Speed>
      </Extensions>
     </Trackpoint>
     <Trackpoint>
      <Time>2026-05-25T11:09:58Z</Time>
      <Position>
       <LatitudeDegrees>35.7021040</LatitudeDegrees>
       <LongitudeDegrees>139.7878978</LongitudeDegrees>
      </Position>
      <AltitudeMeters>4</AltitudeMeters>
      <DistanceMeters>539</DistanceMeters>
      <HeartRateBpm>
       <Value>122</Value>
      </HeartRateBpm>
      <Cadence>75</Cadence>
      <Extensions>
       <Speed>6.740000</Speed>
      </Extensions>
     </Trackpoint>
     <Trackpoint>
      <Time>2026-05-25T11:09:59Z</Time>
      <Position>
       <LatitudeDegrees>35.7020909</LatitudeDegrees>
       <LongitudeDegrees>139.7879002</LongitudeDegrees>
      </Position>
      <AltitudeMeters>4</AltitudeMeters>
      <DistanceMeters>540</DistanceMeters>
      <HeartRateBpm>
       <Value>122</Value>
      </HeartRateBpm>
      <Cadence>75</Cadence>
      <Extensions>
       <Speed>6.730000</Speed>
      </Extensions>
     </Trackpoint>
     <Trackpoint>
      <Time>2026-05-25T11:10:00Z</Time>
      <Position>
       <LatitudeDegrees>35.7020779</LatitudeDegrees>
       <LongitudeDegrees>139.7879027</LongitudeDegrees>
      </Position>
      <AltitudeMeters>4</AltitudeMeters>
      <DistanceMeters>542</DistanceMeters>
      <HeartRateBpm>
       <Value>122</Value>
      </HeartRateBpm>
      <Cadence>75</Cadence>
      <Extensions>
       <Speed>6.710000</Speed>
      </Extensions>
     </Trackpoint>
     <Trackpoint>
      <Time>2026-05-25T11:10:01Z</Time>
      <Position>
       <LatitudeDegrees>35.7020634</LatitudeDegrees>
       <LongitudeDegrees>139.7879031</LongitudeDegrees>
      </Position>
      <AltitudeMeters>4</AltitudeMeters>
      <DistanceMeters>544</DistanceMeters>
      <HeartRateBpm>
       <Value>122</Value>
      </HeartRateBpm>
      <Cadence>75</Cadence>
      <Extensions>
       <Speed>6.700000</Speed>
      </Extensions>
     </Trackpoint>
     <Trackpoint>
      <Time>2026-05-25T11:10:02Z</Time>
      <Position>
       <LatitudeDegrees>35.7020489</LatitudeDegrees>
       <LongitudeDegrees>139.7879035</LongitudeDegrees>
      </Position>
      <AltitudeMeters>4</AltitudeMeters>
      <DistanceMeters>546</DistanceMeters>
      <HeartRateBpm>
       <Value>122</Value>
      </HeartRateBpm>
      <Cadence>75</Cadence>
      <Extensions>
       <Speed>6.670000</Speed>
      </Extensions>
     </Trackpoint>
     <Trackpoint>
      <Time>2026-05-25T11:10:03Z</Time>
      <Position>
       <LatitudeDegrees>35.7020326</LatitudeDegrees>
       <LongitudeDegrees>139.7879031</LongitudeDegrees>
      </Position>
      <AltitudeMeters>4</AltitudeMeters>
      <DistanceMeters>548</DistanceMeters>
      <HeartRateBpm>
       <Value>122</Value>
      </HeartRateBpm>
      <Cadence>75</Cadence>
      <Extensions>
       <Speed>6.650000</Speed>
      </Extensions>
     </Trackpoint>
     <Trackpoint>
      <Time>2026-05-25T11:10:04Z</Time>
      <Position>
       <LatitudeDegrees>35.7020164</LatitudeDegrees>
       <LongitudeDegrees>139.7879027</LongitudeDegrees>
      </Position>
      <AltitudeMeters>4</AltitudeMeters>
      <DistanceMeters>550</DistanceMeters>
      <HeartRateBpm>
       <Value>122</Value>
      </HeartRateBpm>
      <Cadence>75</Cadence>
      <Extensions>
       <Speed>6.620000</Speed>
      </Extensions>
     </Trackpoint>
     <Trackpoint>
      <Time>2026-05-25T11:10:05Z</Time>
      <Position>
       <LatitudeDegrees>35.7019996</LatitudeDegrees>
       <LongitudeDegrees>139.7879009</LongitudeDegrees>
      </Position>
      <AltitudeMeters>4</AltitudeMeters>
      <DistanceMeters>551</DistanceMeters>
      <HeartRateBpm>
       <Value>122</Value>
      </HeartRateBpm>
      <Cadence>75</Cadence>
      <Extensions>
       <Speed>6.590000</Speed>
      </Extensions>
     </Trackpoint>
     <Trackpoint>
      <Time>2026-05-25T11:10:06Z</Time>
      <Position>
       <LatitudeDegrees>35.7019828</LatitudeDegrees>
       <LongitudeDegrees>139.7878991</LongitudeDegrees>
      </Position>
      <AltitudeMeters>4</AltitudeMeters>
      <DistanceMeters>553</DistanceMeters>
      <HeartRateBpm>
       <Value>122</Value>
      </HeartRateBpm>
      <Cadence>75</Cadence>
      <Extensions>
       <Speed>6.530000</Speed>
      </Extensions>
     </Trackpoint>
     <Trackpoint>
      <Time>2026-05-25T11:10:07Z</Time>
      <Position>
       <LatitudeDegrees>35.7019649</LatitudeDegrees>
       <LongitudeDegrees>139.7878962</LongitudeDegrees>
      </Position>
      <AltitudeMeters>4</AltitudeMeters>
      <DistanceMeters>555</DistanceMeters>
      <HeartRateBpm>
       <Value>122</Value>
      </HeartRateBpm>
      <Cadence>75</Cadence>
      <Extensions>
       <Speed>6.470000</Speed>
      </Extensions>
     </Trackpoint>
     <Trackpoint>
      <Time>2026-05-25T11:10:08Z</Time>
      <Position>
       <LatitudeDegrees>35.7019471</LatitudeDegrees>
       <LongitudeDegrees>139.7878934</LongitudeDegrees>
      </Position>
      <AltitudeMeters>4</AltitudeMeters>
      <DistanceMeters>557</DistanceMeters>
      <HeartRateBpm>
       <Value>122</Value>
      </HeartRateBpm>
      <Cadence>75</Cadence>
      <Extensions>
       <Speed>6.460000</Speed>
      </Extensions>
     </Trackpoint>
     <Trackpoint>
      <Time>2026-05-25T11:10:09Z</Time>
      <Position>
       <LatitudeDegrees>35.7019294</LatitudeDegrees>
       <LongitudeDegrees>139.7878891</LongitudeDegrees>
      </Position>
      <AltitudeMeters>4</AltitudeMeters>
      <DistanceMeters>559</DistanceMeters>
      <HeartRateBpm>
       <Value>122</Value>
      </HeartRateBpm>
      <Cadence>75</Cadence>
      <Extensions>
       <Speed>6.450000</Speed>
      </Extensions>
     </Trackpoint>
     <Trackpoint>
      <Time>2026-05-25T11:10:10Z</Time>
      <Position>
       <LatitudeDegrees>35.7019118</LatitudeDegrees>
       <LongitudeDegrees>139.7878849</LongitudeDegrees>
      </Position>
      <AltitudeMeters>4</AltitudeMeters>
      <DistanceMeters>561</DistanceMeters>
      <HeartRateBpm>
       <Value>122</Value>
      </HeartRateBpm>
      <Cadence>75</Cadence>
      <Extensions>
       <Speed>6.470000</Speed>
      </Extensions>
     </Trackpoint>
     <Trackpoint>
      <Time>2026-05-25T11:10:11Z</Time>
      <Position>
       <LatitudeDegrees>35.7018969</LatitudeDegrees>
       <LongitudeDegrees>139.7878764</LongitudeDegrees>
      </Position>
      <AltitudeMeters>4</AltitudeMeters>
      <DistanceMeters>563</DistanceMeters>
      <HeartRateBpm>
       <Value>122</Value>
      </HeartRateBpm>
      <Cadence>75</Cadence>
      <Extensions>
       <Speed>6.490000</Speed>
      </Extensions>
     </Trackpoint>
     <Trackpoint>
      <Time>2026-05-25T11:10:12Z</Time>
      <Position>
       <LatitudeDegrees>35.7018820</LatitudeDegrees>
       <LongitudeDegrees>139.7878679</LongitudeDegrees>
      </Position>
      <AltitudeMeters>4</AltitudeMeters>
      <DistanceMeters>565</DistanceMeters>
      <HeartRateBpm>
       <Value>122</Value>
      </HeartRateBpm>
      <Cadence>75</Cadence>
      <Extensions>
       <Speed>6.510000</Speed>
      </Extensions>
     </Trackpoint>
     <Trackpoint>
      <Time>2026-05-25T11:10:13Z</Time>
      <Position>
       <LatitudeDegrees>35.7018686</LatitudeDegrees>
       <LongitudeDegrees>139.7878574</LongitudeDegrees>
      </Position>
      <AltitudeMeters>4</AltitudeMeters>
      <DistanceMeters>567</DistanceMeters>
      <HeartRateBpm>
       <Value>122</Value>
      </HeartRateBpm>
      <Cadence>75</Cadence>
      <Extensions>
       <Speed>6.530000</Speed>
      </Extensions>
     </Trackpoint>
     <Trackpoint>
      <Time>2026-05-25T11:10:14Z</Time>
      <Position>
       <LatitudeDegrees>35.7018552</LatitudeDegrees>
       <LongitudeDegrees>139.7878469</LongitudeDegrees>
      </Position>
      <AltitudeMeters>4</AltitudeMeters>
      <DistanceMeters>568</DistanceMeters>
      <HeartRateBpm>
       <Value>122</Value>
      </HeartRateBpm>
      <Cadence>75</Cadence>
      <Extensions>
       <Speed>6.540000</Speed>
      </Extensions>
     </Trackpoint>
     <Trackpoint>
      <Time>2026-05-25T11:10:15Z</Time>
      <Position>
       <LatitudeDegrees>35.7018399</LatitudeDegrees>
       <LongitudeDegrees>139.7878398</LongitudeDegrees>
      </Position>
      <AltitudeMeters>4</AltitudeMeters>
      <DistanceMeters>570</DistanceMeters>
      <HeartRateBpm>
       <Value>122</Value>
      </HeartRateBpm>
      <Cadence>75</Cadence>
      <Extensions>
       <Speed>6.550000</Speed>
      </Extensions>
     </Trackpoint>
     <Trackpoint>
      <Time>2026-05-25T11:10:16Z</Time>
      <Position>
       <LatitudeDegrees>35.7018247</LatitudeDegrees>
       <LongitudeDegrees>139.7878327</LongitudeDegrees>
      </Position>
      <AltitudeMeters>4</AltitudeMeters>
      <DistanceMeters>572</DistanceMeters>
      <HeartRateBpm>
       <Value>122</Value>
      </HeartRateBpm>
      <Cadence>75</Cadence>
      <Extensions>
       <Speed>6.570000</Speed>
      </Extensions>
     </Trackpoint>
     <Trackpoint>
      <Time>2026-05-25T11:10:17Z</Time>
      <Position>
       <LatitudeDegrees>35.7018082</LatitudeDegrees>
       <LongitudeDegrees>139.7878296</LongitudeDegrees>
      </Position>
      <AltitudeMeters>4</AltitudeMeters>
      <DistanceMeters>574</DistanceMeters>
      <HeartRateBpm>
       <Value>121</Value>
      </HeartRateBpm>
      <Cadence>76</Cadence>
      <Extensions>
       <Speed>6.600000</Speed>
      </Extensions>
     </Trackpoint>
     <Trackpoint>
      <Time>2026-05-25T11:10:18Z</Time>
      <Position>
       <LatitudeDegrees>35.7017917</LatitudeDegrees>
       <LongitudeDegrees>139.7878265</LongitudeDegrees>
      </Position>
      <AltitudeMeters>4</AltitudeMeters>
      <DistanceMeters>576</DistanceMeters>
      <HeartRateBpm>
       <Value>121</Value>
      </HeartRateBpm>
      <Cadence>76</Cadence>
      <Extensions>
       <Speed>6.610000</Speed>
      </Extensions>
     </Trackpoint>
     <Trackpoint>
      <Time>2026-05-25T11:10:19Z</Time>
      <Position>
       <LatitudeDegrees>35.7017756</LatitudeDegrees>
       <LongitudeDegrees>139.7878232</LongitudeDegrees>
      </Position>
      <AltitudeMeters>4</AltitudeMeters>
      <DistanceMeters>577</DistanceMeters>
      <HeartRateBpm>
       <Value>120</Value>
      </HeartRateBpm>
      <Cadence>76</Cadence>
      <Extensions>
       <Speed>6.620000</Speed>
      </Extensions>
     </Trackpoint>
     <Trackpoint>
      <Time>2026-05-25T11:10:20Z</Time>
      <Position>
       <LatitudeDegrees>35.7017595</LatitudeDegrees>
       <LongitudeDegrees>139.7878200</LongitudeDegrees>
      </Position>
      <AltitudeMeters>4</AltitudeMeters>
      <DistanceMeters>579</DistanceMeters>
      <HeartRateBpm>
       <Value>120</Value>
      </HeartRateBpm>
      <Cadence>76</Cadence>
      <Extensions>
       <Speed>6.630000</Speed>
      </Extensions>
     </Trackpoint>
     <Trackpoint>
      <Time>2026-05-25T11:10:21Z</Time>
      <Position>
       <LatitudeDegrees>35.7017458</LatitudeDegrees>
       <LongitudeDegrees>139.7878109</LongitudeDegrees>
      </Position>
      <AltitudeMeters>4</AltitudeMeters>
      <DistanceMeters>581</DistanceMeters>
      <HeartRateBpm>
       <Value>121</Value>
      </HeartRateBpm>
      <Cadence>76</Cadence>
      <Extensions>
       <Speed>6.640000</Speed>
      </Extensions>
     </Trackpoint>
     <Trackpoint>
      <Time>2026-05-25T11:10:22Z</Time>
      <Position>
       <LatitudeDegrees>35.7017321</LatitudeDegrees>
       <LongitudeDegrees>139.7878018</LongitudeDegrees>
      </Position>
      <AltitudeMeters>4</AltitudeMeters>
      <DistanceMeters>583</DistanceMeters>
      <HeartRateBpm>
       <Value>121</Value>
      </HeartRateBpm>
      <Cadence>76</Cadence>
      <Extensions>
       <Speed>6.650000</Speed>
      </Extensions>
     </Trackpoint>
     <Trackpoint>
      <Time>2026-05-25T11:10:23Z</Time>
      <Position>
       <LatitudeDegrees>35.7017220</LatitudeDegrees>
       <LongitudeDegrees>139.7877864</LongitudeDegrees>
      </Position>
      <AltitudeMeters>4</AltitudeMeters>
      <DistanceMeters>585</DistanceMeters>
      <HeartRateBpm>
       <Value>122</Value>
      </HeartRateBpm>
      <Cadence>76</Cadence>
      <Extensions>
       <Speed>6.660000</Speed>
      </Extensions>
     </Trackpoint>
     <Trackpoint>
      <Time>2026-05-25T11:10:24Z</Time>
      <Position>
       <LatitudeDegrees>35.7017119</LatitudeDegrees>
       <LongitudeDegrees>139.7877710</LongitudeDegrees>
      </Position>
      <AltitudeMeters>4</AltitudeMeters>
      <DistanceMeters>587</DistanceMeters>
      <HeartRateBpm>
       <Value>122</Value>
      </HeartRateBpm>
      <Cadence>76</Cadence>
      <Extensions>
       <Speed>6.660000</Speed>
      </Extensions>
     </Trackpoint>
     <Trackpoint>
      <Time>2026-05-25T11:10:25Z</Time>
      <Position>
       <LatitudeDegrees>35.7017040</LatitudeDegrees>
       <LongitudeDegrees>139.7877518</LongitudeDegrees>
      </Position>
      <AltitudeMeters>4</AltitudeMeters>
      <DistanceMeters>589</DistanceMeters>
      <HeartRateBpm>
       <Value>123</Value>
      </HeartRateBpm>
      <Cadence>76</Cadence>
      <Extensions>
       <Speed>6.670000</Speed>
      </Extensions>
     </Trackpoint>
     <Trackpoint>
      <Time>2026-05-25T11:10:26Z</Time>
      <Position>
       <LatitudeDegrees>35.7016961</LatitudeDegrees>
       <LongitudeDegrees>139.7877327</LongitudeDegrees>
      </Position>
      <AltitudeMeters>4</AltitudeMeters>
      <DistanceMeters>590</DistanceMeters>
      <HeartRateBpm>
       <Value>123</Value>
      </HeartRateBpm>
      <Cadence>75</Cadence>
      <Extensions>
       <Speed>6.670000</Speed>
      </Extensions>
     </Trackpoint>
     <Trackpoint>
      <Time>2026-05-25T11:10:27Z</Time>
      <Position>
       <LatitudeDegrees>35.7016896</LatitudeDegrees>
       <LongitudeDegrees>139.7877117</LongitudeDegrees>
      </Position>
      <AltitudeMeters>4</AltitudeMeters>
      <DistanceMeters>592</DistanceMeters>
      <HeartRateBpm>
       <Value>124</Value>
      </HeartRateBpm>
      <Cadence>75</Cadence>
      <Extensions>
       <Speed>6.670000</Speed>
      </Extensions>
     </Trackpoint>
     <Trackpoint>
      <Time>2026-05-25T11:10:28Z</Time>
      <Position>
       <LatitudeDegrees>35.7016831</LatitudeDegrees>
       <LongitudeDegrees>139.7876908</LongitudeDegrees>
      </Position>
      <AltitudeMeters>4</AltitudeMeters>
      <DistanceMeters>594</DistanceMeters>
      <HeartRateBpm>
       <Value>124</Value>
      </HeartRateBpm>
      <Cadence>75</Cadence>
      <Extensions>
       <Speed>6.670000</Speed>
      </Extensions>
     </Trackpoint>
     <Trackpoint>
      <Time>2026-05-25T11:10:29Z</Time>
      <Position>
       <LatitudeDegrees>35.7016775</LatitudeDegrees>
       <LongitudeDegrees>139.7876687</LongitudeDegrees>
      </Position>
      <AltitudeMeters>4</AltitudeMeters>
      <DistanceMeters>597</DistanceMeters>
      <HeartRateBpm>
       <Value>123</Value>
      </HeartRateBpm>
      <Cadence>75</Cadence>
      <Extensions>
       <Speed>6.680000</Speed>
      </Extensions>
     </Trackpoint>
     <Trackpoint>
      <Time>2026-05-25T11:10:30Z</Time>
      <Position>
       <LatitudeDegrees>35.7016719</LatitudeDegrees>
       <LongitudeDegrees>139.7876466</LongitudeDegrees>
      </Position>
      <AltitudeMeters>4</AltitudeMeters>
      <DistanceMeters>599</DistanceMeters>
      <HeartRateBpm>
       <Value>123</Value>
      </HeartRateBpm>
      <Cadence>75</Cadence>
      <Extensions>
       <Speed>6.680000</Speed>
      </Extensions>
     </Trackpoint>
     <Trackpoint>
      <Time>2026-05-25T11:10:31Z</Time>
      <Position>
       <LatitudeDegrees>35.7016668</LatitudeDegrees>
       <LongitudeDegrees>139.7876247</LongitudeDegrees>
      </Position>
      <AltitudeMeters>4</AltitudeMeters>
      <DistanceMeters>601</DistanceMeters>
      <HeartRateBpm>
       <Value>123</Value>
      </HeartRateBpm>
      <Cadence>75</Cadence>
      <Extensions>
       <Speed>6.680000</Speed>
      </Extensions>
     </Trackpoint>
     <Trackpoint>
      <Time>2026-05-25T11:10:32Z</Time>
      <Position>
       <LatitudeDegrees>35.7016617</LatitudeDegrees>
       <LongitudeDegrees>139.7876028</LongitudeDegrees>
      </Position>
      <AltitudeMeters>4</AltitudeMeters>
      <DistanceMeters>603</DistanceMeters>
      <HeartRateBpm>
       <Value>123</Value>
      </HeartRateBpm>
      <Cadence>75</Cadence>
      <Extensions>
       <Speed>6.690000</Speed>
      </Extensions>
     </Trackpoint>
     <Trackpoint>
      <Time>2026-05-25T11:10:33Z</Time>
      <Position>
       <LatitudeDegrees>35.7016573</LatitudeDegrees>
       <LongitudeDegrees>139.7875801</LongitudeDegrees>
      </Position>
      <AltitudeMeters>4</AltitudeMeters>
      <DistanceMeters>605</DistanceMeters>
      <HeartRateBpm>
       <Value>123</Value>
      </HeartRateBpm>
      <Cadence>75</Cadence>
      <Extensions>
       <Speed>6.700000</Speed>
      </Extensions>
     </Trackpoint>
     <Trackpoint>
      <Time>2026-05-25T11:10:34Z</Time>
      <Position>
       <LatitudeDegrees>35.7016530</LatitudeDegrees>
       <LongitudeDegrees>139.7875574</LongitudeDegrees>
      </Position>
      <AltitudeMeters>4</AltitudeMeters>
      <DistanceMeters>607</DistanceMeters>
      <HeartRateBpm>
       <Value>122</Value>
      </HeartRateBpm>
      <Cadence>75</Cadence>
      <Extensions>
       <Speed>6.710000</Speed>
      </Extensions>
     </Trackpoint>
     <Trackpoint>
      <Time>2026-05-25T11:10:35Z</Time>
      <Position>
       <LatitudeDegrees>35.7016506</LatitudeDegrees>
       <LongitudeDegrees>139.7875379</LongitudeDegrees>
      </Position>
      <AltitudeMeters>4</AltitudeMeters>
      <DistanceMeters>609</DistanceMeters>
      <HeartRateBpm>
       <Value>122</Value>
      </HeartRateBpm>
      <Cadence>75</Cadence>
      <Extensions>
       <Speed>6.720000</Speed>
      </Extensions>
     </Trackpoint>
     <Trackpoint>
      <Time>2026-05-25T11:10:36Z</Time>
      <Position>
       <LatitudeDegrees>35.7016483</LatitudeDegrees>
       <LongitudeDegrees>139.7875184</LongitudeDegrees>
      </Position>
      <AltitudeMeters>4</AltitudeMeters>
      <DistanceMeters>610</DistanceMeters>
      <HeartRateBpm>
       <Value>122</Value>
      </HeartRateBpm>
      <Cadence>75</Cadence>
      <Extensions>
       <Speed>6.730000</Speed>
      </Extensions>
     </Trackpoint>
     <Trackpoint>
      <Time>2026-05-25T11:10:37Z</Time>
      <Position>
       <LatitudeDegrees>35.7016491</LatitudeDegrees>
       <LongitudeDegrees>139.7875010</LongitudeDegrees>
      </Position>
      <AltitudeMeters>4</AltitudeMeters>
      <DistanceMeters>611</DistanceMeters>
      <HeartRateBpm>
       <Value>122</Value>
      </HeartRateBpm>
      <Cadence>76</Cadence>
      <Extensions>
       <Speed>6.740000</Speed>
      </Extensions>
     </Trackpoint>
     <Trackpoint>
      <Time>2026-05-25T11:10:38Z</Time>
      <Position>
       <LatitudeDegrees>35.7016500</LatitudeDegrees>
       <LongitudeDegrees>139.7874837</LongitudeDegrees>
      </Position>
      <AltitudeMeters>4</AltitudeMeters>
      <DistanceMeters>613</DistanceMeters>
      <HeartRateBpm>
       <Value>123</Value>
      </HeartRateBpm>
      <Cadence>75</Cadence>
      <Extensions>
       <Speed>6.740000</Speed>
      </Extensions>
     </Trackpoint>
     <Trackpoint>
      <Time>2026-05-25T11:10:39Z</Time>
      <Position>
       <LatitudeDegrees>35.7016526</LatitudeDegrees>
       <LongitudeDegrees>139.7874669</LongitudeDegrees>
      </Position>
      <AltitudeMeters>4</AltitudeMeters>
      <DistanceMeters>615</DistanceMeters>
      <HeartRateBpm>
       <Value>123</Value>
      </HeartRateBpm>
      <Cadence>75</Cadence>
      <Extensions>
       <Speed>6.740000</Speed>
      </Extensions>
     </Trackpoint>
     <Trackpoint>
      <Time>2026-05-25T11:10:40Z</Time>
      <Position>
       <LatitudeDegrees>35.7016552</LatitudeDegrees>
       <LongitudeDegrees>139.7874502</LongitudeDegrees>
      </Position>
      <AltitudeMeters>4</AltitudeMeters>
      <DistanceMeters>616</DistanceMeters>
      <HeartRateBpm>
       <Value>123</Value>
      </HeartRateBpm>
      <Cadence>75</Cadence>
      <Extensions>
       <Speed>6.740000</Speed>
      </Extensions>
     </Trackpoint>
     <Trackpoint>
      <Time>2026-05-25T11:10:41Z</Time>
      <Position>
       <LatitudeDegrees>35.7016583</LatitudeDegrees>
       <LongitudeDegrees>139.7874320</LongitudeDegrees>
      </Position>
      <AltitudeMeters>4</AltitudeMeters>
      <DistanceMeters>618</DistanceMeters>
      <HeartRateBpm>
       <Value>123</Value>
      </HeartRateBpm>
      <Cadence>76</Cadence>
      <Extensions>
       <Speed>6.740000</Speed>
      </Extensions>
     </Trackpoint>
     <Trackpoint>
      <Time>2026-05-25T11:10:42Z</Time>
      <Position>
       <LatitudeDegrees>35.7016614</LatitudeDegrees>
       <LongitudeDegrees>139.7874138</LongitudeDegrees>
      </Position>
      <AltitudeMeters>4</AltitudeMeters>
      <DistanceMeters>620</DistanceMeters>
      <HeartRateBpm>
       <Value>124</Value>
      </HeartRateBpm>
      <Cadence>76</Cadence>
      <Extensions>
       <Speed>6.740000</Speed>
      </Extensions>
     </Trackpoint>
     <Trackpoint>
      <Time>2026-05-25T11:10:43Z</Time>
      <Position>
       <LatitudeDegrees>35.7016654</LatitudeDegrees>
       <LongitudeDegrees>139.7873951</LongitudeDegrees>
      </Position>
      <AltitudeMeters>4</AltitudeMeters>
      <DistanceMeters>622</DistanceMeters>
      <HeartRateBpm>
       <Value>124</Value>
      </HeartRateBpm>
      <Cadence>76</Cadence>
      <Extensions>
       <Speed>6.740000</Speed>
      </Extensions>
     </Trackpoint>
     <Trackpoint>
      <Time>2026-05-25T11:10:44Z</Time>
      <Position>
       <LatitudeDegrees>35.7016694</LatitudeDegrees>
       <LongitudeDegrees>139.7873765</LongitudeDegrees>
      </Position>
      <AltitudeMeters>4</AltitudeMeters>
      <DistanceMeters>624</DistanceMeters>
      <HeartRateBpm>
       <Value>124</Value>
      </HeartRateBpm>
      <Cadence>75</Cadence>
      <Extensions>
       <Speed>6.730000</Speed>
      </Extensions>
     </Trackpoint>
     <Trackpoint>
      <Time>2026-05-25T11:10:45Z</Time>
      <Position>
       <LatitudeDegrees>35.7016723</LatitudeDegrees>
       <LongitudeDegrees>139.7873590</LongitudeDegrees>
      </Position>
      <AltitudeMeters>4</AltitudeMeters>
      <DistanceMeters>625</DistanceMeters>
      <HeartRateBpm>
       <Value>124</Value>
      </HeartRateBpm>
      <Cadence>75</Cadence>
      <Extensions>
       <Speed>6.730000</Speed>
      </Extensions>
     </Trackpoint>
     <Trackpoint>
      <Time>2026-05-25T11:10:46Z</Time>
      <Position>
       <LatitudeDegrees>35.7016753</LatitudeDegrees>
       <LongitudeDegrees>139.7873415</LongitudeDegrees>
      </Position>
      <AltitudeMeters>4</AltitudeMeters>
      <DistanceMeters>626</DistanceMeters>
      <HeartRateBpm>
       <Value>124</Value>
      </HeartRateBpm>
      <Cadence>75</Cadence>
      <Extensions>
       <Speed>6.710000</Speed>
      </Extensions>
     </Trackpoint>
     <Trackpoint>
      <Time>2026-05-25T11:10:47Z</Time>
      <Position>
       <LatitudeDegrees>35.7016752</LatitudeDegrees>
       <LongitudeDegrees>139.7873267</LongitudeDegrees>
      </Position>
      <AltitudeMeters>4</AltitudeMeters>
      <DistanceMeters>628</DistanceMeters>
      <HeartRateBpm>
       <Value>124</Value>
      </HeartRateBpm>
      <Cadence>76</Cadence>
      <Extensions>
       <Speed>6.690000</Speed>
      </Extensions>
     </Trackpoint>
     <Trackpoint>
      <Time>2026-05-25T11:10:48Z</Time>
      <Position>
       <LatitudeDegrees>35.7016752</LatitudeDegrees>
       <LongitudeDegrees>139.7873120</LongitudeDegrees>
      </Position>
      <AltitudeMeters>4</AltitudeMeters>
      <DistanceMeters>629</DistanceMeters>
      <HeartRateBpm>
       <Value>124</Value>
      </HeartRateBpm>
      <Cadence>76</Cadence>
      <Extensions>
       <Speed>6.670000</Speed>
      </Extensions>
     </Trackpoint>
     <Trackpoint>
      <Time>2026-05-25T11:10:49Z</Time>
      <Position>
       <LatitudeDegrees>35.7016724</LatitudeDegrees>
       <LongitudeDegrees>139.7872972</LongitudeDegrees>
      </Position>
      <AltitudeMeters>4</AltitudeMeters>
      <DistanceMeters>630</DistanceMeters>
      <HeartRateBpm>
       <Value>124</Value>
      </HeartRateBpm>
      <Cadence>76</Cadence>
      <Extensions>
       <Speed>6.660000</Speed>
      </Extensions>
     </Trackpoint>
     <Trackpoint>
      <Time>2026-05-25T11:10:50Z</Time>
      <Position>
       <LatitudeDegrees>35.7016697</LatitudeDegrees>
       <LongitudeDegrees>139.7872824</LongitudeDegrees>
      </Position>
      <AltitudeMeters>4</AltitudeMeters>
      <DistanceMeters>632</DistanceMeters>
      <HeartRateBpm>
       <Value>124</Value>
      </HeartRateBpm>
      <Cadence>76</Cadence>
      <Extensions>
       <Speed>6.650000</Speed>
      </Extensions>
     </Trackpoint>
     <Trackpoint>
      <Time>2026-05-25T11:10:51Z</Time>
      <Position>
       <LatitudeDegrees>35.7016651</LatitudeDegrees>
       <LongitudeDegrees>139.7872676</LongitudeDegrees>
      </Position>
      <AltitudeMeters>4</AltitudeMeters>
      <DistanceMeters>633</DistanceMeters>
      <HeartRateBpm>
       <Value>124</Value>
      </HeartRateBpm>
      <Cadence>76</Cadence>
      <Extensions>
       <Speed>6.640000</Speed>
      </Extensions>
     </Trackpoint>
     <Trackpoint>
      <Time>2026-05-25T11:10:52Z</Time>
      <Position>
       <LatitudeDegrees>35.7016606</LatitudeDegrees>
       <LongitudeDegrees>139.7872528</LongitudeDegrees>
      </Position>
      <AltitudeMeters>4</AltitudeMeters>
      <DistanceMeters>634</DistanceMeters>
      <HeartRateBpm>
       <Value>124</Value>
      </HeartRateBpm>
      <Cadence>76</Cadence>
      <Extensions>
       <Speed>6.620000</Speed>
      </Extensions>
     </Trackpoint>
     <Trackpoint>
      <Time>2026-05-25T11:10:53Z</Time>
      <Position>
       <LatitudeDegrees>35.7016552</LatitudeDegrees>
       <LongitudeDegrees>139.7872359</LongitudeDegrees>
      </Position>
      <AltitudeMeters>4</AltitudeMeters>
      <DistanceMeters>636</DistanceMeters>
      <HeartRateBpm>
       <Value>124</Value>
      </HeartRateBpm>
      <Cadence>77</Cadence>
      <Extensions>
       <Speed>6.600000</Speed>
      </Extensions>
     </Trackpoint>
     <Trackpoint>
      <Time>2026-05-25T11:10:54Z</Time>
      <Position>
       <LatitudeDegrees>35.7016498</LatitudeDegrees>
       <LongitudeDegrees>139.7872191</LongitudeDegrees>
      </Position>
      <AltitudeMeters>4</AltitudeMeters>
      <DistanceMeters>638</DistanceMeters>
      <HeartRateBpm>
       <Value>124</Value>
      </HeartRateBpm>
      <Cadence>77</Cadence>
      <Extensions>
       <Speed>6.580000</Speed>
      </Extensions>
     </Trackpoint>
     <Trackpoint>
      <Time>2026-05-25T11:10:55Z</Time>
      <Position>
       <LatitudeDegrees>35.7016442</LatitudeDegrees>
       <LongitudeDegrees>139.7871994</LongitudeDegrees>
      </Position>
      <AltitudeMeters>4</AltitudeMeters>
      <DistanceMeters>640</DistanceMeters>
      <HeartRateBpm>
       <Value>124</Value>
      </HeartRateBpm>
      <Cadence>77</Cadence>
      <Extensions>
       <Speed>6.570000</Speed>
      </Extensions>
     </Trackpoint>
     <Trackpoint>
      <Time>2026-05-25T11:10:56Z</Time>
      <Position>
       <LatitudeDegrees>35.7016386</LatitudeDegrees>
       <LongitudeDegrees>139.7871798</LongitudeDegrees>
      </Position>
      <AltitudeMeters>4</AltitudeMeters>
      <DistanceMeters>642</DistanceMeters>
      <HeartRateBpm>
       <Value>124</Value>
      </HeartRateBpm>
      <Cadence>76</Cadence>
      <Extensions>
       <Speed>6.560000</Speed>
      </Extensions>
     </Trackpoint>
     <Trackpoint>
      <Time>2026-05-25T11:10:57Z</Time>
      <Position>
       <LatitudeDegrees>35.7016324</LatitudeDegrees>
       <LongitudeDegrees>139.7871594</LongitudeDegrees>
      </Position>
      <AltitudeMeters>4</AltitudeMeters>
      <DistanceMeters>644</DistanceMeters>
      <HeartRateBpm>
       <Value>124</Value>
      </HeartRateBpm>
      <Cadence>76</Cadence>
      <Extensions>
       <Speed>6.550000</Speed>
      </Extensions>
     </Trackpoint>
     <Trackpoint>
      <Time>2026-05-25T11:10:58Z</Time>
      <Position>
       <LatitudeDegrees>35.7016262</LatitudeDegrees>
       <LongitudeDegrees>139.7871391</LongitudeDegrees>
      </Position>
      <AltitudeMeters>5</AltitudeMeters>
      <DistanceMeters>646</DistanceMeters>
      <HeartRateBpm>
       <Value>124</Value>
      </HeartRateBpm>
      <Cadence>76</Cadence>
      <Extensions>
       <Speed>6.540000</Speed>
      </Extensions>
     </Trackpoint>
     <Trackpoint>
      <Time>2026-05-25T11:10:59Z</Time>
      <Position>
       <LatitudeDegrees>35.7016201</LatitudeDegrees>
       <LongitudeDegrees>139.7871187</LongitudeDegrees>
      </Position>
      <AltitudeMeters>5</AltitudeMeters>
      <DistanceMeters>648</DistanceMeters>
      <HeartRateBpm>
       <Value>124</Value>
      </HeartRateBpm>
      <Cadence>76</Cadence>
      <Extensions>
       <Speed>6.540000</Speed>
      </Extensions>
     </Trackpoint>
     <Trackpoint>
      <Time>2026-05-25T11:11:00Z</Time>
      <Position>
       <LatitudeDegrees>35.7016141</LatitudeDegrees>
       <LongitudeDegrees>139.7870983</LongitudeDegrees>
      </Position>
      <AltitudeMeters>5</AltitudeMeters>
      <DistanceMeters>650</DistanceMeters>
      <HeartRateBpm>
       <Value>125</Value>
      </HeartRateBpm>
      <Cadence>76</Cadence>
      <Extensions>
       <Speed>6.530000</Speed>
      </Extensions>
     </Trackpoint>
     <Trackpoint>
      <Time>2026-05-25T11:11:01Z</Time>
      <Position>
       <LatitudeDegrees>35.7016079</LatitudeDegrees>
       <LongitudeDegrees>139.7870781</LongitudeDegrees>
      </Position>
      <AltitudeMeters>5</AltitudeMeters>
      <DistanceMeters>652</DistanceMeters>
      <HeartRateBpm>
       <Value>125</Value>
      </HeartRateBpm>
      <Cadence>76</Cadence>
      <Extensions>
       <Speed>6.520000</Speed>
      </Extensions>
     </Trackpoint>
     <Trackpoint>
      <Time>2026-05-25T11:11:02Z</Time>
      <Position>
       <LatitudeDegrees>35.7016018</LatitudeDegrees>
       <LongitudeDegrees>139.7870580</LongitudeDegrees>
      </Position>
      <AltitudeMeters>5</AltitudeMeters>
      <DistanceMeters>654</DistanceMeters>
      <HeartRateBpm>
       <Value>125</Value>
      </HeartRateBpm>
      <Cadence>76</Cadence>
      <Extensions>
       <Speed>6.520000</Speed>
      </Extensions>
     </Trackpoint>
     <Trackpoint>
      <Time>2026-05-25T11:11:03Z</Time>
      <Position>
       <LatitudeDegrees>35.7015952</LatitudeDegrees>
       <LongitudeDegrees>139.7870379</LongitudeDegrees>
      </Position>
      <AltitudeMeters>5</AltitudeMeters>
      <DistanceMeters>656</DistanceMeters>
      <HeartRateBpm>
       <Value>125</Value>
      </HeartRateBpm>
      <Cadence>76</Cadence>
      <Extensions>
       <Speed>6.520000</Speed>
      </Extensions>
     </Trackpoint>
     <Trackpoint>
      <Time>2026-05-25T11:11:04Z</Time>
      <Position>
       <LatitudeDegrees>35.7015887</LatitudeDegrees>
       <LongitudeDegrees>139.7870179</LongitudeDegrees>
      </Position>
      <AltitudeMeters>5</AltitudeMeters>
      <DistanceMeters>658</DistanceMeters>
      <HeartRateBpm>
       <Value>125</Value>
      </HeartRateBpm>
      <Cadence>75</Cadence>
      <Extensions>
       <Speed>6.520000</Speed>
      </Extensions>
     </Trackpoint>
     <Trackpoint>
      <Time>2026-05-25T11:11:05Z</Time>
      <Position>
       <LatitudeDegrees>35.7015823</LatitudeDegrees>
       <LongitudeDegrees>139.7869983</LongitudeDegrees>
      </Position>
      <AltitudeMeters>5</AltitudeMeters>
      <DistanceMeters>660</DistanceMeters>
      <HeartRateBpm>
       <Value>126</Value>
      </HeartRateBpm>
      <Cadence>75</Cadence>
      <Extensions>
       <Speed>6.530000</Speed>
      </Extensions>
     </Trackpoint>
     <Trackpoint>
      <Time>2026-05-25T11:11:06Z</Time>
      <Position>
       <LatitudeDegrees>35.7015760</LatitudeDegrees>
       <LongitudeDegrees>139.7869787</LongitudeDegrees>
      </Position>
      <AltitudeMeters>5</AltitudeMeters>
      <DistanceMeters>662</DistanceMeters>
      <HeartRateBpm>
       <Value>125</Value>
      </HeartRateBpm>
      <Cadence>75</Cadence>
      <Extensions>
       <Speed>6.530000</Speed>
      </Extensions>
     </Trackpoint>
     <Trackpoint>
      <Time>2026-05-25T11:11:07Z</Time>
      <Position>
       <LatitudeDegrees>35.7015717</LatitudeDegrees>
       <LongitudeDegrees>139.7869596</LongitudeDegrees>
      </Position>
      <AltitudeMeters>5</AltitudeMeters>
      <DistanceMeters>663</DistanceMeters>
      <HeartRateBpm>
       <Value>125</Value>
      </HeartRateBpm>
      <Cadence>75</Cadence>
      <Extensions>
       <Speed>6.540000</Speed>
      </Extensions>
     </Trackpoint>
     <Trackpoint>
      <Time>2026-05-25T11:11:08Z</Time>
      <Position>
       <LatitudeDegrees>35.7015675</LatitudeDegrees>
       <LongitudeDegrees>139.7869406</LongitudeDegrees>
      </Position>
      <AltitudeMeters>5</AltitudeMeters>
      <DistanceMeters>665</DistanceMeters>
      <HeartRateBpm>
       <Value>125</Value>
      </HeartRateBpm>
      <Cadence>75</Cadence>
      <Extensions>
       <Speed>6.540000</Speed>
      </Extensions>
     </Trackpoint>
     <Trackpoint>
      <Time>2026-05-25T11:11:09Z</Time>
      <Position>
       <LatitudeDegrees>35.7015692</LatitudeDegrees>
       <LongitudeDegrees>139.7869230</LongitudeDegrees>
      </Position>
      <AltitudeMeters>5</AltitudeMeters>
      <DistanceMeters>667</DistanceMeters>
      <HeartRateBpm>
       <Value>124</Value>
      </HeartRateBpm>
      <Cadence>75</Cadence>
      <Extensions>
       <Speed>6.550000</Speed>
      </Extensions>
     </Trackpoint>
     <Trackpoint>
      <Time>2026-05-25T11:11:10Z</Time>
      <Position>
       <LatitudeDegrees>35.7015710</LatitudeDegrees>
       <LongitudeDegrees>139.7869055</LongitudeDegrees>
      </Position>
      <AltitudeMeters>5</AltitudeMeters>
      <DistanceMeters>668</DistanceMeters>
      <HeartRateBpm>
       <Value>124</Value>
      </HeartRateBpm>
      <Cadence>75</Cadence>
      <Extensions>
       <Speed>6.550000</Speed>
      </Extensions>
     </Trackpoint>
     <Trackpoint>
      <Time>2026-05-25T11:11:11Z</Time>
      <Position>
       <LatitudeDegrees>35.7015773</LatitudeDegrees>
       <LongitudeDegrees>139.7868880</LongitudeDegrees>
      </Position>
      <AltitudeMeters>5</AltitudeMeters>
      <DistanceMeters>670</DistanceMeters>
      <HeartRateBpm>
       <Value>124</Value>
      </HeartRateBpm>
      <Cadence>75</Cadence>
      <Extensions>
       <Speed>6.560000</Speed>
      </Extensions>
     </Trackpoint>
     <Trackpoint>
      <Time>2026-05-25T11:11:12Z</Time>
      <Position>
       <LatitudeDegrees>35.7015836</LatitudeDegrees>
       <LongitudeDegrees>139.7868706</LongitudeDegrees>
      </Position>
      <AltitudeMeters>5</AltitudeMeters>
      <DistanceMeters>672</DistanceMeters>
      <HeartRateBpm>
       <Value>124</Value>
      </HeartRateBpm>
      <Cadence>75</Cadence>
      <Extensions>
       <Speed>6.550000</Speed>
      </Extensions>
     </Trackpoint>
     <Trackpoint>
      <Time>2026-05-25T11:11:13Z</Time>
      <Position>
       <LatitudeDegrees>35.7015884</LatitudeDegrees>
       <LongitudeDegrees>139.7868530</LongitudeDegrees>
      </Position>
      <AltitudeMeters>5</AltitudeMeters>
      <DistanceMeters>674</DistanceMeters>
      <HeartRateBpm>
       <Value>124</Value>
      </HeartRateBpm>
      <Cadence>75</Cadence>
      <Extensions>
       <Speed>6.550000</Speed>
      </Extensions>
     </Trackpoint>
     <Trackpoint>
      <Time>2026-05-25T11:11:14Z</Time>
      <Position>
       <LatitudeDegrees>35.7015932</LatitudeDegrees>
       <LongitudeDegrees>139.7868355</LongitudeDegrees>
      </Position>
      <AltitudeMeters>5</AltitudeMeters>
      <DistanceMeters>675</DistanceMeters>
      <HeartRateBpm>
       <Value>125</Value>
      </HeartRateBpm>
      <Cadence>75</Cadence>
      <Extensions>
       <Speed>6.540000</Speed>
      </Extensions>
     </Trackpoint>
     <Trackpoint>
      <Time>2026-05-25T11:11:15Z</Time>
      <Position>
       <LatitudeDegrees>35.7015951</LatitudeDegrees>
       <LongitudeDegrees>139.7868166</LongitudeDegrees>
      </Position>
      <AltitudeMeters>5</AltitudeMeters>
      <DistanceMeters>676</DistanceMeters>
      <HeartRateBpm>
       <Value>125</Value>
      </HeartRateBpm>
      <Cadence>75</Cadence>
      <Extensions>
       <Speed>6.540000</Speed>
      </Extensions>
     </Trackpoint>
     <Trackpoint>
      <Time>2026-05-25T11:11:16Z</Time>
      <Position>
       <LatitudeDegrees>35.7015970</LatitudeDegrees>
       <LongitudeDegrees>139.7867977</LongitudeDegrees>
      </Position>
      <AltitudeMeters>5</AltitudeMeters>
      <DistanceMeters>678</DistanceMeters>
      <HeartRateBpm>
       <Value>125</Value>
      </HeartRateBpm>
      <Cadence>74</Cadence>
      <Extensions>
       <Speed>6.530000</Speed>
      </Extensions>
     </Trackpoint>
     <Trackpoint>
      <Time>2026-05-25T11:11:17Z</Time>
      <Position>
       <LatitudeDegrees>35.7015995</LatitudeDegrees>
       <LongitudeDegrees>139.7867775</LongitudeDegrees>
      </Position>
      <AltitudeMeters>5</AltitudeMeters>
      <DistanceMeters>681</DistanceMeters>
      <HeartRateBpm>
       <Value>125</Value>
      </HeartRateBpm>
      <Cadence>73</Cadence>
      <Extensions>
       <Speed>6.520000</Speed>
      </Extensions>
     </Trackpoint>
     <Trackpoint>
      <Time>2026-05-25T11:11:18Z</Time>
      <Position>
       <LatitudeDegrees>35.7016020</LatitudeDegrees>
       <LongitudeDegrees>139.7867573</LongitudeDegrees>
      </Position>
      <AltitudeMeters>5</AltitudeMeters>
      <DistanceMeters>682</DistanceMeters>
      <HeartRateBpm>
       <Value>125</Value>
      </HeartRateBpm>
      <Cadence>73</Cadence>
      <Extensions>
       <Speed>6.520000</Speed>
      </Extensions>
     </Trackpoint>
     <Trackpoint>
      <Time>2026-05-25T11:11:19Z</Time>
      <Position>
       <LatitudeDegrees>35.7016050</LatitudeDegrees>
       <LongitudeDegrees>139.7867362</LongitudeDegrees>
      </Position>
      <AltitudeMeters>5</AltitudeMeters>
      <DistanceMeters>684</DistanceMeters>
      <HeartRateBpm>
       <Value>125</Value>
      </HeartRateBpm>
      <Cadence>74</Cadence>
      <Extensions>
       <Speed>6.520000</Speed>
      </Extensions>
     </Trackpoint>
     <Trackpoint>
      <Time>2026-05-25T11:11:20Z</Time>
      <Position>
       <LatitudeDegrees>35.7016081</LatitudeDegrees>
       <LongitudeDegrees>139.7867151</LongitudeDegrees>
      </Position>
      <AltitudeMeters>5</AltitudeMeters>
      <DistanceMeters>686</DistanceMeters>
      <HeartRateBpm>
       <Value>125</Value>
      </HeartRateBpm>
      <Cadence>74</Cadence>
      <Extensions>
       <Speed>6.520000</Speed>
      </Extensions>
     </Trackpoint>
     <Trackpoint>
      <Time>2026-05-25T11:11:21Z</Time>
      <Position>
       <LatitudeDegrees>35.7016093</LatitudeDegrees>
       <LongitudeDegrees>139.7866950</LongitudeDegrees>
      </Position>
      <AltitudeMeters>5</AltitudeMeters>
      <DistanceMeters>688</DistanceMeters>
      <HeartRateBpm>
       <Value>125</Value>
      </HeartRateBpm>
      <Cadence>74</Cadence>
      <Extensions>
       <Speed>6.530000</Speed>
      </Extensions>
     </Trackpoint>
     <Trackpoint>
      <Time>2026-05-25T11:11:22Z</Time>
      <Position>
       <LatitudeDegrees>35.7016105</LatitudeDegrees>
       <LongitudeDegrees>139.7866750</LongitudeDegrees>
      </Position>
      <AltitudeMeters>5</AltitudeMeters>
      <DistanceMeters>690</DistanceMeters>
      <HeartRateBpm>
       <Value>125</Value>
      </HeartRateBpm>
      <Cadence>74</Cadence>
      <Extensions>
       <Speed>6.540000</Speed>
      </Extensions>
     </Trackpoint>
     <Trackpoint>
      <Time>2026-05-25T11:11:23Z</Time>
      <Position>
       <LatitudeDegrees>35.7016091</LatitudeDegrees>
       <LongitudeDegrees>139.7866559</LongitudeDegrees>
      </Position>
      <AltitudeMeters>5</AltitudeMeters>
      <DistanceMeters>691</DistanceMeters>
      <HeartRateBpm>
       <Value>124</Value>
      </HeartRateBpm>
      <Cadence>74</Cadence>
      <Extensions>
       <Speed>6.550000</Speed>
      </Extensions>
     </Trackpoint>
     <Trackpoint>
      <Time>2026-05-25T11:11:24Z</Time>
      <Position>
       <LatitudeDegrees>35.7016077</LatitudeDegrees>
       <LongitudeDegrees>139.7866369</LongitudeDegrees>
      </Position>
      <AltitudeMeters>5</AltitudeMeters>
      <DistanceMeters>693</DistanceMeters>
      <HeartRateBpm>
       <Value>124</Value>
      </HeartRateBpm>
      <Cadence>75</Cadence>
      <Extensions>
       <Speed>6.570000</Speed>
      </Extensions>
     </Trackpoint>
     <Trackpoint>
      <Time>2026-05-25T11:11:25Z</Time>
      <Position>
       <LatitudeDegrees>35.7016048</LatitudeDegrees>
       <LongitudeDegrees>139.7866191</LongitudeDegrees>
      </Position>
      <AltitudeMeters>5</AltitudeMeters>
      <DistanceMeters>695</DistanceMeters>
      <HeartRateBpm>
       <Value>124</Value>
      </HeartRateBpm>
      <Cadence>75</Cadence>
      <Extensions>
       <Speed>6.590000</Speed>
      </Extensions>
     </Trackpoint>
     <Trackpoint>
      <Time>2026-05-25T11:11:26Z</Time>
      <Position>
       <LatitudeDegrees>35.7016019</LatitudeDegrees>
       <LongitudeDegrees>139.7866014</LongitudeDegrees>
      </Position>
      <AltitudeMeters>5</AltitudeMeters>
      <DistanceMeters>696</DistanceMeters>
      <HeartRateBpm>
       <Value>124</Value>
      </HeartRateBpm>
      <Cadence>75</Cadence>
      <Extensions>
       <Speed>6.580000</Speed>
      </Extensions>
     </Trackpoint>
     <Trackpoint>
      <Time>2026-05-25T11:11:27Z</Time>
      <Position>
       <LatitudeDegrees>35.7015981</LatitudeDegrees>
       <LongitudeDegrees>139.7865821</LongitudeDegrees>
      </Position>
      <AltitudeMeters>5</AltitudeMeters>
      <DistanceMeters>698</DistanceMeters>
      <HeartRateBpm>
       <Value>124</Value>
      </HeartRateBpm>
      <Cadence>75</Cadence>
      <Extensions>
       <Speed>6.580000</Speed>
      </Extensions>
     </Trackpoint>
     <Trackpoint>
      <Time>2026-05-25T11:11:28Z</Time>
      <Position>
       <LatitudeDegrees>35.7015943</LatitudeDegrees>
       <LongitudeDegrees>139.7865629</LongitudeDegrees>
      </Position>
      <AltitudeMeters>5</AltitudeMeters>
      <DistanceMeters>700</DistanceMeters>
      <HeartRateBpm>
       <Value>124</Value>
      </HeartRateBpm>
      <Cadence>74</Cadence>
      <Extensions>
       <Speed>6.570000</Speed>
      </Extensions>
     </Trackpoint>
     <Trackpoint>
      <Time>2026-05-25T11:11:29Z</Time>
      <Position>
       <LatitudeDegrees>35.7015927</LatitudeDegrees>
       <LongitudeDegrees>139.7865430</LongitudeDegrees>
      </Position>
      <AltitudeMeters>5</AltitudeMeters>
      <DistanceMeters>702</DistanceMeters>
      <HeartRateBpm>
       <Value>124</Value>
      </HeartRateBpm>
      <Cadence>74</Cadence>
      <Extensions>
       <Speed>6.570000</Speed>
      </Extensions>
     </Trackpoint>
     <Trackpoint>
      <Time>2026-05-25T11:11:30Z</Time>
      <Position>
       <LatitudeDegrees>35.7015912</LatitudeDegrees>
       <LongitudeDegrees>139.7865232</LongitudeDegrees>
      </Position>
      <AltitudeMeters>5</AltitudeMeters>
      <DistanceMeters>704</DistanceMeters>
      <HeartRateBpm>
       <Value>124</Value>
      </HeartRateBpm>
      <Cadence>74</Cadence>
      <Extensions>
       <Speed>6.560000</Speed>
      </Extensions>
     </Trackpoint>
     <Trackpoint>
      <Time>2026-05-25T11:11:31Z</Time>
      <Position>
       <LatitudeDegrees>35.7015919</LatitudeDegrees>
       <LongitudeDegrees>139.7865029</LongitudeDegrees>
      </Position>
      <AltitudeMeters>5</AltitudeMeters>
      <DistanceMeters>705</DistanceMeters>
      <HeartRateBpm>
       <Value>124</Value>
      </HeartRateBpm>
      <Cadence>74</Cadence>
      <Extensions>
       <Speed>6.560000</Speed>
      </Extensions>
     </Trackpoint>
     <Trackpoint>
      <Time>2026-05-25T11:11:32Z</Time>
      <Position>
       <LatitudeDegrees>35.7015926</LatitudeDegrees>
       <LongitudeDegrees>139.7864827</LongitudeDegrees>
      </Position>
      <AltitudeMeters>5</AltitudeMeters>
      <DistanceMeters>707</DistanceMeters>
      <HeartRateBpm>
       <Value>124</Value>
      </HeartRateBpm>
      <Cadence>74</Cadence>
      <Extensions>
       <Speed>6.550000</Speed>
      </Extensions>
     </Trackpoint>
     <Trackpoint>
      <Time>2026-05-25T11:11:33Z</Time>
      <Position>
       <LatitudeDegrees>35.7015933</LatitudeDegrees>
       <LongitudeDegrees>139.7864640</LongitudeDegrees>
      </Position>
      <AltitudeMeters>5</AltitudeMeters>
      <DistanceMeters>709</DistanceMeters>
      <HeartRateBpm>
       <Value>124</Value>
      </HeartRateBpm>
      <Cadence>74</Cadence>
      <Extensions>
       <Speed>6.550000</Speed>
      </Extensions>
     </Trackpoint>
     <Trackpoint>
      <Time>2026-05-25T11:11:34Z</Time>
      <Position>
       <LatitudeDegrees>35.7015941</LatitudeDegrees>
       <LongitudeDegrees>139.7864453</LongitudeDegrees>
      </Position>
      <AltitudeMeters>5</AltitudeMeters>
      <DistanceMeters>710</DistanceMeters>
      <HeartRateBpm>
       <Value>124</Value>
      </HeartRateBpm>
      <Cadence>74</Cadence>
      <Extensions>
       <Speed>6.540000</Speed>
      </Extensions>
     </Trackpoint>
     <Trackpoint>
      <Time>2026-05-25T11:11:35Z</Time>
      <Position>
       <LatitudeDegrees>35.7015931</LatitudeDegrees>
       <LongitudeDegrees>139.7864263</LongitudeDegrees>
      </Position>
      <AltitudeMeters>5</AltitudeMeters>
      <DistanceMeters>712</DistanceMeters>
      <HeartRateBpm>
       <Value>124</Value>
      </HeartRateBpm>
      <Cadence>74</Cadence>
      <Extensions>
       <Speed>6.540000</Speed>
      </Extensions>
     </Trackpoint>
     <Trackpoint>
      <Time>2026-05-25T11:11:36Z</Time>
      <Position>
       <LatitudeDegrees>35.7015921</LatitudeDegrees>
       <LongitudeDegrees>139.7864074</LongitudeDegrees>
      </Position>
      <AltitudeMeters>5</AltitudeMeters>
      <DistanceMeters>714</DistanceMeters>
      <HeartRateBpm>
       <Value>124</Value>
      </HeartRateBpm>
      <Cadence>74</Cadence>
      <Extensions>
       <Speed>6.530000</Speed>
      </Extensions>
     </Trackpoint>
     <Trackpoint>
      <Time>2026-05-25T11:11:37Z</Time>
      <Position>
       <LatitudeDegrees>35.7015898</LatitudeDegrees>
       <LongitudeDegrees>139.7863876</LongitudeDegrees>
      </Position>
      <AltitudeMeters>5</AltitudeMeters>
      <DistanceMeters>716</DistanceMeters>
      <HeartRateBpm>
       <Value>124</Value>
      </HeartRateBpm>
      <Cadence>74</Cadence>
      <Extensions>
       <Speed>6.530000</Speed>
      </Extensions>
     </Trackpoint>
     <Trackpoint>
      <Time>2026-05-25T11:11:38Z</Time>
      <Position>
       <LatitudeDegrees>35.7015876</LatitudeDegrees>
       <LongitudeDegrees>139.7863679</LongitudeDegrees>
      </Position>
      <AltitudeMeters>5</AltitudeMeters>
      <DistanceMeters>718</DistanceMeters>
      <HeartRateBpm>
       <Value>124</Value>
      </HeartRateBpm>
      <Cadence>74</Cadence>
      <Extensions>
       <Speed>6.520000</Speed>
      </Extensions>
     </Trackpoint>
     <Trackpoint>
      <Time>2026-05-25T11:11:39Z</Time>
      <Position>
       <LatitudeDegrees>35.7015847</LatitudeDegrees>
       <LongitudeDegrees>139.7863479</LongitudeDegrees>
      </Position>
      <AltitudeMeters>5</AltitudeMeters>
      <DistanceMeters>720</DistanceMeters>
      <HeartRateBpm>
       <Value>124</Value>
      </HeartRateBpm>
      <Cadence>74</Cadence>
      <Extensions>
       <Speed>6.520000</Speed>
      </Extensions>
     </Trackpoint>
     <Trackpoint>
      <Time>2026-05-25T11:11:40Z</Time>
      <Position>
       <LatitudeDegrees>35.7015819</LatitudeDegrees>
       <LongitudeDegrees>139.7863279</LongitudeDegrees>
      </Position>
      <AltitudeMeters>5</AltitudeMeters>
      <DistanceMeters>722</DistanceMeters>
      <HeartRateBpm>
       <Value>124</Value>
      </HeartRateBpm>
      <Cadence>74</Cadence>
      <Extensions>
       <Speed>6.510000</Speed>
      </Extensions>
     </Trackpoint>
     <Trackpoint>
      <Time>2026-05-25T11:11:41Z</Time>
      <Position>
       <LatitudeDegrees>35.7015788</LatitudeDegrees>
       <LongitudeDegrees>139.7863089</LongitudeDegrees>
      </Position>
      <AltitudeMeters>5</AltitudeMeters>
      <DistanceMeters>723</DistanceMeters>
      <HeartRateBpm>
       <Value>124</Value>
      </HeartRateBpm>
      <Cadence>74</Cadence>
      <Extensions>
       <Speed>6.510000</Speed>
      </Extensions>
     </Trackpoint>
     <Trackpoint>
      <Time>2026-05-25T11:11:42Z</Time>
      <Position>
       <LatitudeDegrees>35.7015757</LatitudeDegrees>
       <LongitudeDegrees>139.7862899</LongitudeDegrees>
      </Position>
      <AltitudeMeters>5</AltitudeMeters>
      <DistanceMeters>724</DistanceMeters>
      <HeartRateBpm>
       <Value>124</Value>
      </HeartRateBpm>
      <Cadence>74</Cadence>
      <Extensions>
       <Speed>6.500000</Speed>
      </Extensions>
     </Trackpoint>
     <Trackpoint>
      <Time>2026-05-25T11:11:43Z</Time>
      <Position>
       <LatitudeDegrees>35.7015729</LatitudeDegrees>
       <LongitudeDegrees>139.7862719</LongitudeDegrees>
      </Position>
      <AltitudeMeters>5</AltitudeMeters>
      <DistanceMeters>726</DistanceMeters>
      <HeartRateBpm>
       <Value>124</Value>
      </HeartRateBpm>
      <Cadence>75</Cadence>
      <Extensions>
       <Speed>6.500000</Speed>
      </Extensions>
     </Trackpoint>
     <Trackpoint>
      <Time>2026-05-25T11:11:44Z</Time>
      <Position>
       <LatitudeDegrees>35.7015702</LatitudeDegrees>
       <LongitudeDegrees>139.7862540</LongitudeDegrees>
      </Position>
      <AltitudeMeters>5</AltitudeMeters>
      <DistanceMeters>728</DistanceMeters>
      <HeartRateBpm>
       <Value>124</Value>
      </HeartRateBpm>
      <Cadence>75</Cadence>
      <Extensions>
       <Speed>6.490000</Speed>
      </Extensions>
     </Trackpoint>
     <Trackpoint>
      <Time>2026-05-25T11:11:45Z</Time>
      <Position>
       <LatitudeDegrees>35.7015685</LatitudeDegrees>
       <LongitudeDegrees>139.7862371</LongitudeDegrees>
      </Position>
      <AltitudeMeters>5</AltitudeMeters>
      <DistanceMeters>730</DistanceMeters>
      <HeartRateBpm>
       <Value>124</Value>
      </HeartRateBpm>
      <Cadence>75</Cadence>
      <Extensions>
       <Speed>6.490000</Speed>
      </Extensions>
     </Trackpoint>
     <Trackpoint>
      <Time>2026-05-25T11:11:46Z</Time>
      <Position>
       <LatitudeDegrees>35.7015668</LatitudeDegrees>
       <LongitudeDegrees>139.7862202</LongitudeDegrees>
      </Position>
      <AltitudeMeters>5</AltitudeMeters>
      <DistanceMeters>732</DistanceMeters>
      <HeartRateBpm>
       <Value>125</Value>
      </HeartRateBpm>
      <Cadence>75</Cadence>
      <Extensions>
       <Speed>6.480000</Speed>
      </Extensions>
     </Trackpoint>
     <Trackpoint>
      <Time>2026-05-25T11:11:47Z</Time>
      <Position>
       <LatitudeDegrees>35.7015654</LatitudeDegrees>
       <LongitudeDegrees>139.7862020</LongitudeDegrees>
      </Position>
      <AltitudeMeters>5</AltitudeMeters>
      <DistanceMeters>733</DistanceMeters>
      <HeartRateBpm>
       <Value>125</Value>
      </HeartRateBpm>
      <Cadence>75</Cadence>
      <Extensions>
       <Speed>6.470000</Speed>
      </Extensions>
     </Trackpoint>
     <Trackpoint>
      <Time>2026-05-25T11:11:48Z</Time>
      <Position>
       <LatitudeDegrees>35.7015641</LatitudeDegrees>
       <LongitudeDegrees>139.7861839</LongitudeDegrees>
      </Position>
      <AltitudeMeters>5</AltitudeMeters>
      <DistanceMeters>734</DistanceMeters>
      <HeartRateBpm>
       <Value>125</Value>
      </HeartRateBpm>
      <Cadence>74</Cadence>
      <Extensions>
       <Speed>6.450000</Speed>
      </Extensions>
     </Trackpoint>
     <Trackpoint>
      <Time>2026-05-25T11:11:49Z</Time>
      <Position>
       <LatitudeDegrees>35.7015629</LatitudeDegrees>
       <LongitudeDegrees>139.7861645</LongitudeDegrees>
      </Position>
      <AltitudeMeters>5</AltitudeMeters>
      <DistanceMeters>736</DistanceMeters>
      <HeartRateBpm>
       <Value>124</Value>
      </HeartRateBpm>
      <Cadence>74</Cadence>
      <Extensions>
       <Speed>6.440000</Speed>
      </Extensions>
     </Trackpoint>
     <Trackpoint>
      <Time>2026-05-25T11:11:50Z</Time>
      <Position>
       <LatitudeDegrees>35.7015617</LatitudeDegrees>
       <LongitudeDegrees>139.7861452</LongitudeDegrees>
      </Position>
      <AltitudeMeters>5</AltitudeMeters>
      <DistanceMeters>738</DistanceMeters>
      <HeartRateBpm>
       <Value>124</Value>
      </HeartRateBpm>
      <Cadence>74</Cadence>
      <Extensions>
       <Speed>6.430000</Speed>
      </Extensions>
     </Trackpoint>
     <Trackpoint>
      <Time>2026-05-25T11:11:51Z</Time>
      <Position>
       <LatitudeDegrees>35.7015613</LatitudeDegrees>
       <LongitudeDegrees>139.7861256</LongitudeDegrees>
      </Position>
      <AltitudeMeters>5</AltitudeMeters>
      <DistanceMeters>740</DistanceMeters>
      <HeartRateBpm>
       <Value>124</Value>
      </HeartRateBpm>
      <Cadence>74</Cadence>
      <Extensions>
       <Speed>6.420000</Speed>
      </Extensions>
     </Trackpoint>
     <Trackpoint>
      <Time>2026-05-25T11:11:52Z</Time>
      <Position>
       <LatitudeDegrees>35.7015610</LatitudeDegrees>
       <LongitudeDegrees>139.7861061</LongitudeDegrees>
      </Position>
      <AltitudeMeters>5</AltitudeMeters>
      <DistanceMeters>742</DistanceMeters>
      <HeartRateBpm>
       <Value>124</Value>
      </HeartRateBpm>
      <Cadence>74</Cadence>
      <Extensions>
       <Speed>6.420000</Speed>
      </Extensions>
     </Trackpoint>
     <Trackpoint>
      <Time>2026-05-25T11:11:53Z</Time>
      <Position>
       <LatitudeDegrees>35.7015636</LatitudeDegrees>
       <LongitudeDegrees>139.7860857</LongitudeDegrees>
      </Position>
      <AltitudeMeters>5</AltitudeMeters>
      <DistanceMeters>743</DistanceMeters>
      <HeartRateBpm>
       <Value>125</Value>
      </HeartRateBpm>
      <Cadence>74</Cadence>
      <Extensions>
       <Speed>6.420000</Speed>
      </Extensions>
     </Trackpoint>
     <Trackpoint>
      <Time>2026-05-25T11:11:54Z</Time>
      <Position>
       <LatitudeDegrees>35.7015662</LatitudeDegrees>
       <LongitudeDegrees>139.7860653</LongitudeDegrees>
      </Position>
      <AltitudeMeters>5</AltitudeMeters>
      <DistanceMeters>746</DistanceMeters>
      <HeartRateBpm>
       <Value>125</Value>
      </HeartRateBpm>
      <Cadence>74</Cadence>
      <Extensions>
       <Speed>6.420000</Speed>
      </Extensions>
     </Trackpoint>
     <Trackpoint>
      <Time>2026-05-25T11:11:55Z</Time>
      <Position>
       <LatitudeDegrees>35.7015696</LatitudeDegrees>
       <LongitudeDegrees>139.7860423</LongitudeDegrees>
      </Position>
      <AltitudeMeters>5</AltitudeMeters>
      <DistanceMeters>748</DistanceMeters>
      <HeartRateBpm>
       <Value>125</Value>
      </HeartRateBpm>
      <Cadence>74</Cadence>
      <Extensions>
       <Speed>6.420000</Speed>
      </Extensions>
     </Trackpoint>
     <Trackpoint>
      <Time>2026-05-25T11:11:56Z</Time>
      <Position>
       <LatitudeDegrees>35.7015731</LatitudeDegrees>
       <LongitudeDegrees>139.7860194</LongitudeDegrees>
      </Position>
      <AltitudeMeters>5</AltitudeMeters>
      <DistanceMeters>750</DistanceMeters>
      <HeartRateBpm>
       <Value>125</Value>
      </HeartRateBpm>
      <Cadence>74</Cadence>
      <Extensions>
       <Speed>6.460000</Speed>
      </Extensions>
     </Trackpoint>
     <Trackpoint>
      <Time>2026-05-25T11:11:57Z</Time>
      <Position>
       <LatitudeDegrees>35.7015759</LatitudeDegrees>
       <LongitudeDegrees>139.7859958</LongitudeDegrees>
      </Position>
      <AltitudeMeters>5</AltitudeMeters>
      <DistanceMeters>752</DistanceMeters>
      <HeartRateBpm>
       <Value>124</Value>
      </HeartRateBpm>
      <Cadence>74</Cadence>
      <Extensions>
       <Speed>6.510000</Speed>
      </Extensions>
     </Trackpoint>
     <Trackpoint>
      <Time>2026-05-25T11:11:58Z</Time>
      <Position>
       <LatitudeDegrees>35.7015787</LatitudeDegrees>
       <LongitudeDegrees>139.7859723</LongitudeDegrees>
      </Position>
      <AltitudeMeters>5</AltitudeMeters>
      <DistanceMeters>754</DistanceMeters>
      <HeartRateBpm>
       <Value>124</Value>
      </HeartRateBpm>
      <Cadence>74</Cadence>
      <Extensions>
       <Speed>6.610000</Speed>
      </Extensions>
     </Trackpoint>
     <Trackpoint>
      <Time>2026-05-25T11:11:59Z</Time>
      <Position>
       <LatitudeDegrees>35.7015810</LatitudeDegrees>
       <LongitudeDegrees>139.7859479</LongitudeDegrees>
      </Position>
      <AltitudeMeters>5</AltitudeMeters>
      <DistanceMeters>756</DistanceMeters>
      <HeartRateBpm>
       <Value>124</Value>
      </HeartRateBpm>
      <Cadence>75</Cadence>
      <Extensions>
       <Speed>6.710000</Speed>
      </Extensions>
     </Trackpoint>
     <Trackpoint>
      <Time>2026-05-25T11:12:00Z</Time>
      <Position>
       <LatitudeDegrees>35.7015833</LatitudeDegrees>
       <LongitudeDegrees>139.7859235</LongitudeDegrees>
      </Position>
      <AltitudeMeters>5</AltitudeMeters>
      <DistanceMeters>758</DistanceMeters>
      <HeartRateBpm>
       <Value>124</Value>
      </HeartRateBpm>
      <Cadence>75</Cadence>
      <Extensions>
       <Speed>6.810000</Speed>
      </Extensions>
     </Trackpoint>
     <Trackpoint>
      <Time>2026-05-25T11:12:01Z</Time>
      <Position>
       <LatitudeDegrees>35.7015852</LatitudeDegrees>
       <LongitudeDegrees>139.7858987</LongitudeDegrees>
      </Position>
      <AltitudeMeters>5</AltitudeMeters>
      <DistanceMeters>761</DistanceMeters>
      <HeartRateBpm>
       <Value>124</Value>
      </HeartRateBpm>
      <Cadence>75</Cadence>
      <Extensions>
       <Speed>6.910000</Speed>
      </Extensions>
     </Trackpoint>
     <Trackpoint>
      <Time>2026-05-25T11:12:02Z</Time>
      <Position>
       <LatitudeDegrees>35.7015871</LatitudeDegrees>
       <LongitudeDegrees>139.7858739</LongitudeDegrees>
      </Position>
      <AltitudeMeters>5</AltitudeMeters>
      <DistanceMeters>763</DistanceMeters>
      <HeartRateBpm>
       <Value>124</Value>
      </HeartRateBpm>
      <Cadence>75</Cadence>
      <Extensions>
       <Speed>6.950000</Speed>
      </Extensions>
     </Trackpoint>
     <Trackpoint>
      <Time>2026-05-25T11:12:03Z</Time>
      <Position>
       <LatitudeDegrees>35.7015894</LatitudeDegrees>
       <LongitudeDegrees>139.7858516</LongitudeDegrees>
      </Position>
      <AltitudeMeters>5</AltitudeMeters>
      <DistanceMeters>765</DistanceMeters>
      <HeartRateBpm>
       <Value>124</Value>
      </HeartRateBpm>
      <Cadence>75</Cadence>
      <Extensions>
       <Speed>7.000000</Speed>
      </Extensions>
     </Trackpoint>
     <Trackpoint>
      <Time>2026-05-25T11:12:04Z</Time>
      <Position>
       <LatitudeDegrees>35.7015918</LatitudeDegrees>
       <LongitudeDegrees>139.7858294</LongitudeDegrees>
      </Position>
      <AltitudeMeters>5</AltitudeMeters>
      <DistanceMeters>767</DistanceMeters>
      <HeartRateBpm>
       <Value>123</Value>
      </HeartRateBpm>
      <Cadence>75</Cadence>
      <Extensions>
       <Speed>7.030000</Speed>
      </Extensions>
     </Trackpoint>
     <Trackpoint>
      <Time>2026-05-25T11:12:05Z</Time>
      <Position>
       <LatitudeDegrees>35.7015930</LatitudeDegrees>
       <LongitudeDegrees>139.7858081</LongitudeDegrees>
      </Position>
      <AltitudeMeters>5</AltitudeMeters>
      <DistanceMeters>769</DistanceMeters>
      <HeartRateBpm>
       <Value>123</Value>
      </HeartRateBpm>
      <Cadence>75</Cadence>
      <Extensions>
       <Speed>7.070000</Speed>
      </Extensions>
     </Trackpoint>
     <Trackpoint>
      <Time>2026-05-25T11:12:06Z</Time>
      <Position>
       <LatitudeDegrees>35.7015943</LatitudeDegrees>
       <LongitudeDegrees>139.7857868</LongitudeDegrees>
      </Position>
      <AltitudeMeters>5</AltitudeMeters>
      <DistanceMeters>771</DistanceMeters>
      <HeartRateBpm>
       <Value>123</Value>
      </HeartRateBpm>
      <Cadence>75</Cadence>
      <Extensions>
       <Speed>7.090000</Speed>
      </Extensions>
     </Trackpoint>
     <Trackpoint>
      <Time>2026-05-25T11:12:07Z</Time>
      <Position>
       <LatitudeDegrees>35.7015961</LatitudeDegrees>
       <LongitudeDegrees>139.7857647</LongitudeDegrees>
      </Position>
      <AltitudeMeters>5</AltitudeMeters>
      <DistanceMeters>773</DistanceMeters>
      <HeartRateBpm>
       <Value>124</Value>
      </HeartRateBpm>
      <Cadence>75</Cadence>
      <Extensions>
       <Speed>7.110000</Speed>
      </Extensions>
     </Trackpoint>
     <Trackpoint>
      <Time>2026-05-25T11:12:08Z</Time>
      <Position>
       <LatitudeDegrees>35.7015979</LatitudeDegrees>
       <LongitudeDegrees>139.7857426</LongitudeDegrees>
      </Position>
      <AltitudeMeters>5</AltitudeMeters>
      <DistanceMeters>775</DistanceMeters>
      <HeartRateBpm>
       <Value>124</Value>
      </HeartRateBpm>
      <Cadence>75</Cadence>
      <Extensions>
       <Speed>7.120000</Speed>
      </Extensions>
     </Trackpoint>
     <Trackpoint>
      <Time>2026-05-25T11:12:09Z</Time>
      <Position>
       <LatitudeDegrees>35.7015999</LatitudeDegrees>
       <LongitudeDegrees>139.7857210</LongitudeDegrees>
      </Position>
      <AltitudeMeters>5</AltitudeMeters>
      <DistanceMeters>777</DistanceMeters>
      <HeartRateBpm>
       <Value>125</Value>
      </HeartRateBpm>
      <Cadence>75</Cadence>
      <Extensions>
       <Speed>7.140000</Speed>
      </Extensions>
     </Trackpoint>
     <Trackpoint>
      <Time>2026-05-25T11:12:10Z</Time>
      <Position>
       <LatitudeDegrees>35.7016019</LatitudeDegrees>
       <LongitudeDegrees>139.7856995</LongitudeDegrees>
      </Position>
      <AltitudeMeters>5</AltitudeMeters>
      <DistanceMeters>779</DistanceMeters>
      <HeartRateBpm>
       <Value>125</Value>
      </HeartRateBpm>
      <Cadence>75</Cadence>
      <Extensions>
       <Speed>7.150000</Speed>
      </Extensions>
     </Trackpoint>
     <Trackpoint>
      <Time>2026-05-25T11:12:11Z</Time>
      <Position>
       <LatitudeDegrees>35.7016043</LatitudeDegrees>
       <LongitudeDegrees>139.7856793</LongitudeDegrees>
      </Position>
      <AltitudeMeters>5</AltitudeMeters>
      <DistanceMeters>781</DistanceMeters>
      <HeartRateBpm>
       <Value>125</Value>
      </HeartRateBpm>
      <Cadence>75</Cadence>
      <Extensions>
       <Speed>7.170000</Speed>
      </Extensions>
     </Trackpoint>
     <Trackpoint>
      <Time>2026-05-25T11:12:12Z</Time>
      <Position>
       <LatitudeDegrees>35.7016068</LatitudeDegrees>
       <LongitudeDegrees>139.7856592</LongitudeDegrees>
      </Position>
      <AltitudeMeters>5</AltitudeMeters>
      <DistanceMeters>782</DistanceMeters>
      <HeartRateBpm>
       <Value>125</Value>
      </HeartRateBpm>
      <Cadence>75</Cadence>
      <Extensions>
       <Speed>7.180000</Speed>
      </Extensions>
     </Trackpoint>
     <Trackpoint>
      <Time>2026-05-25T11:12:13Z</Time>
      <Position>
       <LatitudeDegrees>35.7016098</LatitudeDegrees>
       <LongitudeDegrees>139.7856401</LongitudeDegrees>
      </Position>
      <AltitudeMeters>5</AltitudeMeters>
      <DistanceMeters>784</DistanceMeters>
      <HeartRateBpm>
       <Value>125</Value>
      </HeartRateBpm>
      <Cadence>75</Cadence>
      <Extensions>
       <Speed>7.190000</Speed>
      </Extensions>
     </Trackpoint>
     <Trackpoint>
      <Time>2026-05-25T11:12:14Z</Time>
      <Position>
       <LatitudeDegrees>35.7016128</LatitudeDegrees>
       <LongitudeDegrees>139.7856211</LongitudeDegrees>
      </Position>
      <AltitudeMeters>5</AltitudeMeters>
      <DistanceMeters>786</DistanceMeters>
      <HeartRateBpm>
       <Value>124</Value>
      </HeartRateBpm>
      <Cadence>75</Cadence>
      <Extensions>
       <Speed>7.210000</Speed>
      </Extensions>
     </Trackpoint>
     <Trackpoint>
      <Time>2026-05-25T11:12:15Z</Time>
      <Position>
       <LatitudeDegrees>35.7016146</LatitudeDegrees>
       <LongitudeDegrees>139.7856027</LongitudeDegrees>
      </Position>
      <AltitudeMeters>5</AltitudeMeters>
      <DistanceMeters>788</DistanceMeters>
      <HeartRateBpm>
       <Value>124</Value>
      </HeartRateBpm>
      <Cadence>75</Cadence>
      <Extensions>
       <Speed>7.240000</Speed>
      </Extensions>
     </Trackpoint>
     <Trackpoint>
      <Time>2026-05-25T11:12:16Z</Time>
      <Position>
       <LatitudeDegrees>35.7016165</LatitudeDegrees>
       <LongitudeDegrees>139.7855844</LongitudeDegrees>
      </Position>
      <AltitudeMeters>5</AltitudeMeters>
      <DistanceMeters>790</DistanceMeters>
      <HeartRateBpm>
       <Value>124</Value>
      </HeartRateBpm>
      <Cadence>75</Cadence>
      <Extensions>
       <Speed>7.260000</Speed>
      </Extensions>
     </Trackpoint>
     <Trackpoint>
      <Time>2026-05-25T11:12:17Z</Time>
      <Position>
       <LatitudeDegrees>35.7016159</LatitudeDegrees>
       <LongitudeDegrees>139.7855652</LongitudeDegrees>
      </Position>
      <AltitudeMeters>5</AltitudeMeters>
      <DistanceMeters>791</DistanceMeters>
      <HeartRateBpm>
       <Value>124</Value>
      </HeartRateBpm>
      <Cadence>76</Cadence>
      <Extensions>
       <Speed>7.280000</Speed>
      </Extensions>
     </Trackpoint>
     <Trackpoint>
      <Time>2026-05-25T11:12:18Z</Time>
      <Position>
       <LatitudeDegrees>35.7016154</LatitudeDegrees>
       <LongitudeDegrees>139.7855460</LongitudeDegrees>
      </Position>
      <AltitudeMeters>5</AltitudeMeters>
      <DistanceMeters>793</DistanceMeters>
      <HeartRateBpm>
       <Value>124</Value>
      </HeartRateBpm>
      <Cadence>76</Cadence>
      <Extensions>
       <Speed>7.270000</Speed>
      </Extensions>
     </Trackpoint>
     <Trackpoint>
      <Time>2026-05-25T11:12:19Z</Time>
      <Position>
       <LatitudeDegrees>35.7016144</LatitudeDegrees>
       <LongitudeDegrees>139.7855249</LongitudeDegrees>
      </Position>
      <AltitudeMeters>4</AltitudeMeters>
      <DistanceMeters>795</DistanceMeters>
      <HeartRateBpm>
       <Value>124</Value>
      </HeartRateBpm>
      <Cadence>76</Cadence>
      <Extensions>
       <Speed>7.260000</Speed>
      </Extensions>
     </Trackpoint>
     <Trackpoint>
      <Time>2026-05-25T11:12:20Z</Time>
      <Position>
       <LatitudeDegrees>35.7016134</LatitudeDegrees>
       <LongitudeDegrees>139.7855038</LongitudeDegrees>
      </Position>
      <AltitudeMeters>4</AltitudeMeters>
      <DistanceMeters>797</DistanceMeters>
      <HeartRateBpm>
       <Value>125</Value>
      </HeartRateBpm>
      <Cadence>76</Cadence>
      <Extensions>
       <Speed>7.240000</Speed>
      </Extensions>
     </Trackpoint>
     <Trackpoint>
      <Time>2026-05-25T11:12:21Z</Time>
      <Position>
       <LatitudeDegrees>35.7016131</LatitudeDegrees>
       <LongitudeDegrees>139.7854810</LongitudeDegrees>
      </Position>
      <AltitudeMeters>4</AltitudeMeters>
      <DistanceMeters>799</DistanceMeters>
      <HeartRateBpm>
       <Value>125</Value>
      </HeartRateBpm>
      <Cadence>76</Cadence>
      <Extensions>
       <Speed>7.230000</Speed>
      </Extensions>
     </Trackpoint>
     <Trackpoint>
      <Time>2026-05-25T11:12:22Z</Time>
      <Position>
       <LatitudeDegrees>35.7016129</LatitudeDegrees>
       <LongitudeDegrees>139.7854582</LongitudeDegrees>
      </Position>
      <AltitudeMeters>4</AltitudeMeters>
      <DistanceMeters>801</DistanceMeters>
      <HeartRateBpm>
       <Value>125</Value>
      </HeartRateBpm>
      <Cadence>76</Cadence>
      <Extensions>
       <Speed>7.220000</Speed>
      </Extensions>
     </Trackpoint>
     <Trackpoint>
      <Time>2026-05-25T11:12:23Z</Time>
      <Position>
       <LatitudeDegrees>35.7016159</LatitudeDegrees>
       <LongitudeDegrees>139.7854352</LongitudeDegrees>
      </Position>
      <AltitudeMeters>4</AltitudeMeters>
      <DistanceMeters>803</DistanceMeters>
      <HeartRateBpm>
       <Value>125</Value>
      </HeartRateBpm>
      <Cadence>76</Cadence>
      <Extensions>
       <Speed>7.220000</Speed>
      </Extensions>
     </Trackpoint>
     <Trackpoint>
      <Time>2026-05-25T11:12:24Z</Time>
      <Position>
       <LatitudeDegrees>35.7016189</LatitudeDegrees>
       <LongitudeDegrees>139.7854123</LongitudeDegrees>
      </Position>
      <AltitudeMeters>4</AltitudeMeters>
      <DistanceMeters>805</DistanceMeters>
      <HeartRateBpm>
       <Value>125</Value>
      </HeartRateBpm>
      <Cadence>75</Cadence>
      <Extensions>
       <Speed>7.200000</Speed>
      </Extensions>
     </Trackpoint>
     <Trackpoint>
      <Time>2026-05-25T11:12:25Z</Time>
      <Position>
       <LatitudeDegrees>35.7016295</LatitudeDegrees>
       <LongitudeDegrees>139.7853938</LongitudeDegrees>
      </Position>
      <AltitudeMeters>4</AltitudeMeters>
      <DistanceMeters>807</DistanceMeters>
      <HeartRateBpm>
       <Value>124</Value>
      </HeartRateBpm>
      <Cadence>75</Cadence>
      <Extensions>
       <Speed>7.180000</Speed>
      </Extensions>
     </Trackpoint>
     <Trackpoint>
      <Time>2026-05-25T11:12:26Z</Time>
      <Position>
       <LatitudeDegrees>35.7016401</LatitudeDegrees>
       <LongitudeDegrees>139.7853753</LongitudeDegrees>
      </Position>
      <AltitudeMeters>4</AltitudeMeters>
      <DistanceMeters>810</DistanceMeters>
      <HeartRateBpm>
       <Value>124</Value>
      </HeartRateBpm>
      <Cadence>75</Cadence>
      <Extensions>
       <Speed>7.180000</Speed>
      </Extensions>
     </Trackpoint>
     <Trackpoint>
      <Time>2026-05-25T11:12:27Z</Time>
      <Position>
       <LatitudeDegrees>35.7016570</LatitudeDegrees>
       <LongitudeDegrees>139.7853637</LongitudeDegrees>
      </Position>
      <AltitudeMeters>4</AltitudeMeters>
      <DistanceMeters>812</DistanceMeters>
      <HeartRateBpm>
       <Value>125</Value>
      </HeartRateBpm>
      <Cadence>75</Cadence>
      <Extensions>
       <Speed>7.180000</Speed>
      </Extensions>
     </Trackpoint>
     <Trackpoint>
      <Time>2026-05-25T11:12:28Z</Time>
      <Position>
       <LatitudeDegrees>35.7016739</LatitudeDegrees>
       <LongitudeDegrees>139.7853522</LongitudeDegrees>
      </Position>
      <AltitudeMeters>4</AltitudeMeters>
      <DistanceMeters>814</DistanceMeters>
      <HeartRateBpm>
       <Value>125</Value>
      </HeartRateBpm>
      <Cadence>75</Cadence>
      <Extensions>
       <Speed>7.200000</Speed>
      </Extensions>
     </Trackpoint>
     <Trackpoint>
      <Time>2026-05-25T11:12:29Z</Time>
      <Position>
       <LatitudeDegrees>35.7016925</LatitudeDegrees>
       <LongitudeDegrees>139.7853439</LongitudeDegrees>
      </Position>
      <AltitudeMeters>4</AltitudeMeters>
      <DistanceMeters>816</DistanceMeters>
      <HeartRateBpm>
       <Value>125</Value>
      </HeartRateBpm>
      <Cadence>75</Cadence>
      <Extensions>
       <Speed>7.220000</Speed>
      </Extensions>
     </Trackpoint>
     <Trackpoint>
      <Time>2026-05-25T11:12:30Z</Time>
      <Position>
       <LatitudeDegrees>35.7017112</LatitudeDegrees>
       <LongitudeDegrees>139.7853357</LongitudeDegrees>
      </Position>
      <AltitudeMeters>4</AltitudeMeters>
      <DistanceMeters>818</DistanceMeters>
      <HeartRateBpm>
       <Value>124</Value>
      </HeartRateBpm>
      <Cadence>75</Cadence>
      <Extensions>
       <Speed>7.230000</Speed>
      </Extensions>
     </Trackpoint>
     <Trackpoint>
      <Time>2026-05-25T11:12:31Z</Time>
      <Position>
       <LatitudeDegrees>35.7017289</LatitudeDegrees>
       <LongitudeDegrees>139.7853275</LongitudeDegrees>
      </Position>
      <AltitudeMeters>4</AltitudeMeters>
      <DistanceMeters>820</DistanceMeters>
      <HeartRateBpm>
       <Value>124</Value>
      </HeartRateBpm>
      <Cadence>75</Cadence>
      <Extensions>
       <Speed>7.250000</Speed>
      </Extensions>
     </Trackpoint>
     <Trackpoint>
      <Time>2026-05-25T11:12:32Z</Time>
      <Position>
       <LatitudeDegrees>35.7017467</LatitudeDegrees>
       <LongitudeDegrees>139.7853193</LongitudeDegrees>
      </Position>
      <AltitudeMeters>4</AltitudeMeters>
      <DistanceMeters>822</DistanceMeters>
      <HeartRateBpm>
       <Value>124</Value>
      </HeartRateBpm>
      <Cadence>75</Cadence>
      <Extensions>
       <Speed>7.260000</Speed>
      </Extensions>
     </Trackpoint>
     <Trackpoint>
      <Time>2026-05-25T11:12:33Z</Time>
      <Position>
       <LatitudeDegrees>35.7017642</LatitudeDegrees>
       <LongitudeDegrees>139.7853114</LongitudeDegrees>
      </Position>
      <AltitudeMeters>4</AltitudeMeters>
      <DistanceMeters>824</DistanceMeters>
      <HeartRateBpm>
       <Value>124</Value>
      </HeartRateBpm>
      <Cadence>75</Cadence>
      <Extensions>
       <Speed>7.270000</Speed>
      </Extensions>
     </Trackpoint>
     <Trackpoint>
      <Time>2026-05-25T11:12:34Z</Time>
      <Position>
       <LatitudeDegrees>35.7017817</LatitudeDegrees>
       <LongitudeDegrees>139.7853036</LongitudeDegrees>
      </Position>
      <AltitudeMeters>4</AltitudeMeters>
      <DistanceMeters>826</DistanceMeters>
      <HeartRateBpm>
       <Value>124</Value>
      </HeartRateBpm>
      <Cadence>75</Cadence>
      <Extensions>
       <Speed>7.290000</Speed>
      </Extensions>
     </Trackpoint>
     <Trackpoint>
      <Time>2026-05-25T11:12:35Z</Time>
      <Position>
       <LatitudeDegrees>35.7017988</LatitudeDegrees>
       <LongitudeDegrees>139.7852977</LongitudeDegrees>
      </Position>
      <AltitudeMeters>4</AltitudeMeters>
      <DistanceMeters>828</DistanceMeters>
      <HeartRateBpm>
       <Value>124</Value>
      </HeartRateBpm>
      <Cadence>76</Cadence>
      <Extensions>
       <Speed>7.320000</Speed>
      </Extensions>
     </Trackpoint>
     <Trackpoint>
      <Time>2026-05-25T11:12:36Z</Time>
      <Position>
       <LatitudeDegrees>35.7018160</LatitudeDegrees>
       <LongitudeDegrees>139.7852918</LongitudeDegrees>
      </Position>
      <AltitudeMeters>4</AltitudeMeters>
      <DistanceMeters>830</DistanceMeters>
      <HeartRateBpm>
       <Value>124</Value>
      </HeartRateBpm>
      <Cadence>75</Cadence>
      <Extensions>
       <Speed>7.330000</Speed>
      </Extensions>
     </Trackpoint>
     <Trackpoint>
      <Time>2026-05-25T11:12:37Z</Time>
      <Position>
       <LatitudeDegrees>35.7018349</LatitudeDegrees>
       <LongitudeDegrees>139.7852873</LongitudeDegrees>
      </Position>
      <AltitudeMeters>4</AltitudeMeters>
      <DistanceMeters>832</DistanceMeters>
      <HeartRateBpm>
       <Value>125</Value>
      </HeartRateBpm>
      <Cadence>75</Cadence>
      <Extensions>
       <Speed>7.340000</Speed>
      </Extensions>
     </Trackpoint>
     <Trackpoint>
      <Time>2026-05-25T11:12:38Z</Time>
      <Position>
       <LatitudeDegrees>35.7018539</LatitudeDegrees>
       <LongitudeDegrees>139.7852829</LongitudeDegrees>
      </Position>
      <AltitudeMeters>4</AltitudeMeters>
      <DistanceMeters>834</DistanceMeters>
      <HeartRateBpm>
       <Value>125</Value>
      </HeartRateBpm>
      <Cadence>75</Cadence>
      <Extensions>
       <Speed>7.340000</Speed>
      </Extensions>
     </Trackpoint>
     <Trackpoint>
      <Time>2026-05-25T11:12:39Z</Time>
      <Position>
       <LatitudeDegrees>35.7018737</LatitudeDegrees>
       <LongitudeDegrees>139.7852793</LongitudeDegrees>
      </Position>
      <AltitudeMeters>4</AltitudeMeters>
      <DistanceMeters>837</DistanceMeters>
      <HeartRateBpm>
       <Value>126</Value>
      </HeartRateBpm>
      <Cadence>75</Cadence>
      <Extensions>
       <Speed>7.340000</Speed>
      </Extensions>
     </Trackpoint>
     <Trackpoint>
      <Time>2026-05-25T11:12:40Z</Time>
      <Position>
       <LatitudeDegrees>35.7018936</LatitudeDegrees>
       <LongitudeDegrees>139.7852758</LongitudeDegrees>
      </Position>
      <AltitudeMeters>4</AltitudeMeters>
      <DistanceMeters>840</DistanceMeters>
      <HeartRateBpm>
       <Value>126</Value>
      </HeartRateBpm>
      <Cadence>75</Cadence>
      <Extensions>
       <Speed>7.340000</Speed>
      </Extensions>
     </Trackpoint>
     <Trackpoint>
      <Time>2026-05-25T11:12:41Z</Time>
      <Position>
       <LatitudeDegrees>35.7019138</LatitudeDegrees>
       <LongitudeDegrees>139.7852746</LongitudeDegrees>
      </Position>
      <AltitudeMeters>4</AltitudeMeters>
      <DistanceMeters>842</DistanceMeters>
      <HeartRateBpm>
       <Value>126</Value>
      </HeartRateBpm>
      <Cadence>75</Cadence>
      <Extensions>
       <Speed>7.340000</Speed>
      </Extensions>
     </Trackpoint>
     <Trackpoint>
      <Time>2026-05-25T11:12:42Z</Time>
      <Position>
       <LatitudeDegrees>35.7019340</LatitudeDegrees>
       <LongitudeDegrees>139.7852735</LongitudeDegrees>
      </Position>
      <AltitudeMeters>4</AltitudeMeters>
      <DistanceMeters>844</DistanceMeters>
      <HeartRateBpm>
       <Value>126</Value>
      </HeartRateBpm>
      <Cadence>75</Cadence>
      <Extensions>
       <Speed>7.340000</Speed>
      </Extensions>
     </Trackpoint>
     <Trackpoint>
      <Time>2026-05-25T11:12:43Z</Time>
      <Position>
       <LatitudeDegrees>35.7019515</LatitudeDegrees>
       <LongitudeDegrees>139.7852761</LongitudeDegrees>
      </Position>
      <AltitudeMeters>4</AltitudeMeters>
      <DistanceMeters>846</DistanceMeters>
      <HeartRateBpm>
       <Value>126</Value>
      </HeartRateBpm>
      <Cadence>75</Cadence>
      <Extensions>
       <Speed>7.350000</Speed>
      </Extensions>
     </Trackpoint>
     <Trackpoint>
      <Time>2026-05-25T11:12:44Z</Time>
      <Position>
       <LatitudeDegrees>35.7019691</LatitudeDegrees>
       <LongitudeDegrees>139.7852787</LongitudeDegrees>
      </Position>
      <AltitudeMeters>4</AltitudeMeters>
      <DistanceMeters>848</DistanceMeters>
      <HeartRateBpm>
       <Value>127</Value>
      </HeartRateBpm>
      <Cadence>75</Cadence>
      <Extensions>
       <Speed>7.350000</Speed>
      </Extensions>
     </Trackpoint>
     <Trackpoint>
      <Time>2026-05-25T11:12:45Z</Time>
      <Position>
       <LatitudeDegrees>35.7019858</LatitudeDegrees>
       <LongitudeDegrees>139.7852842</LongitudeDegrees>
      </Position>
      <AltitudeMeters>4</AltitudeMeters>
      <DistanceMeters>849</DistanceMeters>
      <HeartRateBpm>
       <Value>127</Value>
      </HeartRateBpm>
      <Cadence>75</Cadence>
      <Extensions>
       <Speed>7.350000</Speed>
      </Extensions>
     </Trackpoint>
     <Trackpoint>
      <Time>2026-05-25T11:12:46Z</Time>
      <Position>
       <LatitudeDegrees>35.7020025</LatitudeDegrees>
       <LongitudeDegrees>139.7852897</LongitudeDegrees>
      </Position>
      <AltitudeMeters>4</AltitudeMeters>
      <DistanceMeters>851</DistanceMeters>
      <HeartRateBpm>
       <Value>127</Value>
      </HeartRateBpm>
      <Cadence>75</Cadence>
      <Extensions>
       <Speed>7.350000</Speed>
      </Extensions>
     </Trackpoint>
     <Trackpoint>
      <Time>2026-05-25T11:12:47Z</Time>
      <Position>
       <LatitudeDegrees>35.7020193</LatitudeDegrees>
       <LongitudeDegrees>139.7852978</LongitudeDegrees>
      </Position>
      <AltitudeMeters>4</AltitudeMeters>
      <DistanceMeters>853</DistanceMeters>
      <HeartRateBpm>
       <Value>127</Value>
      </HeartRateBpm>
      <Cadence>75</Cadence>
      <Extensions>
       <Speed>7.350000</Speed>
      </Extensions>
     </Trackpoint>
     <Trackpoint>
      <Time>2026-05-25T11:12:48Z</Time>
      <Position>
       <LatitudeDegrees>35.7020361</LatitudeDegrees>
       <LongitudeDegrees>139.7853059</LongitudeDegrees>
      </Position>
      <AltitudeMeters>4</AltitudeMeters>
      <DistanceMeters>856</DistanceMeters>
      <HeartRateBpm>
       <Value>127</Value>
      </HeartRateBpm>
      <Cadence>75</Cadence>
      <Extensions>
       <Speed>7.340000</Speed>
      </Extensions>
     </Trackpoint>
     <Trackpoint>
      <Time>2026-05-25T11:12:49Z</Time>
      <Position>
       <LatitudeDegrees>35.7020530</LatitudeDegrees>
       <LongitudeDegrees>139.7853136</LongitudeDegrees>
      </Position>
      <AltitudeMeters>4</AltitudeMeters>
      <DistanceMeters>858</DistanceMeters>
      <HeartRateBpm>
       <Value>128</Value>
      </HeartRateBpm>
      <Cadence>75</Cadence>
      <Extensions>
       <Speed>7.340000</Speed>
      </Extensions>
     </Trackpoint>
     <Trackpoint>
      <Time>2026-05-25T11:12:50Z</Time>
      <Position>
       <LatitudeDegrees>35.7020700</LatitudeDegrees>
       <LongitudeDegrees>139.7853214</LongitudeDegrees>
      </Position>
      <AltitudeMeters>4</AltitudeMeters>
      <DistanceMeters>860</DistanceMeters>
      <HeartRateBpm>
       <Value>127</Value>
      </HeartRateBpm>
      <Cadence>75</Cadence>
      <Extensions>
       <Speed>7.330000</Speed>
      </Extensions>
     </Trackpoint>
     <Trackpoint>
      <Time>2026-05-25T11:12:51Z</Time>
      <Position>
       <LatitudeDegrees>35.7020879</LatitudeDegrees>
       <LongitudeDegrees>139.7853244</LongitudeDegrees>
      </Position>
      <AltitudeMeters>4</AltitudeMeters>
      <DistanceMeters>861</DistanceMeters>
      <HeartRateBpm>
       <Value>127</Value>
      </HeartRateBpm>
      <Cadence>75</Cadence>
      <Extensions>
       <Speed>7.330000</Speed>
      </Extensions>
     </Trackpoint>
     <Trackpoint>
      <Time>2026-05-25T11:12:52Z</Time>
      <Position>
       <LatitudeDegrees>35.7021058</LatitudeDegrees>
       <LongitudeDegrees>139.7853274</LongitudeDegrees>
      </Position>
      <AltitudeMeters>4</AltitudeMeters>
      <DistanceMeters>863</DistanceMeters>
      <HeartRateBpm>
       <Value>128</Value>
      </HeartRateBpm>
      <Cadence>75</Cadence>
      <Extensions>
       <Speed>7.330000</Speed>
      </Extensions>
     </Trackpoint>
     <Trackpoint>
      <Time>2026-05-25T11:12:53Z</Time>
      <Position>
       <LatitudeDegrees>35.7021223</LatitudeDegrees>
       <LongitudeDegrees>139.7853270</LongitudeDegrees>
      </Position>
      <AltitudeMeters>4</AltitudeMeters>
      <DistanceMeters>865</DistanceMeters>
      <HeartRateBpm>
       <Value>127</Value>
      </HeartRateBpm>
      <Cadence>75</Cadence>
      <Extensions>
       <Speed>7.330000</Speed>
      </Extensions>
     </Trackpoint>
     <Trackpoint>
      <Time>2026-05-25T11:12:54Z</Time>
      <Position>
       <LatitudeDegrees>35.7021388</LatitudeDegrees>
       <LongitudeDegrees>139.7853267</LongitudeDegrees>
      </Position>
      <AltitudeMeters>4</AltitudeMeters>
      <DistanceMeters>866</DistanceMeters>
      <HeartRateBpm>
       <Value>128</Value>
      </HeartRateBpm>
      <Cadence>75</Cadence>
      <Extensions>
       <Speed>7.330000</Speed>
      </Extensions>
     </Trackpoint>
     <Trackpoint>
      <Time>2026-05-25T11:12:55Z</Time>
      <Position>
       <LatitudeDegrees>35.7021516</LatitudeDegrees>
       <LongitudeDegrees>139.7853232</LongitudeDegrees>
      </Position>
      <AltitudeMeters>4</AltitudeMeters>
      <DistanceMeters>868</DistanceMeters>
      <HeartRateBpm>
       <Value>128</Value>
      </HeartRateBpm>
      <Cadence>75</Cadence>
      <Extensions>
       <Speed>7.330000</Speed>
      </Extensions>
     </Trackpoint>
     <Trackpoint>
      <Time>2026-05-25T11:12:56Z</Time>
      <Position>
       <LatitudeDegrees>35.7021644</LatitudeDegrees>
       <LongitudeDegrees>139.7853198</LongitudeDegrees>
      </Position>
      <AltitudeMeters>4</AltitudeMeters>
      <DistanceMeters>869</DistanceMeters>
      <HeartRateBpm>
       <Value>128</Value>
      </HeartRateBpm>
      <Cadence>75</Cadence>
      <Extensions>
       <Speed>7.320000</Speed>
      </Extensions>
     </Trackpoint>
     <Trackpoint>
      <Time>2026-05-25T11:12:57Z</Time>
      <Position>
       <LatitudeDegrees>35.7021720</LatitudeDegrees>
       <LongitudeDegrees>139.7853104</LongitudeDegrees>
      </Position>
      <AltitudeMeters>4</AltitudeMeters>
      <DistanceMeters>870</DistanceMeters>
      <HeartRateBpm>
       <Value>128</Value>
      </HeartRateBpm>
      <Cadence>75</Cadence>
      <Extensions>
       <Speed>7.320000</Speed>
      </Extensions>
     </Trackpoint>
     <Trackpoint>
      <Time>2026-05-25T11:12:58Z</Time>
      <Position>
       <LatitudeDegrees>35.7021797</LatitudeDegrees>
       <LongitudeDegrees>139.7853010</LongitudeDegrees>
      </Position>
      <AltitudeMeters>4</AltitudeMeters>
      <DistanceMeters>872</DistanceMeters>
      <HeartRateBpm>
       <Value>128</Value>
      </HeartRateBpm>
      <Cadence>75</Cadence>
      <Extensions>
       <Speed>7.300000</Speed>
      </Extensions>
     </Trackpoint>
     <Trackpoint>
      <Time>2026-05-25T11:12:59Z</Time>
      <Position>
       <LatitudeDegrees>35.7021828</LatitudeDegrees>
       <LongitudeDegrees>139.7852853</LongitudeDegrees>
      </Position>
      <AltitudeMeters>4</AltitudeMeters>
      <DistanceMeters>873</DistanceMeters>
      <HeartRateBpm>
       <Value>129</Value>
      </HeartRateBpm>
      <Cadence>75</Cadence>
      <Extensions>
       <Speed>7.290000</Speed>
      </Extensions>
     </Trackpoint>
     <Trackpoint>
      <Time>2026-05-25T11:13:00Z</Time>
      <Position>
       <LatitudeDegrees>35.7021859</LatitudeDegrees>
       <LongitudeDegrees>139.7852696</LongitudeDegrees>
      </Position>
      <AltitudeMeters>4</AltitudeMeters>
      <DistanceMeters>876</DistanceMeters>
      <HeartRateBpm>
       <Value>129</Value>
      </HeartRateBpm>
      <Cadence>75</Cadence>
      <Extensions>
       <Speed>7.250000</Speed>
      </Extensions>
     </Trackpoint>
     <Trackpoint>
      <Time>2026-05-25T11:13:01Z</Time>
      <Position>
       <LatitudeDegrees>35.7021860</LatitudeDegrees>
       <LongitudeDegrees>139.7852474</LongitudeDegrees>
      </Position>
      <AltitudeMeters>4</AltitudeMeters>
      <DistanceMeters>878</DistanceMeters>
      <HeartRateBpm>
       <Value>128</Value>
      </HeartRateBpm>
      <Cadence>75</Cadence>
      <Extensions>
       <Speed>7.220000</Speed>
      </Extensions>
     </Trackpoint>
     <Trackpoint>
      <Time>2026-05-25T11:13:02Z</Time>
      <Position>
       <LatitudeDegrees>35.7021861</LatitudeDegrees>
       <LongitudeDegrees>139.7852253</LongitudeDegrees>
      </Position>
      <AltitudeMeters>4</AltitudeMeters>
      <DistanceMeters>880</DistanceMeters>
      <HeartRateBpm>
       <Value>128</Value>
      </HeartRateBpm>
      <Cadence>75</Cadence>
      <Extensions>
       <Speed>7.190000</Speed>
      </Extensions>
     </Trackpoint>
     <Trackpoint>
      <Time>2026-05-25T11:13:03Z</Time>
      <Position>
       <LatitudeDegrees>35.7021848</LatitudeDegrees>
       <LongitudeDegrees>139.7852006</LongitudeDegrees>
      </Position>
      <AltitudeMeters>4</AltitudeMeters>
      <DistanceMeters>882</DistanceMeters>
      <HeartRateBpm>
       <Value>128</Value>
      </HeartRateBpm>
      <Cadence>75</Cadence>
      <Extensions>
       <Speed>7.160000</Speed>
      </Extensions>
     </Trackpoint>
     <Trackpoint>
      <Time>2026-05-25T11:13:04Z</Time>
      <Position>
       <LatitudeDegrees>35.7021836</LatitudeDegrees>
       <LongitudeDegrees>139.7851759</LongitudeDegrees>
      </Position>
      <AltitudeMeters>4</AltitudeMeters>
      <DistanceMeters>884</DistanceMeters>
      <HeartRateBpm>
       <Value>128</Value>
      </HeartRateBpm>
      <Cadence>75</Cadence>
      <Extensions>
       <Speed>7.140000</Speed>
      </Extensions>
     </Trackpoint>
     <Trackpoint>
      <Time>2026-05-25T11:13:05Z</Time>
      <Position>
       <LatitudeDegrees>35.7021806</LatitudeDegrees>
       <LongitudeDegrees>139.7851516</LongitudeDegrees>
      </Position>
      <AltitudeMeters>4</AltitudeMeters>
      <DistanceMeters>886</DistanceMeters>
      <HeartRateBpm>
       <Value>128</Value>
      </HeartRateBpm>
      <Cadence>75</Cadence>
      <Extensions>
       <Speed>7.130000</Speed>
      </Extensions>
     </Trackpoint>
     <Trackpoint>
      <Time>2026-05-25T11:13:06Z</Time>
      <Position>
       <LatitudeDegrees>35.7021777</LatitudeDegrees>
       <LongitudeDegrees>139.7851273</LongitudeDegrees>
      </Position>
      <AltitudeMeters>4</AltitudeMeters>
      <DistanceMeters>888</DistanceMeters>
      <HeartRateBpm>
       <Value>128</Value>
      </HeartRateBpm>
      <Cadence>75</Cadence>
      <Extensions>
       <Speed>7.120000</Speed>
      </Extensions>
     </Trackpoint>
     <Trackpoint>
      <Time>2026-05-25T11:13:07Z</Time>
      <Position>
       <LatitudeDegrees>35.7021759</LatitudeDegrees>
       <LongitudeDegrees>139.7851026</LongitudeDegrees>
      </Position>
      <AltitudeMeters>4</AltitudeMeters>
      <DistanceMeters>890</DistanceMeters>
      <HeartRateBpm>
       <Value>128</Value>
      </HeartRateBpm>
      <Cadence>75</Cadence>
      <Extensions>
       <Speed>7.120000</Speed>
      </Extensions>
     </Trackpoint>
     <Trackpoint>
      <Time>2026-05-25T11:13:08Z</Time>
      <Position>
       <LatitudeDegrees>35.7021742</LatitudeDegrees>
       <LongitudeDegrees>139.7850779</LongitudeDegrees>
      </Position>
      <AltitudeMeters>4</AltitudeMeters>
      <DistanceMeters>892</DistanceMeters>
      <HeartRateBpm>
       <Value>128</Value>
      </HeartRateBpm>
      <Cadence>75</Cadence>
      <Extensions>
       <Speed>7.110000</Speed>
      </Extensions>
     </Trackpoint>
     <Trackpoint>
      <Time>2026-05-25T11:13:09Z</Time>
      <Position>
       <LatitudeDegrees>35.7021744</LatitudeDegrees>
       <LongitudeDegrees>139.7850537</LongitudeDegrees>
      </Position>
      <AltitudeMeters>4</AltitudeMeters>
      <DistanceMeters>895</DistanceMeters>
      <HeartRateBpm>
       <Value>128</Value>
      </HeartRateBpm>
      <Cadence>75</Cadence>
      <Extensions>
       <Speed>7.110000</Speed>
      </Extensions>
     </Trackpoint>
     <Trackpoint>
      <Time>2026-05-25T11:13:10Z</Time>
      <Position>
       <LatitudeDegrees>35.7021746</LatitudeDegrees>
       <LongitudeDegrees>139.7850296</LongitudeDegrees>
      </Position>
      <AltitudeMeters>4</AltitudeMeters>
      <DistanceMeters>897</DistanceMeters>
      <HeartRateBpm>
       <Value>128</Value>
      </HeartRateBpm>
      <Cadence>75</Cadence>
      <Extensions>
       <Speed>7.120000</Speed>
      </Extensions>
     </Trackpoint>
     <Trackpoint>
      <Time>2026-05-25T11:13:11Z</Time>
      <Position>
       <LatitudeDegrees>35.7021760</LatitudeDegrees>
       <LongitudeDegrees>139.7850070</LongitudeDegrees>
      </Position>
      <AltitudeMeters>4</AltitudeMeters>
      <DistanceMeters>899</DistanceMeters>
      <HeartRateBpm>
       <Value>128</Value>
      </HeartRateBpm>
      <Cadence>75</Cadence>
      <Extensions>
       <Speed>7.130000</Speed>
      </Extensions>
     </Trackpoint>
     <Trackpoint>
      <Time>2026-05-25T11:13:12Z</Time>
      <Position>
       <LatitudeDegrees>35.7021775</LatitudeDegrees>
       <LongitudeDegrees>139.7849844</LongitudeDegrees>
      </Position>
      <AltitudeMeters>4</AltitudeMeters>
      <DistanceMeters>901</DistanceMeters>
      <HeartRateBpm>
       <Value>128</Value>
      </HeartRateBpm>
      <Cadence>74</Cadence>
      <Extensions>
       <Speed>7.130000</Speed>
      </Extensions>
     </Trackpoint>
     <Trackpoint>
      <Time>2026-05-25T11:13:13Z</Time>
      <Position>
       <LatitudeDegrees>35.7021799</LatitudeDegrees>
       <LongitudeDegrees>139.7849636</LongitudeDegrees>
      </Position>
      <AltitudeMeters>4</AltitudeMeters>
      <DistanceMeters>903</DistanceMeters>
      <HeartRateBpm>
       <Value>128</Value>
      </HeartRateBpm>
      <Cadence>74</Cadence>
      <Extensions>
       <Speed>7.140000</Speed>
      </Extensions>
     </Trackpoint>
     <Trackpoint>
      <Time>2026-05-25T11:13:14Z</Time>
      <Position>
       <LatitudeDegrees>35.7021824</LatitudeDegrees>
       <LongitudeDegrees>139.7849429</LongitudeDegrees>
      </Position>
      <AltitudeMeters>4</AltitudeMeters>
      <DistanceMeters>905</DistanceMeters>
      <HeartRateBpm>
       <Value>129</Value>
      </HeartRateBpm>
      <Cadence>74</Cadence>
      <Extensions>
       <Speed>7.150000</Speed>
      </Extensions>
     </Trackpoint>
     <Trackpoint>
      <Time>2026-05-25T11:13:15Z</Time>
      <Position>
       <LatitudeDegrees>35.7021832</LatitudeDegrees>
       <LongitudeDegrees>139.7849219</LongitudeDegrees>
      </Position>
      <AltitudeMeters>4</AltitudeMeters>
      <DistanceMeters>907</DistanceMeters>
      <HeartRateBpm>
       <Value>129</Value>
      </HeartRateBpm>
      <Cadence>74</Cadence>
      <Extensions>
       <Speed>7.160000</Speed>
      </Extensions>
     </Trackpoint>
     <Trackpoint>
      <Time>2026-05-25T11:13:16Z</Time>
      <Position>
       <LatitudeDegrees>35.7021841</LatitudeDegrees>
       <LongitudeDegrees>139.7849010</LongitudeDegrees>
      </Position>
      <AltitudeMeters>4</AltitudeMeters>
      <DistanceMeters>909</DistanceMeters>
      <HeartRateBpm>
       <Value>128</Value>
      </HeartRateBpm>
      <Cadence>74</Cadence>
      <Extensions>
       <Speed>7.160000</Speed>
      </Extensions>
     </Trackpoint>
     <Trackpoint>
      <Time>2026-05-25T11:13:17Z</Time>
      <Position>
       <LatitudeDegrees>35.7021848</LatitudeDegrees>
       <LongitudeDegrees>139.7848816</LongitudeDegrees>
      </Position>
      <AltitudeMeters>4</AltitudeMeters>
      <DistanceMeters>911</DistanceMeters>
      <HeartRateBpm>
       <Value>128</Value>
      </HeartRateBpm>
      <Cadence>74</Cadence>
      <Extensions>
       <Speed>7.160000</Speed>
      </Extensions>
     </Trackpoint>
     <Trackpoint>
      <Time>2026-05-25T11:13:18Z</Time>
      <Position>
       <LatitudeDegrees>35.7021856</LatitudeDegrees>
       <LongitudeDegrees>139.7848622</LongitudeDegrees>
      </Position>
      <AltitudeMeters>4</AltitudeMeters>
      <DistanceMeters>912</DistanceMeters>
      <HeartRateBpm>
       <Value>128</Value>
      </HeartRateBpm>
      <Cadence>74</Cadence>
      <Extensions>
       <Speed>7.160000</Speed>
      </Extensions>
     </Trackpoint>
     <Trackpoint>
      <Time>2026-05-25T11:13:19Z</Time>
      <Position>
       <LatitudeDegrees>35.7021883</LatitudeDegrees>
       <LongitudeDegrees>139.7848420</LongitudeDegrees>
      </Position>
      <AltitudeMeters>4</AltitudeMeters>
      <DistanceMeters>914</DistanceMeters>
      <HeartRateBpm>
       <Value>128</Value>
      </HeartRateBpm>
      <Cadence>74</Cadence>
      <Extensions>
       <Speed>7.160000</Speed>
      </Extensions>
     </Trackpoint>
     <Trackpoint>
      <Time>2026-05-25T11:13:20Z</Time>
      <Position>
       <LatitudeDegrees>35.7021910</LatitudeDegrees>
       <LongitudeDegrees>139.7848219</LongitudeDegrees>
      </Position>
      <AltitudeMeters>4</AltitudeMeters>
      <DistanceMeters>916</DistanceMeters>
      <HeartRateBpm>
       <Value>128</Value>
      </HeartRateBpm>
      <Cadence>74</Cadence>
      <Extensions>
       <Speed>7.150000</Speed>
      </Extensions>
     </Trackpoint>
     <Trackpoint>
      <Time>2026-05-25T11:13:21Z</Time>
      <Position>
       <LatitudeDegrees>35.7021933</LatitudeDegrees>
       <LongitudeDegrees>139.7847996</LongitudeDegrees>
      </Position>
      <AltitudeMeters>4</AltitudeMeters>
      <DistanceMeters>918</DistanceMeters>
      <HeartRateBpm>
       <Value>128</Value>
      </HeartRateBpm>
      <Cadence>75</Cadence>
      <Extensions>
       <Speed>7.150000</Speed>
      </Extensions>
     </Trackpoint>
     <Trackpoint>
      <Time>2026-05-25T11:13:22Z</Time>
      <Position>
       <LatitudeDegrees>35.7021957</LatitudeDegrees>
       <LongitudeDegrees>139.7847773</LongitudeDegrees>
      </Position>
      <AltitudeMeters>4</AltitudeMeters>
      <DistanceMeters>920</DistanceMeters>
      <HeartRateBpm>
       <Value>128</Value>
      </HeartRateBpm>
      <Cadence>75</Cadence>
      <Extensions>
       <Speed>7.140000</Speed>
      </Extensions>
     </Trackpoint>
     <Trackpoint>
      <Time>2026-05-25T11:13:23Z</Time>
      <Position>
       <LatitudeDegrees>35.7021981</LatitudeDegrees>
       <LongitudeDegrees>139.7847538</LongitudeDegrees>
      </Position>
      <AltitudeMeters>4</AltitudeMeters>
      <DistanceMeters>922</DistanceMeters>
      <HeartRateBpm>
       <Value>128</Value>
      </HeartRateBpm>
      <Cadence>75</Cadence>
      <Extensions>
       <Speed>7.140000</Speed>
      </Extensions>
     </Trackpoint>
     <Trackpoint>
      <Time>2026-05-25T11:13:24Z</Time>
      <Position>
       <LatitudeDegrees>35.7022006</LatitudeDegrees>
       <LongitudeDegrees>139.7847304</LongitudeDegrees>
      </Position>
      <AltitudeMeters>3</AltitudeMeters>
      <DistanceMeters>924</DistanceMeters>
      <HeartRateBpm>
       <Value>128</Value>
      </HeartRateBpm>
      <Cadence>75</Cadence>
      <Extensions>
       <Speed>7.140000</Speed>
      </Extensions>
     </Trackpoint>
     <Trackpoint>
      <Time>2026-05-25T11:13:25Z</Time>
      <Position>
       <LatitudeDegrees>35.7022033</LatitudeDegrees>
       <LongitudeDegrees>139.7847088</LongitudeDegrees>
      </Position>
      <AltitudeMeters>3</AltitudeMeters>
      <DistanceMeters>927</DistanceMeters>
      <HeartRateBpm>
       <Value>128</Value>
      </HeartRateBpm>
      <Cadence>75</Cadence>
      <Extensions>
       <Speed>7.140000</Speed>
      </Extensions>
     </Trackpoint>
     <Trackpoint>
      <Time>2026-05-25T11:13:26Z</Time>
      <Position>
       <LatitudeDegrees>35.7022060</LatitudeDegrees>
       <LongitudeDegrees>139.7846872</LongitudeDegrees>
      </Position>
      <AltitudeMeters>3</AltitudeMeters>
      <DistanceMeters>928</DistanceMeters>
      <HeartRateBpm>
       <Value>128</Value>
      </HeartRateBpm>
      <Cadence>75</Cadence>
      <Extensions>
       <Speed>7.150000</Speed>
      </Extensions>
     </Trackpoint>
     <Trackpoint>
      <Time>2026-05-25T11:13:27Z</Time>
      <Position>
       <LatitudeDegrees>35.7022097</LatitudeDegrees>
       <LongitudeDegrees>139.7846673</LongitudeDegrees>
      </Position>
      <AltitudeMeters>3</AltitudeMeters>
      <DistanceMeters>930</DistanceMeters>
      <HeartRateBpm>
       <Value>128</Value>
      </HeartRateBpm>
      <Cadence>75</Cadence>
      <Extensions>
       <Speed>7.160000</Speed>
      </Extensions>
     </Trackpoint>
     <Trackpoint>
      <Time>2026-05-25T11:13:28Z</Time>
      <Position>
       <LatitudeDegrees>35.7022135</LatitudeDegrees>
       <LongitudeDegrees>139.7846474</LongitudeDegrees>
      </Position>
      <AltitudeMeters>3</AltitudeMeters>
      <DistanceMeters>932</DistanceMeters>
      <HeartRateBpm>
       <Value>128</Value>
      </HeartRateBpm>
      <Cadence>75</Cadence>
      <Extensions>
       <Speed>7.160000</Speed>
      </Extensions>
     </Trackpoint>
     <Trackpoint>
      <Time>2026-05-25T11:13:29Z</Time>
      <Position>
       <LatitudeDegrees>35.7022175</LatitudeDegrees>
       <LongitudeDegrees>139.7846285</LongitudeDegrees>
      </Position>
      <AltitudeMeters>3</AltitudeMeters>
      <DistanceMeters>934</DistanceMeters>
      <HeartRateBpm>
       <Value>128</Value>
      </HeartRateBpm>
      <Cadence>75</Cadence>
      <Extensions>
       <Speed>7.170000</Speed>
      </Extensions>
     </Trackpoint>
     <Trackpoint>
      <Time>2026-05-25T11:13:30Z</Time>
      <Position>
       <LatitudeDegrees>35.7022215</LatitudeDegrees>
       <LongitudeDegrees>139.7846097</LongitudeDegrees>
      </Position>
      <AltitudeMeters>3</AltitudeMeters>
      <DistanceMeters>936</DistanceMeters>
      <HeartRateBpm>
       <Value>129</Value>
      </HeartRateBpm>
      <Cadence>75</Cadence>
      <Extensions>
       <Speed>7.170000</Speed>
      </Extensions>
     </Trackpoint>
     <Trackpoint>
      <Time>2026-05-25T11:13:31Z</Time>
      <Position>
       <LatitudeDegrees>35.7022262</LatitudeDegrees>
       <LongitudeDegrees>139.7845908</LongitudeDegrees>
      </Position>
      <AltitudeMeters>3</AltitudeMeters>
      <DistanceMeters>937</DistanceMeters>
      <HeartRateBpm>
       <Value>129</Value>
      </HeartRateBpm>
      <Cadence>75</Cadence>
      <Extensions>
       <Speed>7.180000</Speed>
      </Extensions>
     </Trackpoint>
     <Trackpoint>
      <Time>2026-05-25T11:13:32Z</Time>
      <Position>
       <LatitudeDegrees>35.7022310</LatitudeDegrees>
       <LongitudeDegrees>139.7845720</LongitudeDegrees>
      </Position>
      <AltitudeMeters>3</AltitudeMeters>
      <DistanceMeters>939</DistanceMeters>
      <HeartRateBpm>
       <Value>129</Value>
      </HeartRateBpm>
      <Cadence>75</Cadence>
      <Extensions>
       <Speed>7.170000</Speed>
      </Extensions>
     </Trackpoint>
     <Trackpoint>
      <Time>2026-05-25T11:13:33Z</Time>
      <Position>
       <LatitudeDegrees>35.7022404</LatitudeDegrees>
       <LongitudeDegrees>139.7845556</LongitudeDegrees>
      </Position>
      <AltitudeMeters>3</AltitudeMeters>
      <DistanceMeters>941</DistanceMeters>
      <HeartRateBpm>
       <Value>129</Value>
      </HeartRateBpm>
      <Cadence>75</Cadence>
      <Extensions>
       <Speed>7.170000</Speed>
      </Extensions>
     </Trackpoint>
     <Trackpoint>
      <Time>2026-05-25T11:13:34Z</Time>
      <Position>
       <LatitudeDegrees>35.7022498</LatitudeDegrees>
       <LongitudeDegrees>139.7845393</LongitudeDegrees>
      </Position>
      <AltitudeMeters>3</AltitudeMeters>
      <DistanceMeters>943</DistanceMeters>
      <HeartRateBpm>
       <Value>129</Value>
      </HeartRateBpm>
      <Cadence>75</Cadence>
      <Extensions>
       <Speed>7.160000</Speed>
      </Extensions>
     </Trackpoint>
     <Trackpoint>
      <Time>2026-05-25T11:13:35Z</Time>
      <Position>
       <LatitudeDegrees>35.7022650</LatitudeDegrees>
       <LongitudeDegrees>139.7845304</LongitudeDegrees>
      </Position>
      <AltitudeMeters>3</AltitudeMeters>
      <DistanceMeters>945</DistanceMeters>
      <HeartRateBpm>
       <Value>129</Value>
      </HeartRateBpm>
      <Cadence>75</Cadence>
      <Extensions>
       <Speed>7.160000</Speed>
      </Extensions>
     </Trackpoint>
     <Trackpoint>
      <Time>2026-05-25T11:13:36Z</Time>
      <Position>
       <LatitudeDegrees>35.7022802</LatitudeDegrees>
       <LongitudeDegrees>139.7845215</LongitudeDegrees>
      </Position>
      <AltitudeMeters>3</AltitudeMeters>
      <DistanceMeters>947</DistanceMeters>
      <HeartRateBpm>
       <Value>129</Value>
      </HeartRateBpm>
      <Cadence>75</Cadence>
      <Extensions>
       <Speed>7.150000</Speed>
      </Extensions>
     </Trackpoint>
     <Trackpoint>
      <Time>2026-05-25T11:13:37Z</Time>
      <Position>
       <LatitudeDegrees>35.7022983</LatitudeDegrees>
       <LongitudeDegrees>139.7845187</LongitudeDegrees>
      </Position>
      <AltitudeMeters>3</AltitudeMeters>
      <DistanceMeters>949</DistanceMeters>
      <HeartRateBpm>
       <Value>129</Value>
      </HeartRateBpm>
      <Cadence>75</Cadence>
      <Extensions>
       <Speed>7.150000</Speed>
      </Extensions>
     </Trackpoint>
     <Trackpoint>
      <Time>2026-05-25T11:13:38Z</Time>
      <Position>
       <LatitudeDegrees>35.7023165</LatitudeDegrees>
       <LongitudeDegrees>139.7845159</LongitudeDegrees>
      </Position>
      <AltitudeMeters>3</AltitudeMeters>
      <DistanceMeters>951</DistanceMeters>
      <HeartRateBpm>
       <Value>129</Value>
      </HeartRateBpm>
      <Cadence>75</Cadence>
      <Extensions>
       <Speed>7.150000</Speed>
      </Extensions>
     </Trackpoint>
     <Trackpoint>
      <Time>2026-05-25T11:13:39Z</Time>
      <Position>
       <LatitudeDegrees>35.7023349</LatitudeDegrees>
       <LongitudeDegrees>139.7845192</LongitudeDegrees>
      </Position>
      <AltitudeMeters>3</AltitudeMeters>
      <DistanceMeters>953</DistanceMeters>
      <HeartRateBpm>
       <Value>129</Value>
      </HeartRateBpm>
      <Cadence>75</Cadence>
      <Extensions>
       <Speed>7.150000</Speed>
      </Extensions>
     </Trackpoint>
     <Trackpoint>
      <Time>2026-05-25T11:13:40Z</Time>
      <Position>
       <LatitudeDegrees>35.7023533</LatitudeDegrees>
       <LongitudeDegrees>139.7845226</LongitudeDegrees>
      </Position>
      <AltitudeMeters>3</AltitudeMeters>
      <DistanceMeters>955</DistanceMeters>
      <HeartRateBpm>
       <Value>129</Value>
      </HeartRateBpm>
      <Cadence>75</Cadence>
      <Extensions>
       <Speed>7.150000</Speed>
      </Extensions>
     </Trackpoint>
     <Trackpoint>
      <Time>2026-05-25T11:13:41Z</Time>
      <Position>
       <LatitudeDegrees>35.7023710</LatitudeDegrees>
       <LongitudeDegrees>139.7845282</LongitudeDegrees>
      </Position>
      <AltitudeMeters>3</AltitudeMeters>
      <DistanceMeters>957</DistanceMeters>
      <HeartRateBpm>
       <Value>130</Value>
      </HeartRateBpm>
      <Cadence>75</Cadence>
      <Extensions>
       <Speed>7.150000</Speed>
      </Extensions>
     </Trackpoint>
     <Trackpoint>
      <Time>2026-05-25T11:13:42Z</Time>
      <Position>
       <LatitudeDegrees>35.7023887</LatitudeDegrees>
       <LongitudeDegrees>139.7845339</LongitudeDegrees>
      </Position>
      <AltitudeMeters>3</AltitudeMeters>
      <DistanceMeters>959</DistanceMeters>
      <HeartRateBpm>
       <Value>130</Value>
      </HeartRateBpm>
      <Cadence>75</Cadence>
      <Extensions>
       <Speed>7.150000</Speed>
      </Extensions>
     </Trackpoint>
     <Trackpoint>
      <Time>2026-05-25T11:13:43Z</Time>
      <Position>
       <LatitudeDegrees>35.7024054</LatitudeDegrees>
       <LongitudeDegrees>139.7845384</LongitudeDegrees>
      </Position>
      <AltitudeMeters>3</AltitudeMeters>
      <DistanceMeters>961</DistanceMeters>
      <HeartRateBpm>
       <Value>130</Value>
      </HeartRateBpm>
      <Cadence>75</Cadence>
      <Extensions>
       <Speed>7.160000</Speed>
      </Extensions>
     </Trackpoint>
     <Trackpoint>
      <Time>2026-05-25T11:13:44Z</Time>
      <Position>
       <LatitudeDegrees>35.7024221</LatitudeDegrees>
       <LongitudeDegrees>139.7845430</LongitudeDegrees>
      </Position>
      <AltitudeMeters>3</AltitudeMeters>
      <DistanceMeters>962</DistanceMeters>
      <HeartRateBpm>
       <Value>130</Value>
      </HeartRateBpm>
      <Cadence>75</Cadence>
      <Extensions>
       <Speed>7.150000</Speed>
      </Extensions>
     </Trackpoint>
     <Trackpoint>
      <Time>2026-05-25T11:13:45Z</Time>
      <Position>
       <LatitudeDegrees>35.7024372</LatitudeDegrees>
       <LongitudeDegrees>139.7845457</LongitudeDegrees>
      </Position>
      <AltitudeMeters>3</AltitudeMeters>
      <DistanceMeters>964</DistanceMeters>
      <HeartRateBpm>
       <Value>130</Value>
      </HeartRateBpm>
      <Cadence>76</Cadence>
      <Extensions>
       <Speed>7.150000</Speed>
      </Extensions>
     </Trackpoint>
     <Trackpoint>
      <Time>2026-05-25T11:13:46Z</Time>
      <Position>
       <LatitudeDegrees>35.7024524</LatitudeDegrees>
       <LongitudeDegrees>139.7845485</LongitudeDegrees>
      </Position>
      <AltitudeMeters>3</AltitudeMeters>
      <DistanceMeters>966</DistanceMeters>
      <HeartRateBpm>
       <Value>129</Value>
      </HeartRateBpm>
      <Cadence>76</Cadence>
      <Extensions>
       <Speed>7.140000</Speed>
      </Extensions>
     </Trackpoint>
     <Trackpoint>
      <Time>2026-05-25T11:13:47Z</Time>
      <Position>
       <LatitudeDegrees>35.7024680</LatitudeDegrees>
       <LongitudeDegrees>139.7845508</LongitudeDegrees>
      </Position>
      <AltitudeMeters>3</AltitudeMeters>
      <DistanceMeters>968</DistanceMeters>
      <HeartRateBpm>
       <Value>130</Value>
      </HeartRateBpm>
      <Cadence>76</Cadence>
      <Extensions>
       <Speed>7.130000</Speed>
      </Extensions>
     </Trackpoint>
     <Trackpoint>
      <Time>2026-05-25T11:13:48Z</Time>
      <Position>
       <LatitudeDegrees>35.7024836</LatitudeDegrees>
       <LongitudeDegrees>139.7845531</LongitudeDegrees>
      </Position>
      <AltitudeMeters>4</AltitudeMeters>
      <DistanceMeters>970</DistanceMeters>
      <HeartRateBpm>
       <Value>130</Value>
      </HeartRateBpm>
      <Cadence>76</Cadence>
      <Extensions>
       <Speed>7.120000</Speed>
      </Extensions>
     </Trackpoint>
     <Trackpoint>
      <Time>2026-05-25T11:13:49Z</Time>
      <Position>
       <LatitudeDegrees>35.7024993</LatitudeDegrees>
       <LongitudeDegrees>139.7845558</LongitudeDegrees>
      </Position>
      <AltitudeMeters>4</AltitudeMeters>
      <DistanceMeters>971</DistanceMeters>
      <HeartRateBpm>
       <Value>130</Value>
      </HeartRateBpm>
      <Cadence>76</Cadence>
      <Extensions>
       <Speed>7.110000</Speed>
      </Extensions>
     </Trackpoint>
     <Trackpoint>
      <Time>2026-05-25T11:13:50Z</Time>
      <Position>
       <LatitudeDegrees>35.7025151</LatitudeDegrees>
       <LongitudeDegrees>139.7845585</LongitudeDegrees>
      </Position>
      <AltitudeMeters>4</AltitudeMeters>
      <DistanceMeters>973</DistanceMeters>
      <HeartRateBpm>
       <Value>130</Value>
      </HeartRateBpm>
      <Cadence>76</Cadence>
      <Extensions>
       <Speed>7.090000</Speed>
      </Extensions>
     </Trackpoint>
     <Trackpoint>
      <Time>2026-05-25T11:13:51Z</Time>
      <Position>
       <LatitudeDegrees>35.7025321</LatitudeDegrees>
       <LongitudeDegrees>139.7845613</LongitudeDegrees>
      </Position>
      <AltitudeMeters>4</AltitudeMeters>
      <DistanceMeters>975</DistanceMeters>
      <HeartRateBpm>
       <Value>130</Value>
      </HeartRateBpm>
      <Cadence>76</Cadence>
      <Extensions>
       <Speed>7.080000</Speed>
      </Extensions>
     </Trackpoint>
     <Trackpoint>
      <Time>2026-05-25T11:13:52Z</Time>
      <Position>
       <LatitudeDegrees>35.7025492</LatitudeDegrees>
       <LongitudeDegrees>139.7845641</LongitudeDegrees>
      </Position>
      <AltitudeMeters>4</AltitudeMeters>
      <DistanceMeters>977</DistanceMeters>
      <HeartRateBpm>
       <Value>131</Value>
      </HeartRateBpm>
      <Cadence>76</Cadence>
      <Extensions>
       <Speed>7.060000</Speed>
      </Extensions>
     </Trackpoint>
     <Trackpoint>
      <Time>2026-05-25T11:13:53Z</Time>
      <Position>
       <LatitudeDegrees>35.7025674</LatitudeDegrees>
       <LongitudeDegrees>139.7845700</LongitudeDegrees>
      </Position>
      <AltitudeMeters>4</AltitudeMeters>
      <DistanceMeters>979</DistanceMeters>
      <HeartRateBpm>
       <Value>131</Value>
      </HeartRateBpm>
      <Cadence>76</Cadence>
      <Extensions>
       <Speed>7.050000</Speed>
      </Extensions>
     </Trackpoint>
     <Trackpoint>
      <Time>2026-05-25T11:13:54Z</Time>
      <Position>
       <LatitudeDegrees>35.7025857</LatitudeDegrees>
       <LongitudeDegrees>139.7845759</LongitudeDegrees>
      </Position>
      <AltitudeMeters>4</AltitudeMeters>
      <DistanceMeters>981</DistanceMeters>
      <HeartRateBpm>
       <Value>131</Value>
      </HeartRateBpm>
      <Cadence>75</Cadence>
      <Extensions>
       <Speed>7.040000</Speed>
      </Extensions>
     </Trackpoint>
     <Trackpoint>
      <Time>2026-05-25T11:13:55Z</Time>
      <Position>
       <LatitudeDegrees>35.7026024</LatitudeDegrees>
       <LongitudeDegrees>139.7845819</LongitudeDegrees>
      </Position>
      <AltitudeMeters>4</AltitudeMeters>
      <DistanceMeters>983</DistanceMeters>
      <HeartRateBpm>
       <Value>131</Value>
      </HeartRateBpm>
      <Cadence>75</Cadence>
      <Extensions>
       <Speed>7.030000</Speed>
      </Extensions>
     </Trackpoint>
     <Trackpoint>
      <Time>2026-05-25T11:13:56Z</Time>
      <Position>
       <LatitudeDegrees>35.7026191</LatitudeDegrees>
       <LongitudeDegrees>139.7845880</LongitudeDegrees>
      </Position>
      <AltitudeMeters>4</AltitudeMeters>
      <DistanceMeters>984</DistanceMeters>
      <HeartRateBpm>
       <Value>131</Value>
      </HeartRateBpm>
      <Cadence>75</Cadence>
      <Extensions>
       <Speed>7.020000</Speed>
      </Extensions>
     </Trackpoint>
     <Trackpoint>
      <Time>2026-05-25T11:13:57Z</Time>
      <Position>
       <LatitudeDegrees>35.7026350</LatitudeDegrees>
       <LongitudeDegrees>139.7845916</LongitudeDegrees>
      </Position>
      <AltitudeMeters>4</AltitudeMeters>
      <DistanceMeters>986</DistanceMeters>
      <HeartRateBpm>
       <Value>131</Value>
      </HeartRateBpm>
      <Cadence>75</Cadence>
      <Extensions>
       <Speed>7.020000</Speed>
      </Extensions>
     </Trackpoint>
     <Trackpoint>
      <Time>2026-05-25T11:13:58Z</Time>
      <Position>
       <LatitudeDegrees>35.7026510</LatitudeDegrees>
       <LongitudeDegrees>139.7845952</LongitudeDegrees>
      </Position>
      <AltitudeMeters>4</AltitudeMeters>
      <DistanceMeters>988</DistanceMeters>
      <HeartRateBpm>
       <Value>131</Value>
      </HeartRateBpm>
      <Cadence>75</Cadence>
      <Extensions>
       <Speed>7.010000</Speed>
      </Extensions>
     </Trackpoint>
     <Trackpoint>
      <Time>2026-05-25T11:13:59Z</Time>
      <Position>
       <LatitudeDegrees>35.7026679</LatitudeDegrees>
       <LongitudeDegrees>139.7845986</LongitudeDegrees>
      </Position>
      <AltitudeMeters>4</AltitudeMeters>
      <DistanceMeters>990</DistanceMeters>
      <HeartRateBpm>
       <Value>131</Value>
      </HeartRateBpm>
      <Cadence>75</Cadence>
      <Extensions>
       <Speed>7.010000</Speed>
      </Extensions>
     </Trackpoint>
     <Trackpoint>
      <Time>2026-05-25T11:14:00Z</Time>
      <Position>
       <LatitudeDegrees>35.7026848</LatitudeDegrees>
       <LongitudeDegrees>139.7846021</LongitudeDegrees>
      </Position>
      <AltitudeMeters>4</AltitudeMeters>
      <DistanceMeters>992</DistanceMeters>
      <HeartRateBpm>
       <Value>131</Value>
      </HeartRateBpm>
      <Cadence>75</Cadence>
      <Extensions>
       <Speed>6.980000</Speed>
      </Extensions>
     </Trackpoint>
     <Trackpoint>
      <Time>2026-05-25T11:14:01Z</Time>
      <Position>
       <LatitudeDegrees>35.7027016</LatitudeDegrees>
       <LongitudeDegrees>139.7846073</LongitudeDegrees>
      </Position>
      <AltitudeMeters>4</AltitudeMeters>
      <DistanceMeters>994</DistanceMeters>
      <HeartRateBpm>
       <Value>131</Value>
      </HeartRateBpm>
      <Cadence>75</Cadence>
      <Extensions>
       <Speed>6.960000</Speed>
      </Extensions>
     </Trackpoint>
     <Trackpoint>
      <Time>2026-05-25T11:14:02Z</Time>
      <Position>
       <LatitudeDegrees>35.7027184</LatitudeDegrees>
       <LongitudeDegrees>139.7846126</LongitudeDegrees>
      </Position>
      <AltitudeMeters>4</AltitudeMeters>
      <DistanceMeters>996</DistanceMeters>
      <HeartRateBpm>
       <Value>131</Value>
      </HeartRateBpm>
      <Cadence>75</Cadence>
      <Extensions>
       <Speed>6.950000</Speed>
      </Extensions>
     </Trackpoint>
     <Trackpoint>
      <Time>2026-05-25T11:14:03Z</Time>
      <Position>
       <LatitudeDegrees>35.7027350</LatitudeDegrees>
       <LongitudeDegrees>139.7846170</LongitudeDegrees>
      </Position>
      <AltitudeMeters>4</AltitudeMeters>
      <DistanceMeters>998</DistanceMeters>
      <HeartRateBpm>
       <Value>131</Value>
      </HeartRateBpm>
      <Cadence>75</Cadence>
      <Extensions>
       <Speed>6.950000</Speed>
      </Extensions>
     </Trackpoint>
    </Track>
   </Lap>
   <Lap StartTime="2026-05-25T11:14:03Z">
    <TotalTimeSeconds>140</TotalTimeSeconds>
    <DistanceMeters>280</DistanceMeters>
    <Intensity>Active</Intensity>
    <TriggerMethod>Manual</TriggerMethod>
    <MaximumHeartRateBpm>
     <Value>136</Value>
    </MaximumHeartRateBpm>
    <AverageHeartRateBpm>
     <Value>132</Value>
    </AverageHeartRateBpm>
    <Track>
     <Trackpoint>
      <Time>2026-05-25T11:14:03Z</Time>
      <Position>
       <LatitudeDegrees>35.7027350</LatitudeDegrees>
       <LongitudeDegrees>139.7846170</LongitudeDegrees>
      </Position>
      <AltitudeMeters>4</AltitudeMeters>
      <DistanceMeters>998</DistanceMeters>
      <HeartRateBpm>
       <Value>131</Value>
      </HeartRateBpm>
      <Cadence>75</Cadence>
      <Extensions>
       <Speed>6.950000</Speed>
      </Extensions>
     </Trackpoint>
     <Trackpoint>
      <Time>2026-05-25T11:14:04Z</Time>
      <Position>
       <LatitudeDegrees>35.7027517</LatitudeDegrees>
       <LongitudeDegrees>139.7846214</LongitudeDegrees>
      </Position>
      <AltitudeMeters>4</AltitudeMeters>
      <DistanceMeters>1000</DistanceMeters>
      <HeartRateBpm>
       <Value>132</Value>
      </HeartRateBpm>
      <Cadence>75</Cadence>
      <Extensions>
       <Speed>6.940000</Speed>
      </Extensions>
     </Trackpoint>
     <Trackpoint>
      <Time>2026-05-25T11:14:05Z</Time>
      <Position>
       <LatitudeDegrees>35.7027690</LatitudeDegrees>
       <LongitudeDegrees>139.7846255</LongitudeDegrees>
      </Position>
      <AltitudeMeters>4</AltitudeMeters>
      <DistanceMeters>1002</DistanceMeters>
      <HeartRateBpm>
       <Value>131</Value>
      </HeartRateBpm>
      <Cadence>75</Cadence>
      <Extensions>
       <Speed>6.940000</Speed>
      </Extensions>
     </Trackpoint>
     <Trackpoint>
      <Time>2026-05-25T11:14:06Z</Time>
      <Position>
       <LatitudeDegrees>35.7027864</LatitudeDegrees>
       <LongitudeDegrees>139.7846297</LongitudeDegrees>
      </Position>
      <AltitudeMeters>4</AltitudeMeters>
      <DistanceMeters>1004</DistanceMeters>
      <HeartRateBpm>
       <Value>131</Value>
      </HeartRateBpm>
      <Cadence>75</Cadence>
      <Extensions>
       <Speed>6.940000</Speed>
      </Extensions>
     </Trackpoint>
     <Trackpoint>
      <Time>2026-05-25T11:14:07Z</Time>
      <Position>
       <LatitudeDegrees>35.7028041</LatitudeDegrees>
       <LongitudeDegrees>139.7846350</LongitudeDegrees>
      </Position>
      <AltitudeMeters>4</AltitudeMeters>
      <DistanceMeters>1006</DistanceMeters>
      <HeartRateBpm>
       <Value>131</Value>
      </HeartRateBpm>
      <Cadence>75</Cadence>
      <Extensions>
       <Speed>6.940000</Speed>
      </Extensions>
     </Trackpoint>
     <Trackpoint>
      <Time>2026-05-25T11:14:08Z</Time>
      <Position>
       <LatitudeDegrees>35.7028218</LatitudeDegrees>
       <LongitudeDegrees>139.7846403</LongitudeDegrees>
      </Position>
      <AltitudeMeters>4</AltitudeMeters>
      <DistanceMeters>1008</DistanceMeters>
      <HeartRateBpm>
       <Value>130</Value>
      </HeartRateBpm>
      <Cadence>75</Cadence>
      <Extensions>
       <Speed>6.930000</Speed>
      </Extensions>
     </Trackpoint>
     <Trackpoint>
      <Time>2026-05-25T11:14:09Z</Time>
      <Position>
       <LatitudeDegrees>35.7028391</LatitudeDegrees>
       <LongitudeDegrees>139.7846477</LongitudeDegrees>
      </Position>
      <AltitudeMeters>4</AltitudeMeters>
      <DistanceMeters>1010</DistanceMeters>
      <HeartRateBpm>
       <Value>130</Value>
      </HeartRateBpm>
      <Cadence>75</Cadence>
      <Extensions>
       <Speed>6.930000</Speed>
      </Extensions>
     </Trackpoint>
     <Trackpoint>
      <Time>2026-05-25T11:14:10Z</Time>
      <Position>
       <LatitudeDegrees>35.7028565</LatitudeDegrees>
       <LongitudeDegrees>139.7846552</LongitudeDegrees>
      </Position>
      <AltitudeMeters>4</AltitudeMeters>
      <DistanceMeters>1012</DistanceMeters>
      <HeartRateBpm>
       <Value>130</Value>
      </HeartRateBpm>
      <Cadence>75</Cadence>
      <Extensions>
       <Speed>6.930000</Speed>
      </Extensions>
     </Trackpoint>
     <Trackpoint>
      <Time>2026-05-25T11:14:11Z</Time>
      <Position>
       <LatitudeDegrees>35.7028729</LatitudeDegrees>
       <LongitudeDegrees>139.7846653</LongitudeDegrees>
      </Position>
      <AltitudeMeters>4</AltitudeMeters>
      <DistanceMeters>1014</DistanceMeters>
      <HeartRateBpm>
       <Value>129</Value>
      </HeartRateBpm>
      <Cadence>75</Cadence>
      <Extensions>
       <Speed>6.930000</Speed>
      </Extensions>
     </Trackpoint>
     <Trackpoint>
      <Time>2026-05-25T11:14:12Z</Time>
      <Position>
       <LatitudeDegrees>35.7028893</LatitudeDegrees>
       <LongitudeDegrees>139.7846754</LongitudeDegrees>
      </Position>
      <AltitudeMeters>4</AltitudeMeters>
      <DistanceMeters>1016</DistanceMeters>
      <HeartRateBpm>
       <Value>129</Value>
      </HeartRateBpm>
      <Cadence>75</Cadence>
      <Extensions>
       <Speed>6.930000</Speed>
      </Extensions>
     </Trackpoint>
     <Trackpoint>
      <Time>2026-05-25T11:14:13Z</Time>
      <Position>
       <LatitudeDegrees>35.7029050</LatitudeDegrees>
       <LongitudeDegrees>139.7846844</LongitudeDegrees>
      </Position>
      <AltitudeMeters>4</AltitudeMeters>
      <DistanceMeters>1018</DistanceMeters>
      <HeartRateBpm>
       <Value>130</Value>
      </HeartRateBpm>
      <Cadence>75</Cadence>
      <Extensions>
       <Speed>6.930000</Speed>
      </Extensions>
     </Trackpoint>
     <Trackpoint>
      <Time>2026-05-25T11:14:14Z</Time>
      <Position>
       <LatitudeDegrees>35.7029208</LatitudeDegrees>
       <LongitudeDegrees>139.7846935</LongitudeDegrees>
      </Position>
      <AltitudeMeters>4</AltitudeMeters>
      <DistanceMeters>1020</DistanceMeters>
      <HeartRateBpm>
       <Value>130</Value>
      </HeartRateBpm>
      <Cadence>75</Cadence>
      <Extensions>
       <Speed>6.930000</Speed>
      </Extensions>
     </Trackpoint>
     <Trackpoint>
      <Time>2026-05-25T11:14:15Z</Time>
      <Position>
       <LatitudeDegrees>35.7029354</LatitudeDegrees>
       <LongitudeDegrees>139.7847014</LongitudeDegrees>
      </Position>
      <AltitudeMeters>4</AltitudeMeters>
      <DistanceMeters>1021</DistanceMeters>
      <HeartRateBpm>
       <Value>130</Value>
      </HeartRateBpm>
      <Cadence>75</Cadence>
      <Extensions>
       <Speed>6.940000</Speed>
      </Extensions>
     </Trackpoint>
     <Trackpoint>
      <Time>2026-05-25T11:14:16Z</Time>
      <Position>
       <LatitudeDegrees>35.7029501</LatitudeDegrees>
       <LongitudeDegrees>139.7847094</LongitudeDegrees>
      </Position>
      <AltitudeMeters>4</AltitudeMeters>
      <DistanceMeters>1023</DistanceMeters>
      <HeartRateBpm>
       <Value>130</Value>
      </HeartRateBpm>
      <Cadence>75</Cadence>
      <Extensions>
       <Speed>6.940000</Speed>
      </Extensions>
     </Trackpoint>
     <Trackpoint>
      <Time>2026-05-25T11:14:17Z</Time>
      <Position>
       <LatitudeDegrees>35.7029661</LatitudeDegrees>
       <LongitudeDegrees>139.7847162</LongitudeDegrees>
      </Position>
      <AltitudeMeters>4</AltitudeMeters>
      <DistanceMeters>1025</DistanceMeters>
      <HeartRateBpm>
       <Value>130</Value>
      </HeartRateBpm>
      <Cadence>76</Cadence>
      <Extensions>
       <Speed>6.940000</Speed>
      </Extensions>
     </Trackpoint>
     <Trackpoint>
      <Time>2026-05-25T11:14:18Z</Time>
      <Position>
       <LatitudeDegrees>35.7029821</LatitudeDegrees>
       <LongitudeDegrees>139.7847231</LongitudeDegrees>
      </Position>
      <AltitudeMeters>4</AltitudeMeters>
      <DistanceMeters>1027</DistanceMeters>
      <HeartRateBpm>
       <Value>130</Value>
      </HeartRateBpm>
      <Cadence>76</Cadence>
      <Extensions>
       <Speed>6.930000</Speed>
      </Extensions>
     </Trackpoint>
     <Trackpoint>
      <Time>2026-05-25T11:14:19Z</Time>
      <Position>
       <LatitudeDegrees>35.7029979</LatitudeDegrees>
       <LongitudeDegrees>139.7847271</LongitudeDegrees>
      </Position>
      <AltitudeMeters>4</AltitudeMeters>
      <DistanceMeters>1029</DistanceMeters>
      <HeartRateBpm>
       <Value>130</Value>
      </HeartRateBpm>
      <Cadence>76</Cadence>
      <Extensions>
       <Speed>6.930000</Speed>
      </Extensions>
     </Trackpoint>
     <Trackpoint>
      <Time>2026-05-25T11:14:20Z</Time>
      <Position>
       <LatitudeDegrees>35.7030138</LatitudeDegrees>
       <LongitudeDegrees>139.7847312</LongitudeDegrees>
      </Position>
      <AltitudeMeters>4</AltitudeMeters>
      <DistanceMeters>1031</DistanceMeters>
      <HeartRateBpm>
       <Value>129</Value>
      </HeartRateBpm>
      <Cadence>76</Cadence>
      <Extensions>
       <Speed>6.930000</Speed>
      </Extensions>
     </Trackpoint>
     <Trackpoint>
      <Time>2026-05-25T11:14:21Z</Time>
      <Position>
       <LatitudeDegrees>35.7030312</LatitudeDegrees>
       <LongitudeDegrees>139.7847312</LongitudeDegrees>
      </Position>
      <AltitudeMeters>4</AltitudeMeters>
      <DistanceMeters>1033</DistanceMeters>
      <HeartRateBpm>
       <Value>128</Value>
      </HeartRateBpm>
      <Cadence>76</Cadence>
      <Extensions>
       <Speed>6.930000</Speed>
      </Extensions>
     </Trackpoint>
     <Trackpoint>
      <Time>2026-05-25T11:14:22Z</Time>
      <Position>
       <LatitudeDegrees>35.7030486</LatitudeDegrees>
       <LongitudeDegrees>139.7847312</LongitudeDegrees>
      </Position>
      <AltitudeMeters>4</AltitudeMeters>
      <DistanceMeters>1035</DistanceMeters>
      <HeartRateBpm>
       <Value>127</Value>
      </HeartRateBpm>
      <Cadence>76</Cadence>
      <Extensions>
       <Speed>6.920000</Speed>
      </Extensions>
     </Trackpoint>
     <Trackpoint>
      <Time>2026-05-25T11:14:23Z</Time>
      <Position>
       <LatitudeDegrees>35.7030678</LatitudeDegrees>
       <LongitudeDegrees>139.7847285</LongitudeDegrees>
      </Position>
      <AltitudeMeters>4</AltitudeMeters>
      <DistanceMeters>1037</DistanceMeters>
      <HeartRateBpm>
       <Value>127</Value>
      </HeartRateBpm>
      <Cadence>76</Cadence>
      <Extensions>
       <Speed>6.920000</Speed>
      </Extensions>
     </Trackpoint>
     <Trackpoint>
      <Time>2026-05-25T11:14:24Z</Time>
      <Position>
       <LatitudeDegrees>35.7030870</LatitudeDegrees>
       <LongitudeDegrees>139.7847259</LongitudeDegrees>
      </Position>
      <AltitudeMeters>3</AltitudeMeters>
      <DistanceMeters>1040</DistanceMeters>
      <HeartRateBpm>
       <Value>127</Value>
      </HeartRateBpm>
      <Cadence>76</Cadence>
      <Extensions>
       <Speed>6.930000</Speed>
      </Extensions>
     </Trackpoint>
     <Trackpoint>
      <Time>2026-05-25T11:14:25Z</Time>
      <Position>
       <LatitudeDegrees>35.7031083</LatitudeDegrees>
       <LongitudeDegrees>139.7847253</LongitudeDegrees>
      </Position>
      <AltitudeMeters>3</AltitudeMeters>
      <DistanceMeters>1042</DistanceMeters>
      <HeartRateBpm>
       <Value>127</Value>
      </HeartRateBpm>
      <Cadence>76</Cadence>
      <Extensions>
       <Speed>6.950000</Speed>
      </Extensions>
     </Trackpoint>
     <Trackpoint>
      <Time>2026-05-25T11:14:26Z</Time>
      <Position>
       <LatitudeDegrees>35.7031297</LatitudeDegrees>
       <LongitudeDegrees>139.7847248</LongitudeDegrees>
      </Position>
      <AltitudeMeters>3</AltitudeMeters>
      <DistanceMeters>1044</DistanceMeters>
      <HeartRateBpm>
       <Value>126</Value>
      </HeartRateBpm>
      <Cadence>76</Cadence>
      <Extensions>
       <Speed>6.970000</Speed>
      </Extensions>
     </Trackpoint>
     <Trackpoint>
      <Time>2026-05-25T11:14:27Z</Time>
      <Position>
       <LatitudeDegrees>35.7031496</LatitudeDegrees>
       <LongitudeDegrees>139.7847283</LongitudeDegrees>
      </Position>
      <AltitudeMeters>3</AltitudeMeters>
      <DistanceMeters>1047</DistanceMeters>
      <HeartRateBpm>
       <Value>126</Value>
      </HeartRateBpm>
      <Cadence>76</Cadence>
      <Extensions>
       <Speed>6.990000</Speed>
      </Extensions>
     </Trackpoint>
     <Trackpoint>
      <Time>2026-05-25T11:14:28Z</Time>
      <Position>
       <LatitudeDegrees>35.7031696</LatitudeDegrees>
       <LongitudeDegrees>139.7847318</LongitudeDegrees>
      </Position>
      <AltitudeMeters>3</AltitudeMeters>
      <DistanceMeters>1049</DistanceMeters>
      <HeartRateBpm>
       <Value>126</Value>
      </HeartRateBpm>
      <Cadence>76</Cadence>
      <Extensions>
       <Speed>7.000000</Speed>
      </Extensions>
     </Trackpoint>
     <Trackpoint>
      <Time>2026-05-25T11:14:29Z</Time>
      <Position>
       <LatitudeDegrees>35.7031880</LatitudeDegrees>
       <LongitudeDegrees>139.7847380</LongitudeDegrees>
      </Position>
      <AltitudeMeters>3</AltitudeMeters>
      <DistanceMeters>1051</DistanceMeters>
      <HeartRateBpm>
       <Value>125</Value>
      </HeartRateBpm>
      <Cadence>76</Cadence>
      <Extensions>
       <Speed>7.020000</Speed>
      </Extensions>
     </Trackpoint>
     <Trackpoint>
      <Time>2026-05-25T11:14:30Z</Time>
      <Position>
       <LatitudeDegrees>35.7032064</LatitudeDegrees>
       <LongitudeDegrees>139.7847443</LongitudeDegrees>
      </Position>
      <AltitudeMeters>3</AltitudeMeters>
      <DistanceMeters>1053</DistanceMeters>
      <HeartRateBpm>
       <Value>125</Value>
      </HeartRateBpm>
      <Cadence>76</Cadence>
      <Extensions>
       <Speed>7.040000</Speed>
      </Extensions>
     </Trackpoint>
     <Trackpoint>
      <Time>2026-05-25T11:14:31Z</Time>
      <Position>
       <LatitudeDegrees>35.7032245</LatitudeDegrees>
       <LongitudeDegrees>139.7847508</LongitudeDegrees>
      </Position>
      <AltitudeMeters>3</AltitudeMeters>
      <DistanceMeters>1055</DistanceMeters>
      <HeartRateBpm>
       <Value>125</Value>
      </HeartRateBpm>
      <Cadence>77</Cadence>
      <Extensions>
       <Speed>7.070000</Speed>
      </Extensions>
     </Trackpoint>
     <Trackpoint>
      <Time>2026-05-25T11:14:32Z</Time>
      <Position>
       <LatitudeDegrees>35.7032427</LatitudeDegrees>
       <LongitudeDegrees>139.7847574</LongitudeDegrees>
      </Position>
      <AltitudeMeters>3</AltitudeMeters>
      <DistanceMeters>1057</DistanceMeters>
      <HeartRateBpm>
       <Value>126</Value>
      </HeartRateBpm>
      <Cadence>77</Cadence>
      <Extensions>
       <Speed>7.100000</Speed>
      </Extensions>
     </Trackpoint>
     <Trackpoint>
      <Time>2026-05-25T11:14:33Z</Time>
      <Position>
       <LatitudeDegrees>35.7032617</LatitudeDegrees>
       <LongitudeDegrees>139.7847643</LongitudeDegrees>
      </Position>
      <AltitudeMeters>3</AltitudeMeters>
      <DistanceMeters>1059</DistanceMeters>
      <HeartRateBpm>
       <Value>126</Value>
      </HeartRateBpm>
      <Cadence>77</Cadence>
      <Extensions>
       <Speed>7.130000</Speed>
      </Extensions>
     </Trackpoint>
     <Trackpoint>
      <Time>2026-05-25T11:14:34Z</Time>
      <Position>
       <LatitudeDegrees>35.7032808</LatitudeDegrees>
       <LongitudeDegrees>139.7847712</LongitudeDegrees>
      </Position>
      <AltitudeMeters>3</AltitudeMeters>
      <DistanceMeters>1062</DistanceMeters>
      <HeartRateBpm>
       <Value>127</Value>
      </HeartRateBpm>
      <Cadence>76</Cadence>
      <Extensions>
       <Speed>7.140000</Speed>
      </Extensions>
     </Trackpoint>
     <Trackpoint>
      <Time>2026-05-25T11:14:35Z</Time>
      <Position>
       <LatitudeDegrees>35.7032993</LatitudeDegrees>
       <LongitudeDegrees>139.7847798</LongitudeDegrees>
      </Position>
      <AltitudeMeters>3</AltitudeMeters>
      <DistanceMeters>1064</DistanceMeters>
      <HeartRateBpm>
       <Value>128</Value>
      </HeartRateBpm>
      <Cadence>76</Cadence>
      <Extensions>
       <Speed>7.150000</Speed>
      </Extensions>
     </Trackpoint>
     <Trackpoint>
      <Time>2026-05-25T11:14:36Z</Time>
      <Position>
       <LatitudeDegrees>35.7033178</LatitudeDegrees>
       <LongitudeDegrees>139.7847884</LongitudeDegrees>
      </Position>
      <AltitudeMeters>3</AltitudeMeters>
      <DistanceMeters>1066</DistanceMeters>
      <HeartRateBpm>
       <Value>128</Value>
      </HeartRateBpm>
      <Cadence>76</Cadence>
      <Extensions>
       <Speed>7.160000</Speed>
      </Extensions>
     </Trackpoint>
     <Trackpoint>
      <Time>2026-05-25T11:14:37Z</Time>
      <Position>
       <LatitudeDegrees>35.7033343</LatitudeDegrees>
       <LongitudeDegrees>139.7847975</LongitudeDegrees>
      </Position>
      <AltitudeMeters>3</AltitudeMeters>
      <DistanceMeters>1068</DistanceMeters>
      <HeartRateBpm>
       <Value>129</Value>
      </HeartRateBpm>
      <Cadence>76</Cadence>
      <Extensions>
       <Speed>7.170000</Speed>
      </Extensions>
     </Trackpoint>
     <Trackpoint>
      <Time>2026-05-25T11:14:38Z</Time>
      <Position>
       <LatitudeDegrees>35.7033509</LatitudeDegrees>
       <LongitudeDegrees>139.7848067</LongitudeDegrees>
      </Position>
      <AltitudeMeters>3</AltitudeMeters>
      <DistanceMeters>1070</DistanceMeters>
      <HeartRateBpm>
       <Value>129</Value>
      </HeartRateBpm>
      <Cadence>76</Cadence>
      <Extensions>
       <Speed>7.180000</Speed>
      </Extensions>
     </Trackpoint>
     <Trackpoint>
      <Time>2026-05-25T11:14:39Z</Time>
      <Position>
       <LatitudeDegrees>35.7033674</LatitudeDegrees>
       <LongitudeDegrees>139.7848142</LongitudeDegrees>
      </Position>
      <AltitudeMeters>3</AltitudeMeters>
      <DistanceMeters>1072</DistanceMeters>
      <HeartRateBpm>
       <Value>130</Value>
      </HeartRateBpm>
      <Cadence>76</Cadence>
      <Extensions>
       <Speed>7.200000</Speed>
      </Extensions>
     </Trackpoint>
     <Trackpoint>
      <Time>2026-05-25T11:14:40Z</Time>
      <Position>
       <LatitudeDegrees>35.7033839</LatitudeDegrees>
       <LongitudeDegrees>139.7848218</LongitudeDegrees>
      </Position>
      <AltitudeMeters>3</AltitudeMeters>
      <DistanceMeters>1074</DistanceMeters>
      <HeartRateBpm>
       <Value>130</Value>
      </HeartRateBpm>
      <Cadence>75</Cadence>
      <Extensions>
       <Speed>7.210000</Speed>
      </Extensions>
     </Trackpoint>
     <Trackpoint>
      <Time>2026-05-25T11:14:41Z</Time>
      <Position>
       <LatitudeDegrees>35.7034010</LatitudeDegrees>
       <LongitudeDegrees>139.7848250</LongitudeDegrees>
      </Position>
      <AltitudeMeters>3</AltitudeMeters>
      <DistanceMeters>1076</DistanceMeters>
      <HeartRateBpm>
       <Value>130</Value>
      </HeartRateBpm>
      <Cadence>75</Cadence>
      <Extensions>
       <Speed>7.220000</Speed>
      </Extensions>
     </Trackpoint>
     <Trackpoint>
      <Time>2026-05-25T11:14:42Z</Time>
      <Position>
       <LatitudeDegrees>35.7034181</LatitudeDegrees>
       <LongitudeDegrees>139.7848282</LongitudeDegrees>
      </Position>
      <AltitudeMeters>3</AltitudeMeters>
      <DistanceMeters>1078</DistanceMeters>
      <HeartRateBpm>
       <Value>130</Value>
      </HeartRateBpm>
      <Cadence>75</Cadence>
      <Extensions>
       <Speed>7.220000</Speed>
      </Extensions>
     </Trackpoint>
     <Trackpoint>
      <Time>2026-05-25T11:14:43Z</Time>
      <Position>
       <LatitudeDegrees>35.7034372</LatitudeDegrees>
       <LongitudeDegrees>139.7848293</LongitudeDegrees>
      </Position>
      <AltitudeMeters>3</AltitudeMeters>
      <DistanceMeters>1080</DistanceMeters>
      <HeartRateBpm>
       <Value>130</Value>
      </HeartRateBpm>
      <Cadence>75</Cadence>
      <Extensions>
       <Speed>7.230000</Speed>
      </Extensions>
     </Trackpoint>
     <Trackpoint>
      <Time>2026-05-25T11:14:44Z</Time>
      <Position>
       <LatitudeDegrees>35.7034563</LatitudeDegrees>
       <LongitudeDegrees>139.7848305</LongitudeDegrees>
      </Position>
      <AltitudeMeters>3</AltitudeMeters>
      <DistanceMeters>1082</DistanceMeters>
      <HeartRateBpm>
       <Value>130</Value>
      </HeartRateBpm>
      <Cadence>75</Cadence>
      <Extensions>
       <Speed>7.230000</Speed>
      </Extensions>
     </Trackpoint>
     <Trackpoint>
      <Time>2026-05-25T11:14:45Z</Time>
      <Position>
       <LatitudeDegrees>35.7034753</LatitudeDegrees>
       <LongitudeDegrees>139.7848330</LongitudeDegrees>
      </Position>
      <AltitudeMeters>3</AltitudeMeters>
      <DistanceMeters>1084</DistanceMeters>
      <HeartRateBpm>
       <Value>130</Value>
      </HeartRateBpm>
      <Cadence>75</Cadence>
      <Extensions>
       <Speed>7.230000</Speed>
      </Extensions>
     </Trackpoint>
     <Trackpoint>
      <Time>2026-05-25T11:14:46Z</Time>
      <Position>
       <LatitudeDegrees>35.7034944</LatitudeDegrees>
       <LongitudeDegrees>139.7848355</LongitudeDegrees>
      </Position>
      <AltitudeMeters>3</AltitudeMeters>
      <DistanceMeters>1086</DistanceMeters>
      <HeartRateBpm>
       <Value>130</Value>
      </HeartRateBpm>
      <Cadence>75</Cadence>
      <Extensions>
       <Speed>7.240000</Speed>
      </Extensions>
     </Trackpoint>
     <Trackpoint>
      <Time>2026-05-25T11:14:47Z</Time>
      <Position>
       <LatitudeDegrees>35.7035133</LatitudeDegrees>
       <LongitudeDegrees>139.7848397</LongitudeDegrees>
      </Position>
      <AltitudeMeters>3</AltitudeMeters>
      <DistanceMeters>1088</DistanceMeters>
      <HeartRateBpm>
       <Value>130</Value>
      </HeartRateBpm>
      <Cadence>75</Cadence>
      <Extensions>
       <Speed>7.250000</Speed>
      </Extensions>
     </Trackpoint>
     <Trackpoint>
      <Time>2026-05-25T11:14:48Z</Time>
      <Position>
       <LatitudeDegrees>35.7035323</LatitudeDegrees>
       <LongitudeDegrees>139.7848440</LongitudeDegrees>
      </Position>
      <AltitudeMeters>3</AltitudeMeters>
      <DistanceMeters>1090</DistanceMeters>
      <HeartRateBpm>
       <Value>131</Value>
      </HeartRateBpm>
      <Cadence>74</Cadence>
      <Extensions>
       <Speed>7.250000</Speed>
      </Extensions>
     </Trackpoint>
     <Trackpoint>
      <Time>2026-05-25T11:14:49Z</Time>
      <Position>
       <LatitudeDegrees>35.7035491</LatitudeDegrees>
       <LongitudeDegrees>139.7848478</LongitudeDegrees>
      </Position>
      <AltitudeMeters>3</AltitudeMeters>
      <DistanceMeters>1093</DistanceMeters>
      <HeartRateBpm>
       <Value>131</Value>
      </HeartRateBpm>
      <Cadence>74</Cadence>
      <Extensions>
       <Speed>7.260000</Speed>
      </Extensions>
     </Trackpoint>
     <Trackpoint>
      <Time>2026-05-25T11:14:50Z</Time>
      <Position>
       <LatitudeDegrees>35.7035659</LatitudeDegrees>
       <LongitudeDegrees>139.7848517</LongitudeDegrees>
      </Position>
      <AltitudeMeters>3</AltitudeMeters>
      <DistanceMeters>1094</DistanceMeters>
      <HeartRateBpm>
       <Value>132</Value>
      </HeartRateBpm>
      <Cadence>74</Cadence>
      <Extensions>
       <Speed>7.260000</Speed>
      </Extensions>
     </Trackpoint>
     <Trackpoint>
      <Time>2026-05-25T11:14:51Z</Time>
      <Position>
       <LatitudeDegrees>35.7035817</LatitudeDegrees>
       <LongitudeDegrees>139.7848517</LongitudeDegrees>
      </Position>
      <AltitudeMeters>3</AltitudeMeters>
      <DistanceMeters>1095</DistanceMeters>
      <HeartRateBpm>
       <Value>131</Value>
      </HeartRateBpm>
      <Cadence>74</Cadence>
      <Extensions>
       <Speed>7.270000</Speed>
      </Extensions>
     </Trackpoint>
     <Trackpoint>
      <Time>2026-05-25T11:14:52Z</Time>
      <Position>
       <LatitudeDegrees>35.7035975</LatitudeDegrees>
       <LongitudeDegrees>139.7848518</LongitudeDegrees>
      </Position>
      <AltitudeMeters>3</AltitudeMeters>
      <DistanceMeters>1097</DistanceMeters>
      <HeartRateBpm>
       <Value>131</Value>
      </HeartRateBpm>
      <Cadence>74</Cadence>
      <Extensions>
       <Speed>7.260000</Speed>
      </Extensions>
     </Trackpoint>
     <Trackpoint>
      <Time>2026-05-25T11:14:53Z</Time>
      <Position>
       <LatitudeDegrees>35.7036122</LatitudeDegrees>
       <LongitudeDegrees>139.7848505</LongitudeDegrees>
      </Position>
      <AltitudeMeters>3</AltitudeMeters>
      <DistanceMeters>1099</DistanceMeters>
      <HeartRateBpm>
       <Value>132</Value>
      </HeartRateBpm>
      <Cadence>74</Cadence>
      <Extensions>
       <Speed>7.260000</Speed>
      </Extensions>
     </Trackpoint>
     <Trackpoint>
      <Time>2026-05-25T11:14:54Z</Time>
      <Position>
       <LatitudeDegrees>35.7036269</LatitudeDegrees>
       <LongitudeDegrees>139.7848493</LongitudeDegrees>
      </Position>
      <AltitudeMeters>3</AltitudeMeters>
      <DistanceMeters>1100</DistanceMeters>
      <HeartRateBpm>
       <Value>132</Value>
      </HeartRateBpm>
      <Cadence>74</Cadence>
      <Extensions>
       <Speed>7.250000</Speed>
      </Extensions>
     </Trackpoint>
     <Trackpoint>
      <Time>2026-05-25T11:14:55Z</Time>
      <Position>
       <LatitudeDegrees>35.7036421</LatitudeDegrees>
       <LongitudeDegrees>139.7848493</LongitudeDegrees>
      </Position>
      <AltitudeMeters>3</AltitudeMeters>
      <DistanceMeters>1102</DistanceMeters>
      <HeartRateBpm>
       <Value>132</Value>
      </HeartRateBpm>
      <Cadence>74</Cadence>
      <Extensions>
       <Speed>7.240000</Speed>
      </Extensions>
     </Trackpoint>
     <Trackpoint>
      <Time>2026-05-25T11:14:56Z</Time>
      <Position>
       <LatitudeDegrees>35.7036573</LatitudeDegrees>
       <LongitudeDegrees>139.7848493</LongitudeDegrees>
      </Position>
      <AltitudeMeters>3</AltitudeMeters>
      <DistanceMeters>1104</DistanceMeters>
      <HeartRateBpm>
       <Value>132</Value>
      </HeartRateBpm>
      <Cadence>74</Cadence>
      <Extensions>
       <Speed>7.230000</Speed>
      </Extensions>
     </Trackpoint>
     <Trackpoint>
      <Time>2026-05-25T11:14:57Z</Time>
      <Position>
       <LatitudeDegrees>35.7036740</LatitudeDegrees>
       <LongitudeDegrees>139.7848526</LongitudeDegrees>
      </Position>
      <AltitudeMeters>3</AltitudeMeters>
      <DistanceMeters>1106</DistanceMeters>
      <HeartRateBpm>
       <Value>132</Value>
      </HeartRateBpm>
      <Cadence>75</Cadence>
      <Extensions>
       <Speed>7.230000</Speed>
      </Extensions>
     </Trackpoint>
     <Trackpoint>
      <Time>2026-05-25T11:14:58Z</Time>
      <Position>
       <LatitudeDegrees>35.7036908</LatitudeDegrees>
       <LongitudeDegrees>139.7848559</LongitudeDegrees>
      </Position>
      <AltitudeMeters>3</AltitudeMeters>
      <DistanceMeters>1108</DistanceMeters>
      <HeartRateBpm>
       <Value>132</Value>
      </HeartRateBpm>
      <Cadence>75</Cadence>
      <Extensions>
       <Speed>7.220000</Speed>
      </Extensions>
     </Trackpoint>
     <Trackpoint>
      <Time>2026-05-25T11:14:59Z</Time>
      <Position>
       <LatitudeDegrees>35.7037092</LatitudeDegrees>
       <LongitudeDegrees>139.7848619</LongitudeDegrees>
      </Position>
      <AltitudeMeters>3</AltitudeMeters>
      <DistanceMeters>1110</DistanceMeters>
      <HeartRateBpm>
       <Value>132</Value>
      </HeartRateBpm>
      <Cadence>75</Cadence>
      <Extensions>
       <Speed>7.220000</Speed>
      </Extensions>
     </Trackpoint>
     <Trackpoint>
      <Time>2026-05-25T11:15:00Z</Time>
      <Position>
       <LatitudeDegrees>35.7037276</LatitudeDegrees>
       <LongitudeDegrees>139.7848679</LongitudeDegrees>
      </Position>
      <AltitudeMeters>3</AltitudeMeters>
      <DistanceMeters>1112</DistanceMeters>
      <HeartRateBpm>
       <Value>132</Value>
      </HeartRateBpm>
      <Cadence>75</Cadence>
      <Extensions>
       <Speed>7.220000</Speed>
      </Extensions>
     </Trackpoint>
     <Trackpoint>
      <Time>2026-05-25T11:15:01Z</Time>
      <Position>
       <LatitudeDegrees>35.7037475</LatitudeDegrees>
       <LongitudeDegrees>139.7848764</LongitudeDegrees>
      </Position>
      <AltitudeMeters>3</AltitudeMeters>
      <DistanceMeters>1115</DistanceMeters>
      <HeartRateBpm>
       <Value>132</Value>
      </HeartRateBpm>
      <Cadence>75</Cadence>
      <Extensions>
       <Speed>7.220000</Speed>
      </Extensions>
     </Trackpoint>
     <Trackpoint>
      <Time>2026-05-25T11:15:02Z</Time>
      <Position>
       <LatitudeDegrees>35.7037675</LatitudeDegrees>
       <LongitudeDegrees>139.7848850</LongitudeDegrees>
      </Position>
      <AltitudeMeters>3</AltitudeMeters>
      <DistanceMeters>1118</DistanceMeters>
      <HeartRateBpm>
       <Value>133</Value>
      </HeartRateBpm>
      <Cadence>75</Cadence>
      <Extensions>
       <Speed>7.230000</Speed>
      </Extensions>
     </Trackpoint>
     <Trackpoint>
      <Time>2026-05-25T11:15:03Z</Time>
      <Position>
       <LatitudeDegrees>35.7037856</LatitudeDegrees>
       <LongitudeDegrees>139.7848933</LongitudeDegrees>
      </Position>
      <AltitudeMeters>3</AltitudeMeters>
      <DistanceMeters>1120</DistanceMeters>
      <HeartRateBpm>
       <Value>133</Value>
      </HeartRateBpm>
      <Cadence>75</Cadence>
      <Extensions>
       <Speed>7.250000</Speed>
      </Extensions>
     </Trackpoint>
     <Trackpoint>
      <Time>2026-05-25T11:15:04Z</Time>
      <Position>
       <LatitudeDegrees>35.7038037</LatitudeDegrees>
       <LongitudeDegrees>139.7849016</LongitudeDegrees>
      </Position>
      <AltitudeMeters>3</AltitudeMeters>
      <DistanceMeters>1122</DistanceMeters>
      <HeartRateBpm>
       <Value>133</Value>
      </HeartRateBpm>
      <Cadence>75</Cadence>
      <Extensions>
       <Speed>7.260000</Speed>
      </Extensions>
     </Trackpoint>
     <Trackpoint>
      <Time>2026-05-25T11:15:05Z</Time>
      <Position>
       <LatitudeDegrees>35.7038207</LatitudeDegrees>
       <LongitudeDegrees>139.7849090</LongitudeDegrees>
      </Position>
      <AltitudeMeters>3</AltitudeMeters>
      <DistanceMeters>1123</DistanceMeters>
      <HeartRateBpm>
       <Value>133</Value>
      </HeartRateBpm>
      <Cadence>75</Cadence>
      <Extensions>
       <Speed>7.280000</Speed>
      </Extensions>
     </Trackpoint>
     <Trackpoint>
      <Time>2026-05-25T11:15:06Z</Time>
      <Position>
       <LatitudeDegrees>35.7038377</LatitudeDegrees>
       <LongitudeDegrees>139.7849165</LongitudeDegrees>
      </Position>
      <AltitudeMeters>3</AltitudeMeters>
      <DistanceMeters>1125</DistanceMeters>
      <HeartRateBpm>
       <Value>134</Value>
      </HeartRateBpm>
      <Cadence>75</Cadence>
      <Extensions>
       <Speed>7.300000</Speed>
      </Extensions>
     </Trackpoint>
     <Trackpoint>
      <Time>2026-05-25T11:15:07Z</Time>
      <Position>
       <LatitudeDegrees>35.7038554</LatitudeDegrees>
       <LongitudeDegrees>139.7849210</LongitudeDegrees>
      </Position>
      <AltitudeMeters>3</AltitudeMeters>
      <DistanceMeters>1127</DistanceMeters>
      <HeartRateBpm>
       <Value>134</Value>
      </HeartRateBpm>
      <Cadence>75</Cadence>
      <Extensions>
       <Speed>7.320000</Speed>
      </Extensions>
     </Trackpoint>
     <Trackpoint>
      <Time>2026-05-25T11:15:08Z</Time>
      <Position>
       <LatitudeDegrees>35.7038732</LatitudeDegrees>
       <LongitudeDegrees>139.7849255</LongitudeDegrees>
      </Position>
      <AltitudeMeters>3</AltitudeMeters>
      <DistanceMeters>1129</DistanceMeters>
      <HeartRateBpm>
       <Value>134</Value>
      </HeartRateBpm>
      <Cadence>75</Cadence>
      <Extensions>
       <Speed>7.350000</Speed>
      </Extensions>
     </Trackpoint>
     <Trackpoint>
      <Time>2026-05-25T11:15:09Z</Time>
      <Position>
       <LatitudeDegrees>35.7038909</LatitudeDegrees>
       <LongitudeDegrees>139.7849291</LongitudeDegrees>
      </Position>
      <AltitudeMeters>3</AltitudeMeters>
      <DistanceMeters>1131</DistanceMeters>
      <HeartRateBpm>
       <Value>134</Value>
      </HeartRateBpm>
      <Cadence>75</Cadence>
      <Extensions>
       <Speed>7.380000</Speed>
      </Extensions>
     </Trackpoint>
     <Trackpoint>
      <Time>2026-05-25T11:15:10Z</Time>
      <Position>
       <LatitudeDegrees>35.7039087</LatitudeDegrees>
       <LongitudeDegrees>139.7849327</LongitudeDegrees>
      </Position>
      <AltitudeMeters>3</AltitudeMeters>
      <DistanceMeters>1133</DistanceMeters>
      <HeartRateBpm>
       <Value>134</Value>
      </HeartRateBpm>
      <Cadence>75</Cadence>
      <Extensions>
       <Speed>7.390000</Speed>
      </Extensions>
     </Trackpoint>
     <Trackpoint>
      <Time>2026-05-25T11:15:11Z</Time>
      <Position>
       <LatitudeDegrees>35.7039243</LatitudeDegrees>
       <LongitudeDegrees>139.7849380</LongitudeDegrees>
      </Position>
      <AltitudeMeters>3</AltitudeMeters>
      <DistanceMeters>1135</DistanceMeters>
      <HeartRateBpm>
       <Value>134</Value>
      </HeartRateBpm>
      <Cadence>75</Cadence>
      <Extensions>
       <Speed>7.400000</Speed>
      </Extensions>
     </Trackpoint>
     <Trackpoint>
      <Time>2026-05-25T11:15:12Z</Time>
      <Position>
       <LatitudeDegrees>35.7039399</LatitudeDegrees>
       <LongitudeDegrees>139.7849433</LongitudeDegrees>
      </Position>
      <AltitudeMeters>3</AltitudeMeters>
      <DistanceMeters>1136</DistanceMeters>
      <HeartRateBpm>
       <Value>134</Value>
      </HeartRateBpm>
      <Cadence>75</Cadence>
      <Extensions>
       <Speed>7.400000</Speed>
      </Extensions>
     </Trackpoint>
     <Trackpoint>
      <Time>2026-05-25T11:15:13Z</Time>
      <Position>
       <LatitudeDegrees>35.7039544</LatitudeDegrees>
       <LongitudeDegrees>139.7849515</LongitudeDegrees>
      </Position>
      <AltitudeMeters>3</AltitudeMeters>
      <DistanceMeters>1138</DistanceMeters>
      <HeartRateBpm>
       <Value>135</Value>
      </HeartRateBpm>
      <Cadence>76</Cadence>
      <Extensions>
       <Speed>7.400000</Speed>
      </Extensions>
     </Trackpoint>
     <Trackpoint>
      <Time>2026-05-25T11:15:14Z</Time>
      <Position>
       <LatitudeDegrees>35.7039690</LatitudeDegrees>
       <LongitudeDegrees>139.7849597</LongitudeDegrees>
      </Position>
      <AltitudeMeters>3</AltitudeMeters>
      <DistanceMeters>1140</DistanceMeters>
      <HeartRateBpm>
       <Value>135</Value>
      </HeartRateBpm>
      <Cadence>76</Cadence>
      <Extensions>
       <Speed>7.390000</Speed>
      </Extensions>
     </Trackpoint>
     <Trackpoint>
      <Time>2026-05-25T11:15:15Z</Time>
      <Position>
       <LatitudeDegrees>35.7039841</LatitudeDegrees>
       <LongitudeDegrees>139.7849685</LongitudeDegrees>
      </Position>
      <AltitudeMeters>3</AltitudeMeters>
      <DistanceMeters>1143</DistanceMeters>
      <HeartRateBpm>
       <Value>134</Value>
      </HeartRateBpm>
      <Cadence>76</Cadence>
      <Extensions>
       <Speed>7.390000</Speed>
      </Extensions>
     </Trackpoint>
     <Trackpoint>
      <Time>2026-05-25T11:15:16Z</Time>
      <Position>
       <LatitudeDegrees>35.7039992</LatitudeDegrees>
       <LongitudeDegrees>139.7849773</LongitudeDegrees>
      </Position>
      <AltitudeMeters>3</AltitudeMeters>
      <DistanceMeters>1144</DistanceMeters>
      <HeartRateBpm>
       <Value>135</Value>
      </HeartRateBpm>
      <Cadence>76</Cadence>
      <Extensions>
       <Speed>7.370000</Speed>
      </Extensions>
     </Trackpoint>
     <Trackpoint>
      <Time>2026-05-25T11:15:17Z</Time>
      <Position>
       <LatitudeDegrees>35.7040160</LatitudeDegrees>
       <LongitudeDegrees>139.7849853</LongitudeDegrees>
      </Position>
      <AltitudeMeters>3</AltitudeMeters>
      <DistanceMeters>1146</DistanceMeters>
      <HeartRateBpm>
       <Value>135</Value>
      </HeartRateBpm>
      <Cadence>77</Cadence>
      <Extensions>
       <Speed>7.360000</Speed>
      </Extensions>
     </Trackpoint>
     <Trackpoint>
      <Time>2026-05-25T11:15:18Z</Time>
      <Position>
       <LatitudeDegrees>35.7040329</LatitudeDegrees>
       <LongitudeDegrees>139.7849934</LongitudeDegrees>
      </Position>
      <AltitudeMeters>3</AltitudeMeters>
      <DistanceMeters>1148</DistanceMeters>
      <HeartRateBpm>
       <Value>134</Value>
      </HeartRateBpm>
      <Cadence>77</Cadence>
      <Extensions>
       <Speed>7.350000</Speed>
      </Extensions>
     </Trackpoint>
     <Trackpoint>
      <Time>2026-05-25T11:15:19Z</Time>
      <Position>
       <LatitudeDegrees>35.7040513</LatitudeDegrees>
       <LongitudeDegrees>139.7849992</LongitudeDegrees>
      </Position>
      <AltitudeMeters>3</AltitudeMeters>
      <DistanceMeters>1151</DistanceMeters>
      <HeartRateBpm>
       <Value>134</Value>
      </HeartRateBpm>
      <Cadence>77</Cadence>
      <Extensions>
       <Speed>7.350000</Speed>
      </Extensions>
     </Trackpoint>
     <Trackpoint>
      <Time>2026-05-25T11:15:20Z</Time>
      <Position>
       <LatitudeDegrees>35.7040697</LatitudeDegrees>
       <LongitudeDegrees>139.7850050</LongitudeDegrees>
      </Position>
      <AltitudeMeters>3</AltitudeMeters>
      <DistanceMeters>1153</DistanceMeters>
      <HeartRateBpm>
       <Value>134</Value>
      </HeartRateBpm>
      <Cadence>77</Cadence>
      <Extensions>
       <Speed>7.340000</Speed>
      </Extensions>
     </Trackpoint>
     <Trackpoint>
      <Time>2026-05-25T11:15:21Z</Time>
      <Position>
       <LatitudeDegrees>35.7040893</LatitudeDegrees>
       <LongitudeDegrees>139.7850078</LongitudeDegrees>
      </Position>
      <AltitudeMeters>3</AltitudeMeters>
      <DistanceMeters>1155</DistanceMeters>
      <HeartRateBpm>
       <Value>134</Value>
      </HeartRateBpm>
      <Cadence>77</Cadence>
      <Extensions>
       <Speed>7.340000</Speed>
      </Extensions>
     </Trackpoint>
     <Trackpoint>
      <Time>2026-05-25T11:15:22Z</Time>
      <Position>
       <LatitudeDegrees>35.7041090</LatitudeDegrees>
       <LongitudeDegrees>139.7850107</LongitudeDegrees>
      </Position>
      <AltitudeMeters>3</AltitudeMeters>
      <DistanceMeters>1157</DistanceMeters>
      <HeartRateBpm>
       <Value>135</Value>
      </HeartRateBpm>
      <Cadence>76</Cadence>
      <Extensions>
       <Speed>7.330000</Speed>
      </Extensions>
     </Trackpoint>
     <Trackpoint>
      <Time>2026-05-25T11:15:23Z</Time>
      <Position>
       <LatitudeDegrees>35.7041288</LatitudeDegrees>
       <LongitudeDegrees>139.7850130</LongitudeDegrees>
      </Position>
      <AltitudeMeters>3</AltitudeMeters>
      <DistanceMeters>1159</DistanceMeters>
      <HeartRateBpm>
       <Value>135</Value>
      </HeartRateBpm>
      <Cadence>76</Cadence>
      <Extensions>
       <Speed>7.330000</Speed>
      </Extensions>
     </Trackpoint>
     <Trackpoint>
      <Time>2026-05-25T11:15:24Z</Time>
      <Position>
       <LatitudeDegrees>35.7041487</LatitudeDegrees>
       <LongitudeDegrees>139.7850154</LongitudeDegrees>
      </Position>
      <AltitudeMeters>3</AltitudeMeters>
      <DistanceMeters>1162</DistanceMeters>
      <HeartRateBpm>
       <Value>135</Value>
      </HeartRateBpm>
      <Cadence>76</Cadence>
      <Extensions>
       <Speed>7.340000</Speed>
      </Extensions>
     </Trackpoint>
     <Trackpoint>
      <Time>2026-05-25T11:15:25Z</Time>
      <Position>
       <LatitudeDegrees>35.7041672</LatitudeDegrees>
       <LongitudeDegrees>139.7850169</LongitudeDegrees>
      </Position>
      <AltitudeMeters>3</AltitudeMeters>
      <DistanceMeters>1164</DistanceMeters>
      <HeartRateBpm>
       <Value>135</Value>
      </HeartRateBpm>
      <Cadence>76</Cadence>
      <Extensions>
       <Speed>7.360000</Speed>
      </Extensions>
     </Trackpoint>
     <Trackpoint>
      <Time>2026-05-25T11:15:26Z</Time>
      <Position>
       <LatitudeDegrees>35.7041857</LatitudeDegrees>
       <LongitudeDegrees>139.7850184</LongitudeDegrees>
      </Position>
      <AltitudeMeters>3</AltitudeMeters>
      <DistanceMeters>1166</DistanceMeters>
      <HeartRateBpm>
       <Value>135</Value>
      </HeartRateBpm>
      <Cadence>76</Cadence>
      <Extensions>
       <Speed>7.360000</Speed>
      </Extensions>
     </Trackpoint>
     <Trackpoint>
      <Time>2026-05-25T11:15:27Z</Time>
      <Position>
       <LatitudeDegrees>35.7042041</LatitudeDegrees>
       <LongitudeDegrees>139.7850176</LongitudeDegrees>
      </Position>
      <AltitudeMeters>3</AltitudeMeters>
      <DistanceMeters>1167</DistanceMeters>
      <HeartRateBpm>
       <Value>135</Value>
      </HeartRateBpm>
      <Cadence>76</Cadence>
      <Extensions>
       <Speed>7.370000</Speed>
      </Extensions>
     </Trackpoint>
     <Trackpoint>
      <Time>2026-05-25T11:15:28Z</Time>
      <Position>
       <LatitudeDegrees>35.7042226</LatitudeDegrees>
       <LongitudeDegrees>139.7850168</LongitudeDegrees>
      </Position>
      <AltitudeMeters>3</AltitudeMeters>
      <DistanceMeters>1170</DistanceMeters>
      <HeartRateBpm>
       <Value>135</Value>
      </HeartRateBpm>
      <Cadence>76</Cadence>
      <Extensions>
       <Speed>7.370000</Speed>
      </Extensions>
     </Trackpoint>
     <Trackpoint>
      <Time>2026-05-25T11:15:29Z</Time>
      <Position>
       <LatitudeDegrees>35.7042418</LatitudeDegrees>
       <LongitudeDegrees>139.7850132</LongitudeDegrees>
      </Position>
      <AltitudeMeters>3</AltitudeMeters>
      <DistanceMeters>1172</DistanceMeters>
      <HeartRateBpm>
       <Value>134</Value>
      </HeartRateBpm>
      <Cadence>76</Cadence>
      <Extensions>
       <Speed>7.370000</Speed>
      </Extensions>
     </Trackpoint>
     <Trackpoint>
      <Time>2026-05-25T11:15:30Z</Time>
      <Position>
       <LatitudeDegrees>35.7042611</LatitudeDegrees>
       <LongitudeDegrees>139.7850096</LongitudeDegrees>
      </Position>
      <AltitudeMeters>3</AltitudeMeters>
      <DistanceMeters>1174</DistanceMeters>
      <HeartRateBpm>
       <Value>134</Value>
      </HeartRateBpm>
      <Cadence>76</Cadence>
      <Extensions>
       <Speed>7.370000</Speed>
      </Extensions>
     </Trackpoint>
     <Trackpoint>
      <Time>2026-05-25T11:15:31Z</Time>
      <Position>
       <LatitudeDegrees>35.7042803</LatitudeDegrees>
       <LongitudeDegrees>139.7850132</LongitudeDegrees>
      </Position>
      <AltitudeMeters>3</AltitudeMeters>
      <DistanceMeters>1176</DistanceMeters>
      <HeartRateBpm>
       <Value>134</Value>
      </HeartRateBpm>
      <Cadence>76</Cadence>
      <Extensions>
       <Speed>7.380000</Speed>
      </Extensions>
     </Trackpoint>
     <Trackpoint>
      <Time>2026-05-25T11:15:32Z</Time>
      <Position>
       <LatitudeDegrees>35.7042996</LatitudeDegrees>
       <LongitudeDegrees>139.7850168</LongitudeDegrees>
      </Position>
      <AltitudeMeters>3</AltitudeMeters>
      <DistanceMeters>1178</DistanceMeters>
      <HeartRateBpm>
       <Value>134</Value>
      </HeartRateBpm>
      <Cadence>76</Cadence>
      <Extensions>
       <Speed>7.380000</Speed>
      </Extensions>
     </Trackpoint>
     <Trackpoint>
      <Time>2026-05-25T11:15:33Z</Time>
      <Position>
       <LatitudeDegrees>35.7043175</LatitudeDegrees>
       <LongitudeDegrees>139.7850262</LongitudeDegrees>
      </Position>
      <AltitudeMeters>3</AltitudeMeters>
      <DistanceMeters>1181</DistanceMeters>
      <HeartRateBpm>
       <Value>134</Value>
      </HeartRateBpm>
      <Cadence>76</Cadence>
      <Extensions>
       <Speed>7.390000</Speed>
      </Extensions>
     </Trackpoint>
     <Trackpoint>
      <Time>2026-05-25T11:15:34Z</Time>
      <Position>
       <LatitudeDegrees>35.7043355</LatitudeDegrees>
       <LongitudeDegrees>139.7850356</LongitudeDegrees>
      </Position>
      <AltitudeMeters>3</AltitudeMeters>
      <DistanceMeters>1183</DistanceMeters>
      <HeartRateBpm>
       <Value>134</Value>
      </HeartRateBpm>
      <Cadence>76</Cadence>
      <Extensions>
       <Speed>7.420000</Speed>
      </Extensions>
     </Trackpoint>
     <Trackpoint>
      <Time>2026-05-25T11:15:35Z</Time>
      <Position>
       <LatitudeDegrees>35.7043539</LatitudeDegrees>
       <LongitudeDegrees>139.7850430</LongitudeDegrees>
      </Position>
      <AltitudeMeters>3</AltitudeMeters>
      <DistanceMeters>1185</DistanceMeters>
      <HeartRateBpm>
       <Value>134</Value>
      </HeartRateBpm>
      <Cadence>77</Cadence>
      <Extensions>
       <Speed>7.450000</Speed>
      </Extensions>
     </Trackpoint>
     <Trackpoint>
      <Time>2026-05-25T11:15:36Z</Time>
      <Position>
       <LatitudeDegrees>35.7043723</LatitudeDegrees>
       <LongitudeDegrees>139.7850505</LongitudeDegrees>
      </Position>
      <AltitudeMeters>3</AltitudeMeters>
      <DistanceMeters>1187</DistanceMeters>
      <HeartRateBpm>
       <Value>134</Value>
      </HeartRateBpm>
      <Cadence>76</Cadence>
      <Extensions>
       <Speed>7.470000</Speed>
      </Extensions>
     </Trackpoint>
     <Trackpoint>
      <Time>2026-05-25T11:15:37Z</Time>
      <Position>
       <LatitudeDegrees>35.7043898</LatitudeDegrees>
       <LongitudeDegrees>139.7850555</LongitudeDegrees>
      </Position>
      <AltitudeMeters>3</AltitudeMeters>
      <DistanceMeters>1189</DistanceMeters>
      <HeartRateBpm>
       <Value>134</Value>
      </HeartRateBpm>
      <Cadence>76</Cadence>
      <Extensions>
       <Speed>7.500000</Speed>
      </Extensions>
     </Trackpoint>
     <Trackpoint>
      <Time>2026-05-25T11:15:38Z</Time>
      <Position>
       <LatitudeDegrees>35.7044073</LatitudeDegrees>
       <LongitudeDegrees>139.7850606</LongitudeDegrees>
      </Position>
      <AltitudeMeters>3</AltitudeMeters>
      <DistanceMeters>1191</DistanceMeters>
      <HeartRateBpm>
       <Value>134</Value>
      </HeartRateBpm>
      <Cadence>76</Cadence>
      <Extensions>
       <Speed>7.510000</Speed>
      </Extensions>
     </Trackpoint>
     <Trackpoint>
      <Time>2026-05-25T11:15:39Z</Time>
      <Position>
       <LatitudeDegrees>35.7044236</LatitudeDegrees>
       <LongitudeDegrees>139.7850673</LongitudeDegrees>
      </Position>
      <AltitudeMeters>3</AltitudeMeters>
      <DistanceMeters>1193</DistanceMeters>
      <HeartRateBpm>
       <Value>134</Value>
      </HeartRateBpm>
      <Cadence>76</Cadence>
      <Extensions>
       <Speed>7.520000</Speed>
      </Extensions>
     </Trackpoint>
     <Trackpoint>
      <Time>2026-05-25T11:15:40Z</Time>
      <Position>
       <LatitudeDegrees>35.7044399</LatitudeDegrees>
       <LongitudeDegrees>139.7850740</LongitudeDegrees>
      </Position>
      <AltitudeMeters>3</AltitudeMeters>
      <DistanceMeters>1194</DistanceMeters>
      <HeartRateBpm>
       <Value>134</Value>
      </HeartRateBpm>
      <Cadence>76</Cadence>
      <Extensions>
       <Speed>7.520000</Speed>
      </Extensions>
     </Trackpoint>
     <Trackpoint>
      <Time>2026-05-25T11:15:41Z</Time>
      <Position>
       <LatitudeDegrees>35.7044555</LatitudeDegrees>
       <LongitudeDegrees>139.7850816</LongitudeDegrees>
      </Position>
      <AltitudeMeters>3</AltitudeMeters>
      <DistanceMeters>1196</DistanceMeters>
      <HeartRateBpm>
       <Value>134</Value>
      </HeartRateBpm>
      <Cadence>76</Cadence>
      <Extensions>
       <Speed>7.530000</Speed>
      </Extensions>
     </Trackpoint>
     <Trackpoint>
      <Time>2026-05-25T11:15:42Z</Time>
      <Position>
       <LatitudeDegrees>35.7044712</LatitudeDegrees>
       <LongitudeDegrees>139.7850892</LongitudeDegrees>
      </Position>
      <AltitudeMeters>3</AltitudeMeters>
      <DistanceMeters>1198</DistanceMeters>
      <HeartRateBpm>
       <Value>134</Value>
      </HeartRateBpm>
      <Cadence>76</Cadence>
      <Extensions>
       <Speed>7.530000</Speed>
      </Extensions>
     </Trackpoint>
     <Trackpoint>
      <Time>2026-05-25T11:15:43Z</Time>
      <Position>
       <LatitudeDegrees>35.7044881</LatitudeDegrees>
       <LongitudeDegrees>139.7851017</LongitudeDegrees>
      </Position>
      <AltitudeMeters>3</AltitudeMeters>
      <DistanceMeters>1201</DistanceMeters>
      <HeartRateBpm>
       <Value>135</Value>
      </HeartRateBpm>
      <Cadence>76</Cadence>
      <Extensions>
       <Speed>7.540000</Speed>
      </Extensions>
     </Trackpoint>
     <Trackpoint>
      <Time>2026-05-25T11:15:44Z</Time>
      <Position>
       <LatitudeDegrees>35.7045050</LatitudeDegrees>
       <LongitudeDegrees>139.7851143</LongitudeDegrees>
      </Position>
      <AltitudeMeters>3</AltitudeMeters>
      <DistanceMeters>1204</DistanceMeters>
      <HeartRateBpm>
       <Value>135</Value>
      </HeartRateBpm>
      <Cadence>76</Cadence>
      <Extensions>
       <Speed>7.530000</Speed>
      </Extensions>
     </Trackpoint>
     <Trackpoint>
      <Time>2026-05-25T11:15:45Z</Time>
      <Position>
       <LatitudeDegrees>35.7045225</LatitudeDegrees>
       <LongitudeDegrees>139.7851251</LongitudeDegrees>
      </Position>
      <AltitudeMeters>3</AltitudeMeters>
      <DistanceMeters>1206</DistanceMeters>
      <HeartRateBpm>
       <Value>135</Value>
      </HeartRateBpm>
      <Cadence>76</Cadence>
      <Extensions>
       <Speed>7.520000</Speed>
      </Extensions>
     </Trackpoint>
     <Trackpoint>
      <Time>2026-05-25T11:15:46Z</Time>
      <Position>
       <LatitudeDegrees>35.7045401</LatitudeDegrees>
       <LongitudeDegrees>139.7851359</LongitudeDegrees>
      </Position>
      <AltitudeMeters>3</AltitudeMeters>
      <DistanceMeters>1208</DistanceMeters>
      <HeartRateBpm>
       <Value>135</Value>
      </HeartRateBpm>
      <Cadence>76</Cadence>
      <Extensions>
       <Speed>7.510000</Speed>
      </Extensions>
     </Trackpoint>
     <Trackpoint>
      <Time>2026-05-25T11:15:47Z</Time>
      <Position>
       <LatitudeDegrees>35.7045572</LatitudeDegrees>
       <LongitudeDegrees>139.7851421</LongitudeDegrees>
      </Position>
      <AltitudeMeters>3</AltitudeMeters>
      <DistanceMeters>1210</DistanceMeters>
      <HeartRateBpm>
       <Value>135</Value>
      </HeartRateBpm>
      <Cadence>76</Cadence>
      <Extensions>
       <Speed>7.500000</Speed>
      </Extensions>
     </Trackpoint>
     <Trackpoint>
      <Time>2026-05-25T11:15:48Z</Time>
      <Position>
       <LatitudeDegrees>35.7045743</LatitudeDegrees>
       <LongitudeDegrees>139.7851484</LongitudeDegrees>
      </Position>
      <AltitudeMeters>3</AltitudeMeters>
      <DistanceMeters>1212</DistanceMeters>
      <HeartRateBpm>
       <Value>135</Value>
      </HeartRateBpm>
      <Cadence>75</Cadence>
      <Extensions>
       <Speed>7.500000</Speed>
      </Extensions>
     </Trackpoint>
     <Trackpoint>
      <Time>2026-05-25T11:15:49Z</Time>
      <Position>
       <LatitudeDegrees>35.7045911</LatitudeDegrees>
       <LongitudeDegrees>139.7851529</LongitudeDegrees>
      </Position>
      <AltitudeMeters>3</AltitudeMeters>
      <DistanceMeters>1213</DistanceMeters>
      <HeartRateBpm>
       <Value>135</Value>
      </HeartRateBpm>
      <Cadence>75</Cadence>
      <Extensions>
       <Speed>7.500000</Speed>
      </Extensions>
     </Trackpoint>
     <Trackpoint>
      <Time>2026-05-25T11:15:50Z</Time>
      <Position>
       <LatitudeDegrees>35.7046079</LatitudeDegrees>
       <LongitudeDegrees>139.7851574</LongitudeDegrees>
      </Position>
      <AltitudeMeters>3</AltitudeMeters>
      <DistanceMeters>1215</DistanceMeters>
      <HeartRateBpm>
       <Value>135</Value>
      </HeartRateBpm>
      <Cadence>75</Cadence>
      <Extensions>
       <Speed>7.480000</Speed>
      </Extensions>
     </Trackpoint>
     <Trackpoint>
      <Time>2026-05-25T11:15:51Z</Time>
      <Position>
       <LatitudeDegrees>35.7046251</LatitudeDegrees>
       <LongitudeDegrees>139.7851609</LongitudeDegrees>
      </Position>
      <AltitudeMeters>3</AltitudeMeters>
      <DistanceMeters>1217</DistanceMeters>
      <HeartRateBpm>
       <Value>136</Value>
      </HeartRateBpm>
      <Cadence>75</Cadence>
      <Extensions>
       <Speed>7.470000</Speed>
      </Extensions>
     </Trackpoint>
     <Trackpoint>
      <Time>2026-05-25T11:15:52Z</Time>
      <Position>
       <LatitudeDegrees>35.7046423</LatitudeDegrees>
       <LongitudeDegrees>139.7851644</LongitudeDegrees>
      </Position>
      <AltitudeMeters>3</AltitudeMeters>
      <DistanceMeters>1219</DistanceMeters>
      <HeartRateBpm>
       <Value>136</Value>
      </HeartRateBpm>
      <Cadence>75</Cadence>
      <Extensions>
       <Speed>7.460000</Speed>
      </Extensions>
     </Trackpoint>
     <Trackpoint>
      <Time>2026-05-25T11:15:53Z</Time>
      <Position>
       <LatitudeDegrees>35.7046590</LatitudeDegrees>
       <LongitudeDegrees>139.7851637</LongitudeDegrees>
      </Position>
      <AltitudeMeters>3</AltitudeMeters>
      <DistanceMeters>1221</DistanceMeters>
      <HeartRateBpm>
       <Value>135</Value>
      </HeartRateBpm>
      <Cadence>76</Cadence>
      <Extensions>
       <Speed>7.450000</Speed>
      </Extensions>
     </Trackpoint>
     <Trackpoint>
      <Time>2026-05-25T11:15:54Z</Time>
      <Position>
       <LatitudeDegrees>35.7046757</LatitudeDegrees>
       <LongitudeDegrees>139.7851631</LongitudeDegrees>
      </Position>
      <AltitudeMeters>3</AltitudeMeters>
      <DistanceMeters>1222</DistanceMeters>
      <HeartRateBpm>
       <Value>135</Value>
      </HeartRateBpm>
      <Cadence>76</Cadence>
      <Extensions>
       <Speed>7.440000</Speed>
      </Extensions>
     </Trackpoint>
     <Trackpoint>
      <Time>2026-05-25T11:15:55Z</Time>
      <Position>
       <LatitudeDegrees>35.7046904</LatitudeDegrees>
       <LongitudeDegrees>139.7851561</LongitudeDegrees>
      </Position>
      <AltitudeMeters>3</AltitudeMeters>
      <DistanceMeters>1224</DistanceMeters>
      <HeartRateBpm>
       <Value>135</Value>
      </HeartRateBpm>
      <Cadence>76</Cadence>
      <Extensions>
       <Speed>7.430000</Speed>
      </Extensions>
     </Trackpoint>
     <Trackpoint>
      <Time>2026-05-25T11:15:56Z</Time>
      <Position>
       <LatitudeDegrees>35.7047051</LatitudeDegrees>
       <LongitudeDegrees>139.7851491</LongitudeDegrees>
      </Position>
      <AltitudeMeters>3</AltitudeMeters>
      <DistanceMeters>1226</DistanceMeters>
      <HeartRateBpm>
       <Value>135</Value>
      </HeartRateBpm>
      <Cadence>76</Cadence>
      <Extensions>
       <Speed>7.420000</Speed>
      </Extensions>
     </Trackpoint>
     <Trackpoint>
      <Time>2026-05-25T11:15:57Z</Time>
      <Position>
       <LatitudeDegrees>35.7047186</LatitudeDegrees>
       <LongitudeDegrees>139.7851385</LongitudeDegrees>
      </Position>
      <AltitudeMeters>3</AltitudeMeters>
      <DistanceMeters>1228</DistanceMeters>
      <HeartRateBpm>
       <Value>135</Value>
      </HeartRateBpm>
      <Cadence>76</Cadence>
      <Extensions>
       <Speed>7.420000</Speed>
      </Extensions>
     </Trackpoint>
     <Trackpoint>
      <Time>2026-05-25T11:15:58Z</Time>
      <Position>
       <LatitudeDegrees>35.7047321</LatitudeDegrees>
       <LongitudeDegrees>139.7851279</LongitudeDegrees>
      </Position>
      <AltitudeMeters>3</AltitudeMeters>
      <DistanceMeters>1230</DistanceMeters>
      <HeartRateBpm>
       <Value>135</Value>
      </HeartRateBpm>
      <Cadence>76</Cadence>
      <Extensions>
       <Speed>7.410000</Speed>
      </Extensions>
     </Trackpoint>
     <Trackpoint>
      <Time>2026-05-25T11:15:59Z</Time>
      <Position>
       <LatitudeDegrees>35.7047465</LatitudeDegrees>
       <LongitudeDegrees>139.7851199</LongitudeDegrees>
      </Position>
      <AltitudeMeters>3</AltitudeMeters>
      <DistanceMeters>1231</DistanceMeters>
      <HeartRateBpm>
       <Value>135</Value>
      </HeartRateBpm>
      <Cadence>76</Cadence>
      <Extensions>
       <Speed>7.410000</Speed>
      </Extensions>
     </Trackpoint>
     <Trackpoint>
      <Time>2026-05-25T11:16:00Z</Time>
      <Position>
       <LatitudeDegrees>35.7047610</LatitudeDegrees>
       <LongitudeDegrees>139.7851120</LongitudeDegrees>
      </Position>
      <AltitudeMeters>3</AltitudeMeters>
      <DistanceMeters>1233</DistanceMeters>
      <HeartRateBpm>
       <Value>135</Value>
      </HeartRateBpm>
      <Cadence>76</Cadence>
      <Extensions>
       <Speed>7.400000</Speed>
      </Extensions>
     </Trackpoint>
     <Trackpoint>
      <Time>2026-05-25T11:16:01Z</Time>
      <Position>
       <LatitudeDegrees>35.7047792</LatitudeDegrees>
       <LongitudeDegrees>139.7851077</LongitudeDegrees>
      </Position>
      <AltitudeMeters>3</AltitudeMeters>
      <DistanceMeters>1235</DistanceMeters>
      <HeartRateBpm>
       <Value>135</Value>
      </HeartRateBpm>
      <Cadence>76</Cadence>
      <Extensions>
       <Speed>7.390000</Speed>
      </Extensions>
     </Trackpoint>
     <Trackpoint>
      <Time>2026-05-25T11:16:02Z</Time>
      <Position>
       <LatitudeDegrees>35.7047975</LatitudeDegrees>
       <LongitudeDegrees>139.7851035</LongitudeDegrees>
      </Position>
      <AltitudeMeters>3</AltitudeMeters>
      <DistanceMeters>1238</DistanceMeters>
      <HeartRateBpm>
       <Value>135</Value>
      </HeartRateBpm>
      <Cadence>76</Cadence>
      <Extensions>
       <Speed>7.380000</Speed>
      </Extensions>
     </Trackpoint>
     <Trackpoint>
      <Time>2026-05-25T11:16:03Z</Time>
      <Position>
       <LatitudeDegrees>35.7048166</LatitudeDegrees>
       <LongitudeDegrees>139.7851027</LongitudeDegrees>
      </Position>
      <AltitudeMeters>3</AltitudeMeters>
      <DistanceMeters>1240</DistanceMeters>
      <HeartRateBpm>
       <Value>135</Value>
      </HeartRateBpm>
      <Cadence>77</Cadence>
      <Extensions>
       <Speed>7.370000</Speed>
      </Extensions>
     </Trackpoint>
     <Trackpoint>
      <Time>2026-05-25T11:16:04Z</Time>
      <Position>
       <LatitudeDegrees>35.7048358</LatitudeDegrees>
       <LongitudeDegrees>139.7851020</LongitudeDegrees>
      </Position>
      <AltitudeMeters>3</AltitudeMeters>
      <DistanceMeters>1242</DistanceMeters>
      <HeartRateBpm>
       <Value>135</Value>
      </HeartRateBpm>
      <Cadence>77</Cadence>
      <Extensions>
       <Speed>7.360000</Speed>
      </Extensions>
     </Trackpoint>
     <Trackpoint>
      <Time>2026-05-25T11:16:05Z</Time>
      <Position>
       <LatitudeDegrees>35.7048550</LatitudeDegrees>
       <LongitudeDegrees>139.7851016</LongitudeDegrees>
      </Position>
      <AltitudeMeters>3</AltitudeMeters>
      <DistanceMeters>1244</DistanceMeters>
      <HeartRateBpm>
       <Value>136</Value>
      </HeartRateBpm>
      <Cadence>77</Cadence>
      <Extensions>
       <Speed>7.360000</Speed>
      </Extensions>
     </Trackpoint>
     <Trackpoint>
      <Time>2026-05-25T11:16:06Z</Time>
      <Position>
       <LatitudeDegrees>35.7048743</LatitudeDegrees>
       <LongitudeDegrees>139.7851013</LongitudeDegrees>
      </Position>
      <AltitudeMeters>3</AltitudeMeters>
      <DistanceMeters>1246</DistanceMeters>
      <HeartRateBpm>
       <Value>135</Value>
      </HeartRateBpm>
      <Cadence>76</Cadence>
      <Extensions>
       <Speed>7.350000</Speed>
      </Extensions>
     </Trackpoint>
     <Trackpoint>
      <Time>2026-05-25T11:16:07Z</Time>
      <Position>
       <LatitudeDegrees>35.7048919</LatitudeDegrees>
       <LongitudeDegrees>139.7851030</LongitudeDegrees>
      </Position>
      <AltitudeMeters>3</AltitudeMeters>
      <DistanceMeters>1248</DistanceMeters>
      <HeartRateBpm>
       <Value>136</Value>
      </HeartRateBpm>
      <Cadence>76</Cadence>
      <Extensions>
       <Speed>7.340000</Speed>
      </Extensions>
     </Trackpoint>
     <Trackpoint>
      <Time>2026-05-25T11:16:08Z</Time>
      <Position>
       <LatitudeDegrees>35.7049095</LatitudeDegrees>
       <LongitudeDegrees>139.7851047</LongitudeDegrees>
      </Position>
      <AltitudeMeters>3</AltitudeMeters>
      <DistanceMeters>1250</DistanceMeters>
      <HeartRateBpm>
       <Value>136</Value>
      </HeartRateBpm>
      <Cadence>76</Cadence>
      <Extensions>
       <Speed>7.330000</Speed>
      </Extensions>
     </Trackpoint>
     <Trackpoint>
      <Time>2026-05-25T11:16:09Z</Time>
      <Position>
       <LatitudeDegrees>35.7049278</LatitudeDegrees>
       <LongitudeDegrees>139.7851073</LongitudeDegrees>
      </Position>
      <AltitudeMeters>3</AltitudeMeters>
      <DistanceMeters>1252</DistanceMeters>
      <HeartRateBpm>
       <Value>135</Value>
      </HeartRateBpm>
      <Cadence>76</Cadence>
      <Extensions>
       <Speed>7.320000</Speed>
      </Extensions>
     </Trackpoint>
     <Trackpoint>
      <Time>2026-05-25T11:16:10Z</Time>
      <Position>
       <LatitudeDegrees>35.7049462</LatitudeDegrees>
       <LongitudeDegrees>139.7851100</LongitudeDegrees>
      </Position>
      <AltitudeMeters>3</AltitudeMeters>
      <DistanceMeters>1254</DistanceMeters>
      <HeartRateBpm>
       <Value>135</Value>
      </HeartRateBpm>
      <Cadence>75</Cadence>
      <Extensions>
       <Speed>7.310000</Speed>
      </Extensions>
     </Trackpoint>
     <Trackpoint>
      <Time>2026-05-25T11:16:11Z</Time>
      <Position>
       <LatitudeDegrees>35.7049653</LatitudeDegrees>
       <LongitudeDegrees>139.7851131</LongitudeDegrees>
      </Position>
      <AltitudeMeters>3</AltitudeMeters>
      <DistanceMeters>1256</DistanceMeters>
      <HeartRateBpm>
       <Value>135</Value>
      </HeartRateBpm>
      <Cadence>75</Cadence>
      <Extensions>
       <Speed>7.300000</Speed>
      </Extensions>
     </Trackpoint>
     <Trackpoint>
      <Time>2026-05-25T11:16:12Z</Time>
      <Position>
       <LatitudeDegrees>35.7049844</LatitudeDegrees>
       <LongitudeDegrees>139.7851162</LongitudeDegrees>
      </Position>
      <AltitudeMeters>3</AltitudeMeters>
      <DistanceMeters>1258</DistanceMeters>
      <HeartRateBpm>
       <Value>135</Value>
      </HeartRateBpm>
      <Cadence>75</Cadence>
      <Extensions>
       <Speed>7.290000</Speed>
      </Extensions>
     </Trackpoint>
     <Trackpoint>
      <Time>2026-05-25T11:16:13Z</Time>
      <Position>
       <LatitudeDegrees>35.7050032</LatitudeDegrees>
       <LongitudeDegrees>139.7851177</LongitudeDegrees>
      </Position>
      <AltitudeMeters>3</AltitudeMeters>
      <DistanceMeters>1261</DistanceMeters>
      <HeartRateBpm>
       <Value>134</Value>
      </HeartRateBpm>
      <Cadence>75</Cadence>
      <Extensions>
       <Speed>7.290000</Speed>
      </Extensions>
     </Trackpoint>
     <Trackpoint>
      <Time>2026-05-25T11:16:14Z</Time>
      <Position>
       <LatitudeDegrees>35.7050221</LatitudeDegrees>
       <LongitudeDegrees>139.7851192</LongitudeDegrees>
      </Position>
      <AltitudeMeters>3</AltitudeMeters>
      <DistanceMeters>1263</DistanceMeters>
      <HeartRateBpm>
       <Value>135</Value>
      </HeartRateBpm>
      <Cadence>75</Cadence>
      <Extensions>
       <Speed>7.270000</Speed>
      </Extensions>
     </Trackpoint>
     <Trackpoint>
      <Time>2026-05-25T11:16:15Z</Time>
      <Position>
       <LatitudeDegrees>35.7050395</LatitudeDegrees>
       <LongitudeDegrees>139.7851180</LongitudeDegrees>
      </Position>
      <AltitudeMeters>3</AltitudeMeters>
      <DistanceMeters>1265</DistanceMeters>
      <HeartRateBpm>
       <Value>135</Value>
      </HeartRateBpm>
      <Cadence>75</Cadence>
      <Extensions>
       <Speed>7.260000</Speed>
      </Extensions>
     </Trackpoint>
     <Trackpoint>
      <Time>2026-05-25T11:16:16Z</Time>
      <Position>
       <LatitudeDegrees>35.7050569</LatitudeDegrees>
       <LongitudeDegrees>139.7851169</LongitudeDegrees>
      </Position>
      <AltitudeMeters>3</AltitudeMeters>
      <DistanceMeters>1266</DistanceMeters>
      <HeartRateBpm>
       <Value>135</Value>
      </HeartRateBpm>
      <Cadence>75</Cadence>
      <Extensions>
       <Speed>7.250000</Speed>
      </Extensions>
     </Trackpoint>
     <Trackpoint>
      <Time>2026-05-25T11:16:17Z</Time>
      <Position>
       <LatitudeDegrees>35.7050731</LatitudeDegrees>
       <LongitudeDegrees>139.7851160</LongitudeDegrees>
      </Position>
      <AltitudeMeters>3</AltitudeMeters>
      <DistanceMeters>1268</DistanceMeters>
      <HeartRateBpm>
       <Value>135</Value>
      </HeartRateBpm>
      <Cadence>75</Cadence>
      <Extensions>
       <Speed>7.250000</Speed>
      </Extensions>
     </Trackpoint>
     <Trackpoint>
      <Time>2026-05-25T11:16:18Z</Time>
      <Position>
       <LatitudeDegrees>35.7050894</LatitudeDegrees>
       <LongitudeDegrees>139.7851152</LongitudeDegrees>
      </Position>
      <AltitudeMeters>3</AltitudeMeters>
      <DistanceMeters>1270</DistanceMeters>
      <HeartRateBpm>
       <Value>135</Value>
      </HeartRateBpm>
      <Cadence>75</Cadence>
      <Extensions>
       <Speed>7.250000</Speed>
      </Extensions>
     </Trackpoint>
     <Trackpoint>
      <Time>2026-05-25T11:16:19Z</Time>
      <Position>
       <LatitudeDegrees>35.7051057</LatitudeDegrees>
       <LongitudeDegrees>139.7851168</LongitudeDegrees>
      </Position>
      <AltitudeMeters>3</AltitudeMeters>
      <DistanceMeters>1272</DistanceMeters>
      <HeartRateBpm>
       <Value>135</Value>
      </HeartRateBpm>
      <Cadence>75</Cadence>
      <Extensions>
       <Speed>7.260000</Speed>
      </Extensions>
     </Trackpoint>
     <Trackpoint>
      <Time>2026-05-25T11:16:20Z</Time>
      <Position>
       <LatitudeDegrees>35.7051221</LatitudeDegrees>
       <LongitudeDegrees>139.7851184</LongitudeDegrees>
      </Position>
      <AltitudeMeters>3</AltitudeMeters>
      <DistanceMeters>1274</DistanceMeters>
      <HeartRateBpm>
       <Value>135</Value>
      </HeartRateBpm>
      <Cadence>75</Cadence>
      <Extensions>
       <Speed>7.250000</Speed>
      </Extensions>
     </Trackpoint>
     <Trackpoint>
      <Time>2026-05-25T11:16:21Z</Time>
      <Position>
       <LatitudeDegrees>35.7051372</LatitudeDegrees>
       <LongitudeDegrees>139.7851219</LongitudeDegrees>
      </Position>
      <AltitudeMeters>3</AltitudeMeters>
      <DistanceMeters>1276</DistanceMeters>
      <HeartRateBpm>
       <Value>135</Value>
      </HeartRateBpm>
      <Cadence>76</Cadence>
      <Extensions>
       <Speed>7.250000</Speed>
      </Extensions>
     </Trackpoint>
     <Trackpoint>
      <Time>2026-05-25T11:16:22Z</Time>
      <Position>
       <LatitudeDegrees>35.7051523</LatitudeDegrees>
       <LongitudeDegrees>139.7851255</LongitudeDegrees>
      </Position>
      <AltitudeMeters>3</AltitudeMeters>
      <DistanceMeters>1277</DistanceMeters>
      <HeartRateBpm>
       <Value>134</Value>
      </HeartRateBpm>
      <Cadence>76</Cadence>
      <Extensions>
       <Speed>7.230000</Speed>
      </Extensions>
     </Trackpoint>
     <Trackpoint>
      <Time>2026-05-25T11:16:23Z</Time>
      <Position>
       <LatitudeDegrees>35.7051753</LatitudeDegrees>
       <LongitudeDegrees>139.7851316</LongitudeDegrees>
      </Position>
      <AltitudeMeters>3</AltitudeMeters>
      <DistanceMeters>1278</DistanceMeters>
      <HeartRateBpm>
       <Value>134</Value>
      </HeartRateBpm>
      <Cadence>76</Cadence>
      <Extensions>
       <Speed>7.220000</Speed>
      </Extensions>
     </Trackpoint>
     <Trackpoint>
      <Time>2026-05-25T11:16:24Z</Time>
      <Position>
       <LatitudeDegrees>35.7051983</LatitudeDegrees>
       <LongitudeDegrees>139.7851377</LongitudeDegrees>
      </Position>
      <AltitudeMeters>3</AltitudeMeters>
      <DistanceMeters>1280</DistanceMeters>
      <HeartRateBpm>
       <Value>134</Value>
      </HeartRateBpm>
     </Trackpoint>
    </Track>
   </Lap>
   <Creator>
    <Name>COROS Wearables</Name>
   </Creator>
  </Activity>
 </Activities>
</TrainingCenterDatabase>
