<?xml version="1.0" encoding="UTF-8"?>
<TrainingCenterDatabase xsi:schemaLocation="http://www.garmin.com/xmlschemas/TrainingCenterDatabase/v2 http://www.garmin.com/xmlschemas/TrainingCenterDatabasev2.xsd" xmlns:ns5="http://www.garmin.com/xmlschemas/ActivityGoals/v1" xmlns:ns3="http://www.garmin.com/xmlschemas/ActivityExtension/v2" xmlns:ns2="http://www.garmin.com/xmlschemas/UserProfile/v2" xmlns="http://www.garmin.com/xmlschemas/TrainingCenterDatabase/v2" xmlns:xsi="http://www.w3.org/2001/XMLSchema-instance" xmlns:ns4="http://www.garmin.com/xmlschemas/ProfileExtension/v1">
 <Activities>
  <Activity Sport="Running">
   <Id>2026-06-10T08:17:22Z</Id>
   <Lap StartTime="2026-06-10T08:17:22Z">
    <TotalTimeSeconds>525</TotalTimeSeconds>
    <DistanceMeters>1000</DistanceMeters>
    <Intensity>Active</Intensity>
    <TriggerMethod>Manual</TriggerMethod>
    <MaximumHeartRateBpm>
     <Value>131</Value>
    </MaximumHeartRateBpm>
    <AverageHeartRateBpm>
     <Value>124</Value>
    </AverageHeartRateBpm>
    <Track>
     <Trackpoint>
      <Time>2026-06-10T08:17:22Z</Time>
      <DistanceMeters>0</DistanceMeters>
     </Trackpoint>
     <Trackpoint>
      <Time>2026-06-10T08:17:23Z</Time>
      <HeartRateBpm>
       <Value>107</Value>
      </HeartRateBpm>
     </Trackpoint>
     <Trackpoint>
      <Time>2026-06-10T08:17:24Z</Time>
      <HeartRateBpm>
       <Value>107</Value>
      </HeartRateBpm>
     </Trackpoint>
     <Trackpoint>
      <Time>2026-06-10T08:17:25Z</Time>
      <DistanceMeters>0</DistanceMeters>
      <HeartRateBpm>
       <Value>107</Value>
      </HeartRateBpm>
      <Extensions>
       <Speed>4.020000</Speed>
      </Extensions>
     </Trackpoint>
     <Trackpoint>
      <Time>2026-06-10T08:17:26Z</Time>
      <DistanceMeters>0</DistanceMeters>
      <HeartRateBpm>
       <Value>107</Value>
      </HeartRateBpm>
      <Extensions>
       <Speed>4.020000</Speed>
      </Extensions>
     </Trackpoint>
     <Trackpoint>
      <Time>2026-06-10T08:17:27Z</Time>
      <DistanceMeters>0</DistanceMeters>
      <HeartRateBpm>
       <Value>107</Value>
      </HeartRateBpm>
      <Cadence>53</Cadence>
      <Extensions>
       <Speed>4.020000</Speed>
      </Extensions>
     </Trackpoint>
     <Trackpoint>
      <Time>2026-06-10T08:17:28Z</Time>
      <AltitudeMeters>3</AltitudeMeters>
      <DistanceMeters>0</DistanceMeters>
      <HeartRateBpm>
       <Value>107</Value>
      </HeartRateBpm>
      <Cadence>53</Cadence>
      <Extensions>
       <Speed>4.020000</Speed>
      </Extensions>
     </Trackpoint>
     <Trackpoint>
      <Time>2026-06-10T08:17:29Z</Time>
      <AltitudeMeters>3</AltitudeMeters>
      <DistanceMeters>0</DistanceMeters>
      <HeartRateBpm>
       <Value>107</Value>
      </HeartRateBpm>
      <Cadence>66</Cadence>
      <Extensions>
       <Speed>4.020000</Speed>
      </Extensions>
     </Trackpoint>
     <Trackpoint>
      <Time>2026-06-10T08:17:30Z</Time>
      <AltitudeMeters>3</AltitudeMeters>
      <DistanceMeters>0</DistanceMeters>
      <HeartRateBpm>
       <Value>104</Value>
      </HeartRateBpm>
      <Cadence>79</Cadence>
      <Extensions>
       <Speed>4.020000</Speed>
      </Extensions>
     </Trackpoint>
     <Trackpoint>
      <Time>2026-06-10T08:17:31Z</Time>
      <Position>
       <LatitudeDegrees>35.6937830</LatitudeDegrees>
       <LongitudeDegrees>139.8116995</LongitudeDegrees>
      </Position>
      <AltitudeMeters>3</AltitudeMeters>
      <DistanceMeters>0</DistanceMeters>
      <HeartRateBpm>
       <Value>103</Value>
      </HeartRateBpm>
      <Cadence>79</Cadence>
      <Extensions>
       <Speed>4.020000</Speed>
      </Extensions>
     </Trackpoint>
     <Trackpoint>
      <Time>2026-06-10T08:17:32Z</Time>
      <Position>
       <LatitudeDegrees>35.6937812</LatitudeDegrees>
       <LongitudeDegrees>139.8117101</LongitudeDegrees>
      </Position>
      <AltitudeMeters>3</AltitudeMeters>
      <DistanceMeters>0</DistanceMeters>
      <HeartRateBpm>
       <Value>102</Value>
      </HeartRateBpm>
      <Cadence>79</Cadence>
      <Extensions>
       <Speed>4.020000</Speed>
      </Extensions>
     </Trackpoint>
     <Trackpoint>
      <Time>2026-06-10T08:17:33Z</Time>
      <Position>
       <LatitudeDegrees>35.6937795</LatitudeDegrees>
       <LongitudeDegrees>139.8117208</LongitudeDegrees>
      </Position>
      <AltitudeMeters>3</AltitudeMeters>
      <DistanceMeters>0</DistanceMeters>
      <HeartRateBpm>
       <Value>107</Value>
      </HeartRateBpm>
      <Cadence>79</Cadence>
      <Extensions>
       <Speed>4.020000</Speed>
      </Extensions>
     </Trackpoint>
     <Trackpoint>
      <Time>2026-06-10T08:17:34Z</Time>
      <Position>
       <LatitudeDegrees>35.6937778</LatitudeDegrees>
       <LongitudeDegrees>139.8117315</LongitudeDegrees>
      </Position>
      <AltitudeMeters>3</AltitudeMeters>
      <DistanceMeters>0</DistanceMeters>
      <HeartRateBpm>
       <Value>108</Value>
      </HeartRateBpm>
      <Cadence>79</Cadence>
      <Extensions>
       <Speed>4.020000</Speed>
      </Extensions>
     </Trackpoint>
     <Trackpoint>
      <Time>2026-06-10T08:17:35Z</Time>
      <Position>
       <LatitudeDegrees>35.6937792</LatitudeDegrees>
       <LongitudeDegrees>139.8117455</LongitudeDegrees>
      </Position>
      <AltitudeMeters>3</AltitudeMeters>
      <DistanceMeters>4</DistanceMeters>
      <HeartRateBpm>
       <Value>109</Value>
      </HeartRateBpm>
      <Cadence>79</Cadence>
      <Extensions>
       <Speed>4.820000</Speed>
      </Extensions>
     </Trackpoint>
     <Trackpoint>
      <Time>2026-06-10T08:17:36Z</Time>
      <Position>
       <LatitudeDegrees>35.6937806</LatitudeDegrees>
       <LongitudeDegrees>139.8117596</LongitudeDegrees>
      </Position>
      <AltitudeMeters>3</AltitudeMeters>
      <DistanceMeters>7</DistanceMeters>
      <HeartRateBpm>
       <Value>109</Value>
      </HeartRateBpm>
      <Cadence>79</Cadence>
      <Extensions>
       <Speed>5.630000</Speed>
      </Extensions>
     </Trackpoint>
     <Trackpoint>
      <Time>2026-06-10T08:17:37Z</Time>
      <Position>
       <LatitudeDegrees>35.6937798</LatitudeDegrees>
       <LongitudeDegrees>139.8117726</LongitudeDegrees>
      </Position>
      <AltitudeMeters>3</AltitudeMeters>
      <DistanceMeters>8</DistanceMeters>
      <HeartRateBpm>
       <Value>110</Value>
      </HeartRateBpm>
      <Cadence>80</Cadence>
      <Extensions>
       <Speed>5.620000</Speed>
      </Extensions>
     </Trackpoint>
     <Trackpoint>
      <Time>2026-06-10T08:17:38Z</Time>
      <Position>
       <LatitudeDegrees>35.6937790</LatitudeDegrees>
       <LongitudeDegrees>139.8117856</LongitudeDegrees>
      </Position>
      <AltitudeMeters>3</AltitudeMeters>
      <DistanceMeters>9</DistanceMeters>
      <HeartRateBpm>
       <Value>110</Value>
      </HeartRateBpm>
      <Cadence>80</Cadence>
      <Extensions>
       <Speed>5.610000</Speed>
      </Extensions>
     </Trackpoint>
     <Trackpoint>
      <Time>2026-06-10T08:17:39Z</Time>
      <Position>
       <LatitudeDegrees>35.6937776</LatitudeDegrees>
       <LongitudeDegrees>139.8117991</LongitudeDegrees>
      </Position>
      <AltitudeMeters>3</AltitudeMeters>
      <DistanceMeters>11</DistanceMeters>
      <HeartRateBpm>
       <Value>110</Value>
      </HeartRateBpm>
      <Cadence>80</Cadence>
      <Extensions>
       <Speed>5.570000</Speed>
      </Extensions>
     </Trackpoint>
     <Trackpoint>
      <Time>2026-06-10T08:17:40Z</Time>
      <Position>
       <LatitudeDegrees>35.6937762</LatitudeDegrees>
       <LongitudeDegrees>139.8118127</LongitudeDegrees>
      </Position>
      <AltitudeMeters>3</AltitudeMeters>
      <DistanceMeters>13</DistanceMeters>
      <HeartRateBpm>
       <Value>110</Value>
      </HeartRateBpm>
      <Cadence>79</Cadence>
      <Extensions>
       <Speed>5.540000</Speed>
      </Extensions>
     </Trackpoint>
     <Trackpoint>
      <Time>2026-06-10T08:17:41Z</Time>
      <Position>
       <LatitudeDegrees>35.6937742</LatitudeDegrees>
       <LongitudeDegrees>139.8118312</LongitudeDegrees>
      </Position>
      <AltitudeMeters>3</AltitudeMeters>
      <DistanceMeters>15</DistanceMeters>
      <HeartRateBpm>
       <Value>110</Value>
      </HeartRateBpm>
      <Cadence>79</Cadence>
      <Extensions>
       <Speed>5.670000</Speed>
      </Extensions>
     </Trackpoint>
     <Trackpoint>
      <Time>2026-06-10T08:17:42Z</Time>
      <Position>
       <LatitudeDegrees>35.6937723</LatitudeDegrees>
       <LongitudeDegrees>139.8118498</LongitudeDegrees>
      </Position>
      <AltitudeMeters>3</AltitudeMeters>
      <DistanceMeters>17</DistanceMeters>
      <HeartRateBpm>
       <Value>110</Value>
      </HeartRateBpm>
      <Cadence>79</Cadence>
      <Extensions>
       <Speed>5.800000</Speed>
      </Extensions>
     </Trackpoint>
     <Trackpoint>
      <Time>2026-06-10T08:17:43Z</Time>
      <Position>
       <LatitudeDegrees>35.6937685</LatitudeDegrees>
       <LongitudeDegrees>139.8118707</LongitudeDegrees>
      </Position>
      <AltitudeMeters>3</AltitudeMeters>
      <DistanceMeters>19</DistanceMeters>
      <HeartRateBpm>
       <Value>110</Value>
      </HeartRateBpm>
      <Cadence>79</Cadence>
      <Extensions>
       <Speed>5.900000</Speed>
      </Extensions>
     </Trackpoint>
     <Trackpoint>
      <Time>2026-06-10T08:17:44Z</Time>
      <Position>
       <LatitudeDegrees>35.6937647</LatitudeDegrees>
       <LongitudeDegrees>139.8118917</LongitudeDegrees>
      </Position>
      <AltitudeMeters>3</AltitudeMeters>
      <DistanceMeters>21</DistanceMeters>
      <HeartRateBpm>
       <Value>110</Value>
      </HeartRateBpm>
      <Cadence>79</Cadence>
      <Extensions>
       <Speed>6.000000</Speed>
      </Extensions>
     </Trackpoint>
     <Trackpoint>
      <Time>2026-06-10T08:17:45Z</Time>
      <Position>
       <LatitudeDegrees>35.6937604</LatitudeDegrees>
       <LongitudeDegrees>139.8119114</LongitudeDegrees>
      </Position>
      <AltitudeMeters>3</AltitudeMeters>
      <DistanceMeters>22</DistanceMeters>
      <HeartRateBpm>
       <Value>110</Value>
      </HeartRateBpm>
      <Cadence>79</Cadence>
      <Extensions>
       <Speed>6.070000</Speed>
      </Extensions>
     </Trackpoint>
     <Trackpoint>
      <Time>2026-06-10T08:17:46Z</Time>
      <Position>
       <LatitudeDegrees>35.6937562</LatitudeDegrees>
       <LongitudeDegrees>139.8119312</LongitudeDegrees>
      </Position>
      <AltitudeMeters>3</AltitudeMeters>
      <DistanceMeters>24</DistanceMeters>
      <HeartRateBpm>
       <Value>111</Value>
      </HeartRateBpm>
      <Cadence>80</Cadence>
      <Extensions>
       <Speed>6.150000</Speed>
      </Extensions>
     </Trackpoint>
     <Trackpoint>
      <Time>2026-06-10T08:17:47Z</Time>
      <Position>
       <LatitudeDegrees>35.6937537</LatitudeDegrees>
       <LongitudeDegrees>139.8119494</LongitudeDegrees>
      </Position>
      <AltitudeMeters>3</AltitudeMeters>
      <DistanceMeters>26</DistanceMeters>
      <HeartRateBpm>
       <Value>111</Value>
      </HeartRateBpm>
      <Cadence>80</Cadence>
      <Extensions>
       <Speed>6.190000</Speed>
      </Extensions>
     </Trackpoint>
     <Trackpoint>
      <Time>2026-06-10T08:17:48Z</Time>
      <Position>
       <LatitudeDegrees>35.6937512</LatitudeDegrees>
       <LongitudeDegrees>139.8119677</LongitudeDegrees>
      </Position>
      <AltitudeMeters>3</AltitudeMeters>
      <DistanceMeters>27</DistanceMeters>
      <HeartRateBpm>
       <Value>111</Value>
      </HeartRateBpm>
      <Cadence>80</Cadence>
      <Extensions>
       <Speed>6.230000</Speed>
      </Extensions>
     </Trackpoint>
     <Trackpoint>
      <Time>2026-06-10T08:17:49Z</Time>
      <Position>
       <LatitudeDegrees>35.6937500</LatitudeDegrees>
       <LongitudeDegrees>139.8119879</LongitudeDegrees>
      </Position>
      <AltitudeMeters>3</AltitudeMeters>
      <DistanceMeters>29</DistanceMeters>
      <HeartRateBpm>
       <Value>111</Value>
      </HeartRateBpm>
      <Cadence>80</Cadence>
      <Extensions>
       <Speed>6.230000</Speed>
      </Extensions>
     </Trackpoint>
     <Trackpoint>
      <Time>2026-06-10T08:17:50Z</Time>
      <Position>
       <LatitudeDegrees>35.6937488</LatitudeDegrees>
       <LongitudeDegrees>139.8120081</LongitudeDegrees>
      </Position>
      <AltitudeMeters>3</AltitudeMeters>
      <DistanceMeters>31</DistanceMeters>
      <HeartRateBpm>
       <Value>111</Value>
      </HeartRateBpm>
      <Cadence>80</Cadence>
      <Extensions>
       <Speed>6.240000</Speed>
      </Extensions>
     </Trackpoint>
     <Trackpoint>
      <Time>2026-06-10T08:17:51Z</Time>
      <Position>
       <LatitudeDegrees>35.6937480</LatitudeDegrees>
       <LongitudeDegrees>139.8120304</LongitudeDegrees>
      </Position>
      <AltitudeMeters>3</AltitudeMeters>
      <DistanceMeters>34</DistanceMeters>
      <HeartRateBpm>
       <Value>111</Value>
      </HeartRateBpm>
      <Cadence>79</Cadence>
      <Extensions>
       <Speed>6.240000</Speed>
      </Extensions>
     </Trackpoint>
     <Trackpoint>
      <Time>2026-06-10T08:17:52Z</Time>
      <Position>
       <LatitudeDegrees>35.6937473</LatitudeDegrees>
       <LongitudeDegrees>139.8120527</LongitudeDegrees>
      </Position>
      <AltitudeMeters>3</AltitudeMeters>
      <DistanceMeters>36</DistanceMeters>
      <HeartRateBpm>
       <Value>111</Value>
      </HeartRateBpm>
      <Cadence>79</Cadence>
      <Extensions>
       <Speed>6.240000</Speed>
      </Extensions>
     </Trackpoint>
     <Trackpoint>
      <Time>2026-06-10T08:17:53Z</Time>
      <Position>
       <LatitudeDegrees>35.6937472</LatitudeDegrees>
       <LongitudeDegrees>139.8120743</LongitudeDegrees>
      </Position>
      <AltitudeMeters>3</AltitudeMeters>
      <DistanceMeters>38</DistanceMeters>
      <HeartRateBpm>
       <Value>111</Value>
      </HeartRateBpm>
      <Cadence>79</Cadence>
      <Extensions>
       <Speed>6.250000</Speed>
      </Extensions>
     </Trackpoint>
     <Trackpoint>
      <Time>2026-06-10T08:17:54Z</Time>
      <Position>
       <LatitudeDegrees>35.6937471</LatitudeDegrees>
       <LongitudeDegrees>139.8120959</LongitudeDegrees>
      </Position>
      <AltitudeMeters>3</AltitudeMeters>
      <DistanceMeters>39</DistanceMeters>
      <HeartRateBpm>
       <Value>112</Value>
      </HeartRateBpm>
      <Cadence>79</Cadence>
      <Extensions>
       <Speed>6.270000</Speed>
      </Extensions>
     </Trackpoint>
     <Trackpoint>
      <Time>2026-06-10T08:17:55Z</Time>
      <Position>
       <LatitudeDegrees>35.6937486</LatitudeDegrees>
       <LongitudeDegrees>139.8121178</LongitudeDegrees>
      </Position>
      <AltitudeMeters>3</AltitudeMeters>
      <DistanceMeters>42</DistanceMeters>
      <HeartRateBpm>
       <Value>111</Value>
      </HeartRateBpm>
      <Cadence>79</Cadence>
      <Extensions>
       <Speed>6.280000</Speed>
      </Extensions>
     </Trackpoint>
     <Trackpoint>
      <Time>2026-06-10T08:17:56Z</Time>
      <Position>
       <LatitudeDegrees>35.6937502</LatitudeDegrees>
       <LongitudeDegrees>139.8121398</LongitudeDegrees>
      </Position>
      <AltitudeMeters>3</AltitudeMeters>
      <DistanceMeters>44</DistanceMeters>
      <HeartRateBpm>
       <Value>112</Value>
      </HeartRateBpm>
      <Cadence>80</Cadence>
      <Extensions>
       <Speed>6.300000</Speed>
      </Extensions>
     </Trackpoint>
     <Trackpoint>
      <Time>2026-06-10T08:17:57Z</Time>
      <Position>
       <LatitudeDegrees>35.6937519</LatitudeDegrees>
       <LongitudeDegrees>139.8121646</LongitudeDegrees>
      </Position>
      <AltitudeMeters>3</AltitudeMeters>
      <DistanceMeters>46</DistanceMeters>
      <HeartRateBpm>
       <Value>112</Value>
      </HeartRateBpm>
      <Cadence>80</Cadence>
      <Extensions>
       <Speed>6.320000</Speed>
      </Extensions>
     </Trackpoint>
     <Trackpoint>
      <Time>2026-06-10T08:17:58Z</Time>
      <Position>
       <LatitudeDegrees>35.6937536</LatitudeDegrees>
       <LongitudeDegrees>139.8121894</LongitudeDegrees>
      </Position>
      <AltitudeMeters>3</AltitudeMeters>
      <DistanceMeters>49</DistanceMeters>
      <HeartRateBpm>
       <Value>112</Value>
      </HeartRateBpm>
      <Cadence>80</Cadence>
      <Extensions>
       <Speed>6.340000</Speed>
      </Extensions>
     </Trackpoint>
     <Trackpoint>
      <Time>2026-06-10T08:17:59Z</Time>
      <Position>
       <LatitudeDegrees>35.6937549</LatitudeDegrees>
       <LongitudeDegrees>139.8122139</LongitudeDegrees>
      </Position>
      <AltitudeMeters>3</AltitudeMeters>
      <DistanceMeters>51</DistanceMeters>
      <HeartRateBpm>
       <Value>113</Value>
      </HeartRateBpm>
      <Cadence>80</Cadence>
      <Extensions>
       <Speed>6.360000</Speed>
      </Extensions>
     </Trackpoint>
     <Trackpoint>
      <Time>2026-06-10T08:18:00Z</Time>
      <Position>
       <LatitudeDegrees>35.6937562</LatitudeDegrees>
       <LongitudeDegrees>139.8122384</LongitudeDegrees>
      </Position>
      <AltitudeMeters>3</AltitudeMeters>
      <DistanceMeters>53</DistanceMeters>
      <HeartRateBpm>
       <Value>113</Value>
      </HeartRateBpm>
      <Cadence>80</Cadence>
      <Extensions>
       <Speed>6.380000</Speed>
      </Extensions>
     </Trackpoint>
     <Trackpoint>
      <Time>2026-06-10T08:18:01Z</Time>
      <Position>
       <LatitudeDegrees>35.6937593</LatitudeDegrees>
       <LongitudeDegrees>139.8122591</LongitudeDegrees>
      </Position>
      <AltitudeMeters>3</AltitudeMeters>
      <DistanceMeters>54</DistanceMeters>
      <HeartRateBpm>
       <Value>114</Value>
      </HeartRateBpm>
      <Cadence>79</Cadence>
      <Extensions>
       <Speed>6.390000</Speed>
      </Extensions>
     </Trackpoint>
     <Trackpoint>
      <Time>2026-06-10T08:18:02Z</Time>
      <Position>
       <LatitudeDegrees>35.6937624</LatitudeDegrees>
       <LongitudeDegrees>139.8122798</LongitudeDegrees>
      </Position>
      <AltitudeMeters>3</AltitudeMeters>
      <DistanceMeters>55</DistanceMeters>
      <HeartRateBpm>
       <Value>114</Value>
      </HeartRateBpm>
      <Cadence>79</Cadence>
      <Extensions>
       <Speed>6.400000</Speed>
      </Extensions>
     </Trackpoint>
     <Trackpoint>
      <Time>2026-06-10T08:18:03Z</Time>
      <Position>
       <LatitudeDegrees>35.6937661</LatitudeDegrees>
       <LongitudeDegrees>139.8122980</LongitudeDegrees>
      </Position>
      <AltitudeMeters>3</AltitudeMeters>
      <DistanceMeters>57</DistanceMeters>
      <HeartRateBpm>
       <Value>115</Value>
      </HeartRateBpm>
      <Cadence>79</Cadence>
      <Extensions>
       <Speed>6.410000</Speed>
      </Extensions>
     </Trackpoint>
     <Trackpoint>
      <Time>2026-06-10T08:18:04Z</Time>
      <Position>
       <LatitudeDegrees>35.6937699</LatitudeDegrees>
       <LongitudeDegrees>139.8123162</LongitudeDegrees>
      </Position>
      <AltitudeMeters>3</AltitudeMeters>
      <DistanceMeters>59</DistanceMeters>
      <HeartRateBpm>
       <Value>115</Value>
      </HeartRateBpm>
      <Cadence>79</Cadence>
      <Extensions>
       <Speed>6.420000</Speed>
      </Extensions>
     </Trackpoint>
     <Trackpoint>
      <Time>2026-06-10T08:18:05Z</Time>
      <Position>
       <LatitudeDegrees>35.6937728</LatitudeDegrees>
       <LongitudeDegrees>139.8123324</LongitudeDegrees>
      </Position>
      <AltitudeMeters>3</AltitudeMeters>
      <DistanceMeters>60</DistanceMeters>
      <HeartRateBpm>
       <Value>116</Value>
      </HeartRateBpm>
      <Cadence>79</Cadence>
      <Extensions>
       <Speed>6.440000</Speed>
      </Extensions>
     </Trackpoint>
     <Trackpoint>
      <Time>2026-06-10T08:18:06Z</Time>
      <Position>
       <LatitudeDegrees>35.6937758</LatitudeDegrees>
       <LongitudeDegrees>139.8123487</LongitudeDegrees>
      </Position>
      <AltitudeMeters>3</AltitudeMeters>
      <DistanceMeters>62</DistanceMeters>
      <HeartRateBpm>
       <Value>117</Value>
      </HeartRateBpm>
      <Cadence>79</Cadence>
      <Extensions>
       <Speed>6.460000</Speed>
      </Extensions>
     </Trackpoint>
     <Trackpoint>
      <Time>2026-06-10T08:18:07Z</Time>
      <Position>
       <LatitudeDegrees>35.6937786</LatitudeDegrees>
       <LongitudeDegrees>139.8123666</LongitudeDegrees>
      </Position>
      <AltitudeMeters>3</AltitudeMeters>
      <DistanceMeters>64</DistanceMeters>
      <HeartRateBpm>
       <Value>117</Value>
      </HeartRateBpm>
      <Cadence>79</Cadence>
      <Extensions>
       <Speed>6.480000</Speed>
      </Extensions>
     </Trackpoint>
     <Trackpoint>
      <Time>2026-06-10T08:18:08Z</Time>
      <Position>
       <LatitudeDegrees>35.6937815</LatitudeDegrees>
       <LongitudeDegrees>139.8123845</LongitudeDegrees>
      </Position>
      <AltitudeMeters>3</AltitudeMeters>
      <DistanceMeters>65</DistanceMeters>
      <HeartRateBpm>
       <Value>117</Value>
      </HeartRateBpm>
      <Cadence>80</Cadence>
      <Extensions>
       <Speed>6.500000</Speed>
      </Extensions>
     </Trackpoint>
     <Trackpoint>
      <Time>2026-06-10T08:18:09Z</Time>
      <Position>
       <LatitudeDegrees>35.6937852</LatitudeDegrees>
       <LongitudeDegrees>139.8124041</LongitudeDegrees>
      </Position>
      <AltitudeMeters>3</AltitudeMeters>
      <DistanceMeters>68</DistanceMeters>
      <HeartRateBpm>
       <Value>117</Value>
      </HeartRateBpm>
      <Cadence>80</Cadence>
      <Extensions>
       <Speed>6.500000</Speed>
      </Extensions>
     </Trackpoint>
     <Trackpoint>
      <Time>2026-06-10T08:18:10Z</Time>
      <Position>
       <LatitudeDegrees>35.6937889</LatitudeDegrees>
       <LongitudeDegrees>139.8124237</LongitudeDegrees>
      </Position>
      <AltitudeMeters>3</AltitudeMeters>
      <DistanceMeters>70</DistanceMeters>
      <HeartRateBpm>
       <Value>117</Value>
      </HeartRateBpm>
      <Cadence>80</Cadence>
      <Extensions>
       <Speed>6.510000</Speed>
      </Extensions>
     </Trackpoint>
     <Trackpoint>
      <Time>2026-06-10T08:18:11Z</Time>
      <Position>
       <LatitudeDegrees>35.6937936</LatitudeDegrees>
       <LongitudeDegrees>139.8124440</LongitudeDegrees>
      </Position>
      <AltitudeMeters>3</AltitudeMeters>
      <DistanceMeters>72</DistanceMeters>
      <HeartRateBpm>
       <Value>117</Value>
      </HeartRateBpm>
      <Cadence>80</Cadence>
      <Extensions>
       <Speed>6.500000</Speed>
      </Extensions>
     </Trackpoint>
     <Trackpoint>
      <Time>2026-06-10T08:18:12Z</Time>
      <Position>
       <LatitudeDegrees>35.6937983</LatitudeDegrees>
       <LongitudeDegrees>139.8124643</LongitudeDegrees>
      </Position>
      <AltitudeMeters>3</AltitudeMeters>
      <DistanceMeters>73</DistanceMeters>
      <HeartRateBpm>
       <Value>117</Value>
      </HeartRateBpm>
      <Cadence>80</Cadence>
      <Extensions>
       <Speed>6.500000</Speed>
      </Extensions>
     </Trackpoint>
     <Trackpoint>
      <Time>2026-06-10T08:18:13Z</Time>
      <Position>
       <LatitudeDegrees>35.6937977</LatitudeDegrees>
       <LongitudeDegrees>139.8124844</LongitudeDegrees>
      </Position>
      <AltitudeMeters>3</AltitudeMeters>
      <DistanceMeters>75</DistanceMeters>
      <HeartRateBpm>
       <Value>117</Value>
      </HeartRateBpm>
      <Cadence>80</Cadence>
      <Extensions>
       <Speed>6.500000</Speed>
      </Extensions>
     </Trackpoint>
     <Trackpoint>
      <Time>2026-06-10T08:18:14Z</Time>
      <Position>
       <LatitudeDegrees>35.6937971</LatitudeDegrees>
       <LongitudeDegrees>139.8125046</LongitudeDegrees>
      </Position>
      <AltitudeMeters>3</AltitudeMeters>
      <DistanceMeters>77</DistanceMeters>
      <HeartRateBpm>
       <Value>117</Value>
      </HeartRateBpm>
      <Cadence>80</Cadence>
      <Extensions>
       <Speed>6.500000</Speed>
      </Extensions>
     </Trackpoint>
     <Trackpoint>
      <Time>2026-06-10T08:18:15Z</Time>
      <Position>
       <LatitudeDegrees>35.6937936</LatitudeDegrees>
       <LongitudeDegrees>139.8125237</LongitudeDegrees>
      </Position>
      <AltitudeMeters>3</AltitudeMeters>
      <DistanceMeters>78</DistanceMeters>
      <HeartRateBpm>
       <Value>117</Value>
      </HeartRateBpm>
      <Cadence>80</Cadence>
      <Extensions>
       <Speed>6.500000</Speed>
      </Extensions>
     </Trackpoint>
     <Trackpoint>
      <Time>2026-06-10T08:18:16Z</Time>
      <Position>
       <LatitudeDegrees>35.6937902</LatitudeDegrees>
       <LongitudeDegrees>139.8125429</LongitudeDegrees>
      </Position>
      <AltitudeMeters>3</AltitudeMeters>
      <DistanceMeters>80</DistanceMeters>
      <HeartRateBpm>
       <Value>118</Value>
      </HeartRateBpm>
      <Cadence>80</Cadence>
      <Extensions>
       <Speed>6.500000</Speed>
      </Extensions>
     </Trackpoint>
     <Trackpoint>
      <Time>2026-06-10T08:18:17Z</Time>
      <Position>
       <LatitudeDegrees>35.6937855</LatitudeDegrees>
       <LongitudeDegrees>139.8125627</LongitudeDegrees>
      </Position>
      <AltitudeMeters>3</AltitudeMeters>
      <DistanceMeters>82</DistanceMeters>
      <HeartRateBpm>
       <Value>118</Value>
      </HeartRateBpm>
      <Cadence>80</Cadence>
      <Extensions>
       <Speed>6.500000</Speed>
      </Extensions>
     </Trackpoint>
     <Trackpoint>
      <Time>2026-06-10T08:18:18Z</Time>
      <Position>
       <LatitudeDegrees>35.6937808</LatitudeDegrees>
       <LongitudeDegrees>139.8125825</LongitudeDegrees>
      </Position>
      <AltitudeMeters>3</AltitudeMeters>
      <DistanceMeters>84</DistanceMeters>
      <HeartRateBpm>
       <Value>118</Value>
      </HeartRateBpm>
      <Cadence>80</Cadence>
      <Extensions>
       <Speed>6.500000</Speed>
      </Extensions>
     </Trackpoint>
     <Trackpoint>
      <Time>2026-06-10T08:18:19Z</Time>
      <Position>
       <LatitudeDegrees>35.6937790</LatitudeDegrees>
       <LongitudeDegrees>139.8126030</LongitudeDegrees>
      </Position>
      <AltitudeMeters>3</AltitudeMeters>
      <DistanceMeters>86</DistanceMeters>
      <HeartRateBpm>
       <Value>118</Value>
      </HeartRateBpm>
      <Cadence>80</Cadence>
      <Extensions>
       <Speed>6.510000</Speed>
      </Extensions>
     </Trackpoint>
     <Trackpoint>
      <Time>2026-06-10T08:18:20Z</Time>
      <Position>
       <LatitudeDegrees>35.6937772</LatitudeDegrees>
       <LongitudeDegrees>139.8126236</LongitudeDegrees>
      </Position>
      <AltitudeMeters>3</AltitudeMeters>
      <DistanceMeters>88</DistanceMeters>
      <HeartRateBpm>
       <Value>118</Value>
      </HeartRateBpm>
      <Cadence>80</Cadence>
      <Extensions>
       <Speed>6.520000</Speed>
      </Extensions>
     </Trackpoint>
     <Trackpoint>
      <Time>2026-06-10T08:18:21Z</Time>
      <Position>
       <LatitudeDegrees>35.6937804</LatitudeDegrees>
       <LongitudeDegrees>139.8126440</LongitudeDegrees>
      </Position>
      <AltitudeMeters>3</AltitudeMeters>
      <DistanceMeters>90</DistanceMeters>
      <HeartRateBpm>
       <Value>118</Value>
      </HeartRateBpm>
      <Cadence>80</Cadence>
      <Extensions>
       <Speed>6.520000</Speed>
      </Extensions>
     </Trackpoint>
     <Trackpoint>
      <Time>2026-06-10T08:18:22Z</Time>
      <Position>
       <LatitudeDegrees>35.6937837</LatitudeDegrees>
       <LongitudeDegrees>139.8126645</LongitudeDegrees>
      </Position>
      <AltitudeMeters>3</AltitudeMeters>
      <DistanceMeters>92</DistanceMeters>
      <HeartRateBpm>
       <Value>118</Value>
      </HeartRateBpm>
      <Cadence>80</Cadence>
      <Extensions>
       <Speed>6.530000</Speed>
      </Extensions>
     </Trackpoint>
     <Trackpoint>
      <Time>2026-06-10T08:18:23Z</Time>
      <Position>
       <LatitudeDegrees>35.6937900</LatitudeDegrees>
       <LongitudeDegrees>139.8126851</LongitudeDegrees>
      </Position>
      <AltitudeMeters>3</AltitudeMeters>
      <DistanceMeters>94</DistanceMeters>
      <HeartRateBpm>
       <Value>118</Value>
      </HeartRateBpm>
      <Cadence>80</Cadence>
      <Extensions>
       <Speed>6.540000</Speed>
      </Extensions>
     </Trackpoint>
     <Trackpoint>
      <Time>2026-06-10T08:18:24Z</Time>
      <Position>
       <LatitudeDegrees>35.6937964</LatitudeDegrees>
       <LongitudeDegrees>139.8127058</LongitudeDegrees>
      </Position>
      <AltitudeMeters>3</AltitudeMeters>
      <DistanceMeters>96</DistanceMeters>
      <HeartRateBpm>
       <Value>118</Value>
      </HeartRateBpm>
      <Cadence>80</Cadence>
      <Extensions>
       <Speed>6.550000</Speed>
      </Extensions>
     </Trackpoint>
     <Trackpoint>
      <Time>2026-06-10T08:18:25Z</Time>
      <Position>
       <LatitudeDegrees>35.6938028</LatitudeDegrees>
       <LongitudeDegrees>139.8127286</LongitudeDegrees>
      </Position>
      <AltitudeMeters>3</AltitudeMeters>
      <DistanceMeters>98</DistanceMeters>
      <HeartRateBpm>
       <Value>118</Value>
      </HeartRateBpm>
      <Cadence>80</Cadence>
      <Extensions>
       <Speed>6.560000</Speed>
      </Extensions>
     </Trackpoint>
     <Trackpoint>
      <Time>2026-06-10T08:18:26Z</Time>
      <Position>
       <LatitudeDegrees>35.6938093</LatitudeDegrees>
       <LongitudeDegrees>139.8127514</LongitudeDegrees>
      </Position>
      <AltitudeMeters>3</AltitudeMeters>
      <DistanceMeters>101</DistanceMeters>
      <HeartRateBpm>
       <Value>118</Value>
      </HeartRateBpm>
      <Cadence>80</Cadence>
      <Extensions>
       <Speed>6.570000</Speed>
      </Extensions>
     </Trackpoint>
     <Trackpoint>
      <Time>2026-06-10T08:18:27Z</Time>
      <Position>
       <LatitudeDegrees>35.6938119</LatitudeDegrees>
       <LongitudeDegrees>139.8127764</LongitudeDegrees>
      </Position>
      <AltitudeMeters>3</AltitudeMeters>
      <DistanceMeters>103</DistanceMeters>
      <HeartRateBpm>
       <Value>118</Value>
      </HeartRateBpm>
      <Cadence>80</Cadence>
      <Extensions>
       <Speed>6.610000</Speed>
      </Extensions>
     </Trackpoint>
     <Trackpoint>
      <Time>2026-06-10T08:18:28Z</Time>
      <Position>
       <LatitudeDegrees>35.6938146</LatitudeDegrees>
       <LongitudeDegrees>139.8128015</LongitudeDegrees>
      </Position>
      <AltitudeMeters>3</AltitudeMeters>
      <DistanceMeters>105</DistanceMeters>
      <HeartRateBpm>
       <Value>118</Value>
      </HeartRateBpm>
      <Cadence>81</Cadence>
      <Extensions>
       <Speed>6.650000</Speed>
      </Extensions>
     </Trackpoint>
     <Trackpoint>
      <Time>2026-06-10T08:18:29Z</Time>
      <Position>
       <LatitudeDegrees>35.6938136</LatitudeDegrees>
       <LongitudeDegrees>139.8128258</LongitudeDegrees>
      </Position>
      <AltitudeMeters>3</AltitudeMeters>
      <DistanceMeters>107</DistanceMeters>
      <HeartRateBpm>
       <Value>118</Value>
      </HeartRateBpm>
      <Cadence>81</Cadence>
      <Extensions>
       <Speed>6.700000</Speed>
      </Extensions>
     </Trackpoint>
     <Trackpoint>
      <Time>2026-06-10T08:18:30Z</Time>
      <Position>
       <LatitudeDegrees>35.6938126</LatitudeDegrees>
       <LongitudeDegrees>139.8128501</LongitudeDegrees>
      </Position>
      <AltitudeMeters>3</AltitudeMeters>
      <DistanceMeters>109</DistanceMeters>
      <HeartRateBpm>
       <Value>118</Value>
      </HeartRateBpm>
      <Cadence>81</Cadence>
      <Extensions>
       <Speed>6.750000</Speed>
      </Extensions>
     </Trackpoint>
     <Trackpoint>
      <Time>2026-06-10T08:18:31Z</Time>
      <Position>
       <LatitudeDegrees>35.6938087</LatitudeDegrees>
       <LongitudeDegrees>139.8128706</LongitudeDegrees>
      </Position>
      <AltitudeMeters>3</AltitudeMeters>
      <DistanceMeters>111</DistanceMeters>
      <HeartRateBpm>
       <Value>118</Value>
      </HeartRateBpm>
      <Cadence>81</Cadence>
      <Extensions>
       <Speed>6.770000</Speed>
      </Extensions>
     </Trackpoint>
     <Trackpoint>
      <Time>2026-06-10T08:18:32Z</Time>
      <Position>
       <LatitudeDegrees>35.6938048</LatitudeDegrees>
       <LongitudeDegrees>139.8128912</LongitudeDegrees>
      </Position>
      <AltitudeMeters>3</AltitudeMeters>
      <DistanceMeters>113</DistanceMeters>
      <HeartRateBpm>
       <Value>118</Value>
      </HeartRateBpm>
      <Cadence>81</Cadence>
      <Extensions>
       <Speed>6.800000</Speed>
      </Extensions>
     </Trackpoint>
     <Trackpoint>
      <Time>2026-06-10T08:18:33Z</Time>
      <Position>
       <LatitudeDegrees>35.6938013</LatitudeDegrees>
       <LongitudeDegrees>139.8129132</LongitudeDegrees>
      </Position>
      <AltitudeMeters>3</AltitudeMeters>
      <DistanceMeters>115</DistanceMeters>
      <HeartRateBpm>
       <Value>118</Value>
      </HeartRateBpm>
      <Cadence>81</Cadence>
      <Extensions>
       <Speed>6.810000</Speed>
      </Extensions>
     </Trackpoint>
     <Trackpoint>
      <Time>2026-06-10T08:18:34Z</Time>
      <Position>
       <LatitudeDegrees>35.6937979</LatitudeDegrees>
       <LongitudeDegrees>139.8129353</LongitudeDegrees>
      </Position>
      <AltitudeMeters>3</AltitudeMeters>
      <DistanceMeters>117</DistanceMeters>
      <HeartRateBpm>
       <Value>119</Value>
      </HeartRateBpm>
      <Cadence>80</Cadence>
      <Extensions>
       <Speed>6.830000</Speed>
      </Extensions>
     </Trackpoint>
     <Trackpoint>
      <Time>2026-06-10T08:18:35Z</Time>
      <Position>
       <LatitudeDegrees>35.6937982</LatitudeDegrees>
       <LongitudeDegrees>139.8129576</LongitudeDegrees>
      </Position>
      <AltitudeMeters>3</AltitudeMeters>
      <DistanceMeters>119</DistanceMeters>
      <HeartRateBpm>
       <Value>119</Value>
      </HeartRateBpm>
      <Cadence>80</Cadence>
      <Extensions>
       <Speed>6.840000</Speed>
      </Extensions>
     </Trackpoint>
     <Trackpoint>
      <Time>2026-06-10T08:18:36Z</Time>
      <Position>
       <LatitudeDegrees>35.6937986</LatitudeDegrees>
       <LongitudeDegrees>139.8129800</LongitudeDegrees>
      </Position>
      <AltitudeMeters>3</AltitudeMeters>
      <DistanceMeters>121</DistanceMeters>
      <HeartRateBpm>
       <Value>120</Value>
      </HeartRateBpm>
      <Cadence>80</Cadence>
      <Extensions>
       <Speed>6.850000</Speed>
      </Extensions>
     </Trackpoint>
     <Trackpoint>
      <Time>2026-06-10T08:18:37Z</Time>
      <Position>
       <LatitudeDegrees>35.6938015</LatitudeDegrees>
       <LongitudeDegrees>139.8130001</LongitudeDegrees>
      </Position>
      <AltitudeMeters>3</AltitudeMeters>
      <DistanceMeters>122</DistanceMeters>
      <HeartRateBpm>
       <Value>120</Value>
      </HeartRateBpm>
      <Cadence>80</Cadence>
      <Extensions>
       <Speed>6.860000</Speed>
      </Extensions>
     </Trackpoint>
     <Trackpoint>
      <Time>2026-06-10T08:18:38Z</Time>
      <Position>
       <LatitudeDegrees>35.6938045</LatitudeDegrees>
       <LongitudeDegrees>139.8130202</LongitudeDegrees>
      </Position>
      <AltitudeMeters>3</AltitudeMeters>
      <DistanceMeters>124</DistanceMeters>
      <HeartRateBpm>
       <Value>120</Value>
      </HeartRateBpm>
      <Cadence>79</Cadence>
      <Extensions>
       <Speed>6.870000</Speed>
      </Extensions>
     </Trackpoint>
     <Trackpoint>
      <Time>2026-06-10T08:18:39Z</Time>
      <Position>
       <LatitudeDegrees>35.6938054</LatitudeDegrees>
       <LongitudeDegrees>139.8130390</LongitudeDegrees>
      </Position>
      <AltitudeMeters>3</AltitudeMeters>
      <DistanceMeters>126</DistanceMeters>
      <HeartRateBpm>
       <Value>121</Value>
      </HeartRateBpm>
      <Cadence>79</Cadence>
      <Extensions>
       <Speed>6.870000</Speed>
      </Extensions>
     </Trackpoint>
     <Trackpoint>
      <Time>2026-06-10T08:18:40Z</Time>
      <Position>
       <LatitudeDegrees>35.6938064</LatitudeDegrees>
       <LongitudeDegrees>139.8130579</LongitudeDegrees>
      </Position>
      <AltitudeMeters>3</AltitudeMeters>
      <DistanceMeters>128</DistanceMeters>
      <HeartRateBpm>
       <Value>121</Value>
      </HeartRateBpm>
      <Cadence>79</Cadence>
      <Extensions>
       <Speed>6.880000</Speed>
      </Extensions>
     </Trackpoint>
     <Trackpoint>
      <Time>2026-06-10T08:18:41Z</Time>
      <Position>
       <LatitudeDegrees>35.6938071</LatitudeDegrees>
       <LongitudeDegrees>139.8130772</LongitudeDegrees>
      </Position>
      <AltitudeMeters>3</AltitudeMeters>
      <DistanceMeters>130</DistanceMeters>
      <HeartRateBpm>
       <Value>121</Value>
      </HeartRateBpm>
      <Cadence>79</Cadence>
      <Extensions>
       <Speed>6.890000</Speed>
      </Extensions>
     </Trackpoint>
     <Trackpoint>
      <Time>2026-06-10T08:18:42Z</Time>
      <Position>
       <LatitudeDegrees>35.6938079</LatitudeDegrees>
       <LongitudeDegrees>139.8130965</LongitudeDegrees>
      </Position>
      <AltitudeMeters>3</AltitudeMeters>
      <DistanceMeters>131</DistanceMeters>
      <HeartRateBpm>
       <Value>121</Value>
      </HeartRateBpm>
      <Cadence>79</Cadence>
      <Extensions>
       <Speed>6.900000</Speed>
      </Extensions>
     </Trackpoint>
     <Trackpoint>
      <Time>2026-06-10T08:18:43Z</Time>
      <Position>
       <LatitudeDegrees>35.6938030</LatitudeDegrees>
       <LongitudeDegrees>139.8131151</LongitudeDegrees>
      </Position>
      <AltitudeMeters>3</AltitudeMeters>
      <DistanceMeters>133</DistanceMeters>
      <HeartRateBpm>
       <Value>121</Value>
      </HeartRateBpm>
      <Cadence>79</Cadence>
      <Extensions>
       <Speed>6.890000</Speed>
      </Extensions>
     </Trackpoint>
     <Trackpoint>
      <Time>2026-06-10T08:18:44Z</Time>
      <Position>
       <LatitudeDegrees>35.6937982</LatitudeDegrees>
       <LongitudeDegrees>139.8131338</LongitudeDegrees>
      </Position>
      <AltitudeMeters>3</AltitudeMeters>
      <DistanceMeters>135</DistanceMeters>
      <HeartRateBpm>
       <Value>121</Value>
      </HeartRateBpm>
      <Cadence>79</Cadence>
      <Extensions>
       <Speed>6.880000</Speed>
      </Extensions>
     </Trackpoint>
     <Trackpoint>
      <Time>2026-06-10T08:18:45Z</Time>
      <Position>
       <LatitudeDegrees>35.6937874</LatitudeDegrees>
       <LongitudeDegrees>139.8131494</LongitudeDegrees>
      </Position>
      <AltitudeMeters>3</AltitudeMeters>
      <DistanceMeters>137</DistanceMeters>
      <HeartRateBpm>
       <Value>121</Value>
      </HeartRateBpm>
      <Cadence>79</Cadence>
      <Extensions>
       <Speed>6.860000</Speed>
      </Extensions>
     </Trackpoint>
     <Trackpoint>
      <Time>2026-06-10T08:18:46Z</Time>
      <Position>
       <LatitudeDegrees>35.6937766</LatitudeDegrees>
       <LongitudeDegrees>139.8131650</LongitudeDegrees>
      </Position>
      <AltitudeMeters>3</AltitudeMeters>
      <DistanceMeters>139</DistanceMeters>
      <HeartRateBpm>
       <Value>121</Value>
      </HeartRateBpm>
      <Cadence>79</Cadence>
      <Extensions>
       <Speed>6.850000</Speed>
      </Extensions>
     </Trackpoint>
     <Trackpoint>
      <Time>2026-06-10T08:18:47Z</Time>
      <Position>
       <LatitudeDegrees>35.6937612</LatitudeDegrees>
       <LongitudeDegrees>139.8131726</LongitudeDegrees>
      </Position>
      <AltitudeMeters>3</AltitudeMeters>
      <DistanceMeters>141</DistanceMeters>
      <HeartRateBpm>
       <Value>121</Value>
      </HeartRateBpm>
      <Cadence>79</Cadence>
      <Extensions>
       <Speed>6.840000</Speed>
      </Extensions>
     </Trackpoint>
     <Trackpoint>
      <Time>2026-06-10T08:18:48Z</Time>
      <Position>
       <LatitudeDegrees>35.6937459</LatitudeDegrees>
       <LongitudeDegrees>139.8131803</LongitudeDegrees>
      </Position>
      <AltitudeMeters>3</AltitudeMeters>
      <DistanceMeters>143</DistanceMeters>
      <HeartRateBpm>
       <Value>121</Value>
      </HeartRateBpm>
      <Cadence>79</Cadence>
      <Extensions>
       <Speed>6.830000</Speed>
      </Extensions>
     </Trackpoint>
     <Trackpoint>
      <Time>2026-06-10T08:18:49Z</Time>
      <Position>
       <LatitudeDegrees>35.6937296</LatitudeDegrees>
       <LongitudeDegrees>139.8131844</LongitudeDegrees>
      </Position>
      <AltitudeMeters>3</AltitudeMeters>
      <DistanceMeters>144</DistanceMeters>
      <HeartRateBpm>
       <Value>121</Value>
      </HeartRateBpm>
      <Cadence>79</Cadence>
      <Extensions>
       <Speed>6.820000</Speed>
      </Extensions>
     </Trackpoint>
     <Trackpoint>
      <Time>2026-06-10T08:18:50Z</Time>
      <Position>
       <LatitudeDegrees>35.6937133</LatitudeDegrees>
       <LongitudeDegrees>139.8131885</LongitudeDegrees>
      </Position>
      <AltitudeMeters>3</AltitudeMeters>
      <DistanceMeters>146</DistanceMeters>
      <HeartRateBpm>
       <Value>121</Value>
      </HeartRateBpm>
      <Cadence>79</Cadence>
      <Extensions>
       <Speed>6.820000</Speed>
      </Extensions>
     </Trackpoint>
     <Trackpoint>
      <Time>2026-06-10T08:18:51Z</Time>
      <Position>
       <LatitudeDegrees>35.6936969</LatitudeDegrees>
       <LongitudeDegrees>139.8131920</LongitudeDegrees>
      </Position>
      <AltitudeMeters>3</AltitudeMeters>
      <DistanceMeters>148</DistanceMeters>
      <HeartRateBpm>
       <Value>121</Value>
      </HeartRateBpm>
      <Cadence>79</Cadence>
      <Extensions>
       <Speed>6.810000</Speed>
      </Extensions>
     </Trackpoint>
     <Trackpoint>
      <Time>2026-06-10T08:18:52Z</Time>
      <Position>
       <LatitudeDegrees>35.6936806</LatitudeDegrees>
       <LongitudeDegrees>139.8131956</LongitudeDegrees>
      </Position>
      <AltitudeMeters>3</AltitudeMeters>
      <DistanceMeters>150</DistanceMeters>
      <HeartRateBpm>
       <Value>121</Value>
      </HeartRateBpm>
      <Cadence>79</Cadence>
      <Extensions>
       <Speed>6.800000</Speed>
      </Extensions>
     </Trackpoint>
     <Trackpoint>
      <Time>2026-06-10T08:18:53Z</Time>
      <Position>
       <LatitudeDegrees>35.6936647</LatitudeDegrees>
       <LongitudeDegrees>139.8131992</LongitudeDegrees>
      </Position>
      <AltitudeMeters>3</AltitudeMeters>
      <DistanceMeters>152</DistanceMeters>
      <HeartRateBpm>
       <Value>120</Value>
      </HeartRateBpm>
      <Cadence>79</Cadence>
      <Extensions>
       <Speed>6.780000</Speed>
      </Extensions>
     </Trackpoint>
     <Trackpoint>
      <Time>2026-06-10T08:18:54Z</Time>
      <Position>
       <LatitudeDegrees>35.6936489</LatitudeDegrees>
       <LongitudeDegrees>139.8132028</LongitudeDegrees>
      </Position>
      <AltitudeMeters>3</AltitudeMeters>
      <DistanceMeters>153</DistanceMeters>
      <HeartRateBpm>
       <Value>120</Value>
      </HeartRateBpm>
      <Cadence>79</Cadence>
      <Extensions>
       <Speed>6.770000</Speed>
      </Extensions>
     </Trackpoint>
     <Trackpoint>
      <Time>2026-06-10T08:18:55Z</Time>
      <Position>
       <LatitudeDegrees>35.6936327</LatitudeDegrees>
       <LongitudeDegrees>139.8132029</LongitudeDegrees>
      </Position>
      <AltitudeMeters>3</AltitudeMeters>
      <DistanceMeters>155</DistanceMeters>
      <HeartRateBpm>
       <Value>120</Value>
      </HeartRateBpm>
      <Cadence>79</Cadence>
      <Extensions>
       <Speed>6.750000</Speed>
      </Extensions>
     </Trackpoint>
     <Trackpoint>
      <Time>2026-06-10T08:18:56Z</Time>
      <Position>
       <LatitudeDegrees>35.6936165</LatitudeDegrees>
       <LongitudeDegrees>139.8132031</LongitudeDegrees>
      </Position>
      <AltitudeMeters>3</AltitudeMeters>
      <DistanceMeters>157</DistanceMeters>
      <HeartRateBpm>
       <Value>120</Value>
      </HeartRateBpm>
      <Cadence>79</Cadence>
      <Extensions>
       <Speed>6.740000</Speed>
      </Extensions>
     </Trackpoint>
     <Trackpoint>
      <Time>2026-06-10T08:18:57Z</Time>
      <Position>
       <LatitudeDegrees>35.6936005</LatitudeDegrees>
       <LongitudeDegrees>139.8132017</LongitudeDegrees>
      </Position>
      <AltitudeMeters>3</AltitudeMeters>
      <DistanceMeters>159</DistanceMeters>
      <HeartRateBpm>
       <Value>120</Value>
      </HeartRateBpm>
      <Cadence>79</Cadence>
      <Extensions>
       <Speed>6.730000</Speed>
      </Extensions>
     </Trackpoint>
     <Trackpoint>
      <Time>2026-06-10T08:18:58Z</Time>
      <Position>
       <LatitudeDegrees>35.6935845</LatitudeDegrees>
       <LongitudeDegrees>139.8132003</LongitudeDegrees>
      </Position>
      <AltitudeMeters>3</AltitudeMeters>
      <DistanceMeters>161</DistanceMeters>
      <HeartRateBpm>
       <Value>121</Value>
      </HeartRateBpm>
      <Cadence>79</Cadence>
      <Extensions>
       <Speed>6.720000</Speed>
      </Extensions>
     </Trackpoint>
     <Trackpoint>
      <Time>2026-06-10T08:18:59Z</Time>
      <Position>
       <LatitudeDegrees>35.6935675</LatitudeDegrees>
       <LongitudeDegrees>139.8131979</LongitudeDegrees>
      </Position>
      <AltitudeMeters>3</AltitudeMeters>
      <DistanceMeters>163</DistanceMeters>
      <HeartRateBpm>
       <Value>121</Value>
      </HeartRateBpm>
      <Cadence>78</Cadence>
      <Extensions>
       <Speed>6.700000</Speed>
      </Extensions>
     </Trackpoint>
     <Trackpoint>
      <Time>2026-06-10T08:19:00Z</Time>
      <Position>
       <LatitudeDegrees>35.6935505</LatitudeDegrees>
       <LongitudeDegrees>139.8131956</LongitudeDegrees>
      </Position>
      <AltitudeMeters>3</AltitudeMeters>
      <DistanceMeters>165</DistanceMeters>
      <HeartRateBpm>
       <Value>121</Value>
      </HeartRateBpm>
      <Cadence>78</Cadence>
      <Extensions>
       <Speed>6.680000</Speed>
      </Extensions>
     </Trackpoint>
     <Trackpoint>
      <Time>2026-06-10T08:19:01Z</Time>
      <Position>
       <LatitudeDegrees>35.6935304</LatitudeDegrees>
       <LongitudeDegrees>139.8131928</LongitudeDegrees>
      </Position>
      <AltitudeMeters>3</AltitudeMeters>
      <DistanceMeters>168</DistanceMeters>
      <HeartRateBpm>
       <Value>121</Value>
      </HeartRateBpm>
      <Cadence>78</Cadence>
      <Extensions>
       <Speed>6.710000</Speed>
      </Extensions>
     </Trackpoint>
     <Trackpoint>
      <Time>2026-06-10T08:19:02Z</Time>
      <Position>
       <LatitudeDegrees>35.6935103</LatitudeDegrees>
       <LongitudeDegrees>139.8131900</LongitudeDegrees>
      </Position>
      <AltitudeMeters>3</AltitudeMeters>
      <DistanceMeters>170</DistanceMeters>
      <HeartRateBpm>
       <Value>121</Value>
      </HeartRateBpm>
      <Cadence>78</Cadence>
      <Extensions>
       <Speed>6.750000</Speed>
      </Extensions>
     </Trackpoint>
     <Trackpoint>
      <Time>2026-06-10T08:19:03Z</Time>
      <Position>
       <LatitudeDegrees>35.6934896</LatitudeDegrees>
       <LongitudeDegrees>139.8131937</LongitudeDegrees>
      </Position>
      <AltitudeMeters>3</AltitudeMeters>
      <DistanceMeters>172</DistanceMeters>
      <HeartRateBpm>
       <Value>121</Value>
      </HeartRateBpm>
      <Cadence>78</Cadence>
      <Extensions>
       <Speed>6.870000</Speed>
      </Extensions>
     </Trackpoint>
     <Trackpoint>
      <Time>2026-06-10T08:19:04Z</Time>
      <Position>
       <LatitudeDegrees>35.6934689</LatitudeDegrees>
       <LongitudeDegrees>139.8131975</LongitudeDegrees>
      </Position>
      <AltitudeMeters>3</AltitudeMeters>
      <DistanceMeters>174</DistanceMeters>
      <HeartRateBpm>
       <Value>121</Value>
      </HeartRateBpm>
      <Cadence>78</Cadence>
      <Extensions>
       <Speed>7.000000</Speed>
      </Extensions>
     </Trackpoint>
     <Trackpoint>
      <Time>2026-06-10T08:19:05Z</Time>
      <Position>
       <LatitudeDegrees>35.6934502</LatitudeDegrees>
       <LongitudeDegrees>139.8132062</LongitudeDegrees>
      </Position>
      <AltitudeMeters>3</AltitudeMeters>
      <DistanceMeters>176</DistanceMeters>
      <HeartRateBpm>
       <Value>121</Value>
      </HeartRateBpm>
      <Cadence>78</Cadence>
      <Extensions>
       <Speed>7.150000</Speed>
      </Extensions>
     </Trackpoint>
     <Trackpoint>
      <Time>2026-06-10T08:19:06Z</Time>
      <Position>
       <LatitudeDegrees>35.6934315</LatitudeDegrees>
       <LongitudeDegrees>139.8132150</LongitudeDegrees>
      </Position>
      <AltitudeMeters>3</AltitudeMeters>
      <DistanceMeters>179</DistanceMeters>
      <HeartRateBpm>
       <Value>121</Value>
      </HeartRateBpm>
      <Cadence>78</Cadence>
      <Extensions>
       <Speed>7.310000</Speed>
      </Extensions>
     </Trackpoint>
     <Trackpoint>
      <Time>2026-06-10T08:19:07Z</Time>
      <Position>
       <LatitudeDegrees>35.6934139</LatitudeDegrees>
       <LongitudeDegrees>139.8132254</LongitudeDegrees>
      </Position>
      <AltitudeMeters>3</AltitudeMeters>
      <DistanceMeters>181</DistanceMeters>
      <HeartRateBpm>
       <Value>121</Value>
      </HeartRateBpm>
      <Cadence>78</Cadence>
      <Extensions>
       <Speed>7.420000</Speed>
      </Extensions>
     </Trackpoint>
     <Trackpoint>
      <Time>2026-06-10T08:19:08Z</Time>
      <Position>
       <LatitudeDegrees>35.6933964</LatitudeDegrees>
       <LongitudeDegrees>139.8132359</LongitudeDegrees>
      </Position>
      <AltitudeMeters>3</AltitudeMeters>
      <DistanceMeters>183</DistanceMeters>
      <HeartRateBpm>
       <Value>122</Value>
      </HeartRateBpm>
      <Cadence>78</Cadence>
      <Extensions>
       <Speed>7.530000</Speed>
      </Extensions>
     </Trackpoint>
     <Trackpoint>
      <Time>2026-06-10T08:19:09Z</Time>
      <Position>
       <LatitudeDegrees>35.6933817</LatitudeDegrees>
       <LongitudeDegrees>139.8132472</LongitudeDegrees>
      </Position>
      <AltitudeMeters>3</AltitudeMeters>
      <DistanceMeters>184</DistanceMeters>
      <HeartRateBpm>
       <Value>122</Value>
      </HeartRateBpm>
      <Cadence>78</Cadence>
      <Extensions>
       <Speed>7.560000</Speed>
      </Extensions>
     </Trackpoint>
     <Trackpoint>
      <Time>2026-06-10T08:19:10Z</Time>
      <Position>
       <LatitudeDegrees>35.6933670</LatitudeDegrees>
       <LongitudeDegrees>139.8132585</LongitudeDegrees>
      </Position>
      <AltitudeMeters>3</AltitudeMeters>
      <DistanceMeters>186</DistanceMeters>
      <HeartRateBpm>
       <Value>122</Value>
      </HeartRateBpm>
      <Cadence>78</Cadence>
      <Extensions>
       <Speed>7.590000</Speed>
      </Extensions>
     </Trackpoint>
     <Trackpoint>
      <Time>2026-06-10T08:19:11Z</Time>
      <Position>
       <LatitudeDegrees>35.6933600</LatitudeDegrees>
       <LongitudeDegrees>139.8132714</LongitudeDegrees>
      </Position>
      <AltitudeMeters>3</AltitudeMeters>
      <DistanceMeters>187</DistanceMeters>
      <HeartRateBpm>
       <Value>122</Value>
      </HeartRateBpm>
      <Cadence>78</Cadence>
      <Extensions>
       <Speed>7.690000</Speed>
      </Extensions>
     </Trackpoint>
     <Trackpoint>
      <Time>2026-06-10T08:19:12Z</Time>
      <Position>
       <LatitudeDegrees>35.6933531</LatitudeDegrees>
       <LongitudeDegrees>139.8132844</LongitudeDegrees>
      </Position>
      <AltitudeMeters>4</AltitudeMeters>
      <DistanceMeters>188</DistanceMeters>
      <HeartRateBpm>
       <Value>123</Value>
      </HeartRateBpm>
      <Cadence>79</Cadence>
      <Extensions>
       <Speed>7.800000</Speed>
      </Extensions>
     </Trackpoint>
     <Trackpoint>
      <Time>2026-06-10T08:19:13Z</Time>
      <Position>
       <LatitudeDegrees>35.6933525</LatitudeDegrees>
       <LongitudeDegrees>139.8133012</LongitudeDegrees>
      </Position>
      <AltitudeMeters>4</AltitudeMeters>
      <DistanceMeters>190</DistanceMeters>
      <HeartRateBpm>
       <Value>123</Value>
      </HeartRateBpm>
      <Cadence>79</Cadence>
      <Extensions>
       <Speed>7.780000</Speed>
      </Extensions>
     </Trackpoint>
     <Trackpoint>
      <Time>2026-06-10T08:19:14Z</Time>
      <Position>
       <LatitudeDegrees>35.6933519</LatitudeDegrees>
       <LongitudeDegrees>139.8133180</LongitudeDegrees>
      </Position>
      <AltitudeMeters>4</AltitudeMeters>
      <DistanceMeters>193</DistanceMeters>
      <HeartRateBpm>
       <Value>123</Value>
      </HeartRateBpm>
      <Cadence>79</Cadence>
      <Extensions>
       <Speed>7.760000</Speed>
      </Extensions>
     </Trackpoint>
     <Trackpoint>
      <Time>2026-06-10T08:19:15Z</Time>
      <Position>
       <LatitudeDegrees>35.6933554</LatitudeDegrees>
       <LongitudeDegrees>139.8133403</LongitudeDegrees>
      </Position>
      <AltitudeMeters>4</AltitudeMeters>
      <DistanceMeters>196</DistanceMeters>
      <HeartRateBpm>
       <Value>123</Value>
      </HeartRateBpm>
      <Cadence>79</Cadence>
      <Extensions>
       <Speed>7.720000</Speed>
      </Extensions>
     </Trackpoint>
     <Trackpoint>
      <Time>2026-06-10T08:19:16Z</Time>
      <Position>
       <LatitudeDegrees>35.6933589</LatitudeDegrees>
       <LongitudeDegrees>139.8133626</LongitudeDegrees>
      </Position>
      <AltitudeMeters>4</AltitudeMeters>
      <DistanceMeters>198</DistanceMeters>
      <HeartRateBpm>
       <Value>123</Value>
      </HeartRateBpm>
      <Cadence>79</Cadence>
      <Extensions>
       <Speed>7.680000</Speed>
      </Extensions>
     </Trackpoint>
     <Trackpoint>
      <Time>2026-06-10T08:19:17Z</Time>
      <Position>
       <LatitudeDegrees>35.6933632</LatitudeDegrees>
       <LongitudeDegrees>139.8133873</LongitudeDegrees>
      </Position>
      <AltitudeMeters>4</AltitudeMeters>
      <DistanceMeters>200</DistanceMeters>
      <HeartRateBpm>
       <Value>123</Value>
      </HeartRateBpm>
      <Cadence>79</Cadence>
      <Extensions>
       <Speed>7.660000</Speed>
      </Extensions>
     </Trackpoint>
     <Trackpoint>
      <Time>2026-06-10T08:19:18Z</Time>
      <Position>
       <LatitudeDegrees>35.6933675</LatitudeDegrees>
       <LongitudeDegrees>139.8134121</LongitudeDegrees>
      </Position>
      <AltitudeMeters>4</AltitudeMeters>
      <DistanceMeters>202</DistanceMeters>
      <HeartRateBpm>
       <Value>123</Value>
      </HeartRateBpm>
      <Cadence>79</Cadence>
      <Extensions>
       <Speed>7.650000</Speed>
      </Extensions>
     </Trackpoint>
     <Trackpoint>
      <Time>2026-06-10T08:19:19Z</Time>
      <Position>
       <LatitudeDegrees>35.6933702</LatitudeDegrees>
       <LongitudeDegrees>139.8134368</LongitudeDegrees>
      </Position>
      <AltitudeMeters>4</AltitudeMeters>
      <DistanceMeters>204</DistanceMeters>
      <HeartRateBpm>
       <Value>123</Value>
      </HeartRateBpm>
      <Cadence>79</Cadence>
      <Extensions>
       <Speed>7.640000</Speed>
      </Extensions>
     </Trackpoint>
     <Trackpoint>
      <Time>2026-06-10T08:19:20Z</Time>
      <Position>
       <LatitudeDegrees>35.6933729</LatitudeDegrees>
       <LongitudeDegrees>139.8134616</LongitudeDegrees>
      </Position>
      <AltitudeMeters>4</AltitudeMeters>
      <DistanceMeters>206</DistanceMeters>
      <HeartRateBpm>
       <Value>123</Value>
      </HeartRateBpm>
      <Cadence>79</Cadence>
      <Extensions>
       <Speed>7.640000</Speed>
      </Extensions>
     </Trackpoint>
     <Trackpoint>
      <Time>2026-06-10T08:19:21Z</Time>
      <Position>
       <LatitudeDegrees>35.6933756</LatitudeDegrees>
       <LongitudeDegrees>139.8134848</LongitudeDegrees>
      </Position>
      <AltitudeMeters>4</AltitudeMeters>
      <DistanceMeters>208</DistanceMeters>
      <HeartRateBpm>
       <Value>123</Value>
      </HeartRateBpm>
      <Cadence>79</Cadence>
      <Extensions>
       <Speed>7.630000</Speed>
      </Extensions>
     </Trackpoint>
     <Trackpoint>
      <Time>2026-06-10T08:19:22Z</Time>
      <Position>
       <LatitudeDegrees>35.6933784</LatitudeDegrees>
       <LongitudeDegrees>139.8135081</LongitudeDegrees>
      </Position>
      <AltitudeMeters>4</AltitudeMeters>
      <DistanceMeters>210</DistanceMeters>
      <HeartRateBpm>
       <Value>123</Value>
      </HeartRateBpm>
      <Cadence>79</Cadence>
      <Extensions>
       <Speed>7.630000</Speed>
      </Extensions>
     </Trackpoint>
     <Trackpoint>
      <Time>2026-06-10T08:19:23Z</Time>
      <Position>
       <LatitudeDegrees>35.6933789</LatitudeDegrees>
       <LongitudeDegrees>139.8135308</LongitudeDegrees>
      </Position>
      <AltitudeMeters>4</AltitudeMeters>
      <DistanceMeters>212</DistanceMeters>
      <HeartRateBpm>
       <Value>123</Value>
      </HeartRateBpm>
      <Cadence>79</Cadence>
      <Extensions>
       <Speed>7.620000</Speed>
      </Extensions>
     </Trackpoint>
     <Trackpoint>
      <Time>2026-06-10T08:19:24Z</Time>
      <Position>
       <LatitudeDegrees>35.6933795</LatitudeDegrees>
       <LongitudeDegrees>139.8135535</LongitudeDegrees>
      </Position>
      <AltitudeMeters>4</AltitudeMeters>
      <DistanceMeters>214</DistanceMeters>
      <HeartRateBpm>
       <Value>123</Value>
      </HeartRateBpm>
      <Cadence>80</Cadence>
      <Extensions>
       <Speed>7.620000</Speed>
      </Extensions>
     </Trackpoint>
     <Trackpoint>
      <Time>2026-06-10T08:19:25Z</Time>
      <Position>
       <LatitudeDegrees>35.6933794</LatitudeDegrees>
       <LongitudeDegrees>139.8135755</LongitudeDegrees>
      </Position>
      <AltitudeMeters>4</AltitudeMeters>
      <DistanceMeters>216</DistanceMeters>
      <HeartRateBpm>
       <Value>123</Value>
      </HeartRateBpm>
      <Cadence>80</Cadence>
      <Extensions>
       <Speed>7.610000</Speed>
      </Extensions>
     </Trackpoint>
     <Trackpoint>
      <Time>2026-06-10T08:19:26Z</Time>
      <Position>
       <LatitudeDegrees>35.6933793</LatitudeDegrees>
       <LongitudeDegrees>139.8135975</LongitudeDegrees>
      </Position>
      <AltitudeMeters>4</AltitudeMeters>
      <DistanceMeters>218</DistanceMeters>
      <HeartRateBpm>
       <Value>123</Value>
      </HeartRateBpm>
      <Cadence>80</Cadence>
      <Extensions>
       <Speed>7.600000</Speed>
      </Extensions>
     </Trackpoint>
     <Trackpoint>
      <Time>2026-06-10T08:19:27Z</Time>
      <Position>
       <LatitudeDegrees>35.6933781</LatitudeDegrees>
       <LongitudeDegrees>139.8136193</LongitudeDegrees>
      </Position>
      <AltitudeMeters>4</AltitudeMeters>
      <DistanceMeters>220</DistanceMeters>
      <HeartRateBpm>
       <Value>123</Value>
      </HeartRateBpm>
      <Cadence>80</Cadence>
      <Extensions>
       <Speed>7.590000</Speed>
      </Extensions>
     </Trackpoint>
     <Trackpoint>
      <Time>2026-06-10T08:19:28Z</Time>
      <Position>
       <LatitudeDegrees>35.6933769</LatitudeDegrees>
       <LongitudeDegrees>139.8136411</LongitudeDegrees>
      </Position>
      <AltitudeMeters>3</AltitudeMeters>
      <DistanceMeters>222</DistanceMeters>
      <HeartRateBpm>
       <Value>124</Value>
      </HeartRateBpm>
      <Cadence>80</Cadence>
      <Extensions>
       <Speed>7.590000</Speed>
      </Extensions>
     </Trackpoint>
     <Trackpoint>
      <Time>2026-06-10T08:19:29Z</Time>
      <Position>
       <LatitudeDegrees>35.6933790</LatitudeDegrees>
       <LongitudeDegrees>139.8136627</LongitudeDegrees>
      </Position>
      <AltitudeMeters>3</AltitudeMeters>
      <DistanceMeters>224</DistanceMeters>
      <HeartRateBpm>
       <Value>124</Value>
      </HeartRateBpm>
      <Cadence>80</Cadence>
      <Extensions>
       <Speed>7.580000</Speed>
      </Extensions>
     </Trackpoint>
     <Trackpoint>
      <Time>2026-06-10T08:19:30Z</Time>
      <Position>
       <LatitudeDegrees>35.6933811</LatitudeDegrees>
       <LongitudeDegrees>139.8136843</LongitudeDegrees>
      </Position>
      <AltitudeMeters>3</AltitudeMeters>
      <DistanceMeters>226</DistanceMeters>
      <HeartRateBpm>
       <Value>124</Value>
      </HeartRateBpm>
      <Cadence>81</Cadence>
      <Extensions>
       <Speed>7.570000</Speed>
      </Extensions>
     </Trackpoint>
     <Trackpoint>
      <Time>2026-06-10T08:19:31Z</Time>
      <Position>
       <LatitudeDegrees>35.6933878</LatitudeDegrees>
       <LongitudeDegrees>139.8137046</LongitudeDegrees>
      </Position>
      <AltitudeMeters>3</AltitudeMeters>
      <DistanceMeters>228</DistanceMeters>
      <HeartRateBpm>
       <Value>124</Value>
      </HeartRateBpm>
      <Cadence>81</Cadence>
      <Extensions>
       <Speed>7.560000</Speed>
      </Extensions>
     </Trackpoint>
     <Trackpoint>
      <Time>2026-06-10T08:19:32Z</Time>
      <Position>
       <LatitudeDegrees>35.6933945</LatitudeDegrees>
       <LongitudeDegrees>139.8137250</LongitudeDegrees>
      </Position>
      <AltitudeMeters>3</AltitudeMeters>
      <DistanceMeters>230</DistanceMeters>
      <HeartRateBpm>
       <Value>124</Value>
      </HeartRateBpm>
      <Cadence>81</Cadence>
      <Extensions>
       <Speed>7.550000</Speed>
      </Extensions>
     </Trackpoint>
     <Trackpoint>
      <Time>2026-06-10T08:19:33Z</Time>
      <Position>
       <LatitudeDegrees>35.6934002</LatitudeDegrees>
       <LongitudeDegrees>139.8137450</LongitudeDegrees>
      </Position>
      <AltitudeMeters>3</AltitudeMeters>
      <DistanceMeters>232</DistanceMeters>
      <HeartRateBpm>
       <Value>124</Value>
      </HeartRateBpm>
      <Cadence>81</Cadence>
      <Extensions>
       <Speed>7.540000</Speed>
      </Extensions>
     </Trackpoint>
     <Trackpoint>
      <Time>2026-06-10T08:19:34Z</Time>
      <Position>
       <LatitudeDegrees>35.6934060</LatitudeDegrees>
       <LongitudeDegrees>139.8137650</LongitudeDegrees>
      </Position>
      <AltitudeMeters>3</AltitudeMeters>
      <DistanceMeters>234</DistanceMeters>
      <HeartRateBpm>
       <Value>124</Value>
      </HeartRateBpm>
      <Cadence>82</Cadence>
      <Extensions>
       <Speed>7.540000</Speed>
      </Extensions>
     </Trackpoint>
     <Trackpoint>
      <Time>2026-06-10T08:19:35Z</Time>
      <Position>
       <LatitudeDegrees>35.6934086</LatitudeDegrees>
       <LongitudeDegrees>139.8137867</LongitudeDegrees>
      </Position>
      <AltitudeMeters>3</AltitudeMeters>
      <DistanceMeters>236</DistanceMeters>
      <HeartRateBpm>
       <Value>125</Value>
      </HeartRateBpm>
      <Cadence>82</Cadence>
      <Extensions>
       <Speed>7.530000</Speed>
      </Extensions>
     </Trackpoint>
     <Trackpoint>
      <Time>2026-06-10T08:19:36Z</Time>
      <Position>
       <LatitudeDegrees>35.6934112</LatitudeDegrees>
       <LongitudeDegrees>139.8138085</LongitudeDegrees>
      </Position>
      <AltitudeMeters>3</AltitudeMeters>
      <DistanceMeters>238</DistanceMeters>
      <HeartRateBpm>
       <Value>125</Value>
      </HeartRateBpm>
      <Cadence>82</Cadence>
      <Extensions>
       <Speed>7.530000</Speed>
      </Extensions>
     </Trackpoint>
     <Trackpoint>
      <Time>2026-06-10T08:19:37Z</Time>
      <Position>
       <LatitudeDegrees>35.6934088</LatitudeDegrees>
       <LongitudeDegrees>139.8138317</LongitudeDegrees>
      </Position>
      <AltitudeMeters>3</AltitudeMeters>
      <DistanceMeters>240</DistanceMeters>
      <HeartRateBpm>
       <Value>125</Value>
      </HeartRateBpm>
      <Cadence>81</Cadence>
      <Extensions>
       <Speed>7.520000</Speed>
      </Extensions>
     </Trackpoint>
     <Trackpoint>
      <Time>2026-06-10T08:19:38Z</Time>
      <Position>
       <LatitudeDegrees>35.6934065</LatitudeDegrees>
       <LongitudeDegrees>139.8138549</LongitudeDegrees>
      </Position>
      <AltitudeMeters>3</AltitudeMeters>
      <DistanceMeters>242</DistanceMeters>
      <HeartRateBpm>
       <Value>125</Value>
      </HeartRateBpm>
      <Cadence>81</Cadence>
      <Extensions>
       <Speed>7.510000</Speed>
      </Extensions>
     </Trackpoint>
     <Trackpoint>
      <Time>2026-06-10T08:19:39Z</Time>
      <Position>
       <LatitudeDegrees>35.6934044</LatitudeDegrees>
       <LongitudeDegrees>139.8138780</LongitudeDegrees>
      </Position>
      <AltitudeMeters>3</AltitudeMeters>
      <DistanceMeters>244</DistanceMeters>
      <HeartRateBpm>
       <Value>125</Value>
      </HeartRateBpm>
      <Cadence>81</Cadence>
      <Extensions>
       <Speed>7.510000</Speed>
      </Extensions>
     </Trackpoint>
     <Trackpoint>
      <Time>2026-06-10T08:19:40Z</Time>
      <Position>
       <LatitudeDegrees>35.6934024</LatitudeDegrees>
       <LongitudeDegrees>139.8139011</LongitudeDegrees>
      </Position>
      <AltitudeMeters>3</AltitudeMeters>
      <DistanceMeters>246</DistanceMeters>
      <HeartRateBpm>
       <Value>125</Value>
      </HeartRateBpm>
      <Cadence>81</Cadence>
      <Extensions>
       <Speed>7.510000</Speed>
      </Extensions>
     </Trackpoint>
     <Trackpoint>
      <Time>2026-06-10T08:19:41Z</Time>
      <Position>
       <LatitudeDegrees>35.6934034</LatitudeDegrees>
       <LongitudeDegrees>139.8139246</LongitudeDegrees>
      </Position>
      <AltitudeMeters>3</AltitudeMeters>
      <DistanceMeters>248</DistanceMeters>
      <HeartRateBpm>
       <Value>125</Value>
      </HeartRateBpm>
      <Cadence>81</Cadence>
      <Extensions>
       <Speed>7.500000</Speed>
      </Extensions>
     </Trackpoint>
     <Trackpoint>
      <Time>2026-06-10T08:19:42Z</Time>
      <Position>
       <LatitudeDegrees>35.6934044</LatitudeDegrees>
       <LongitudeDegrees>139.8139481</LongitudeDegrees>
      </Position>
      <AltitudeMeters>3</AltitudeMeters>
      <DistanceMeters>251</DistanceMeters>
      <HeartRateBpm>
       <Value>125</Value>
      </HeartRateBpm>
      <Cadence>81</Cadence>
      <Extensions>
       <Speed>7.490000</Speed>
      </Extensions>
     </Trackpoint>
     <Trackpoint>
      <Time>2026-06-10T08:19:43Z</Time>
      <Position>
       <LatitudeDegrees>35.6934061</LatitudeDegrees>
       <LongitudeDegrees>139.8139697</LongitudeDegrees>
      </Position>
      <AltitudeMeters>3</AltitudeMeters>
      <DistanceMeters>252</DistanceMeters>
      <HeartRateBpm>
       <Value>125</Value>
      </HeartRateBpm>
      <Cadence>81</Cadence>
      <Extensions>
       <Speed>7.480000</Speed>
      </Extensions>
     </Trackpoint>
     <Trackpoint>
      <Time>2026-06-10T08:19:44Z</Time>
      <Position>
       <LatitudeDegrees>35.6934079</LatitudeDegrees>
       <LongitudeDegrees>139.8139913</LongitudeDegrees>
      </Position>
      <AltitudeMeters>3</AltitudeMeters>
      <DistanceMeters>254</DistanceMeters>
      <HeartRateBpm>
       <Value>125</Value>
      </HeartRateBpm>
      <Cadence>81</Cadence>
      <Extensions>
       <Speed>7.480000</Speed>
      </Extensions>
     </Trackpoint>
     <Trackpoint>
      <Time>2026-06-10T08:19:45Z</Time>
      <Position>
       <LatitudeDegrees>35.6934091</LatitudeDegrees>
       <LongitudeDegrees>139.8140119</LongitudeDegrees>
      </Position>
      <AltitudeMeters>3</AltitudeMeters>
      <DistanceMeters>256</DistanceMeters>
      <HeartRateBpm>
       <Value>125</Value>
      </HeartRateBpm>
      <Cadence>81</Cadence>
      <Extensions>
       <Speed>7.470000</Speed>
      </Extensions>
     </Trackpoint>
     <Trackpoint>
      <Time>2026-06-10T08:19:46Z</Time>
      <Position>
       <LatitudeDegrees>35.6934103</LatitudeDegrees>
       <LongitudeDegrees>139.8140326</LongitudeDegrees>
      </Position>
      <AltitudeMeters>3</AltitudeMeters>
      <DistanceMeters>257</DistanceMeters>
      <HeartRateBpm>
       <Value>125</Value>
      </HeartRateBpm>
      <Cadence>81</Cadence>
      <Extensions>
       <Speed>7.470000</Speed>
      </Extensions>
     </Trackpoint>
     <Trackpoint>
      <Time>2026-06-10T08:19:47Z</Time>
      <Position>
       <LatitudeDegrees>35.6934095</LatitudeDegrees>
       <LongitudeDegrees>139.8140507</LongitudeDegrees>
      </Position>
      <AltitudeMeters>3</AltitudeMeters>
      <DistanceMeters>258</DistanceMeters>
      <HeartRateBpm>
       <Value>125</Value>
      </HeartRateBpm>
      <Cadence>81</Cadence>
      <Extensions>
       <Speed>7.460000</Speed>
      </Extensions>
     </Trackpoint>
     <Trackpoint>
      <Time>2026-06-10T08:19:48Z</Time>
      <Position>
       <LatitudeDegrees>35.6934087</LatitudeDegrees>
       <LongitudeDegrees>139.8140689</LongitudeDegrees>
      </Position>
      <AltitudeMeters>3</AltitudeMeters>
      <DistanceMeters>260</DistanceMeters>
      <HeartRateBpm>
       <Value>125</Value>
      </HeartRateBpm>
      <Cadence>81</Cadence>
      <Extensions>
       <Speed>7.460000</Speed>
      </Extensions>
     </Trackpoint>
     <Trackpoint>
      <Time>2026-06-10T08:19:49Z</Time>
      <Position>
       <LatitudeDegrees>35.6934079</LatitudeDegrees>
       <LongitudeDegrees>139.8140857</LongitudeDegrees>
      </Position>
      <AltitudeMeters>3</AltitudeMeters>
      <DistanceMeters>262</DistanceMeters>
      <HeartRateBpm>
       <Value>125</Value>
      </HeartRateBpm>
      <Cadence>81</Cadence>
      <Extensions>
       <Speed>7.450000</Speed>
      </Extensions>
     </Trackpoint>
     <Trackpoint>
      <Time>2026-06-10T08:19:50Z</Time>
      <Position>
       <LatitudeDegrees>35.6934072</LatitudeDegrees>
       <LongitudeDegrees>139.8141026</LongitudeDegrees>
      </Position>
      <AltitudeMeters>3</AltitudeMeters>
      <DistanceMeters>264</DistanceMeters>
      <HeartRateBpm>
       <Value>125</Value>
      </HeartRateBpm>
      <Cadence>81</Cadence>
      <Extensions>
       <Speed>7.440000</Speed>
      </Extensions>
     </Trackpoint>
     <Trackpoint>
      <Time>2026-06-10T08:19:51Z</Time>
      <Position>
       <LatitudeDegrees>35.6934067</LatitudeDegrees>
       <LongitudeDegrees>139.8141214</LongitudeDegrees>
      </Position>
      <AltitudeMeters>3</AltitudeMeters>
      <DistanceMeters>266</DistanceMeters>
      <HeartRateBpm>
       <Value>124</Value>
      </HeartRateBpm>
      <Cadence>81</Cadence>
      <Extensions>
       <Speed>7.380000</Speed>
      </Extensions>
     </Trackpoint>
     <Trackpoint>
      <Time>2026-06-10T08:19:52Z</Time>
      <Position>
       <LatitudeDegrees>35.6934063</LatitudeDegrees>
       <LongitudeDegrees>139.8141402</LongitudeDegrees>
      </Position>
      <AltitudeMeters>3</AltitudeMeters>
      <DistanceMeters>268</DistanceMeters>
      <HeartRateBpm>
       <Value>124</Value>
      </HeartRateBpm>
      <Cadence>81</Cadence>
      <Extensions>
       <Speed>7.330000</Speed>
      </Extensions>
     </Trackpoint>
     <Trackpoint>
      <Time>2026-06-10T08:19:53Z</Time>
      <Position>
       <LatitudeDegrees>35.6934031</LatitudeDegrees>
       <LongitudeDegrees>139.8141629</LongitudeDegrees>
      </Position>
      <AltitudeMeters>3</AltitudeMeters>
      <DistanceMeters>270</DistanceMeters>
      <HeartRateBpm>
       <Value>124</Value>
      </HeartRateBpm>
      <Cadence>81</Cadence>
      <Extensions>
       <Speed>7.310000</Speed>
      </Extensions>
     </Trackpoint>
     <Trackpoint>
      <Time>2026-06-10T08:19:54Z</Time>
      <Position>
       <LatitudeDegrees>35.6934000</LatitudeDegrees>
       <LongitudeDegrees>139.8141857</LongitudeDegrees>
      </Position>
      <AltitudeMeters>3</AltitudeMeters>
      <DistanceMeters>273</DistanceMeters>
      <HeartRateBpm>
       <Value>124</Value>
      </HeartRateBpm>
      <Cadence>81</Cadence>
      <Extensions>
       <Speed>7.290000</Speed>
      </Extensions>
     </Trackpoint>
     <Trackpoint>
      <Time>2026-06-10T08:19:55Z</Time>
      <Position>
       <LatitudeDegrees>35.6933963</LatitudeDegrees>
       <LongitudeDegrees>139.8142082</LongitudeDegrees>
      </Position>
      <AltitudeMeters>3</AltitudeMeters>
      <DistanceMeters>274</DistanceMeters>
      <HeartRateBpm>
       <Value>123</Value>
      </HeartRateBpm>
      <Cadence>81</Cadence>
      <Extensions>
       <Speed>7.290000</Speed>
      </Extensions>
     </Trackpoint>
     <Trackpoint>
      <Time>2026-06-10T08:19:56Z</Time>
      <Position>
       <LatitudeDegrees>35.6933927</LatitudeDegrees>
       <LongitudeDegrees>139.8142307</LongitudeDegrees>
      </Position>
      <AltitudeMeters>3</AltitudeMeters>
      <DistanceMeters>276</DistanceMeters>
      <HeartRateBpm>
       <Value>123</Value>
      </HeartRateBpm>
      <Cadence>81</Cadence>
      <Extensions>
       <Speed>7.290000</Speed>
      </Extensions>
     </Trackpoint>
     <Trackpoint>
      <Time>2026-06-10T08:19:57Z</Time>
      <Position>
       <LatitudeDegrees>35.6933902</LatitudeDegrees>
       <LongitudeDegrees>139.8142505</LongitudeDegrees>
      </Position>
      <AltitudeMeters>3</AltitudeMeters>
      <DistanceMeters>278</DistanceMeters>
      <HeartRateBpm>
       <Value>123</Value>
      </HeartRateBpm>
      <Cadence>81</Cadence>
      <Extensions>
       <Speed>7.320000</Speed>
      </Extensions>
     </Trackpoint>
     <Trackpoint>
      <Time>2026-06-10T08:19:58Z</Time>
      <Position>
       <LatitudeDegrees>35.6933877</LatitudeDegrees>
       <LongitudeDegrees>139.8142703</LongitudeDegrees>
      </Position>
      <AltitudeMeters>3</AltitudeMeters>
      <DistanceMeters>279</DistanceMeters>
      <HeartRateBpm>
       <Value>122</Value>
      </HeartRateBpm>
      <Cadence>81</Cadence>
      <Extensions>
       <Speed>7.350000</Speed>
      </Extensions>
     </Trackpoint>
     <Trackpoint>
      <Time>2026-06-10T08:19:59Z</Time>
      <Position>
       <LatitudeDegrees>35.6933891</LatitudeDegrees>
       <LongitudeDegrees>139.8142880</LongitudeDegrees>
      </Position>
      <AltitudeMeters>3</AltitudeMeters>
      <DistanceMeters>280</DistanceMeters>
      <HeartRateBpm>
       <Value>122</Value>
      </HeartRateBpm>
      <Cadence>81</Cadence>
      <Extensions>
       <Speed>7.360000</Speed>
      </Extensions>
     </Trackpoint>
     <Trackpoint>
      <Time>2026-06-10T08:20:00Z</Time>
      <Position>
       <LatitudeDegrees>35.6933905</LatitudeDegrees>
       <LongitudeDegrees>139.8143058</LongitudeDegrees>
      </Position>
      <AltitudeMeters>3</AltitudeMeters>
      <DistanceMeters>282</DistanceMeters>
      <HeartRateBpm>
       <Value>123</Value>
      </HeartRateBpm>
      <Cadence>81</Cadence>
      <Extensions>
       <Speed>7.370000</Speed>
      </Extensions>
     </Trackpoint>
     <Trackpoint>
      <Time>2026-06-10T08:20:01Z</Time>
      <Position>
       <LatitudeDegrees>35.6933973</LatitudeDegrees>
       <LongitudeDegrees>139.8143228</LongitudeDegrees>
      </Position>
      <AltitudeMeters>3</AltitudeMeters>
      <DistanceMeters>284</DistanceMeters>
      <HeartRateBpm>
       <Value>123</Value>
      </HeartRateBpm>
      <Cadence>81</Cadence>
      <Extensions>
       <Speed>7.390000</Speed>
      </Extensions>
     </Trackpoint>
     <Trackpoint>
      <Time>2026-06-10T08:20:02Z</Time>
      <Position>
       <LatitudeDegrees>35.6934042</LatitudeDegrees>
       <LongitudeDegrees>139.8143398</LongitudeDegrees>
      </Position>
      <AltitudeMeters>3</AltitudeMeters>
      <DistanceMeters>286</DistanceMeters>
      <HeartRateBpm>
       <Value>123</Value>
      </HeartRateBpm>
      <Cadence>81</Cadence>
      <Extensions>
       <Speed>7.410000</Speed>
      </Extensions>
     </Trackpoint>
     <Trackpoint>
      <Time>2026-06-10T08:20:03Z</Time>
      <Position>
       <LatitudeDegrees>35.6934101</LatitudeDegrees>
       <LongitudeDegrees>139.8143578</LongitudeDegrees>
      </Position>
      <AltitudeMeters>3</AltitudeMeters>
      <DistanceMeters>288</DistanceMeters>
      <HeartRateBpm>
       <Value>123</Value>
      </HeartRateBpm>
      <Cadence>81</Cadence>
      <Extensions>
       <Speed>7.390000</Speed>
      </Extensions>
     </Trackpoint>
     <Trackpoint>
      <Time>2026-06-10T08:20:04Z</Time>
      <Position>
       <LatitudeDegrees>35.6934161</LatitudeDegrees>
       <LongitudeDegrees>139.8143759</LongitudeDegrees>
      </Position>
      <AltitudeMeters>3</AltitudeMeters>
      <DistanceMeters>290</DistanceMeters>
      <HeartRateBpm>
       <Value>122</Value>
      </HeartRateBpm>
      <Cadence>81</Cadence>
      <Extensions>
       <Speed>7.370000</Speed>
      </Extensions>
     </Trackpoint>
     <Trackpoint>
      <Time>2026-06-10T08:20:05Z</Time>
      <Position>
       <LatitudeDegrees>35.6934185</LatitudeDegrees>
       <LongitudeDegrees>139.8143952</LongitudeDegrees>
      </Position>
      <AltitudeMeters>3</AltitudeMeters>
      <DistanceMeters>292</DistanceMeters>
      <HeartRateBpm>
       <Value>122</Value>
      </HeartRateBpm>
      <Cadence>81</Cadence>
      <Extensions>
       <Speed>7.350000</Speed>
      </Extensions>
     </Trackpoint>
     <Trackpoint>
      <Time>2026-06-10T08:20:06Z</Time>
      <Position>
       <LatitudeDegrees>35.6934210</LatitudeDegrees>
       <LongitudeDegrees>139.8144146</LongitudeDegrees>
      </Position>
      <AltitudeMeters>3</AltitudeMeters>
      <DistanceMeters>293</DistanceMeters>
      <HeartRateBpm>
       <Value>122</Value>
      </HeartRateBpm>
      <Cadence>81</Cadence>
      <Extensions>
       <Speed>7.330000</Speed>
      </Extensions>
     </Trackpoint>
     <Trackpoint>
      <Time>2026-06-10T08:20:07Z</Time>
      <Position>
       <LatitudeDegrees>35.6934224</LatitudeDegrees>
       <LongitudeDegrees>139.8144322</LongitudeDegrees>
      </Position>
      <AltitudeMeters>4</AltitudeMeters>
      <DistanceMeters>294</DistanceMeters>
      <HeartRateBpm>
       <Value>122</Value>
      </HeartRateBpm>
      <Cadence>81</Cadence>
      <Extensions>
       <Speed>7.310000</Speed>
      </Extensions>
     </Trackpoint>
     <Trackpoint>
      <Time>2026-06-10T08:20:08Z</Time>
      <Position>
       <LatitudeDegrees>35.6934239</LatitudeDegrees>
       <LongitudeDegrees>139.8144498</LongitudeDegrees>
      </Position>
      <AltitudeMeters>3</AltitudeMeters>
      <DistanceMeters>296</DistanceMeters>
      <HeartRateBpm>
       <Value>123</Value>
      </HeartRateBpm>
      <Cadence>81</Cadence>
      <Extensions>
       <Speed>7.290000</Speed>
      </Extensions>
     </Trackpoint>
     <Trackpoint>
      <Time>2026-06-10T08:20:09Z</Time>
      <Position>
       <LatitudeDegrees>35.6934251</LatitudeDegrees>
       <LongitudeDegrees>139.8144666</LongitudeDegrees>
      </Position>
      <AltitudeMeters>3</AltitudeMeters>
      <DistanceMeters>298</DistanceMeters>
      <HeartRateBpm>
       <Value>123</Value>
      </HeartRateBpm>
      <Cadence>80</Cadence>
      <Extensions>
       <Speed>7.240000</Speed>
      </Extensions>
     </Trackpoint>
     <Trackpoint>
      <Time>2026-06-10T08:20:10Z</Time>
      <Position>
       <LatitudeDegrees>35.6934263</LatitudeDegrees>
       <LongitudeDegrees>139.8144835</LongitudeDegrees>
      </Position>
      <AltitudeMeters>3</AltitudeMeters>
      <DistanceMeters>299</DistanceMeters>
      <HeartRateBpm>
       <Value>123</Value>
      </HeartRateBpm>
      <Cadence>80</Cadence>
      <Extensions>
       <Speed>7.190000</Speed>
      </Extensions>
     </Trackpoint>
     <Trackpoint>
      <Time>2026-06-10T08:20:11Z</Time>
      <Position>
       <LatitudeDegrees>35.6934263</LatitudeDegrees>
       <LongitudeDegrees>139.8144997</LongitudeDegrees>
      </Position>
      <AltitudeMeters>3</AltitudeMeters>
      <DistanceMeters>300</DistanceMeters>
      <HeartRateBpm>
       <Value>123</Value>
      </HeartRateBpm>
      <Cadence>80</Cadence>
      <Extensions>
       <Speed>7.140000</Speed>
      </Extensions>
     </Trackpoint>
     <Trackpoint>
      <Time>2026-06-10T08:20:12Z</Time>
      <Position>
       <LatitudeDegrees>35.6934263</LatitudeDegrees>
       <LongitudeDegrees>139.8145160</LongitudeDegrees>
      </Position>
      <AltitudeMeters>3</AltitudeMeters>
      <DistanceMeters>302</DistanceMeters>
      <HeartRateBpm>
       <Value>123</Value>
      </HeartRateBpm>
      <Cadence>80</Cadence>
      <Extensions>
       <Speed>7.090000</Speed>
      </Extensions>
     </Trackpoint>
     <Trackpoint>
      <Time>2026-06-10T08:20:13Z</Time>
      <Position>
       <LatitudeDegrees>35.6934261</LatitudeDegrees>
       <LongitudeDegrees>139.8145342</LongitudeDegrees>
      </Position>
      <AltitudeMeters>3</AltitudeMeters>
      <DistanceMeters>304</DistanceMeters>
      <HeartRateBpm>
       <Value>123</Value>
      </HeartRateBpm>
      <Cadence>80</Cadence>
      <Extensions>
       <Speed>7.010000</Speed>
      </Extensions>
     </Trackpoint>
     <Trackpoint>
      <Time>2026-06-10T08:20:14Z</Time>
      <Position>
       <LatitudeDegrees>35.6934260</LatitudeDegrees>
       <LongitudeDegrees>139.8145524</LongitudeDegrees>
      </Position>
      <AltitudeMeters>3</AltitudeMeters>
      <DistanceMeters>306</DistanceMeters>
      <HeartRateBpm>
       <Value>123</Value>
      </HeartRateBpm>
      <Cadence>79</Cadence>
      <Extensions>
       <Speed>6.940000</Speed>
      </Extensions>
     </Trackpoint>
     <Trackpoint>
      <Time>2026-06-10T08:20:15Z</Time>
      <Position>
       <LatitudeDegrees>35.6934261</LatitudeDegrees>
       <LongitudeDegrees>139.8145744</LongitudeDegrees>
      </Position>
      <AltitudeMeters>3</AltitudeMeters>
      <DistanceMeters>308</DistanceMeters>
      <HeartRateBpm>
       <Value>123</Value>
      </HeartRateBpm>
      <Cadence>79</Cadence>
      <Extensions>
       <Speed>6.910000</Speed>
      </Extensions>
     </Trackpoint>
     <Trackpoint>
      <Time>2026-06-10T08:20:16Z</Time>
      <Position>
       <LatitudeDegrees>35.6934263</LatitudeDegrees>
       <LongitudeDegrees>139.8145965</LongitudeDegrees>
      </Position>
      <AltitudeMeters>3</AltitudeMeters>
      <DistanceMeters>311</DistanceMeters>
      <HeartRateBpm>
       <Value>123</Value>
      </HeartRateBpm>
      <Cadence>79</Cadence>
      <Extensions>
       <Speed>6.890000</Speed>
      </Extensions>
     </Trackpoint>
     <Trackpoint>
      <Time>2026-06-10T08:20:17Z</Time>
      <Position>
       <LatitudeDegrees>35.6934272</LatitudeDegrees>
       <LongitudeDegrees>139.8146224</LongitudeDegrees>
      </Position>
      <AltitudeMeters>3</AltitudeMeters>
      <DistanceMeters>314</DistanceMeters>
      <HeartRateBpm>
       <Value>123</Value>
      </HeartRateBpm>
      <Cadence>79</Cadence>
      <Extensions>
       <Speed>6.880000</Speed>
      </Extensions>
     </Trackpoint>
     <Trackpoint>
      <Time>2026-06-10T08:20:18Z</Time>
      <Position>
       <LatitudeDegrees>35.6934282</LatitudeDegrees>
       <LongitudeDegrees>139.8146483</LongitudeDegrees>
      </Position>
      <AltitudeMeters>3</AltitudeMeters>
      <DistanceMeters>316</DistanceMeters>
      <HeartRateBpm>
       <Value>123</Value>
      </HeartRateBpm>
      <Cadence>79</Cadence>
      <Extensions>
       <Speed>6.880000</Speed>
      </Extensions>
     </Trackpoint>
     <Trackpoint>
      <Time>2026-06-10T08:20:19Z</Time>
      <Position>
       <LatitudeDegrees>35.6934298</LatitudeDegrees>
       <LongitudeDegrees>139.8146731</LongitudeDegrees>
      </Position>
      <AltitudeMeters>3</AltitudeMeters>
      <DistanceMeters>318</DistanceMeters>
      <HeartRateBpm>
       <Value>123</Value>
      </HeartRateBpm>
      <Cadence>79</Cadence>
      <Extensions>
       <Speed>6.880000</Speed>
      </Extensions>
     </Trackpoint>
     <Trackpoint>
      <Time>2026-06-10T08:20:20Z</Time>
      <Position>
       <LatitudeDegrees>35.6934315</LatitudeDegrees>
       <LongitudeDegrees>139.8146980</LongitudeDegrees>
      </Position>
      <AltitudeMeters>3</AltitudeMeters>
      <DistanceMeters>319</DistanceMeters>
      <HeartRateBpm>
       <Value>123</Value>
      </HeartRateBpm>
      <Cadence>79</Cadence>
      <Extensions>
       <Speed>6.890000</Speed>
      </Extensions>
     </Trackpoint>
     <Trackpoint>
      <Time>2026-06-10T08:20:21Z</Time>
      <Position>
       <LatitudeDegrees>35.6934329</LatitudeDegrees>
       <LongitudeDegrees>139.8147207</LongitudeDegrees>
      </Position>
      <AltitudeMeters>3</AltitudeMeters>
      <DistanceMeters>321</DistanceMeters>
      <HeartRateBpm>
       <Value>123</Value>
      </HeartRateBpm>
      <Cadence>79</Cadence>
      <Extensions>
       <Speed>6.900000</Speed>
      </Extensions>
     </Trackpoint>
     <Trackpoint>
      <Time>2026-06-10T08:20:22Z</Time>
      <Position>
       <LatitudeDegrees>35.6934344</LatitudeDegrees>
       <LongitudeDegrees>139.8147434</LongitudeDegrees>
      </Position>
      <AltitudeMeters>3</AltitudeMeters>
      <DistanceMeters>323</DistanceMeters>
      <HeartRateBpm>
       <Value>124</Value>
      </HeartRateBpm>
      <Cadence>80</Cadence>
      <Extensions>
       <Speed>6.910000</Speed>
      </Extensions>
     </Trackpoint>
     <Trackpoint>
      <Time>2026-06-10T08:20:23Z</Time>
      <Position>
       <LatitudeDegrees>35.6934357</LatitudeDegrees>
       <LongitudeDegrees>139.8147647</LongitudeDegrees>
      </Position>
      <AltitudeMeters>3</AltitudeMeters>
      <DistanceMeters>325</DistanceMeters>
      <HeartRateBpm>
       <Value>124</Value>
      </HeartRateBpm>
      <Cadence>80</Cadence>
      <Extensions>
       <Speed>6.930000</Speed>
      </Extensions>
     </Trackpoint>
     <Trackpoint>
      <Time>2026-06-10T08:20:24Z</Time>
      <Position>
       <LatitudeDegrees>35.6934371</LatitudeDegrees>
       <LongitudeDegrees>139.8147861</LongitudeDegrees>
      </Position>
      <AltitudeMeters>3</AltitudeMeters>
      <DistanceMeters>327</DistanceMeters>
      <HeartRateBpm>
       <Value>124</Value>
      </HeartRateBpm>
      <Cadence>80</Cadence>
      <Extensions>
       <Speed>6.960000</Speed>
      </Extensions>
     </Trackpoint>
     <Trackpoint>
      <Time>2026-06-10T08:20:25Z</Time>
      <Position>
       <LatitudeDegrees>35.6934371</LatitudeDegrees>
       <LongitudeDegrees>139.8148072</LongitudeDegrees>
      </Position>
      <AltitudeMeters>3</AltitudeMeters>
      <DistanceMeters>329</DistanceMeters>
      <HeartRateBpm>
       <Value>123</Value>
      </HeartRateBpm>
      <Cadence>80</Cadence>
      <Extensions>
       <Speed>6.960000</Speed>
      </Extensions>
     </Trackpoint>
     <Trackpoint>
      <Time>2026-06-10T08:20:26Z</Time>
      <Position>
       <LatitudeDegrees>35.6934371</LatitudeDegrees>
       <LongitudeDegrees>139.8148284</LongitudeDegrees>
      </Position>
      <AltitudeMeters>3</AltitudeMeters>
      <DistanceMeters>331</DistanceMeters>
      <HeartRateBpm>
       <Value>123</Value>
      </HeartRateBpm>
      <Cadence>80</Cadence>
      <Extensions>
       <Speed>6.960000</Speed>
      </Extensions>
     </Trackpoint>
     <Trackpoint>
      <Time>2026-06-10T08:20:27Z</Time>
      <Position>
       <LatitudeDegrees>35.6934346</LatitudeDegrees>
       <LongitudeDegrees>139.8148505</LongitudeDegrees>
      </Position>
      <AltitudeMeters>4</AltitudeMeters>
      <DistanceMeters>334</DistanceMeters>
      <HeartRateBpm>
       <Value>123</Value>
      </HeartRateBpm>
      <Cadence>81</Cadence>
      <Extensions>
       <Speed>6.960000</Speed>
      </Extensions>
     </Trackpoint>
     <Trackpoint>
      <Time>2026-06-10T08:20:28Z</Time>
      <Position>
       <LatitudeDegrees>35.6934322</LatitudeDegrees>
       <LongitudeDegrees>139.8148726</LongitudeDegrees>
      </Position>
      <AltitudeMeters>4</AltitudeMeters>
      <DistanceMeters>336</DistanceMeters>
      <HeartRateBpm>
       <Value>123</Value>
      </HeartRateBpm>
      <Cadence>81</Cadence>
      <Extensions>
       <Speed>6.970000</Speed>
      </Extensions>
     </Trackpoint>
     <Trackpoint>
      <Time>2026-06-10T08:20:29Z</Time>
      <Position>
       <LatitudeDegrees>35.6934268</LatitudeDegrees>
       <LongitudeDegrees>139.8148949</LongitudeDegrees>
      </Position>
      <AltitudeMeters>4</AltitudeMeters>
      <DistanceMeters>338</DistanceMeters>
      <HeartRateBpm>
       <Value>123</Value>
      </HeartRateBpm>
      <Cadence>81</Cadence>
      <Extensions>
       <Speed>6.980000</Speed>
      </Extensions>
     </Trackpoint>
     <Trackpoint>
      <Time>2026-06-10T08:20:30Z</Time>
      <Position>
       <LatitudeDegrees>35.6934214</LatitudeDegrees>
       <LongitudeDegrees>139.8149173</LongitudeDegrees>
      </Position>
      <AltitudeMeters>4</AltitudeMeters>
      <DistanceMeters>339</DistanceMeters>
      <HeartRateBpm>
       <Value>123</Value>
      </HeartRateBpm>
      <Cadence>82</Cadence>
      <Extensions>
       <Speed>6.990000</Speed>
      </Extensions>
     </Trackpoint>
     <Trackpoint>
      <Time>2026-06-10T08:20:31Z</Time>
      <Position>
       <LatitudeDegrees>35.6934161</LatitudeDegrees>
       <LongitudeDegrees>139.8149383</LongitudeDegrees>
      </Position>
      <AltitudeMeters>4</AltitudeMeters>
      <DistanceMeters>341</DistanceMeters>
      <HeartRateBpm>
       <Value>123</Value>
      </HeartRateBpm>
      <Cadence>82</Cadence>
      <Extensions>
       <Speed>7.010000</Speed>
      </Extensions>
     </Trackpoint>
     <Trackpoint>
      <Time>2026-06-10T08:20:32Z</Time>
      <Position>
       <LatitudeDegrees>35.6934109</LatitudeDegrees>
       <LongitudeDegrees>139.8149594</LongitudeDegrees>
      </Position>
      <AltitudeMeters>4</AltitudeMeters>
      <DistanceMeters>343</DistanceMeters>
      <HeartRateBpm>
       <Value>123</Value>
      </HeartRateBpm>
      <Cadence>82</Cadence>
      <Extensions>
       <Speed>7.040000</Speed>
      </Extensions>
     </Trackpoint>
     <Trackpoint>
      <Time>2026-06-10T08:20:33Z</Time>
      <Position>
       <LatitudeDegrees>35.6934066</LatitudeDegrees>
       <LongitudeDegrees>139.8149793</LongitudeDegrees>
      </Position>
      <AltitudeMeters>4</AltitudeMeters>
      <DistanceMeters>344</DistanceMeters>
      <HeartRateBpm>
       <Value>123</Value>
      </HeartRateBpm>
      <Cadence>81</Cadence>
      <Extensions>
       <Speed>7.050000</Speed>
      </Extensions>
     </Trackpoint>
     <Trackpoint>
      <Time>2026-06-10T08:20:34Z</Time>
      <Position>
       <LatitudeDegrees>35.6934023</LatitudeDegrees>
       <LongitudeDegrees>139.8149993</LongitudeDegrees>
      </Position>
      <AltitudeMeters>4</AltitudeMeters>
      <DistanceMeters>346</DistanceMeters>
      <HeartRateBpm>
       <Value>122</Value>
      </HeartRateBpm>
      <Cadence>81</Cadence>
      <Extensions>
       <Speed>7.070000</Speed>
      </Extensions>
     </Trackpoint>
     <Trackpoint>
      <Time>2026-06-10T08:20:35Z</Time>
      <Position>
       <LatitudeDegrees>35.6933951</LatitudeDegrees>
       <LongitudeDegrees>139.8150150</LongitudeDegrees>
      </Position>
      <AltitudeMeters>4</AltitudeMeters>
      <DistanceMeters>348</DistanceMeters>
      <HeartRateBpm>
       <Value>122</Value>
      </HeartRateBpm>
      <Cadence>81</Cadence>
      <Extensions>
       <Speed>7.070000</Speed>
      </Extensions>
     </Trackpoint>
     <Trackpoint>
      <Time>2026-06-10T08:20:36Z</Time>
      <Position>
       <LatitudeDegrees>35.6933879</LatitudeDegrees>
       <LongitudeDegrees>139.8150308</LongitudeDegrees>
      </Position>
      <AltitudeMeters>4</AltitudeMeters>
      <DistanceMeters>349</DistanceMeters>
      <HeartRateBpm>
       <Value>122</Value>
      </HeartRateBpm>
      <Cadence>81</Cadence>
      <Extensions>
       <Speed>7.070000</Speed>
      </Extensions>
     </Trackpoint>
     <Trackpoint>
      <Time>2026-06-10T08:20:37Z</Time>
      <Position>
       <LatitudeDegrees>35.6933763</LatitudeDegrees>
       <LongitudeDegrees>139.8150388</LongitudeDegrees>
      </Position>
      <AltitudeMeters>4</AltitudeMeters>
      <DistanceMeters>351</DistanceMeters>
      <HeartRateBpm>
       <Value>122</Value>
      </HeartRateBpm>
      <Cadence>80</Cadence>
      <Extensions>
       <Speed>7.060000</Speed>
      </Extensions>
     </Trackpoint>
     <Trackpoint>
      <Time>2026-06-10T08:20:38Z</Time>
      <Position>
       <LatitudeDegrees>35.6933648</LatitudeDegrees>
       <LongitudeDegrees>139.8150468</LongitudeDegrees>
      </Position>
      <AltitudeMeters>4</AltitudeMeters>
      <DistanceMeters>353</DistanceMeters>
      <HeartRateBpm>
       <Value>122</Value>
      </HeartRateBpm>
      <Cadence>80</Cadence>
      <Extensions>
       <Speed>7.060000</Speed>
      </Extensions>
     </Trackpoint>
     <Trackpoint>
      <Time>2026-06-10T08:20:39Z</Time>
      <Position>
       <LatitudeDegrees>35.6933500</LatitudeDegrees>
       <LongitudeDegrees>139.8150500</LongitudeDegrees>
      </Position>
      <AltitudeMeters>4</AltitudeMeters>
      <DistanceMeters>354</DistanceMeters>
      <HeartRateBpm>
       <Value>122</Value>
      </HeartRateBpm>
      <Cadence>79</Cadence>
      <Extensions>
       <Speed>7.030000</Speed>
      </Extensions>
     </Trackpoint>
     <Trackpoint>
      <Time>2026-06-10T08:20:40Z</Time>
      <Position>
       <LatitudeDegrees>35.6933353</LatitudeDegrees>
       <LongitudeDegrees>139.8150532</LongitudeDegrees>
      </Position>
      <AltitudeMeters>4</AltitudeMeters>
      <DistanceMeters>356</DistanceMeters>
      <HeartRateBpm>
       <Value>122</Value>
      </HeartRateBpm>
      <Cadence>79</Cadence>
      <Extensions>
       <Speed>7.010000</Speed>
      </Extensions>
     </Trackpoint>
     <Trackpoint>
      <Time>2026-06-10T08:20:41Z</Time>
      <Position>
       <LatitudeDegrees>35.6933201</LatitudeDegrees>
       <LongitudeDegrees>139.8150528</LongitudeDegrees>
      </Position>
      <AltitudeMeters>4</AltitudeMeters>
      <DistanceMeters>358</DistanceMeters>
      <HeartRateBpm>
       <Value>122</Value>
      </HeartRateBpm>
      <Cadence>78</Cadence>
      <Extensions>
       <Speed>6.970000</Speed>
      </Extensions>
     </Trackpoint>
     <Trackpoint>
      <Time>2026-06-10T08:20:42Z</Time>
      <Position>
       <LatitudeDegrees>35.6933050</LatitudeDegrees>
       <LongitudeDegrees>139.8150524</LongitudeDegrees>
      </Position>
      <AltitudeMeters>4</AltitudeMeters>
      <DistanceMeters>359</DistanceMeters>
      <HeartRateBpm>
       <Value>122</Value>
      </HeartRateBpm>
      <Cadence>77</Cadence>
      <Extensions>
       <Speed>6.930000</Speed>
      </Extensions>
     </Trackpoint>
     <Trackpoint>
      <Time>2026-06-10T08:20:43Z</Time>
      <Position>
       <LatitudeDegrees>35.6932909</LatitudeDegrees>
       <LongitudeDegrees>139.8150502</LongitudeDegrees>
      </Position>
      <AltitudeMeters>3</AltitudeMeters>
      <DistanceMeters>360</DistanceMeters>
      <HeartRateBpm>
       <Value>122</Value>
      </HeartRateBpm>
      <Cadence>77</Cadence>
      <Extensions>
       <Speed>6.900000</Speed>
      </Extensions>
     </Trackpoint>
     <Trackpoint>
      <Time>2026-06-10T08:20:44Z</Time>
      <Position>
       <LatitudeDegrees>35.6932769</LatitudeDegrees>
       <LongitudeDegrees>139.8150480</LongitudeDegrees>
      </Position>
      <AltitudeMeters>3</AltitudeMeters>
      <DistanceMeters>362</DistanceMeters>
      <HeartRateBpm>
       <Value>122</Value>
      </HeartRateBpm>
      <Cadence>76</Cadence>
      <Extensions>
       <Speed>6.870000</Speed>
      </Extensions>
     </Trackpoint>
     <Trackpoint>
      <Time>2026-06-10T08:20:45Z</Time>
      <Position>
       <LatitudeDegrees>35.6932660</LatitudeDegrees>
       <LongitudeDegrees>139.8150442</LongitudeDegrees>
      </Position>
      <AltitudeMeters>3</AltitudeMeters>
      <DistanceMeters>363</DistanceMeters>
      <HeartRateBpm>
       <Value>122</Value>
      </HeartRateBpm>
      <Cadence>76</Cadence>
      <Extensions>
       <Speed>6.840000</Speed>
      </Extensions>
     </Trackpoint>
     <Trackpoint>
      <Time>2026-06-10T08:20:46Z</Time>
      <Position>
       <LatitudeDegrees>35.6932552</LatitudeDegrees>
       <LongitudeDegrees>139.8150405</LongitudeDegrees>
      </Position>
      <AltitudeMeters>3</AltitudeMeters>
      <DistanceMeters>364</DistanceMeters>
      <HeartRateBpm>
       <Value>122</Value>
      </HeartRateBpm>
      <Cadence>76</Cadence>
      <Extensions>
       <Speed>6.810000</Speed>
      </Extensions>
     </Trackpoint>
     <Trackpoint>
      <Time>2026-06-10T08:20:47Z</Time>
      <Position>
       <LatitudeDegrees>35.6932462</LatitudeDegrees>
       <LongitudeDegrees>139.8150338</LongitudeDegrees>
      </Position>
      <AltitudeMeters>3</AltitudeMeters>
      <DistanceMeters>366</DistanceMeters>
      <HeartRateBpm>
       <Value>122</Value>
      </HeartRateBpm>
      <Cadence>76</Cadence>
      <Extensions>
       <Speed>6.690000</Speed>
      </Extensions>
     </Trackpoint>
     <Trackpoint>
      <Time>2026-06-10T08:20:48Z</Time>
      <Position>
       <LatitudeDegrees>35.6932372</LatitudeDegrees>
       <LongitudeDegrees>139.8150272</LongitudeDegrees>
      </Position>
      <AltitudeMeters>2</AltitudeMeters>
      <DistanceMeters>367</DistanceMeters>
      <HeartRateBpm>
       <Value>122</Value>
      </HeartRateBpm>
      <Cadence>75</Cadence>
      <Extensions>
       <Speed>6.580000</Speed>
      </Extensions>
     </Trackpoint>
     <Trackpoint>
      <Time>2026-06-10T08:20:49Z</Time>
      <Position>
       <LatitudeDegrees>35.6932258</LatitudeDegrees>
       <LongitudeDegrees>139.8150207</LongitudeDegrees>
      </Position>
      <AltitudeMeters>2</AltitudeMeters>
      <DistanceMeters>368</DistanceMeters>
      <HeartRateBpm>
       <Value>123</Value>
      </HeartRateBpm>
      <Cadence>75</Cadence>
      <Extensions>
       <Speed>6.550000</Speed>
      </Extensions>
     </Trackpoint>
     <Trackpoint>
      <Time>2026-06-10T08:20:50Z</Time>
      <Position>
       <LatitudeDegrees>35.6932145</LatitudeDegrees>
       <LongitudeDegrees>139.8150142</LongitudeDegrees>
      </Position>
      <AltitudeMeters>2</AltitudeMeters>
      <DistanceMeters>370</DistanceMeters>
      <HeartRateBpm>
       <Value>123</Value>
      </HeartRateBpm>
      <Cadence>75</Cadence>
      <Extensions>
       <Speed>6.530000</Speed>
      </Extensions>
     </Trackpoint>
     <Trackpoint>
      <Time>2026-06-10T08:20:51Z</Time>
      <Position>
       <LatitudeDegrees>35.6931996</LatitudeDegrees>
       <LongitudeDegrees>139.8150109</LongitudeDegrees>
      </Position>
      <AltitudeMeters>2</AltitudeMeters>
      <DistanceMeters>372</DistanceMeters>
      <HeartRateBpm>
       <Value>123</Value>
      </HeartRateBpm>
      <Cadence>77</Cadence>
      <Extensions>
       <Speed>6.500000</Speed>
      </Extensions>
     </Trackpoint>
     <Trackpoint>
      <Time>2026-06-10T08:20:52Z</Time>
      <Position>
       <LatitudeDegrees>35.6931848</LatitudeDegrees>
       <LongitudeDegrees>139.8150077</LongitudeDegrees>
      </Position>
      <AltitudeMeters>2</AltitudeMeters>
      <DistanceMeters>374</DistanceMeters>
      <HeartRateBpm>
       <Value>123</Value>
      </HeartRateBpm>
      <Cadence>78</Cadence>
      <Extensions>
       <Speed>6.480000</Speed>
      </Extensions>
     </Trackpoint>
     <Trackpoint>
      <Time>2026-06-10T08:20:53Z</Time>
      <Position>
       <LatitudeDegrees>35.6931654</LatitudeDegrees>
       <LongitudeDegrees>139.8150031</LongitudeDegrees>
      </Position>
      <AltitudeMeters>2</AltitudeMeters>
      <DistanceMeters>377</DistanceMeters>
      <HeartRateBpm>
       <Value>123</Value>
      </HeartRateBpm>
      <Cadence>79</Cadence>
      <Extensions>
       <Speed>6.480000</Speed>
      </Extensions>
     </Trackpoint>
     <Trackpoint>
      <Time>2026-06-10T08:20:54Z</Time>
      <Position>
       <LatitudeDegrees>35.6931460</LatitudeDegrees>
       <LongitudeDegrees>139.8149985</LongitudeDegrees>
      </Position>
      <AltitudeMeters>2</AltitudeMeters>
      <DistanceMeters>380</DistanceMeters>
      <HeartRateBpm>
       <Value>123</Value>
      </HeartRateBpm>
      <Cadence>80</Cadence>
      <Extensions>
       <Speed>6.480000</Speed>
      </Extensions>
     </Trackpoint>
     <Trackpoint>
      <Time>2026-06-10T08:20:55Z</Time>
      <Position>
       <LatitudeDegrees>35.6931237</LatitudeDegrees>
       <LongitudeDegrees>139.8150044</LongitudeDegrees>
      </Position>
      <AltitudeMeters>2</AltitudeMeters>
      <DistanceMeters>382</DistanceMeters>
      <HeartRateBpm>
       <Value>123</Value>
      </HeartRateBpm>
      <Cadence>80</Cadence>
      <Extensions>
       <Speed>6.470000</Speed>
      </Extensions>
     </Trackpoint>
     <Trackpoint>
      <Time>2026-06-10T08:20:56Z</Time>
      <Position>
       <LatitudeDegrees>35.6931015</LatitudeDegrees>
       <LongitudeDegrees>139.8150104</LongitudeDegrees>
      </Position>
      <AltitudeMeters>2</AltitudeMeters>
      <DistanceMeters>383</DistanceMeters>
      <HeartRateBpm>
       <Value>123</Value>
      </HeartRateBpm>
      <Cadence>81</Cadence>
      <Extensions>
       <Speed>6.460000</Speed>
      </Extensions>
     </Trackpoint>
     <Trackpoint>
      <Time>2026-06-10T08:20:57Z</Time>
      <Position>
       <LatitudeDegrees>35.6930809</LatitudeDegrees>
       <LongitudeDegrees>139.8150188</LongitudeDegrees>
      </Position>
      <AltitudeMeters>2</AltitudeMeters>
      <DistanceMeters>386</DistanceMeters>
      <HeartRateBpm>
       <Value>123</Value>
      </HeartRateBpm>
      <Cadence>81</Cadence>
      <Extensions>
       <Speed>6.480000</Speed>
      </Extensions>
     </Trackpoint>
     <Trackpoint>
      <Time>2026-06-10T08:20:58Z</Time>
      <Position>
       <LatitudeDegrees>35.6930603</LatitudeDegrees>
       <LongitudeDegrees>139.8150272</LongitudeDegrees>
      </Position>
      <AltitudeMeters>2</AltitudeMeters>
      <DistanceMeters>389</DistanceMeters>
      <HeartRateBpm>
       <Value>123</Value>
      </HeartRateBpm>
      <Cadence>81</Cadence>
      <Extensions>
       <Speed>6.500000</Speed>
      </Extensions>
     </Trackpoint>
     <Trackpoint>
      <Time>2026-06-10T08:20:59Z</Time>
      <Position>
       <LatitudeDegrees>35.6930441</LatitudeDegrees>
       <LongitudeDegrees>139.8150342</LongitudeDegrees>
      </Position>
      <AltitudeMeters>2</AltitudeMeters>
      <DistanceMeters>390</DistanceMeters>
      <HeartRateBpm>
       <Value>123</Value>
      </HeartRateBpm>
      <Cadence>80</Cadence>
      <Extensions>
       <Speed>6.510000</Speed>
      </Extensions>
     </Trackpoint>
     <Trackpoint>
      <Time>2026-06-10T08:21:00Z</Time>
      <Position>
       <LatitudeDegrees>35.6930280</LatitudeDegrees>
       <LongitudeDegrees>139.8150412</LongitudeDegrees>
      </Position>
      <AltitudeMeters>2</AltitudeMeters>
      <DistanceMeters>391</DistanceMeters>
      <HeartRateBpm>
       <Value>123</Value>
      </HeartRateBpm>
      <Cadence>80</Cadence>
      <Extensions>
       <Speed>6.530000</Speed>
      </Extensions>
     </Trackpoint>
     <Trackpoint>
      <Time>2026-06-10T08:21:01Z</Time>
      <Position>
       <LatitudeDegrees>35.6930128</LatitudeDegrees>
       <LongitudeDegrees>139.8150474</LongitudeDegrees>
      </Position>
      <AltitudeMeters>2</AltitudeMeters>
      <DistanceMeters>394</DistanceMeters>
      <HeartRateBpm>
       <Value>123</Value>
      </HeartRateBpm>
      <Cadence>80</Cadence>
      <Extensions>
       <Speed>6.530000</Speed>
      </Extensions>
     </Trackpoint>
     <Trackpoint>
      <Time>2026-06-10T08:21:02Z</Time>
      <Position>
       <LatitudeDegrees>35.6929976</LatitudeDegrees>
       <LongitudeDegrees>139.8150536</LongitudeDegrees>
      </Position>
      <AltitudeMeters>2</AltitudeMeters>
      <DistanceMeters>396</DistanceMeters>
      <HeartRateBpm>
       <Value>123</Value>
      </HeartRateBpm>
      <Cadence>80</Cadence>
      <Extensions>
       <Speed>6.540000</Speed>
      </Extensions>
     </Trackpoint>
     <Trackpoint>
      <Time>2026-06-10T08:21:03Z</Time>
      <Position>
       <LatitudeDegrees>35.6929758</LatitudeDegrees>
       <LongitudeDegrees>139.8150599</LongitudeDegrees>
      </Position>
      <AltitudeMeters>2</AltitudeMeters>
      <DistanceMeters>400</DistanceMeters>
      <HeartRateBpm>
       <Value>123</Value>
      </HeartRateBpm>
      <Cadence>80</Cadence>
      <Extensions>
       <Speed>6.540000</Speed>
      </Extensions>
     </Trackpoint>
     <Trackpoint>
      <Time>2026-06-10T08:21:04Z</Time>
      <Position>
       <LatitudeDegrees>35.6929541</LatitudeDegrees>
       <LongitudeDegrees>139.8150663</LongitudeDegrees>
      </Position>
      <AltitudeMeters>2</AltitudeMeters>
      <DistanceMeters>403</DistanceMeters>
      <HeartRateBpm>
       <Value>123</Value>
      </HeartRateBpm>
      <Cadence>80</Cadence>
      <Extensions>
       <Speed>6.550000</Speed>
      </Extensions>
     </Trackpoint>
     <Trackpoint>
      <Time>2026-06-10T08:21:05Z</Time>
      <Position>
       <LatitudeDegrees>35.6929305</LatitudeDegrees>
       <LongitudeDegrees>139.8150721</LongitudeDegrees>
      </Position>
      <AltitudeMeters>2</AltitudeMeters>
      <DistanceMeters>405</DistanceMeters>
      <HeartRateBpm>
       <Value>122</Value>
      </HeartRateBpm>
      <Cadence>80</Cadence>
      <Extensions>
       <Speed>6.550000</Speed>
      </Extensions>
     </Trackpoint>
     <Trackpoint>
      <Time>2026-06-10T08:21:06Z</Time>
      <Position>
       <LatitudeDegrees>35.6929070</LatitudeDegrees>
       <LongitudeDegrees>139.8150779</LongitudeDegrees>
      </Position>
      <AltitudeMeters>2</AltitudeMeters>
      <DistanceMeters>407</DistanceMeters>
      <HeartRateBpm>
       <Value>122</Value>
      </HeartRateBpm>
      <Cadence>80</Cadence>
      <Extensions>
       <Speed>6.550000</Speed>
      </Extensions>
     </Trackpoint>
     <Trackpoint>
      <Time>2026-06-10T08:21:07Z</Time>
      <Position>
       <LatitudeDegrees>35.6928888</LatitudeDegrees>
       <LongitudeDegrees>139.8150833</LongitudeDegrees>
      </Position>
      <AltitudeMeters>2</AltitudeMeters>
      <DistanceMeters>408</DistanceMeters>
      <HeartRateBpm>
       <Value>122</Value>
      </HeartRateBpm>
      <Cadence>80</Cadence>
      <Extensions>
       <Speed>6.550000</Speed>
      </Extensions>
     </Trackpoint>
     <Trackpoint>
      <Time>2026-06-10T08:21:08Z</Time>
      <Position>
       <LatitudeDegrees>35.6928707</LatitudeDegrees>
       <LongitudeDegrees>139.8150887</LongitudeDegrees>
      </Position>
      <AltitudeMeters>2</AltitudeMeters>
      <DistanceMeters>409</DistanceMeters>
      <HeartRateBpm>
       <Value>122</Value>
      </HeartRateBpm>
      <Cadence>80</Cadence>
      <Extensions>
       <Speed>6.560000</Speed>
      </Extensions>
     </Trackpoint>
     <Trackpoint>
      <Time>2026-06-10T08:21:09Z</Time>
      <Position>
       <LatitudeDegrees>35.6928564</LatitudeDegrees>
       <LongitudeDegrees>139.8150937</LongitudeDegrees>
      </Position>
      <AltitudeMeters>2</AltitudeMeters>
      <DistanceMeters>410</DistanceMeters>
      <HeartRateBpm>
       <Value>123</Value>
      </HeartRateBpm>
      <Cadence>79</Cadence>
      <Extensions>
       <Speed>6.560000</Speed>
      </Extensions>
     </Trackpoint>
     <Trackpoint>
      <Time>2026-06-10T08:21:10Z</Time>
      <Position>
       <LatitudeDegrees>35.6928422</LatitudeDegrees>
       <LongitudeDegrees>139.8150987</LongitudeDegrees>
      </Position>
      <AltitudeMeters>2</AltitudeMeters>
      <DistanceMeters>412</DistanceMeters>
      <HeartRateBpm>
       <Value>123</Value>
      </HeartRateBpm>
      <Cadence>79</Cadence>
      <Extensions>
       <Speed>6.570000</Speed>
      </Extensions>
     </Trackpoint>
     <Trackpoint>
      <Time>2026-06-10T08:21:11Z</Time>
      <Position>
       <LatitudeDegrees>35.6928305</LatitudeDegrees>
       <LongitudeDegrees>139.8151029</LongitudeDegrees>
      </Position>
      <AltitudeMeters>2</AltitudeMeters>
      <DistanceMeters>413</DistanceMeters>
      <HeartRateBpm>
       <Value>124</Value>
      </HeartRateBpm>
      <Cadence>78</Cadence>
      <Extensions>
       <Speed>6.590000</Speed>
      </Extensions>
     </Trackpoint>
     <Trackpoint>
      <Time>2026-06-10T08:21:12Z</Time>
      <Position>
       <LatitudeDegrees>35.6928188</LatitudeDegrees>
       <LongitudeDegrees>139.8151072</LongitudeDegrees>
      </Position>
      <AltitudeMeters>2</AltitudeMeters>
      <DistanceMeters>414</DistanceMeters>
      <HeartRateBpm>
       <Value>124</Value>
      </HeartRateBpm>
      <Cadence>78</Cadence>
      <Extensions>
       <Speed>6.610000</Speed>
      </Extensions>
     </Trackpoint>
     <Trackpoint>
      <Time>2026-06-10T08:21:13Z</Time>
      <Position>
       <LatitudeDegrees>35.6928076</LatitudeDegrees>
       <LongitudeDegrees>139.8151116</LongitudeDegrees>
      </Position>
      <AltitudeMeters>2</AltitudeMeters>
      <DistanceMeters>416</DistanceMeters>
      <HeartRateBpm>
       <Value>125</Value>
      </HeartRateBpm>
      <Cadence>78</Cadence>
      <Extensions>
       <Speed>6.610000</Speed>
      </Extensions>
     </Trackpoint>
     <Trackpoint>
      <Time>2026-06-10T08:21:14Z</Time>
      <Position>
       <LatitudeDegrees>35.6927964</LatitudeDegrees>
       <LongitudeDegrees>139.8151160</LongitudeDegrees>
      </Position>
      <AltitudeMeters>2</AltitudeMeters>
      <DistanceMeters>418</DistanceMeters>
      <HeartRateBpm>
       <Value>126</Value>
      </HeartRateBpm>
      <Cadence>77</Cadence>
      <Extensions>
       <Speed>6.620000</Speed>
      </Extensions>
     </Trackpoint>
     <Trackpoint>
      <Time>2026-06-10T08:21:15Z</Time>
      <Position>
       <LatitudeDegrees>35.6927841</LatitudeDegrees>
       <LongitudeDegrees>139.8151229</LongitudeDegrees>
      </Position>
      <AltitudeMeters>3</AltitudeMeters>
      <DistanceMeters>420</DistanceMeters>
      <HeartRateBpm>
       <Value>126</Value>
      </HeartRateBpm>
      <Cadence>77</Cadence>
      <Extensions>
       <Speed>6.600000</Speed>
      </Extensions>
     </Trackpoint>
     <Trackpoint>
      <Time>2026-06-10T08:21:16Z</Time>
      <Position>
       <LatitudeDegrees>35.6927719</LatitudeDegrees>
       <LongitudeDegrees>139.8151299</LongitudeDegrees>
      </Position>
      <AltitudeMeters>3</AltitudeMeters>
      <DistanceMeters>421</DistanceMeters>
      <HeartRateBpm>
       <Value>126</Value>
      </HeartRateBpm>
      <Cadence>78</Cadence>
      <Extensions>
       <Speed>6.590000</Speed>
      </Extensions>
     </Trackpoint>
     <Trackpoint>
      <Time>2026-06-10T08:21:17Z</Time>
      <Position>
       <LatitudeDegrees>35.6927591</LatitudeDegrees>
       <LongitudeDegrees>139.8151397</LongitudeDegrees>
      </Position>
      <AltitudeMeters>4</AltitudeMeters>
      <DistanceMeters>423</DistanceMeters>
      <HeartRateBpm>
       <Value>127</Value>
      </HeartRateBpm>
      <Cadence>78</Cadence>
      <Extensions>
       <Speed>6.570000</Speed>
      </Extensions>
     </Trackpoint>
     <Trackpoint>
      <Time>2026-06-10T08:21:18Z</Time>
      <Position>
       <LatitudeDegrees>35.6927463</LatitudeDegrees>
       <LongitudeDegrees>139.8151496</LongitudeDegrees>
      </Position>
      <AltitudeMeters>4</AltitudeMeters>
      <DistanceMeters>425</DistanceMeters>
      <HeartRateBpm>
       <Value>127</Value>
      </HeartRateBpm>
      <Cadence>79</Cadence>
      <Extensions>
       <Speed>6.560000</Speed>
      </Extensions>
     </Trackpoint>
     <Trackpoint>
      <Time>2026-06-10T08:21:19Z</Time>
      <Position>
       <LatitudeDegrees>35.6927326</LatitudeDegrees>
       <LongitudeDegrees>139.8151614</LongitudeDegrees>
      </Position>
      <AltitudeMeters>4</AltitudeMeters>
      <DistanceMeters>427</DistanceMeters>
      <HeartRateBpm>
       <Value>127</Value>
      </HeartRateBpm>
      <Cadence>79</Cadence>
      <Extensions>
       <Speed>6.550000</Speed>
      </Extensions>
     </Trackpoint>
     <Trackpoint>
      <Time>2026-06-10T08:21:20Z</Time>
      <Position>
       <LatitudeDegrees>35.6927190</LatitudeDegrees>
       <LongitudeDegrees>139.8151733</LongitudeDegrees>
      </Position>
      <AltitudeMeters>4</AltitudeMeters>
      <DistanceMeters>429</DistanceMeters>
      <HeartRateBpm>
       <Value>127</Value>
      </HeartRateBpm>
      <Cadence>79</Cadence>
      <Extensions>
       <Speed>6.540000</Speed>
      </Extensions>
     </Trackpoint>
     <Trackpoint>
      <Time>2026-06-10T08:21:21Z</Time>
      <Position>
       <LatitudeDegrees>35.6927045</LatitudeDegrees>
       <LongitudeDegrees>139.8151844</LongitudeDegrees>
      </Position>
      <AltitudeMeters>4</AltitudeMeters>
      <DistanceMeters>430</DistanceMeters>
      <HeartRateBpm>
       <Value>128</Value>
      </HeartRateBpm>
      <Cadence>80</Cadence>
      <Extensions>
       <Speed>6.530000</Speed>
      </Extensions>
     </Trackpoint>
     <Trackpoint>
      <Time>2026-06-10T08:21:22Z</Time>
      <Position>
       <LatitudeDegrees>35.6926901</LatitudeDegrees>
       <LongitudeDegrees>139.8151956</LongitudeDegrees>
      </Position>
      <AltitudeMeters>4</AltitudeMeters>
      <DistanceMeters>432</DistanceMeters>
      <HeartRateBpm>
       <Value>128</Value>
      </HeartRateBpm>
      <Cadence>80</Cadence>
      <Extensions>
       <Speed>6.530000</Speed>
      </Extensions>
     </Trackpoint>
     <Trackpoint>
      <Time>2026-06-10T08:21:23Z</Time>
      <Position>
       <LatitudeDegrees>35.6926751</LatitudeDegrees>
       <LongitudeDegrees>139.8152034</LongitudeDegrees>
      </Position>
      <AltitudeMeters>4</AltitudeMeters>
      <DistanceMeters>434</DistanceMeters>
      <HeartRateBpm>
       <Value>128</Value>
      </HeartRateBpm>
      <Cadence>80</Cadence>
      <Extensions>
       <Speed>6.530000</Speed>
      </Extensions>
     </Trackpoint>
     <Trackpoint>
      <Time>2026-06-10T08:21:24Z</Time>
      <Position>
       <LatitudeDegrees>35.6926601</LatitudeDegrees>
       <LongitudeDegrees>139.8152112</LongitudeDegrees>
      </Position>
      <AltitudeMeters>4</AltitudeMeters>
      <DistanceMeters>436</DistanceMeters>
      <HeartRateBpm>
       <Value>129</Value>
      </HeartRateBpm>
      <Cadence>80</Cadence>
      <Extensions>
       <Speed>6.530000</Speed>
      </Extensions>
     </Trackpoint>
     <Trackpoint>
      <Time>2026-06-10T08:21:25Z</Time>
      <Position>
       <LatitudeDegrees>35.6926432</LatitudeDegrees>
       <LongitudeDegrees>139.8152162</LongitudeDegrees>
      </Position>
      <AltitudeMeters>4</AltitudeMeters>
      <DistanceMeters>438</DistanceMeters>
      <HeartRateBpm>
       <Value>129</Value>
      </HeartRateBpm>
      <Cadence>80</Cadence>
      <Extensions>
       <Speed>6.520000</Speed>
      </Extensions>
     </Trackpoint>
     <Trackpoint>
      <Time>2026-06-10T08:21:26Z</Time>
      <Position>
       <LatitudeDegrees>35.6926263</LatitudeDegrees>
       <LongitudeDegrees>139.8152213</LongitudeDegrees>
      </Position>
      <AltitudeMeters>4</AltitudeMeters>
      <DistanceMeters>441</DistanceMeters>
      <HeartRateBpm>
       <Value>129</Value>
      </HeartRateBpm>
      <Cadence>80</Cadence>
      <Extensions>
       <Speed>6.510000</Speed>
      </Extensions>
     </Trackpoint>
     <Trackpoint>
      <Time>2026-06-10T08:21:27Z</Time>
      <Position>
       <LatitudeDegrees>35.6926072</LatitudeDegrees>
       <LongitudeDegrees>139.8152249</LongitudeDegrees>
      </Position>
      <AltitudeMeters>4</AltitudeMeters>
      <DistanceMeters>443</DistanceMeters>
      <HeartRateBpm>
       <Value>129</Value>
      </HeartRateBpm>
      <Cadence>80</Cadence>
      <Extensions>
       <Speed>6.510000</Speed>
      </Extensions>
     </Trackpoint>
     <Trackpoint>
      <Time>2026-06-10T08:21:28Z</Time>
      <Position>
       <LatitudeDegrees>35.6925881</LatitudeDegrees>
       <LongitudeDegrees>139.8152286</LongitudeDegrees>
      </Position>
      <AltitudeMeters>4</AltitudeMeters>
      <DistanceMeters>445</DistanceMeters>
      <HeartRateBpm>
       <Value>129</Value>
      </HeartRateBpm>
      <Cadence>80</Cadence>
      <Extensions>
       <Speed>6.520000</Speed>
      </Extensions>
     </Trackpoint>
     <Trackpoint>
      <Time>2026-06-10T08:21:29Z</Time>
      <Position>
       <LatitudeDegrees>35.6925691</LatitudeDegrees>
       <LongitudeDegrees>139.8152323</LongitudeDegrees>
      </Position>
      <AltitudeMeters>4</AltitudeMeters>
      <DistanceMeters>447</DistanceMeters>
      <HeartRateBpm>
       <Value>129</Value>
      </HeartRateBpm>
      <Cadence>80</Cadence>
      <Extensions>
       <Speed>6.530000</Speed>
      </Extensions>
     </Trackpoint>
     <Trackpoint>
      <Time>2026-06-10T08:21:30Z</Time>
      <Position>
       <LatitudeDegrees>35.6925502</LatitudeDegrees>
       <LongitudeDegrees>139.8152361</LongitudeDegrees>
      </Position>
      <AltitudeMeters>4</AltitudeMeters>
      <DistanceMeters>449</DistanceMeters>
      <HeartRateBpm>
       <Value>129</Value>
      </HeartRateBpm>
      <Cadence>80</Cadence>
      <Extensions>
       <Speed>6.550000</Speed>
      </Extensions>
     </Trackpoint>
     <Trackpoint>
      <Time>2026-06-10T08:21:31Z</Time>
      <Position>
       <LatitudeDegrees>35.6925316</LatitudeDegrees>
       <LongitudeDegrees>139.8152397</LongitudeDegrees>
      </Position>
      <AltitudeMeters>4</AltitudeMeters>
      <DistanceMeters>451</DistanceMeters>
      <HeartRateBpm>
       <Value>129</Value>
      </HeartRateBpm>
      <Cadence>80</Cadence>
      <Extensions>
       <Speed>6.570000</Speed>
      </Extensions>
     </Trackpoint>
     <Trackpoint>
      <Time>2026-06-10T08:21:32Z</Time>
      <Position>
       <LatitudeDegrees>35.6925130</LatitudeDegrees>
       <LongitudeDegrees>139.8152433</LongitudeDegrees>
      </Position>
      <AltitudeMeters>4</AltitudeMeters>
      <DistanceMeters>453</DistanceMeters>
      <HeartRateBpm>
       <Value>128</Value>
      </HeartRateBpm>
      <Cadence>80</Cadence>
      <Extensions>
       <Speed>6.590000</Speed>
      </Extensions>
     </Trackpoint>
     <Trackpoint>
      <Time>2026-06-10T08:21:33Z</Time>
      <Position>
       <LatitudeDegrees>35.6924952</LatitudeDegrees>
       <LongitudeDegrees>139.8152475</LongitudeDegrees>
      </Position>
      <AltitudeMeters>3</AltitudeMeters>
      <DistanceMeters>455</DistanceMeters>
      <HeartRateBpm>
       <Value>128</Value>
      </HeartRateBpm>
      <Cadence>80</Cadence>
      <Extensions>
       <Speed>6.600000</Speed>
      </Extensions>
     </Trackpoint>
     <Trackpoint>
      <Time>2026-06-10T08:21:34Z</Time>
      <Position>
       <LatitudeDegrees>35.6924774</LatitudeDegrees>
       <LongitudeDegrees>139.8152518</LongitudeDegrees>
      </Position>
      <AltitudeMeters>3</AltitudeMeters>
      <DistanceMeters>457</DistanceMeters>
      <HeartRateBpm>
       <Value>128</Value>
      </HeartRateBpm>
      <Cadence>80</Cadence>
      <Extensions>
       <Speed>6.620000</Speed>
      </Extensions>
     </Trackpoint>
     <Trackpoint>
      <Time>2026-06-10T08:21:35Z</Time>
      <Position>
       <LatitudeDegrees>35.6924598</LatitudeDegrees>
       <LongitudeDegrees>139.8152575</LongitudeDegrees>
      </Position>
      <AltitudeMeters>3</AltitudeMeters>
      <DistanceMeters>459</DistanceMeters>
      <HeartRateBpm>
       <Value>128</Value>
      </HeartRateBpm>
      <Cadence>79</Cadence>
      <Extensions>
       <Speed>6.630000</Speed>
      </Extensions>
     </Trackpoint>
     <Trackpoint>
      <Time>2026-06-10T08:21:36Z</Time>
      <Position>
       <LatitudeDegrees>35.6924423</LatitudeDegrees>
       <LongitudeDegrees>139.8152633</LongitudeDegrees>
      </Position>
      <AltitudeMeters>3</AltitudeMeters>
      <DistanceMeters>461</DistanceMeters>
      <HeartRateBpm>
       <Value>128</Value>
      </HeartRateBpm>
      <Cadence>79</Cadence>
      <Extensions>
       <Speed>6.650000</Speed>
      </Extensions>
     </Trackpoint>
     <Trackpoint>
      <Time>2026-06-10T08:21:37Z</Time>
      <Position>
       <LatitudeDegrees>35.6924248</LatitudeDegrees>
       <LongitudeDegrees>139.8152688</LongitudeDegrees>
      </Position>
      <AltitudeMeters>3</AltitudeMeters>
      <DistanceMeters>463</DistanceMeters>
      <HeartRateBpm>
       <Value>128</Value>
      </HeartRateBpm>
      <Cadence>79</Cadence>
      <Extensions>
       <Speed>6.660000</Speed>
      </Extensions>
     </Trackpoint>
     <Trackpoint>
      <Time>2026-06-10T08:21:38Z</Time>
      <Position>
       <LatitudeDegrees>35.6924073</LatitudeDegrees>
       <LongitudeDegrees>139.8152743</LongitudeDegrees>
      </Position>
      <AltitudeMeters>3</AltitudeMeters>
      <DistanceMeters>465</DistanceMeters>
      <HeartRateBpm>
       <Value>127</Value>
      </HeartRateBpm>
      <Cadence>79</Cadence>
      <Extensions>
       <Speed>6.680000</Speed>
      </Extensions>
     </Trackpoint>
     <Trackpoint>
      <Time>2026-06-10T08:21:39Z</Time>
      <Position>
       <LatitudeDegrees>35.6923913</LatitudeDegrees>
       <LongitudeDegrees>139.8152822</LongitudeDegrees>
      </Position>
      <AltitudeMeters>3</AltitudeMeters>
      <DistanceMeters>467</DistanceMeters>
      <HeartRateBpm>
       <Value>127</Value>
      </HeartRateBpm>
      <Cadence>79</Cadence>
      <Extensions>
       <Speed>6.690000</Speed>
      </Extensions>
     </Trackpoint>
     <Trackpoint>
      <Time>2026-06-10T08:21:40Z</Time>
      <Position>
       <LatitudeDegrees>35.6923754</LatitudeDegrees>
       <LongitudeDegrees>139.8152901</LongitudeDegrees>
      </Position>
      <AltitudeMeters>3</AltitudeMeters>
      <DistanceMeters>469</DistanceMeters>
      <HeartRateBpm>
       <Value>127</Value>
      </HeartRateBpm>
      <Cadence>79</Cadence>
      <Extensions>
       <Speed>6.700000</Speed>
      </Extensions>
     </Trackpoint>
     <Trackpoint>
      <Time>2026-06-10T08:21:41Z</Time>
      <Position>
       <LatitudeDegrees>35.6923656</LatitudeDegrees>
       <LongitudeDegrees>139.8153032</LongitudeDegrees>
      </Position>
      <AltitudeMeters>3</AltitudeMeters>
      <DistanceMeters>470</DistanceMeters>
      <HeartRateBpm>
       <Value>127</Value>
      </HeartRateBpm>
      <Cadence>79</Cadence>
      <Extensions>
       <Speed>6.700000</Speed>
      </Extensions>
     </Trackpoint>
     <Trackpoint>
      <Time>2026-06-10T08:21:42Z</Time>
      <Position>
       <LatitudeDegrees>35.6923558</LatitudeDegrees>
       <LongitudeDegrees>139.8153164</LongitudeDegrees>
      </Position>
      <AltitudeMeters>3</AltitudeMeters>
      <DistanceMeters>471</DistanceMeters>
      <HeartRateBpm>
       <Value>127</Value>
      </HeartRateBpm>
      <Cadence>79</Cadence>
      <Extensions>
       <Speed>6.710000</Speed>
      </Extensions>
     </Trackpoint>
     <Trackpoint>
      <Time>2026-06-10T08:21:43Z</Time>
      <Position>
       <LatitudeDegrees>35.6923524</LatitudeDegrees>
       <LongitudeDegrees>139.8153331</LongitudeDegrees>
      </Position>
      <AltitudeMeters>2</AltitudeMeters>
      <DistanceMeters>473</DistanceMeters>
      <HeartRateBpm>
       <Value>127</Value>
      </HeartRateBpm>
      <Cadence>79</Cadence>
      <Extensions>
       <Speed>6.710000</Speed>
      </Extensions>
     </Trackpoint>
     <Trackpoint>
      <Time>2026-06-10T08:21:44Z</Time>
      <Position>
       <LatitudeDegrees>35.6923491</LatitudeDegrees>
       <LongitudeDegrees>139.8153498</LongitudeDegrees>
      </Position>
      <AltitudeMeters>2</AltitudeMeters>
      <DistanceMeters>475</DistanceMeters>
      <HeartRateBpm>
       <Value>127</Value>
      </HeartRateBpm>
      <Cadence>79</Cadence>
      <Extensions>
       <Speed>6.720000</Speed>
      </Extensions>
     </Trackpoint>
     <Trackpoint>
      <Time>2026-06-10T08:21:45Z</Time>
      <Position>
       <LatitudeDegrees>35.6923489</LatitudeDegrees>
       <LongitudeDegrees>139.8153687</LongitudeDegrees>
      </Position>
      <AltitudeMeters>2</AltitudeMeters>
      <DistanceMeters>477</DistanceMeters>
      <HeartRateBpm>
       <Value>127</Value>
      </HeartRateBpm>
      <Cadence>79</Cadence>
      <Extensions>
       <Speed>6.730000</Speed>
      </Extensions>
     </Trackpoint>
     <Trackpoint>
      <Time>2026-06-10T08:21:46Z</Time>
      <Position>
       <LatitudeDegrees>35.6923487</LatitudeDegrees>
       <LongitudeDegrees>139.8153876</LongitudeDegrees>
      </Position>
      <AltitudeMeters>2</AltitudeMeters>
      <DistanceMeters>479</DistanceMeters>
      <HeartRateBpm>
       <Value>127</Value>
      </HeartRateBpm>
      <Cadence>79</Cadence>
      <Extensions>
       <Speed>6.750000</Speed>
      </Extensions>
     </Trackpoint>
     <Trackpoint>
      <Time>2026-06-10T08:21:47Z</Time>
      <Position>
       <LatitudeDegrees>35.6923491</LatitudeDegrees>
       <LongitudeDegrees>139.8154080</LongitudeDegrees>
      </Position>
      <AltitudeMeters>2</AltitudeMeters>
      <DistanceMeters>481</DistanceMeters>
      <HeartRateBpm>
       <Value>127</Value>
      </HeartRateBpm>
      <Cadence>79</Cadence>
      <Extensions>
       <Speed>6.750000</Speed>
      </Extensions>
     </Trackpoint>
     <Trackpoint>
      <Time>2026-06-10T08:21:48Z</Time>
      <Position>
       <LatitudeDegrees>35.6923495</LatitudeDegrees>
       <LongitudeDegrees>139.8154285</LongitudeDegrees>
      </Position>
      <AltitudeMeters>2</AltitudeMeters>
      <DistanceMeters>483</DistanceMeters>
      <HeartRateBpm>
       <Value>127</Value>
      </HeartRateBpm>
      <Cadence>79</Cadence>
      <Extensions>
       <Speed>6.750000</Speed>
      </Extensions>
     </Trackpoint>
     <Trackpoint>
      <Time>2026-06-10T08:21:49Z</Time>
      <Position>
       <LatitudeDegrees>35.6923481</LatitudeDegrees>
       <LongitudeDegrees>139.8154506</LongitudeDegrees>
      </Position>
      <AltitudeMeters>2</AltitudeMeters>
      <DistanceMeters>485</DistanceMeters>
      <HeartRateBpm>
       <Value>126</Value>
      </HeartRateBpm>
      <Cadence>79</Cadence>
      <Extensions>
       <Speed>6.750000</Speed>
      </Extensions>
     </Trackpoint>
     <Trackpoint>
      <Time>2026-06-10T08:21:50Z</Time>
      <Position>
       <LatitudeDegrees>35.6923468</LatitudeDegrees>
       <LongitudeDegrees>139.8154728</LongitudeDegrees>
      </Position>
      <AltitudeMeters>2</AltitudeMeters>
      <DistanceMeters>487</DistanceMeters>
      <HeartRateBpm>
       <Value>126</Value>
      </HeartRateBpm>
      <Cadence>79</Cadence>
      <Extensions>
       <Speed>6.750000</Speed>
      </Extensions>
     </Trackpoint>
     <Trackpoint>
      <Time>2026-06-10T08:21:51Z</Time>
      <Position>
       <LatitudeDegrees>35.6923441</LatitudeDegrees>
       <LongitudeDegrees>139.8154947</LongitudeDegrees>
      </Position>
      <AltitudeMeters>2</AltitudeMeters>
      <DistanceMeters>488</DistanceMeters>
      <HeartRateBpm>
       <Value>126</Value>
      </HeartRateBpm>
      <Cadence>79</Cadence>
      <Extensions>
       <Speed>6.760000</Speed>
      </Extensions>
     </Trackpoint>
     <Trackpoint>
      <Time>2026-06-10T08:21:52Z</Time>
      <Position>
       <LatitudeDegrees>35.6923415</LatitudeDegrees>
       <LongitudeDegrees>139.8155166</LongitudeDegrees>
      </Position>
      <AltitudeMeters>2</AltitudeMeters>
      <DistanceMeters>490</DistanceMeters>
      <HeartRateBpm>
       <Value>125</Value>
      </HeartRateBpm>
      <Cadence>79</Cadence>
      <Extensions>
       <Speed>6.770000</Speed>
      </Extensions>
     </Trackpoint>
     <Trackpoint>
      <Time>2026-06-10T08:21:53Z</Time>
      <Position>
       <LatitudeDegrees>35.6923383</LatitudeDegrees>
       <LongitudeDegrees>139.8155377</LongitudeDegrees>
      </Position>
      <AltitudeMeters>2</AltitudeMeters>
      <DistanceMeters>492</DistanceMeters>
      <HeartRateBpm>
       <Value>125</Value>
      </HeartRateBpm>
      <Cadence>79</Cadence>
      <Extensions>
       <Speed>6.780000</Speed>
      </Extensions>
     </Trackpoint>
     <Trackpoint>
      <Time>2026-06-10T08:21:54Z</Time>
      <Position>
       <LatitudeDegrees>35.6923351</LatitudeDegrees>
       <LongitudeDegrees>139.8155588</LongitudeDegrees>
      </Position>
      <AltitudeMeters>2</AltitudeMeters>
      <DistanceMeters>494</DistanceMeters>
      <HeartRateBpm>
       <Value>125</Value>
      </HeartRateBpm>
      <Cadence>79</Cadence>
      <Extensions>
       <Speed>6.790000</Speed>
      </Extensions>
     </Trackpoint>
     <Trackpoint>
      <Time>2026-06-10T08:21:55Z</Time>
      <Position>
       <LatitudeDegrees>35.6923316</LatitudeDegrees>
       <LongitudeDegrees>139.8155791</LongitudeDegrees>
      </Position>
      <AltitudeMeters>2</AltitudeMeters>
      <DistanceMeters>496</DistanceMeters>
      <HeartRateBpm>
       <Value>124</Value>
      </HeartRateBpm>
      <Cadence>79</Cadence>
      <Extensions>
       <Speed>6.790000</Speed>
      </Extensions>
     </Trackpoint>
     <Trackpoint>
      <Time>2026-06-10T08:21:56Z</Time>
      <Position>
       <LatitudeDegrees>35.6923282</LatitudeDegrees>
       <LongitudeDegrees>139.8155994</LongitudeDegrees>
      </Position>
      <AltitudeMeters>2</AltitudeMeters>
      <DistanceMeters>498</DistanceMeters>
      <HeartRateBpm>
       <Value>124</Value>
      </HeartRateBpm>
      <Cadence>79</Cadence>
      <Extensions>
       <Speed>6.800000</Speed>
      </Extensions>
     </Trackpoint>
     <Trackpoint>
      <Time>2026-06-10T08:21:57Z</Time>
      <Position>
       <LatitudeDegrees>35.6923243</LatitudeDegrees>
       <LongitudeDegrees>139.8156191</LongitudeDegrees>
      </Position>
      <AltitudeMeters>2</AltitudeMeters>
      <DistanceMeters>500</DistanceMeters>
      <HeartRateBpm>
       <Value>124</Value>
      </HeartRateBpm>
      <Cadence>79</Cadence>
      <Extensions>
       <Speed>6.810000</Speed>
      </Extensions>
     </Trackpoint>
     <Trackpoint>
      <Time>2026-06-10T08:21:58Z</Time>
      <Position>
       <LatitudeDegrees>35.6923204</LatitudeDegrees>
       <LongitudeDegrees>139.8156389</LongitudeDegrees>
      </Position>
      <AltitudeMeters>2</AltitudeMeters>
      <DistanceMeters>502</DistanceMeters>
      <HeartRateBpm>
       <Value>124</Value>
      </HeartRateBpm>
      <Cadence>80</Cadence>
      <Extensions>
       <Speed>6.830000</Speed>
      </Extensions>
     </Trackpoint>
     <Trackpoint>
      <Time>2026-06-10T08:21:59Z</Time>
      <Position>
       <LatitudeDegrees>35.6923172</LatitudeDegrees>
       <LongitudeDegrees>139.8156595</LongitudeDegrees>
      </Position>
      <AltitudeMeters>2</AltitudeMeters>
      <DistanceMeters>504</DistanceMeters>
      <HeartRateBpm>
       <Value>123</Value>
      </HeartRateBpm>
      <Cadence>80</Cadence>
      <Extensions>
       <Speed>6.830000</Speed>
      </Extensions>
     </Trackpoint>
     <Trackpoint>
      <Time>2026-06-10T08:22:00Z</Time>
      <Position>
       <LatitudeDegrees>35.6923141</LatitudeDegrees>
       <LongitudeDegrees>139.8156801</LongitudeDegrees>
      </Position>
      <AltitudeMeters>2</AltitudeMeters>
      <DistanceMeters>505</DistanceMeters>
      <HeartRateBpm>
       <Value>123</Value>
      </HeartRateBpm>
      <Cadence>80</Cadence>
      <Extensions>
       <Speed>6.840000</Speed>
      </Extensions>
     </Trackpoint>
     <Trackpoint>
      <Time>2026-06-10T08:22:01Z</Time>
      <Position>
       <LatitudeDegrees>35.6923102</LatitudeDegrees>
       <LongitudeDegrees>139.8156968</LongitudeDegrees>
      </Position>
      <AltitudeMeters>2</AltitudeMeters>
      <DistanceMeters>506</DistanceMeters>
      <HeartRateBpm>
       <Value>123</Value>
      </HeartRateBpm>
      <Cadence>80</Cadence>
      <Extensions>
       <Speed>6.840000</Speed>
      </Extensions>
     </Trackpoint>
     <Trackpoint>
      <Time>2026-06-10T08:22:02Z</Time>
      <Position>
       <LatitudeDegrees>35.6923063</LatitudeDegrees>
       <LongitudeDegrees>139.8157135</LongitudeDegrees>
      </Position>
      <AltitudeMeters>2</AltitudeMeters>
      <DistanceMeters>507</DistanceMeters>
      <HeartRateBpm>
       <Value>122</Value>
      </HeartRateBpm>
      <Cadence>80</Cadence>
      <Extensions>
       <Speed>6.850000</Speed>
      </Extensions>
     </Trackpoint>
     <Trackpoint>
      <Time>2026-06-10T08:22:03Z</Time>
      <Position>
       <LatitudeDegrees>35.6923009</LatitudeDegrees>
       <LongitudeDegrees>139.8157162</LongitudeDegrees>
      </Position>
      <AltitudeMeters>2</AltitudeMeters>
      <DistanceMeters>507</DistanceMeters>
      <HeartRateBpm>
       <Value>122</Value>
      </HeartRateBpm>
      <Cadence>80</Cadence>
      <Extensions>
       <Speed>6.840000</Speed>
      </Extensions>
     </Trackpoint>
     <Trackpoint>
      <Time>2026-06-10T08:22:04Z</Time>
      <Position>
       <LatitudeDegrees>35.6922956</LatitudeDegrees>
       <LongitudeDegrees>139.8157189</LongitudeDegrees>
      </Position>
      <AltitudeMeters>2</AltitudeMeters>
      <DistanceMeters>507</DistanceMeters>
      <HeartRateBpm>
       <Value>122</Value>
      </HeartRateBpm>
      <Cadence>81</Cadence>
      <Extensions>
       <Speed>6.840000</Speed>
      </Extensions>
     </Trackpoint>
     <Trackpoint>
      <Time>2026-06-10T08:22:05Z</Time>
      <Position>
       <LatitudeDegrees>35.6922852</LatitudeDegrees>
       <LongitudeDegrees>139.8157066</LongitudeDegrees>
      </Position>
      <AltitudeMeters>2</AltitudeMeters>
      <DistanceMeters>511</DistanceMeters>
      <HeartRateBpm>
       <Value>122</Value>
      </HeartRateBpm>
      <Cadence>81</Cadence>
      <Extensions>
       <Speed>6.830000</Speed>
      </Extensions>
     </Trackpoint>
     <Trackpoint>
      <Time>2026-06-10T08:22:06Z</Time>
      <Position>
       <LatitudeDegrees>35.6922748</LatitudeDegrees>
       <LongitudeDegrees>139.8156944</LongitudeDegrees>
      </Position>
      <AltitudeMeters>2</AltitudeMeters>
      <DistanceMeters>515</DistanceMeters>
      <HeartRateBpm>
       <Value>122</Value>
      </HeartRateBpm>
      <Cadence>81</Cadence>
      <Extensions>
       <Speed>6.820000</Speed>
      </Extensions>
     </Trackpoint>
     <Trackpoint>
      <Time>2026-06-10T08:22:07Z</Time>
      <Position>
       <LatitudeDegrees>35.6922614</LatitudeDegrees>
       <LongitudeDegrees>139.8156764</LongitudeDegrees>
      </Position>
      <AltitudeMeters>2</AltitudeMeters>
      <DistanceMeters>517</DistanceMeters>
      <HeartRateBpm>
       <Value>122</Value>
      </HeartRateBpm>
      <Cadence>81</Cadence>
      <Extensions>
       <Speed>6.810000</Speed>
      </Extensions>
     </Trackpoint>
     <Trackpoint>
      <Time>2026-06-10T08:22:08Z</Time>
      <Position>
       <LatitudeDegrees>35.6922480</LatitudeDegrees>
       <LongitudeDegrees>139.8156585</LongitudeDegrees>
      </Position>
      <AltitudeMeters>2</AltitudeMeters>
      <DistanceMeters>519</DistanceMeters>
      <HeartRateBpm>
       <Value>122</Value>
      </HeartRateBpm>
      <Cadence>81</Cadence>
      <Extensions>
       <Speed>6.810000</Speed>
      </Extensions>
     </Trackpoint>
     <Trackpoint>
      <Time>2026-06-10T08:22:09Z</Time>
      <Position>
       <LatitudeDegrees>35.6922337</LatitudeDegrees>
       <LongitudeDegrees>139.8156435</LongitudeDegrees>
      </Position>
      <AltitudeMeters>2</AltitudeMeters>
      <DistanceMeters>520</DistanceMeters>
      <HeartRateBpm>
       <Value>123</Value>
      </HeartRateBpm>
      <Cadence>80</Cadence>
      <Extensions>
       <Speed>6.810000</Speed>
      </Extensions>
     </Trackpoint>
     <Trackpoint>
      <Time>2026-06-10T08:22:10Z</Time>
      <Position>
       <LatitudeDegrees>35.6922194</LatitudeDegrees>
       <LongitudeDegrees>139.8156286</LongitudeDegrees>
      </Position>
      <AltitudeMeters>2</AltitudeMeters>
      <DistanceMeters>522</DistanceMeters>
      <HeartRateBpm>
       <Value>123</Value>
      </HeartRateBpm>
      <Cadence>80</Cadence>
      <Extensions>
       <Speed>6.810000</Speed>
      </Extensions>
     </Trackpoint>
     <Trackpoint>
      <Time>2026-06-10T08:22:11Z</Time>
      <Position>
       <LatitudeDegrees>35.6922033</LatitudeDegrees>
       <LongitudeDegrees>139.8156184</LongitudeDegrees>
      </Position>
      <AltitudeMeters>2</AltitudeMeters>
      <DistanceMeters>524</DistanceMeters>
      <HeartRateBpm>
       <Value>123</Value>
      </HeartRateBpm>
      <Cadence>79</Cadence>
      <Extensions>
       <Speed>6.800000</Speed>
      </Extensions>
     </Trackpoint>
     <Trackpoint>
      <Time>2026-06-10T08:22:12Z</Time>
      <Position>
       <LatitudeDegrees>35.6921872</LatitudeDegrees>
       <LongitudeDegrees>139.8156083</LongitudeDegrees>
      </Position>
      <AltitudeMeters>3</AltitudeMeters>
      <DistanceMeters>526</DistanceMeters>
      <HeartRateBpm>
       <Value>124</Value>
      </HeartRateBpm>
      <Cadence>79</Cadence>
      <Extensions>
       <Speed>6.800000</Speed>
      </Extensions>
     </Trackpoint>
     <Trackpoint>
      <Time>2026-06-10T08:22:13Z</Time>
      <Position>
       <LatitudeDegrees>35.6921683</LatitudeDegrees>
       <LongitudeDegrees>139.8156040</LongitudeDegrees>
      </Position>
      <AltitudeMeters>3</AltitudeMeters>
      <DistanceMeters>528</DistanceMeters>
      <HeartRateBpm>
       <Value>124</Value>
      </HeartRateBpm>
      <Cadence>79</Cadence>
      <Extensions>
       <Speed>6.800000</Speed>
      </Extensions>
     </Trackpoint>
     <Trackpoint>
      <Time>2026-06-10T08:22:14Z</Time>
      <Position>
       <LatitudeDegrees>35.6921495</LatitudeDegrees>
       <LongitudeDegrees>139.8155997</LongitudeDegrees>
      </Position>
      <AltitudeMeters>3</AltitudeMeters>
      <DistanceMeters>531</DistanceMeters>
      <HeartRateBpm>
       <Value>124</Value>
      </HeartRateBpm>
      <Cadence>79</Cadence>
      <Extensions>
       <Speed>6.810000</Speed>
      </Extensions>
     </Trackpoint>
     <Trackpoint>
      <Time>2026-06-10T08:22:15Z</Time>
      <Position>
       <LatitudeDegrees>35.6921298</LatitudeDegrees>
       <LongitudeDegrees>139.8156008</LongitudeDegrees>
      </Position>
      <AltitudeMeters>3</AltitudeMeters>
      <DistanceMeters>533</DistanceMeters>
      <HeartRateBpm>
       <Value>124</Value>
      </HeartRateBpm>
      <Cadence>79</Cadence>
      <Extensions>
       <Speed>6.820000</Speed>
      </Extensions>
     </Trackpoint>
     <Trackpoint>
      <Time>2026-06-10T08:22:16Z</Time>
      <Position>
       <LatitudeDegrees>35.6921102</LatitudeDegrees>
       <LongitudeDegrees>139.8156019</LongitudeDegrees>
      </Position>
      <AltitudeMeters>3</AltitudeMeters>
      <DistanceMeters>535</DistanceMeters>
      <HeartRateBpm>
       <Value>124</Value>
      </HeartRateBpm>
      <Cadence>79</Cadence>
      <Extensions>
       <Speed>6.830000</Speed>
      </Extensions>
     </Trackpoint>
     <Trackpoint>
      <Time>2026-06-10T08:22:17Z</Time>
      <Position>
       <LatitudeDegrees>35.6920912</LatitudeDegrees>
       <LongitudeDegrees>139.8156049</LongitudeDegrees>
      </Position>
      <AltitudeMeters>3</AltitudeMeters>
      <DistanceMeters>537</DistanceMeters>
      <HeartRateBpm>
       <Value>125</Value>
      </HeartRateBpm>
      <Cadence>79</Cadence>
      <Extensions>
       <Speed>6.840000</Speed>
      </Extensions>
     </Trackpoint>
     <Trackpoint>
      <Time>2026-06-10T08:22:18Z</Time>
      <Position>
       <LatitudeDegrees>35.6920723</LatitudeDegrees>
       <LongitudeDegrees>139.8156080</LongitudeDegrees>
      </Position>
      <AltitudeMeters>3</AltitudeMeters>
      <DistanceMeters>539</DistanceMeters>
      <HeartRateBpm>
       <Value>125</Value>
      </HeartRateBpm>
      <Cadence>79</Cadence>
      <Extensions>
       <Speed>6.860000</Speed>
      </Extensions>
     </Trackpoint>
     <Trackpoint>
      <Time>2026-06-10T08:22:19Z</Time>
      <Position>
       <LatitudeDegrees>35.6920541</LatitudeDegrees>
       <LongitudeDegrees>139.8156107</LongitudeDegrees>
      </Position>
      <AltitudeMeters>3</AltitudeMeters>
      <DistanceMeters>541</DistanceMeters>
      <HeartRateBpm>
       <Value>126</Value>
      </HeartRateBpm>
      <Cadence>79</Cadence>
      <Extensions>
       <Speed>6.870000</Speed>
      </Extensions>
     </Trackpoint>
     <Trackpoint>
      <Time>2026-06-10T08:22:20Z</Time>
      <Position>
       <LatitudeDegrees>35.6920360</LatitudeDegrees>
       <LongitudeDegrees>139.8156134</LongitudeDegrees>
      </Position>
      <AltitudeMeters>3</AltitudeMeters>
      <DistanceMeters>543</DistanceMeters>
      <HeartRateBpm>
       <Value>126</Value>
      </HeartRateBpm>
      <Cadence>79</Cadence>
      <Extensions>
       <Speed>6.880000</Speed>
      </Extensions>
     </Trackpoint>
     <Trackpoint>
      <Time>2026-06-10T08:22:21Z</Time>
      <Position>
       <LatitudeDegrees>35.6920181</LatitudeDegrees>
       <LongitudeDegrees>139.8156154</LongitudeDegrees>
      </Position>
      <AltitudeMeters>3</AltitudeMeters>
      <DistanceMeters>545</DistanceMeters>
      <HeartRateBpm>
       <Value>126</Value>
      </HeartRateBpm>
      <Cadence>79</Cadence>
      <Extensions>
       <Speed>6.880000</Speed>
      </Extensions>
     </Trackpoint>
     <Trackpoint>
      <Time>2026-06-10T08:22:22Z</Time>
      <Position>
       <LatitudeDegrees>35.6920003</LatitudeDegrees>
       <LongitudeDegrees>139.8156174</LongitudeDegrees>
      </Position>
      <AltitudeMeters>3</AltitudeMeters>
      <DistanceMeters>547</DistanceMeters>
      <HeartRateBpm>
       <Value>126</Value>
      </HeartRateBpm>
      <Cadence>79</Cadence>
      <Extensions>
       <Speed>6.890000</Speed>
      </Extensions>
     </Trackpoint>
     <Trackpoint>
      <Time>2026-06-10T08:22:23Z</Time>
      <Position>
       <LatitudeDegrees>35.6919830</LatitudeDegrees>
       <LongitudeDegrees>139.8156172</LongitudeDegrees>
      </Position>
      <AltitudeMeters>3</AltitudeMeters>
      <DistanceMeters>549</DistanceMeters>
      <HeartRateBpm>
       <Value>126</Value>
      </HeartRateBpm>
      <Cadence>79</Cadence>
      <Extensions>
       <Speed>6.890000</Speed>
      </Extensions>
     </Trackpoint>
     <Trackpoint>
      <Time>2026-06-10T08:22:24Z</Time>
      <Position>
       <LatitudeDegrees>35.6919658</LatitudeDegrees>
       <LongitudeDegrees>139.8156170</LongitudeDegrees>
      </Position>
      <AltitudeMeters>3</AltitudeMeters>
      <DistanceMeters>551</DistanceMeters>
      <HeartRateBpm>
       <Value>127</Value>
      </HeartRateBpm>
      <Cadence>80</Cadence>
      <Extensions>
       <Speed>6.890000</Speed>
      </Extensions>
     </Trackpoint>
     <Trackpoint>
      <Time>2026-06-10T08:22:25Z</Time>
      <Position>
       <LatitudeDegrees>35.6919489</LatitudeDegrees>
       <LongitudeDegrees>139.8156165</LongitudeDegrees>
      </Position>
      <AltitudeMeters>3</AltitudeMeters>
      <DistanceMeters>552</DistanceMeters>
      <HeartRateBpm>
       <Value>127</Value>
      </HeartRateBpm>
      <Cadence>79</Cadence>
      <Extensions>
       <Speed>6.920000</Speed>
      </Extensions>
     </Trackpoint>
     <Trackpoint>
      <Time>2026-06-10T08:22:26Z</Time>
      <Position>
       <LatitudeDegrees>35.6919320</LatitudeDegrees>
       <LongitudeDegrees>139.8156160</LongitudeDegrees>
      </Position>
      <AltitudeMeters>3</AltitudeMeters>
      <DistanceMeters>554</DistanceMeters>
      <HeartRateBpm>
       <Value>127</Value>
      </HeartRateBpm>
      <Cadence>79</Cadence>
      <Extensions>
       <Speed>6.950000</Speed>
      </Extensions>
     </Trackpoint>
     <Trackpoint>
      <Time>2026-06-10T08:22:27Z</Time>
      <Position>
       <LatitudeDegrees>35.6919171</LatitudeDegrees>
       <LongitudeDegrees>139.8156166</LongitudeDegrees>
      </Position>
      <AltitudeMeters>3</AltitudeMeters>
      <DistanceMeters>556</DistanceMeters>
      <HeartRateBpm>
       <Value>127</Value>
      </HeartRateBpm>
      <Cadence>79</Cadence>
      <Extensions>
       <Speed>6.950000</Speed>
      </Extensions>
     </Trackpoint>
     <Trackpoint>
      <Time>2026-06-10T08:22:28Z</Time>
      <Position>
       <LatitudeDegrees>35.6919022</LatitudeDegrees>
       <LongitudeDegrees>139.8156173</LongitudeDegrees>
      </Position>
      <AltitudeMeters>3</AltitudeMeters>
      <DistanceMeters>557</DistanceMeters>
      <HeartRateBpm>
       <Value>127</Value>
      </HeartRateBpm>
      <Cadence>79</Cadence>
      <Extensions>
       <Speed>6.950000</Speed>
      </Extensions>
     </Trackpoint>
     <Trackpoint>
      <Time>2026-06-10T08:22:29Z</Time>
      <Position>
       <LatitudeDegrees>35.6918867</LatitudeDegrees>
       <LongitudeDegrees>139.8156183</LongitudeDegrees>
      </Position>
      <AltitudeMeters>3</AltitudeMeters>
      <DistanceMeters>559</DistanceMeters>
      <HeartRateBpm>
       <Value>128</Value>
      </HeartRateBpm>
      <Cadence>79</Cadence>
      <Extensions>
       <Speed>6.940000</Speed>
      </Extensions>
     </Trackpoint>
     <Trackpoint>
      <Time>2026-06-10T08:22:30Z</Time>
      <Position>
       <LatitudeDegrees>35.6918712</LatitudeDegrees>
       <LongitudeDegrees>139.8156194</LongitudeDegrees>
      </Position>
      <AltitudeMeters>3</AltitudeMeters>
      <DistanceMeters>561</DistanceMeters>
      <HeartRateBpm>
       <Value>128</Value>
      </HeartRateBpm>
      <Cadence>79</Cadence>
      <Extensions>
       <Speed>6.930000</Speed>
      </Extensions>
     </Trackpoint>
     <Trackpoint>
      <Time>2026-06-10T08:22:31Z</Time>
      <Position>
       <LatitudeDegrees>35.6918551</LatitudeDegrees>
       <LongitudeDegrees>139.8156207</LongitudeDegrees>
      </Position>
      <AltitudeMeters>3</AltitudeMeters>
      <DistanceMeters>563</DistanceMeters>
      <HeartRateBpm>
       <Value>128</Value>
      </HeartRateBpm>
      <Cadence>78</Cadence>
      <Extensions>
       <Speed>6.920000</Speed>
      </Extensions>
     </Trackpoint>
     <Trackpoint>
      <Time>2026-06-10T08:22:32Z</Time>
      <Position>
       <LatitudeDegrees>35.6918391</LatitudeDegrees>
       <LongitudeDegrees>139.8156221</LongitudeDegrees>
      </Position>
      <AltitudeMeters>3</AltitudeMeters>
      <DistanceMeters>565</DistanceMeters>
      <HeartRateBpm>
       <Value>128</Value>
      </HeartRateBpm>
      <Cadence>78</Cadence>
      <Extensions>
       <Speed>6.920000</Speed>
      </Extensions>
     </Trackpoint>
     <Trackpoint>
      <Time>2026-06-10T08:22:33Z</Time>
      <Position>
       <LatitudeDegrees>35.6918222</LatitudeDegrees>
       <LongitudeDegrees>139.8156225</LongitudeDegrees>
      </Position>
      <AltitudeMeters>3</AltitudeMeters>
      <DistanceMeters>567</DistanceMeters>
      <HeartRateBpm>
       <Value>128</Value>
      </HeartRateBpm>
      <Cadence>78</Cadence>
      <Extensions>
       <Speed>6.900000</Speed>
      </Extensions>
     </Trackpoint>
     <Trackpoint>
      <Time>2026-06-10T08:22:34Z</Time>
      <Position>
       <LatitudeDegrees>35.6918054</LatitudeDegrees>
       <LongitudeDegrees>139.8156230</LongitudeDegrees>
      </Position>
      <AltitudeMeters>3</AltitudeMeters>
      <DistanceMeters>569</DistanceMeters>
      <HeartRateBpm>
       <Value>128</Value>
      </HeartRateBpm>
      <Cadence>79</Cadence>
      <Extensions>
       <Speed>6.880000</Speed>
      </Extensions>
     </Trackpoint>
     <Trackpoint>
      <Time>2026-06-10T08:22:35Z</Time>
      <Position>
       <LatitudeDegrees>35.6917866</LatitudeDegrees>
       <LongitudeDegrees>139.8156223</LongitudeDegrees>
      </Position>
      <AltitudeMeters>3</AltitudeMeters>
      <DistanceMeters>571</DistanceMeters>
      <HeartRateBpm>
       <Value>128</Value>
      </HeartRateBpm>
      <Cadence>79</Cadence>
      <Extensions>
       <Speed>6.880000</Speed>
      </Extensions>
     </Trackpoint>
     <Trackpoint>
      <Time>2026-06-10T08:22:36Z</Time>
      <Position>
       <LatitudeDegrees>35.6917679</LatitudeDegrees>
       <LongitudeDegrees>139.8156217</LongitudeDegrees>
      </Position>
      <AltitudeMeters>3</AltitudeMeters>
      <DistanceMeters>573</DistanceMeters>
      <HeartRateBpm>
       <Value>128</Value>
      </HeartRateBpm>
      <Cadence>79</Cadence>
      <Extensions>
       <Speed>6.890000</Speed>
      </Extensions>
     </Trackpoint>
     <Trackpoint>
      <Time>2026-06-10T08:22:37Z</Time>
      <Position>
       <LatitudeDegrees>35.6917503</LatitudeDegrees>
       <LongitudeDegrees>139.8156213</LongitudeDegrees>
      </Position>
      <AltitudeMeters>3</AltitudeMeters>
      <DistanceMeters>574</DistanceMeters>
      <HeartRateBpm>
       <Value>128</Value>
      </HeartRateBpm>
      <Cadence>79</Cadence>
      <Extensions>
       <Speed>6.890000</Speed>
      </Extensions>
     </Trackpoint>
     <Trackpoint>
      <Time>2026-06-10T08:22:38Z</Time>
      <Position>
       <LatitudeDegrees>35.6917328</LatitudeDegrees>
       <LongitudeDegrees>139.8156210</LongitudeDegrees>
      </Position>
      <AltitudeMeters>3</AltitudeMeters>
      <DistanceMeters>576</DistanceMeters>
      <HeartRateBpm>
       <Value>128</Value>
      </HeartRateBpm>
      <Cadence>79</Cadence>
      <Extensions>
       <Speed>6.890000</Speed>
      </Extensions>
     </Trackpoint>
     <Trackpoint>
      <Time>2026-06-10T08:22:39Z</Time>
      <Position>
       <LatitudeDegrees>35.6917166</LatitudeDegrees>
       <LongitudeDegrees>139.8156208</LongitudeDegrees>
      </Position>
      <AltitudeMeters>3</AltitudeMeters>
      <DistanceMeters>578</DistanceMeters>
      <HeartRateBpm>
       <Value>128</Value>
      </HeartRateBpm>
      <Cadence>79</Cadence>
      <Extensions>
       <Speed>6.890000</Speed>
      </Extensions>
     </Trackpoint>
     <Trackpoint>
      <Time>2026-06-10T08:22:40Z</Time>
      <Position>
       <LatitudeDegrees>35.6917005</LatitudeDegrees>
       <LongitudeDegrees>139.8156206</LongitudeDegrees>
      </Position>
      <AltitudeMeters>3</AltitudeMeters>
      <DistanceMeters>580</DistanceMeters>
      <HeartRateBpm>
       <Value>128</Value>
      </HeartRateBpm>
      <Cadence>79</Cadence>
      <Extensions>
       <Speed>6.890000</Speed>
      </Extensions>
     </Trackpoint>
     <Trackpoint>
      <Time>2026-06-10T08:22:41Z</Time>
      <Position>
       <LatitudeDegrees>35.6916836</LatitudeDegrees>
       <LongitudeDegrees>139.8156200</LongitudeDegrees>
      </Position>
      <AltitudeMeters>3</AltitudeMeters>
      <DistanceMeters>582</DistanceMeters>
      <HeartRateBpm>
       <Value>128</Value>
      </HeartRateBpm>
      <Cadence>78</Cadence>
      <Extensions>
       <Speed>6.890000</Speed>
      </Extensions>
     </Trackpoint>
     <Trackpoint>
      <Time>2026-06-10T08:22:42Z</Time>
      <Position>
       <LatitudeDegrees>35.6916668</LatitudeDegrees>
       <LongitudeDegrees>139.8156194</LongitudeDegrees>
      </Position>
      <AltitudeMeters>3</AltitudeMeters>
      <DistanceMeters>584</DistanceMeters>
      <HeartRateBpm>
       <Value>128</Value>
      </HeartRateBpm>
      <Cadence>78</Cadence>
      <Extensions>
       <Speed>6.900000</Speed>
      </Extensions>
     </Trackpoint>
     <Trackpoint>
      <Time>2026-06-10T08:22:43Z</Time>
      <Position>
       <LatitudeDegrees>35.6916484</LatitudeDegrees>
       <LongitudeDegrees>139.8156190</LongitudeDegrees>
      </Position>
      <AltitudeMeters>3</AltitudeMeters>
      <DistanceMeters>586</DistanceMeters>
      <HeartRateBpm>
       <Value>127</Value>
      </HeartRateBpm>
      <Cadence>78</Cadence>
      <Extensions>
       <Speed>6.900000</Speed>
      </Extensions>
     </Trackpoint>
     <Trackpoint>
      <Time>2026-06-10T08:22:44Z</Time>
      <Position>
       <LatitudeDegrees>35.6916300</LatitudeDegrees>
       <LongitudeDegrees>139.8156186</LongitudeDegrees>
      </Position>
      <AltitudeMeters>3</AltitudeMeters>
      <DistanceMeters>589</DistanceMeters>
      <HeartRateBpm>
       <Value>127</Value>
      </HeartRateBpm>
      <Cadence>78</Cadence>
      <Extensions>
       <Speed>6.900000</Speed>
      </Extensions>
     </Trackpoint>
     <Trackpoint>
      <Time>2026-06-10T08:22:45Z</Time>
      <Position>
       <LatitudeDegrees>35.6916111</LatitudeDegrees>
       <LongitudeDegrees>139.8156186</LongitudeDegrees>
      </Position>
      <AltitudeMeters>3</AltitudeMeters>
      <DistanceMeters>591</DistanceMeters>
      <HeartRateBpm>
       <Value>127</Value>
      </HeartRateBpm>
      <Cadence>78</Cadence>
      <Extensions>
       <Speed>6.910000</Speed>
      </Extensions>
     </Trackpoint>
     <Trackpoint>
      <Time>2026-06-10T08:22:46Z</Time>
      <Position>
       <LatitudeDegrees>35.6915923</LatitudeDegrees>
       <LongitudeDegrees>139.8156187</LongitudeDegrees>
      </Position>
      <AltitudeMeters>3</AltitudeMeters>
      <DistanceMeters>593</DistanceMeters>
      <HeartRateBpm>
       <Value>127</Value>
      </HeartRateBpm>
      <Cadence>79</Cadence>
      <Extensions>
       <Speed>6.920000</Speed>
      </Extensions>
     </Trackpoint>
     <Trackpoint>
      <Time>2026-06-10T08:22:47Z</Time>
      <Position>
       <LatitudeDegrees>35.6915737</LatitudeDegrees>
       <LongitudeDegrees>139.8156188</LongitudeDegrees>
      </Position>
      <AltitudeMeters>3</AltitudeMeters>
      <DistanceMeters>595</DistanceMeters>
      <HeartRateBpm>
       <Value>127</Value>
      </HeartRateBpm>
      <Cadence>79</Cadence>
      <Extensions>
       <Speed>6.920000</Speed>
      </Extensions>
     </Trackpoint>
     <Trackpoint>
      <Time>2026-06-10T08:22:48Z</Time>
      <Position>
       <LatitudeDegrees>35.6915552</LatitudeDegrees>
       <LongitudeDegrees>139.8156189</LongitudeDegrees>
      </Position>
      <AltitudeMeters>3</AltitudeMeters>
      <DistanceMeters>597</DistanceMeters>
      <HeartRateBpm>
       <Value>127</Value>
      </HeartRateBpm>
      <Cadence>79</Cadence>
      <Extensions>
       <Speed>6.930000</Speed>
      </Extensions>
     </Trackpoint>
     <Trackpoint>
      <Time>2026-06-10T08:22:49Z</Time>
      <Position>
       <LatitudeDegrees>35.6915361</LatitudeDegrees>
       <LongitudeDegrees>139.8156191</LongitudeDegrees>
      </Position>
      <AltitudeMeters>3</AltitudeMeters>
      <DistanceMeters>599</DistanceMeters>
      <HeartRateBpm>
       <Value>128</Value>
      </HeartRateBpm>
      <Cadence>79</Cadence>
      <Extensions>
       <Speed>6.940000</Speed>
      </Extensions>
     </Trackpoint>
     <Trackpoint>
      <Time>2026-06-10T08:22:50Z</Time>
      <Position>
       <LatitudeDegrees>35.6915171</LatitudeDegrees>
       <LongitudeDegrees>139.8156194</LongitudeDegrees>
      </Position>
      <AltitudeMeters>3</AltitudeMeters>
      <DistanceMeters>601</DistanceMeters>
      <HeartRateBpm>
       <Value>128</Value>
      </HeartRateBpm>
      <Cadence>79</Cadence>
      <Extensions>
       <Speed>6.950000</Speed>
      </Extensions>
     </Trackpoint>
     <Trackpoint>
      <Time>2026-06-10T08:22:51Z</Time>
      <Position>
       <LatitudeDegrees>35.6914992</LatitudeDegrees>
       <LongitudeDegrees>139.8156195</LongitudeDegrees>
      </Position>
      <AltitudeMeters>3</AltitudeMeters>
      <DistanceMeters>602</DistanceMeters>
      <HeartRateBpm>
       <Value>128</Value>
      </HeartRateBpm>
      <Cadence>79</Cadence>
      <Extensions>
       <Speed>6.950000</Speed>
      </Extensions>
     </Trackpoint>
     <Trackpoint>
      <Time>2026-06-10T08:22:52Z</Time>
      <Position>
       <LatitudeDegrees>35.6914814</LatitudeDegrees>
       <LongitudeDegrees>139.8156196</LongitudeDegrees>
      </Position>
      <AltitudeMeters>3</AltitudeMeters>
      <DistanceMeters>604</DistanceMeters>
      <HeartRateBpm>
       <Value>128</Value>
      </HeartRateBpm>
      <Cadence>79</Cadence>
      <Extensions>
       <Speed>6.960000</Speed>
      </Extensions>
     </Trackpoint>
     <Trackpoint>
      <Time>2026-06-10T08:22:53Z</Time>
      <Position>
       <LatitudeDegrees>35.6914653</LatitudeDegrees>
       <LongitudeDegrees>139.8156177</LongitudeDegrees>
      </Position>
      <AltitudeMeters>3</AltitudeMeters>
      <DistanceMeters>606</DistanceMeters>
      <HeartRateBpm>
       <Value>128</Value>
      </HeartRateBpm>
      <Cadence>79</Cadence>
      <Extensions>
       <Speed>6.960000</Speed>
      </Extensions>
     </Trackpoint>
     <Trackpoint>
      <Time>2026-06-10T08:22:54Z</Time>
      <Position>
       <LatitudeDegrees>35.6914493</LatitudeDegrees>
       <LongitudeDegrees>139.8156158</LongitudeDegrees>
      </Position>
      <AltitudeMeters>3</AltitudeMeters>
      <DistanceMeters>608</DistanceMeters>
      <HeartRateBpm>
       <Value>128</Value>
      </HeartRateBpm>
      <Cadence>79</Cadence>
      <Extensions>
       <Speed>6.970000</Speed>
      </Extensions>
     </Trackpoint>
     <Trackpoint>
      <Time>2026-06-10T08:22:55Z</Time>
      <Position>
       <LatitudeDegrees>35.6914332</LatitudeDegrees>
       <LongitudeDegrees>139.8156131</LongitudeDegrees>
      </Position>
      <AltitudeMeters>3</AltitudeMeters>
      <DistanceMeters>610</DistanceMeters>
      <HeartRateBpm>
       <Value>128</Value>
      </HeartRateBpm>
      <Cadence>79</Cadence>
      <Extensions>
       <Speed>6.980000</Speed>
      </Extensions>
     </Trackpoint>
     <Trackpoint>
      <Time>2026-06-10T08:22:56Z</Time>
      <Position>
       <LatitudeDegrees>35.6914171</LatitudeDegrees>
       <LongitudeDegrees>139.8156104</LongitudeDegrees>
      </Position>
      <AltitudeMeters>3</AltitudeMeters>
      <DistanceMeters>612</DistanceMeters>
      <HeartRateBpm>
       <Value>128</Value>
      </HeartRateBpm>
      <Cadence>79</Cadence>
      <Extensions>
       <Speed>6.990000</Speed>
      </Extensions>
     </Trackpoint>
     <Trackpoint>
      <Time>2026-06-10T08:22:57Z</Time>
      <Position>
       <LatitudeDegrees>35.6913990</LatitudeDegrees>
       <LongitudeDegrees>139.8156089</LongitudeDegrees>
      </Position>
      <AltitudeMeters>3</AltitudeMeters>
      <DistanceMeters>614</DistanceMeters>
      <HeartRateBpm>
       <Value>127</Value>
      </HeartRateBpm>
      <Cadence>79</Cadence>
      <Extensions>
       <Speed>6.980000</Speed>
      </Extensions>
     </Trackpoint>
     <Trackpoint>
      <Time>2026-06-10T08:22:58Z</Time>
      <Position>
       <LatitudeDegrees>35.6913809</LatitudeDegrees>
       <LongitudeDegrees>139.8156074</LongitudeDegrees>
      </Position>
      <AltitudeMeters>3</AltitudeMeters>
      <DistanceMeters>616</DistanceMeters>
      <HeartRateBpm>
       <Value>127</Value>
      </HeartRateBpm>
      <Cadence>79</Cadence>
      <Extensions>
       <Speed>6.980000</Speed>
      </Extensions>
     </Trackpoint>
     <Trackpoint>
      <Time>2026-06-10T08:22:59Z</Time>
      <Position>
       <LatitudeDegrees>35.6913627</LatitudeDegrees>
       <LongitudeDegrees>139.8156101</LongitudeDegrees>
      </Position>
      <AltitudeMeters>3</AltitudeMeters>
      <DistanceMeters>618</DistanceMeters>
      <HeartRateBpm>
       <Value>127</Value>
      </HeartRateBpm>
      <Cadence>78</Cadence>
      <Extensions>
       <Speed>6.980000</Speed>
      </Extensions>
     </Trackpoint>
     <Trackpoint>
      <Time>2026-06-10T08:23:00Z</Time>
      <Position>
       <LatitudeDegrees>35.6913445</LatitudeDegrees>
       <LongitudeDegrees>139.8156128</LongitudeDegrees>
      </Position>
      <AltitudeMeters>3</AltitudeMeters>
      <DistanceMeters>620</DistanceMeters>
      <HeartRateBpm>
       <Value>126</Value>
      </HeartRateBpm>
      <Cadence>78</Cadence>
      <Extensions>
       <Speed>6.990000</Speed>
      </Extensions>
     </Trackpoint>
     <Trackpoint>
      <Time>2026-06-10T08:23:01Z</Time>
      <Position>
       <LatitudeDegrees>35.6913272</LatitudeDegrees>
       <LongitudeDegrees>139.8156181</LongitudeDegrees>
      </Position>
      <AltitudeMeters>3</AltitudeMeters>
      <DistanceMeters>622</DistanceMeters>
      <HeartRateBpm>
       <Value>126</Value>
      </HeartRateBpm>
      <Cadence>78</Cadence>
      <Extensions>
       <Speed>6.990000</Speed>
      </Extensions>
     </Trackpoint>
     <Trackpoint>
      <Time>2026-06-10T08:23:02Z</Time>
      <Position>
       <LatitudeDegrees>35.6913099</LatitudeDegrees>
       <LongitudeDegrees>139.8156235</LongitudeDegrees>
      </Position>
      <AltitudeMeters>3</AltitudeMeters>
      <DistanceMeters>624</DistanceMeters>
      <HeartRateBpm>
       <Value>125</Value>
      </HeartRateBpm>
      <Cadence>78</Cadence>
      <Extensions>
       <Speed>7.000000</Speed>
      </Extensions>
     </Trackpoint>
     <Trackpoint>
      <Time>2026-06-10T08:23:03Z</Time>
      <Position>
       <LatitudeDegrees>35.6912938</LatitudeDegrees>
       <LongitudeDegrees>139.8156264</LongitudeDegrees>
      </Position>
      <AltitudeMeters>2</AltitudeMeters>
      <DistanceMeters>626</DistanceMeters>
      <HeartRateBpm>
       <Value>125</Value>
      </HeartRateBpm>
      <Cadence>78</Cadence>
      <Extensions>
       <Speed>7.000000</Speed>
      </Extensions>
     </Trackpoint>
     <Trackpoint>
      <Time>2026-06-10T08:23:04Z</Time>
      <Position>
       <LatitudeDegrees>35.6912777</LatitudeDegrees>
       <LongitudeDegrees>139.8156293</LongitudeDegrees>
      </Position>
      <AltitudeMeters>2</AltitudeMeters>
      <DistanceMeters>627</DistanceMeters>
      <HeartRateBpm>
       <Value>124</Value>
      </HeartRateBpm>
      <Cadence>78</Cadence>
      <Extensions>
       <Speed>7.010000</Speed>
      </Extensions>
     </Trackpoint>
     <Trackpoint>
      <Time>2026-06-10T08:23:05Z</Time>
      <Position>
       <LatitudeDegrees>35.6912621</LatitudeDegrees>
       <LongitudeDegrees>139.8156321</LongitudeDegrees>
      </Position>
      <AltitudeMeters>2</AltitudeMeters>
      <DistanceMeters>629</DistanceMeters>
      <HeartRateBpm>
       <Value>123</Value>
      </HeartRateBpm>
      <Cadence>78</Cadence>
      <Extensions>
       <Speed>7.010000</Speed>
      </Extensions>
     </Trackpoint>
     <Trackpoint>
      <Time>2026-06-10T08:23:06Z</Time>
      <Position>
       <LatitudeDegrees>35.6912465</LatitudeDegrees>
       <LongitudeDegrees>139.8156349</LongitudeDegrees>
      </Position>
      <AltitudeMeters>2</AltitudeMeters>
      <DistanceMeters>631</DistanceMeters>
      <HeartRateBpm>
       <Value>123</Value>
      </HeartRateBpm>
      <Cadence>78</Cadence>
      <Extensions>
       <Speed>7.010000</Speed>
      </Extensions>
     </Trackpoint>
     <Trackpoint>
      <Time>2026-06-10T08:23:07Z</Time>
      <Position>
       <LatitudeDegrees>35.6912311</LatitudeDegrees>
       <LongitudeDegrees>139.8156381</LongitudeDegrees>
      </Position>
      <AltitudeMeters>2</AltitudeMeters>
      <DistanceMeters>633</DistanceMeters>
      <HeartRateBpm>
       <Value>122</Value>
      </HeartRateBpm>
      <Cadence>77</Cadence>
      <Extensions>
       <Speed>7.000000</Speed>
      </Extensions>
     </Trackpoint>
     <Trackpoint>
      <Time>2026-06-10T08:23:08Z</Time>
      <Position>
       <LatitudeDegrees>35.6912157</LatitudeDegrees>
       <LongitudeDegrees>139.8156414</LongitudeDegrees>
      </Position>
      <AltitudeMeters>2</AltitudeMeters>
      <DistanceMeters>635</DistanceMeters>
      <HeartRateBpm>
       <Value>122</Value>
      </HeartRateBpm>
      <Cadence>77</Cadence>
      <Extensions>
       <Speed>7.000000</Speed>
      </Extensions>
     </Trackpoint>
     <Trackpoint>
      <Time>2026-06-10T08:23:09Z</Time>
      <Position>
       <LatitudeDegrees>35.6911976</LatitudeDegrees>
       <LongitudeDegrees>139.8156450</LongitudeDegrees>
      </Position>
      <AltitudeMeters>2</AltitudeMeters>
      <DistanceMeters>637</DistanceMeters>
      <HeartRateBpm>
       <Value>122</Value>
      </HeartRateBpm>
      <Cadence>77</Cadence>
      <Extensions>
       <Speed>7.000000</Speed>
      </Extensions>
     </Trackpoint>
     <Trackpoint>
      <Time>2026-06-10T08:23:10Z</Time>
      <Position>
       <LatitudeDegrees>35.6911795</LatitudeDegrees>
       <LongitudeDegrees>139.8156487</LongitudeDegrees>
      </Position>
      <AltitudeMeters>2</AltitudeMeters>
      <DistanceMeters>639</DistanceMeters>
      <HeartRateBpm>
       <Value>122</Value>
      </HeartRateBpm>
      <Cadence>78</Cadence>
      <Extensions>
       <Speed>7.010000</Speed>
      </Extensions>
     </Trackpoint>
     <Trackpoint>
      <Time>2026-06-10T08:23:11Z</Time>
      <Position>
       <LatitudeDegrees>35.6911603</LatitudeDegrees>
       <LongitudeDegrees>139.8156517</LongitudeDegrees>
      </Position>
      <AltitudeMeters>2</AltitudeMeters>
      <DistanceMeters>641</DistanceMeters>
      <HeartRateBpm>
       <Value>122</Value>
      </HeartRateBpm>
      <Cadence>78</Cadence>
      <Extensions>
       <Speed>7.020000</Speed>
      </Extensions>
     </Trackpoint>
     <Trackpoint>
      <Time>2026-06-10T08:23:12Z</Time>
      <Position>
       <LatitudeDegrees>35.6911412</LatitudeDegrees>
       <LongitudeDegrees>139.8156548</LongitudeDegrees>
      </Position>
      <AltitudeMeters>2</AltitudeMeters>
      <DistanceMeters>643</DistanceMeters>
      <HeartRateBpm>
       <Value>122</Value>
      </HeartRateBpm>
      <Cadence>78</Cadence>
      <Extensions>
       <Speed>7.030000</Speed>
      </Extensions>
     </Trackpoint>
     <Trackpoint>
      <Time>2026-06-10T08:23:13Z</Time>
      <Position>
       <LatitudeDegrees>35.6911239</LatitudeDegrees>
       <LongitudeDegrees>139.8156596</LongitudeDegrees>
      </Position>
      <AltitudeMeters>2</AltitudeMeters>
      <DistanceMeters>645</DistanceMeters>
      <HeartRateBpm>
       <Value>122</Value>
      </HeartRateBpm>
      <Cadence>78</Cadence>
      <Extensions>
       <Speed>7.030000</Speed>
      </Extensions>
     </Trackpoint>
     <Trackpoint>
      <Time>2026-06-10T08:23:14Z</Time>
      <Position>
       <LatitudeDegrees>35.6911066</LatitudeDegrees>
       <LongitudeDegrees>139.8156644</LongitudeDegrees>
      </Position>
      <AltitudeMeters>2</AltitudeMeters>
      <DistanceMeters>647</DistanceMeters>
      <HeartRateBpm>
       <Value>122</Value>
      </HeartRateBpm>
      <Cadence>78</Cadence>
      <Extensions>
       <Speed>7.040000</Speed>
      </Extensions>
     </Trackpoint>
     <Trackpoint>
      <Time>2026-06-10T08:23:15Z</Time>
      <Position>
       <LatitudeDegrees>35.6910893</LatitudeDegrees>
       <LongitudeDegrees>139.8156715</LongitudeDegrees>
      </Position>
      <AltitudeMeters>2</AltitudeMeters>
      <DistanceMeters>649</DistanceMeters>
      <HeartRateBpm>
       <Value>122</Value>
      </HeartRateBpm>
      <Cadence>77</Cadence>
      <Extensions>
       <Speed>7.040000</Speed>
      </Extensions>
     </Trackpoint>
     <Trackpoint>
      <Time>2026-06-10T08:23:16Z</Time>
      <Position>
       <LatitudeDegrees>35.6910720</LatitudeDegrees>
       <LongitudeDegrees>139.8156786</LongitudeDegrees>
      </Position>
      <AltitudeMeters>2</AltitudeMeters>
      <DistanceMeters>651</DistanceMeters>
      <HeartRateBpm>
       <Value>122</Value>
      </HeartRateBpm>
      <Cadence>77</Cadence>
      <Extensions>
       <Speed>7.050000</Speed>
      </Extensions>
     </Trackpoint>
     <Trackpoint>
      <Time>2026-06-10T08:23:17Z</Time>
      <Position>
       <LatitudeDegrees>35.6910555</LatitudeDegrees>
       <LongitudeDegrees>139.8156848</LongitudeDegrees>
      </Position>
      <AltitudeMeters>2</AltitudeMeters>
      <DistanceMeters>653</DistanceMeters>
      <HeartRateBpm>
       <Value>122</Value>
      </HeartRateBpm>
      <Cadence>77</Cadence>
      <Extensions>
       <Speed>7.050000</Speed>
      </Extensions>
     </Trackpoint>
     <Trackpoint>
      <Time>2026-06-10T08:23:18Z</Time>
      <Position>
       <LatitudeDegrees>35.6910391</LatitudeDegrees>
       <LongitudeDegrees>139.8156910</LongitudeDegrees>
      </Position>
      <AltitudeMeters>2</AltitudeMeters>
      <DistanceMeters>655</DistanceMeters>
      <HeartRateBpm>
       <Value>122</Value>
      </HeartRateBpm>
      <Cadence>77</Cadence>
      <Extensions>
       <Speed>7.060000</Speed>
      </Extensions>
     </Trackpoint>
     <Trackpoint>
      <Time>2026-06-10T08:23:19Z</Time>
      <Position>
       <LatitudeDegrees>35.6910223</LatitudeDegrees>
       <LongitudeDegrees>139.8156941</LongitudeDegrees>
      </Position>
      <AltitudeMeters>2</AltitudeMeters>
      <DistanceMeters>657</DistanceMeters>
      <HeartRateBpm>
       <Value>123</Value>
      </HeartRateBpm>
      <Cadence>77</Cadence>
      <Extensions>
       <Speed>7.060000</Speed>
      </Extensions>
     </Trackpoint>
     <Trackpoint>
      <Time>2026-06-10T08:23:20Z</Time>
      <Position>
       <LatitudeDegrees>35.6910055</LatitudeDegrees>
       <LongitudeDegrees>139.8156972</LongitudeDegrees>
      </Position>
      <AltitudeMeters>2</AltitudeMeters>
      <DistanceMeters>659</DistanceMeters>
      <HeartRateBpm>
       <Value>124</Value>
      </HeartRateBpm>
      <Cadence>78</Cadence>
      <Extensions>
       <Speed>7.060000</Speed>
      </Extensions>
     </Trackpoint>
     <Trackpoint>
      <Time>2026-06-10T08:23:21Z</Time>
      <Position>
       <LatitudeDegrees>35.6909879</LatitudeDegrees>
       <LongitudeDegrees>139.8156986</LongitudeDegrees>
      </Position>
      <AltitudeMeters>2</AltitudeMeters>
      <DistanceMeters>661</DistanceMeters>
      <HeartRateBpm>
       <Value>125</Value>
      </HeartRateBpm>
      <Cadence>78</Cadence>
      <Extensions>
       <Speed>7.060000</Speed>
      </Extensions>
     </Trackpoint>
     <Trackpoint>
      <Time>2026-06-10T08:23:22Z</Time>
      <Position>
       <LatitudeDegrees>35.6909703</LatitudeDegrees>
       <LongitudeDegrees>139.8157000</LongitudeDegrees>
      </Position>
      <AltitudeMeters>2</AltitudeMeters>
      <DistanceMeters>663</DistanceMeters>
      <HeartRateBpm>
       <Value>126</Value>
      </HeartRateBpm>
      <Cadence>78</Cadence>
      <Extensions>
       <Speed>7.070000</Speed>
      </Extensions>
     </Trackpoint>
     <Trackpoint>
      <Time>2026-06-10T08:23:23Z</Time>
      <Position>
       <LatitudeDegrees>35.6909532</LatitudeDegrees>
       <LongitudeDegrees>139.8157012</LongitudeDegrees>
      </Position>
      <AltitudeMeters>2</AltitudeMeters>
      <DistanceMeters>664</DistanceMeters>
      <HeartRateBpm>
       <Value>126</Value>
      </HeartRateBpm>
      <Cadence>78</Cadence>
      <Extensions>
       <Speed>7.070000</Speed>
      </Extensions>
     </Trackpoint>
     <Trackpoint>
      <Time>2026-06-10T08:23:24Z</Time>
      <Position>
       <LatitudeDegrees>35.6909361</LatitudeDegrees>
       <LongitudeDegrees>139.8157024</LongitudeDegrees>
      </Position>
      <AltitudeMeters>2</AltitudeMeters>
      <DistanceMeters>666</DistanceMeters>
      <HeartRateBpm>
       <Value>127</Value>
      </HeartRateBpm>
      <Cadence>78</Cadence>
      <Extensions>
       <Speed>7.070000</Speed>
      </Extensions>
     </Trackpoint>
     <Trackpoint>
      <Time>2026-06-10T08:23:25Z</Time>
      <Position>
       <LatitudeDegrees>35.6909186</LatitudeDegrees>
       <LongitudeDegrees>139.8157026</LongitudeDegrees>
      </Position>
      <AltitudeMeters>2</AltitudeMeters>
      <DistanceMeters>668</DistanceMeters>
      <HeartRateBpm>
       <Value>127</Value>
      </HeartRateBpm>
      <Cadence>78</Cadence>
      <Extensions>
       <Speed>7.070000</Speed>
      </Extensions>
     </Trackpoint>
     <Trackpoint>
      <Time>2026-06-10T08:23:26Z</Time>
      <Position>
       <LatitudeDegrees>35.6909012</LatitudeDegrees>
       <LongitudeDegrees>139.8157029</LongitudeDegrees>
      </Position>
      <AltitudeMeters>2</AltitudeMeters>
      <DistanceMeters>670</DistanceMeters>
      <HeartRateBpm>
       <Value>128</Value>
      </HeartRateBpm>
      <Cadence>78</Cadence>
      <Extensions>
       <Speed>7.080000</Speed>
      </Extensions>
     </Trackpoint>
     <Trackpoint>
      <Time>2026-06-10T08:23:27Z</Time>
      <Position>
       <LatitudeDegrees>35.6908842</LatitudeDegrees>
       <LongitudeDegrees>139.8157021</LongitudeDegrees>
      </Position>
      <AltitudeMeters>3</AltitudeMeters>
      <DistanceMeters>672</DistanceMeters>
      <HeartRateBpm>
       <Value>128</Value>
      </HeartRateBpm>
      <Cadence>78</Cadence>
      <Extensions>
       <Speed>7.080000</Speed>
      </Extensions>
     </Trackpoint>
     <Trackpoint>
      <Time>2026-06-10T08:23:28Z</Time>
      <Position>
       <LatitudeDegrees>35.6908672</LatitudeDegrees>
       <LongitudeDegrees>139.8157014</LongitudeDegrees>
      </Position>
      <AltitudeMeters>3</AltitudeMeters>
      <DistanceMeters>674</DistanceMeters>
      <HeartRateBpm>
       <Value>128</Value>
      </HeartRateBpm>
      <Cadence>78</Cadence>
      <Extensions>
       <Speed>7.080000</Speed>
      </Extensions>
     </Trackpoint>
     <Trackpoint>
      <Time>2026-06-10T08:23:29Z</Time>
      <Position>
       <LatitudeDegrees>35.6908514</LatitudeDegrees>
       <LongitudeDegrees>139.8156999</LongitudeDegrees>
      </Position>
      <AltitudeMeters>3</AltitudeMeters>
      <DistanceMeters>676</DistanceMeters>
      <HeartRateBpm>
       <Value>128</Value>
      </HeartRateBpm>
      <Cadence>78</Cadence>
      <Extensions>
       <Speed>7.070000</Speed>
      </Extensions>
     </Trackpoint>
     <Trackpoint>
      <Time>2026-06-10T08:23:30Z</Time>
      <Position>
       <LatitudeDegrees>35.6908356</LatitudeDegrees>
       <LongitudeDegrees>139.8156984</LongitudeDegrees>
      </Position>
      <AltitudeMeters>3</AltitudeMeters>
      <DistanceMeters>677</DistanceMeters>
      <HeartRateBpm>
       <Value>129</Value>
      </HeartRateBpm>
      <Cadence>78</Cadence>
      <Extensions>
       <Speed>7.060000</Speed>
      </Extensions>
     </Trackpoint>
     <Trackpoint>
      <Time>2026-06-10T08:23:31Z</Time>
      <Position>
       <LatitudeDegrees>35.6908210</LatitudeDegrees>
       <LongitudeDegrees>139.8156975</LongitudeDegrees>
      </Position>
      <AltitudeMeters>3</AltitudeMeters>
      <DistanceMeters>678</DistanceMeters>
      <HeartRateBpm>
       <Value>129</Value>
      </HeartRateBpm>
      <Cadence>77</Cadence>
      <Extensions>
       <Speed>7.040000</Speed>
      </Extensions>
     </Trackpoint>
     <Trackpoint>
      <Time>2026-06-10T08:23:32Z</Time>
      <Position>
       <LatitudeDegrees>35.6908064</LatitudeDegrees>
       <LongitudeDegrees>139.8156966</LongitudeDegrees>
      </Position>
      <AltitudeMeters>3</AltitudeMeters>
      <DistanceMeters>680</DistanceMeters>
      <HeartRateBpm>
       <Value>129</Value>
      </HeartRateBpm>
      <Cadence>77</Cadence>
      <Extensions>
       <Speed>7.020000</Speed>
      </Extensions>
     </Trackpoint>
     <Trackpoint>
      <Time>2026-06-10T08:23:33Z</Time>
      <Position>
       <LatitudeDegrees>35.6907908</LatitudeDegrees>
       <LongitudeDegrees>139.8156975</LongitudeDegrees>
      </Position>
      <AltitudeMeters>3</AltitudeMeters>
      <DistanceMeters>682</DistanceMeters>
      <HeartRateBpm>
       <Value>129</Value>
      </HeartRateBpm>
      <Cadence>77</Cadence>
      <Extensions>
       <Speed>6.990000</Speed>
      </Extensions>
     </Trackpoint>
     <Trackpoint>
      <Time>2026-06-10T08:23:34Z</Time>
      <Position>
       <LatitudeDegrees>35.6907752</LatitudeDegrees>
       <LongitudeDegrees>139.8156985</LongitudeDegrees>
      </Position>
      <AltitudeMeters>3</AltitudeMeters>
      <DistanceMeters>684</DistanceMeters>
      <HeartRateBpm>
       <Value>129</Value>
      </HeartRateBpm>
      <Cadence>77</Cadence>
      <Extensions>
       <Speed>6.960000</Speed>
      </Extensions>
     </Trackpoint>
     <Trackpoint>
      <Time>2026-06-10T08:23:35Z</Time>
      <Position>
       <LatitudeDegrees>35.6907579</LatitudeDegrees>
       <LongitudeDegrees>139.8156985</LongitudeDegrees>
      </Position>
      <AltitudeMeters>3</AltitudeMeters>
      <DistanceMeters>686</DistanceMeters>
      <HeartRateBpm>
       <Value>129</Value>
      </HeartRateBpm>
      <Cadence>77</Cadence>
      <Extensions>
       <Speed>6.940000</Speed>
      </Extensions>
     </Trackpoint>
     <Trackpoint>
      <Time>2026-06-10T08:23:36Z</Time>
      <Position>
       <LatitudeDegrees>35.6907407</LatitudeDegrees>
       <LongitudeDegrees>139.8156985</LongitudeDegrees>
      </Position>
      <AltitudeMeters>3</AltitudeMeters>
      <DistanceMeters>688</DistanceMeters>
      <HeartRateBpm>
       <Value>129</Value>
      </HeartRateBpm>
      <Cadence>77</Cadence>
      <Extensions>
       <Speed>6.930000</Speed>
      </Extensions>
     </Trackpoint>
     <Trackpoint>
      <Time>2026-06-10T08:23:37Z</Time>
      <Position>
       <LatitudeDegrees>35.6907210</LatitudeDegrees>
       <LongitudeDegrees>139.8156949</LongitudeDegrees>
      </Position>
      <AltitudeMeters>3</AltitudeMeters>
      <DistanceMeters>691</DistanceMeters>
      <HeartRateBpm>
       <Value>130</Value>
      </HeartRateBpm>
      <Cadence>77</Cadence>
      <Extensions>
       <Speed>6.930000</Speed>
      </Extensions>
     </Trackpoint>
     <Trackpoint>
      <Time>2026-06-10T08:23:38Z</Time>
      <Position>
       <LatitudeDegrees>35.6907013</LatitudeDegrees>
       <LongitudeDegrees>139.8156914</LongitudeDegrees>
      </Position>
      <AltitudeMeters>3</AltitudeMeters>
      <DistanceMeters>694</DistanceMeters>
      <HeartRateBpm>
       <Value>129</Value>
      </HeartRateBpm>
      <Cadence>78</Cadence>
      <Extensions>
       <Speed>6.930000</Speed>
      </Extensions>
     </Trackpoint>
     <Trackpoint>
      <Time>2026-06-10T08:23:39Z</Time>
      <Position>
       <LatitudeDegrees>35.6906778</LatitudeDegrees>
       <LongitudeDegrees>139.8156890</LongitudeDegrees>
      </Position>
      <AltitudeMeters>3</AltitudeMeters>
      <DistanceMeters>697</DistanceMeters>
      <HeartRateBpm>
       <Value>129</Value>
      </HeartRateBpm>
      <Cadence>78</Cadence>
      <Extensions>
       <Speed>6.990000</Speed>
      </Extensions>
     </Trackpoint>
     <Trackpoint>
      <Time>2026-06-10T08:23:40Z</Time>
      <Position>
       <LatitudeDegrees>35.6906543</LatitudeDegrees>
       <LongitudeDegrees>139.8156866</LongitudeDegrees>
      </Position>
      <AltitudeMeters>3</AltitudeMeters>
      <DistanceMeters>700</DistanceMeters>
      <HeartRateBpm>
       <Value>129</Value>
      </HeartRateBpm>
      <Cadence>79</Cadence>
      <Extensions>
       <Speed>7.060000</Speed>
      </Extensions>
     </Trackpoint>
     <Trackpoint>
      <Time>2026-06-10T08:23:41Z</Time>
      <Position>
       <LatitudeDegrees>35.6906299</LatitudeDegrees>
       <LongitudeDegrees>139.8156881</LongitudeDegrees>
      </Position>
      <AltitudeMeters>3</AltitudeMeters>
      <DistanceMeters>702</DistanceMeters>
      <HeartRateBpm>
       <Value>129</Value>
      </HeartRateBpm>
      <Cadence>80</Cadence>
      <Extensions>
       <Speed>7.230000</Speed>
      </Extensions>
     </Trackpoint>
     <Trackpoint>
      <Time>2026-06-10T08:23:42Z</Time>
      <Position>
       <LatitudeDegrees>35.6906056</LatitudeDegrees>
       <LongitudeDegrees>139.8156896</LongitudeDegrees>
      </Position>
      <AltitudeMeters>3</AltitudeMeters>
      <DistanceMeters>705</DistanceMeters>
      <HeartRateBpm>
       <Value>128</Value>
      </HeartRateBpm>
      <Cadence>82</Cadence>
      <Extensions>
       <Speed>7.400000</Speed>
      </Extensions>
     </Trackpoint>
     <Trackpoint>
      <Time>2026-06-10T08:23:43Z</Time>
      <Position>
       <LatitudeDegrees>35.6905837</LatitudeDegrees>
       <LongitudeDegrees>139.8156953</LongitudeDegrees>
      </Position>
      <AltitudeMeters>3</AltitudeMeters>
      <DistanceMeters>707</DistanceMeters>
      <HeartRateBpm>
       <Value>128</Value>
      </HeartRateBpm>
      <Cadence>82</Cadence>
      <Extensions>
       <Speed>7.620000</Speed>
      </Extensions>
     </Trackpoint>
     <Trackpoint>
      <Time>2026-06-10T08:23:44Z</Time>
      <Position>
       <LatitudeDegrees>35.6905619</LatitudeDegrees>
       <LongitudeDegrees>139.8157011</LongitudeDegrees>
      </Position>
      <AltitudeMeters>3</AltitudeMeters>
      <DistanceMeters>709</DistanceMeters>
      <HeartRateBpm>
       <Value>128</Value>
      </HeartRateBpm>
      <Cadence>83</Cadence>
      <Extensions>
       <Speed>7.840000</Speed>
      </Extensions>
     </Trackpoint>
     <Trackpoint>
      <Time>2026-06-10T08:23:45Z</Time>
      <Position>
       <LatitudeDegrees>35.6905431</LatitudeDegrees>
       <LongitudeDegrees>139.8157052</LongitudeDegrees>
      </Position>
      <AltitudeMeters>3</AltitudeMeters>
      <DistanceMeters>710</DistanceMeters>
      <HeartRateBpm>
       <Value>128</Value>
      </HeartRateBpm>
      <Cadence>83</Cadence>
      <Extensions>
       <Speed>7.970000</Speed>
      </Extensions>
     </Trackpoint>
     <Trackpoint>
      <Time>2026-06-10T08:23:46Z</Time>
      <Position>
       <LatitudeDegrees>35.6905244</LatitudeDegrees>
       <LongitudeDegrees>139.8157094</LongitudeDegrees>
      </Position>
      <AltitudeMeters>3</AltitudeMeters>
      <DistanceMeters>712</DistanceMeters>
      <HeartRateBpm>
       <Value>128</Value>
      </HeartRateBpm>
      <Cadence>84</Cadence>
      <Extensions>
       <Speed>8.100000</Speed>
      </Extensions>
     </Trackpoint>
     <Trackpoint>
      <Time>2026-06-10T08:23:47Z</Time>
      <Position>
       <LatitudeDegrees>35.6905087</LatitudeDegrees>
       <LongitudeDegrees>139.8157127</LongitudeDegrees>
      </Position>
      <AltitudeMeters>3</AltitudeMeters>
      <DistanceMeters>714</DistanceMeters>
      <HeartRateBpm>
       <Value>128</Value>
      </HeartRateBpm>
      <Cadence>83</Cadence>
      <Extensions>
       <Speed>8.130000</Speed>
      </Extensions>
     </Trackpoint>
     <Trackpoint>
      <Time>2026-06-10T08:23:48Z</Time>
      <Position>
       <LatitudeDegrees>35.6904930</LatitudeDegrees>
       <LongitudeDegrees>139.8157160</LongitudeDegrees>
      </Position>
      <AltitudeMeters>3</AltitudeMeters>
      <DistanceMeters>715</DistanceMeters>
      <HeartRateBpm>
       <Value>129</Value>
      </HeartRateBpm>
      <Cadence>83</Cadence>
      <Extensions>
       <Speed>8.160000</Speed>
      </Extensions>
     </Trackpoint>
     <Trackpoint>
      <Time>2026-06-10T08:23:49Z</Time>
      <Position>
       <LatitudeDegrees>35.6904789</LatitudeDegrees>
       <LongitudeDegrees>139.8157183</LongitudeDegrees>
      </Position>
      <AltitudeMeters>3</AltitudeMeters>
      <DistanceMeters>717</DistanceMeters>
      <HeartRateBpm>
       <Value>129</Value>
      </HeartRateBpm>
      <Cadence>81</Cadence>
      <Extensions>
       <Speed>8.080000</Speed>
      </Extensions>
     </Trackpoint>
     <Trackpoint>
      <Time>2026-06-10T08:23:50Z</Time>
      <Position>
       <LatitudeDegrees>35.6904649</LatitudeDegrees>
       <LongitudeDegrees>139.8157206</LongitudeDegrees>
      </Position>
      <AltitudeMeters>3</AltitudeMeters>
      <DistanceMeters>719</DistanceMeters>
      <HeartRateBpm>
       <Value>129</Value>
      </HeartRateBpm>
      <Cadence>80</Cadence>
      <Extensions>
       <Speed>8.000000</Speed>
      </Extensions>
     </Trackpoint>
     <Trackpoint>
      <Time>2026-06-10T08:23:51Z</Time>
      <Position>
       <LatitudeDegrees>35.6904489</LatitudeDegrees>
       <LongitudeDegrees>139.8157243</LongitudeDegrees>
      </Position>
      <AltitudeMeters>3</AltitudeMeters>
      <DistanceMeters>721</DistanceMeters>
      <HeartRateBpm>
       <Value>129</Value>
      </HeartRateBpm>
      <Cadence>80</Cadence>
      <Extensions>
       <Speed>7.910000</Speed>
      </Extensions>
     </Trackpoint>
     <Trackpoint>
      <Time>2026-06-10T08:23:52Z</Time>
      <Position>
       <LatitudeDegrees>35.6904329</LatitudeDegrees>
       <LongitudeDegrees>139.8157281</LongitudeDegrees>
      </Position>
      <AltitudeMeters>3</AltitudeMeters>
      <DistanceMeters>723</DistanceMeters>
      <HeartRateBpm>
       <Value>129</Value>
      </HeartRateBpm>
      <Cadence>80</Cadence>
      <Extensions>
       <Speed>7.820000</Speed>
      </Extensions>
     </Trackpoint>
     <Trackpoint>
      <Time>2026-06-10T08:23:53Z</Time>
      <Position>
       <LatitudeDegrees>35.6904153</LatitudeDegrees>
       <LongitudeDegrees>139.8157339</LongitudeDegrees>
      </Position>
      <AltitudeMeters>3</AltitudeMeters>
      <DistanceMeters>725</DistanceMeters>
      <HeartRateBpm>
       <Value>129</Value>
      </HeartRateBpm>
      <Cadence>80</Cadence>
      <Extensions>
       <Speed>7.750000</Speed>
      </Extensions>
     </Trackpoint>
     <Trackpoint>
      <Time>2026-06-10T08:23:54Z</Time>
      <Position>
       <LatitudeDegrees>35.6903978</LatitudeDegrees>
       <LongitudeDegrees>139.8157398</LongitudeDegrees>
      </Position>
      <AltitudeMeters>3</AltitudeMeters>
      <DistanceMeters>727</DistanceMeters>
      <HeartRateBpm>
       <Value>129</Value>
      </HeartRateBpm>
      <Cadence>80</Cadence>
      <Extensions>
       <Speed>7.690000</Speed>
      </Extensions>
     </Trackpoint>
     <Trackpoint>
      <Time>2026-06-10T08:23:55Z</Time>
      <Position>
       <LatitudeDegrees>35.6903803</LatitudeDegrees>
       <LongitudeDegrees>139.8157451</LongitudeDegrees>
      </Position>
      <AltitudeMeters>3</AltitudeMeters>
      <DistanceMeters>729</DistanceMeters>
      <HeartRateBpm>
       <Value>129</Value>
      </HeartRateBpm>
      <Cadence>80</Cadence>
      <Extensions>
       <Speed>7.670000</Speed>
      </Extensions>
     </Trackpoint>
     <Trackpoint>
      <Time>2026-06-10T08:23:56Z</Time>
      <Position>
       <LatitudeDegrees>35.6903628</LatitudeDegrees>
       <LongitudeDegrees>139.8157505</LongitudeDegrees>
      </Position>
      <AltitudeMeters>3</AltitudeMeters>
      <DistanceMeters>731</DistanceMeters>
      <HeartRateBpm>
       <Value>129</Value>
      </HeartRateBpm>
      <Cadence>80</Cadence>
      <Extensions>
       <Speed>7.650000</Speed>
      </Extensions>
     </Trackpoint>
     <Trackpoint>
      <Time>2026-06-10T08:23:57Z</Time>
      <Position>
       <LatitudeDegrees>35.6903462</LatitudeDegrees>
       <LongitudeDegrees>139.8157499</LongitudeDegrees>
      </Position>
      <AltitudeMeters>3</AltitudeMeters>
      <DistanceMeters>733</DistanceMeters>
      <HeartRateBpm>
       <Value>129</Value>
      </HeartRateBpm>
      <Cadence>80</Cadence>
      <Extensions>
       <Speed>7.640000</Speed>
      </Extensions>
     </Trackpoint>
     <Trackpoint>
      <Time>2026-06-10T08:23:58Z</Time>
      <Position>
       <LatitudeDegrees>35.6903296</LatitudeDegrees>
       <LongitudeDegrees>139.8157494</LongitudeDegrees>
      </Position>
      <AltitudeMeters>3</AltitudeMeters>
      <DistanceMeters>735</DistanceMeters>
      <HeartRateBpm>
       <Value>130</Value>
      </HeartRateBpm>
      <Cadence>80</Cadence>
      <Extensions>
       <Speed>7.630000</Speed>
      </Extensions>
     </Trackpoint>
     <Trackpoint>
      <Time>2026-06-10T08:23:59Z</Time>
      <Position>
       <LatitudeDegrees>35.6903124</LatitudeDegrees>
       <LongitudeDegrees>139.8157427</LongitudeDegrees>
      </Position>
      <AltitudeMeters>3</AltitudeMeters>
      <DistanceMeters>737</DistanceMeters>
      <HeartRateBpm>
       <Value>130</Value>
      </HeartRateBpm>
      <Cadence>80</Cadence>
      <Extensions>
       <Speed>7.620000</Speed>
      </Extensions>
     </Trackpoint>
     <Trackpoint>
      <Time>2026-06-10T08:24:00Z</Time>
      <Position>
       <LatitudeDegrees>35.6902953</LatitudeDegrees>
       <LongitudeDegrees>139.8157361</LongitudeDegrees>
      </Position>
      <AltitudeMeters>3</AltitudeMeters>
      <DistanceMeters>739</DistanceMeters>
      <HeartRateBpm>
       <Value>130</Value>
      </HeartRateBpm>
      <Cadence>80</Cadence>
      <Extensions>
       <Speed>7.620000</Speed>
      </Extensions>
     </Trackpoint>
     <Trackpoint>
      <Time>2026-06-10T08:24:01Z</Time>
      <Position>
       <LatitudeDegrees>35.6902773</LatitudeDegrees>
       <LongitudeDegrees>139.8157324</LongitudeDegrees>
      </Position>
      <AltitudeMeters>3</AltitudeMeters>
      <DistanceMeters>741</DistanceMeters>
      <HeartRateBpm>
       <Value>130</Value>
      </HeartRateBpm>
      <Cadence>80</Cadence>
      <Extensions>
       <Speed>7.610000</Speed>
      </Extensions>
     </Trackpoint>
     <Trackpoint>
      <Time>2026-06-10T08:24:02Z</Time>
      <Position>
       <LatitudeDegrees>35.6902593</LatitudeDegrees>
       <LongitudeDegrees>139.8157287</LongitudeDegrees>
      </Position>
      <AltitudeMeters>3</AltitudeMeters>
      <DistanceMeters>743</DistanceMeters>
      <HeartRateBpm>
       <Value>130</Value>
      </HeartRateBpm>
      <Cadence>80</Cadence>
      <Extensions>
       <Speed>7.600000</Speed>
      </Extensions>
     </Trackpoint>
     <Trackpoint>
      <Time>2026-06-10T08:24:03Z</Time>
      <Position>
       <LatitudeDegrees>35.6902419</LatitudeDegrees>
       <LongitudeDegrees>139.8157282</LongitudeDegrees>
      </Position>
      <AltitudeMeters>3</AltitudeMeters>
      <DistanceMeters>745</DistanceMeters>
      <HeartRateBpm>
       <Value>130</Value>
      </HeartRateBpm>
      <Cadence>80</Cadence>
      <Extensions>
       <Speed>7.590000</Speed>
      </Extensions>
     </Trackpoint>
     <Trackpoint>
      <Time>2026-06-10T08:24:04Z</Time>
      <Position>
       <LatitudeDegrees>35.6902246</LatitudeDegrees>
       <LongitudeDegrees>139.8157278</LongitudeDegrees>
      </Position>
      <AltitudeMeters>3</AltitudeMeters>
      <DistanceMeters>747</DistanceMeters>
      <HeartRateBpm>
       <Value>130</Value>
      </HeartRateBpm>
      <Cadence>80</Cadence>
      <Extensions>
       <Speed>7.580000</Speed>
      </Extensions>
     </Trackpoint>
     <Trackpoint>
      <Time>2026-06-10T08:24:05Z</Time>
      <Position>
       <LatitudeDegrees>35.6902069</LatitudeDegrees>
       <LongitudeDegrees>139.8157317</LongitudeDegrees>
      </Position>
      <AltitudeMeters>3</AltitudeMeters>
      <DistanceMeters>749</DistanceMeters>
      <HeartRateBpm>
       <Value>130</Value>
      </HeartRateBpm>
      <Cadence>80</Cadence>
      <Extensions>
       <Speed>7.570000</Speed>
      </Extensions>
     </Trackpoint>
     <Trackpoint>
      <Time>2026-06-10T08:24:06Z</Time>
      <Position>
       <LatitudeDegrees>35.6901893</LatitudeDegrees>
       <LongitudeDegrees>139.8157357</LongitudeDegrees>
      </Position>
      <AltitudeMeters>3</AltitudeMeters>
      <DistanceMeters>751</DistanceMeters>
      <HeartRateBpm>
       <Value>130</Value>
      </HeartRateBpm>
      <Cadence>80</Cadence>
      <Extensions>
       <Speed>7.560000</Speed>
      </Extensions>
     </Trackpoint>
     <Trackpoint>
      <Time>2026-06-10T08:24:07Z</Time>
      <Position>
       <LatitudeDegrees>35.6901728</LatitudeDegrees>
       <LongitudeDegrees>139.8157398</LongitudeDegrees>
      </Position>
      <AltitudeMeters>3</AltitudeMeters>
      <DistanceMeters>752</DistanceMeters>
      <HeartRateBpm>
       <Value>130</Value>
      </HeartRateBpm>
      <Cadence>80</Cadence>
      <Extensions>
       <Speed>7.550000</Speed>
      </Extensions>
     </Trackpoint>
     <Trackpoint>
      <Time>2026-06-10T08:24:08Z</Time>
      <Position>
       <LatitudeDegrees>35.6901563</LatitudeDegrees>
       <LongitudeDegrees>139.8157439</LongitudeDegrees>
      </Position>
      <AltitudeMeters>3</AltitudeMeters>
      <DistanceMeters>754</DistanceMeters>
      <HeartRateBpm>
       <Value>130</Value>
      </HeartRateBpm>
      <Cadence>80</Cadence>
      <Extensions>
       <Speed>7.540000</Speed>
      </Extensions>
     </Trackpoint>
     <Trackpoint>
      <Time>2026-06-10T08:24:09Z</Time>
      <Position>
       <LatitudeDegrees>35.6901417</LatitudeDegrees>
       <LongitudeDegrees>139.8157473</LongitudeDegrees>
      </Position>
      <AltitudeMeters>3</AltitudeMeters>
      <DistanceMeters>756</DistanceMeters>
      <HeartRateBpm>
       <Value>130</Value>
      </HeartRateBpm>
      <Cadence>80</Cadence>
      <Extensions>
       <Speed>7.520000</Speed>
      </Extensions>
     </Trackpoint>
     <Trackpoint>
      <Time>2026-06-10T08:24:10Z</Time>
      <Position>
       <LatitudeDegrees>35.6901272</LatitudeDegrees>
       <LongitudeDegrees>139.8157507</LongitudeDegrees>
      </Position>
      <AltitudeMeters>3</AltitudeMeters>
      <DistanceMeters>757</DistanceMeters>
      <HeartRateBpm>
       <Value>131</Value>
      </HeartRateBpm>
      <Cadence>80</Cadence>
      <Extensions>
       <Speed>7.500000</Speed>
      </Extensions>
     </Trackpoint>
     <Trackpoint>
      <Time>2026-06-10T08:24:11Z</Time>
      <Position>
       <LatitudeDegrees>35.6901108</LatitudeDegrees>
       <LongitudeDegrees>139.8157521</LongitudeDegrees>
      </Position>
      <AltitudeMeters>3</AltitudeMeters>
      <DistanceMeters>760</DistanceMeters>
      <HeartRateBpm>
       <Value>131</Value>
      </HeartRateBpm>
      <Cadence>80</Cadence>
      <Extensions>
       <Speed>7.460000</Speed>
      </Extensions>
     </Trackpoint>
     <Trackpoint>
      <Time>2026-06-10T08:24:12Z</Time>
      <Position>
       <LatitudeDegrees>35.6900945</LatitudeDegrees>
       <LongitudeDegrees>139.8157536</LongitudeDegrees>
      </Position>
      <AltitudeMeters>3</AltitudeMeters>
      <DistanceMeters>762</DistanceMeters>
      <HeartRateBpm>
       <Value>131</Value>
      </HeartRateBpm>
      <Cadence>80</Cadence>
      <Extensions>
       <Speed>7.430000</Speed>
      </Extensions>
     </Trackpoint>
     <Trackpoint>
      <Time>2026-06-10T08:24:13Z</Time>
      <Position>
       <LatitudeDegrees>35.6900762</LatitudeDegrees>
       <LongitudeDegrees>139.8157551</LongitudeDegrees>
      </Position>
      <AltitudeMeters>2</AltitudeMeters>
      <DistanceMeters>764</DistanceMeters>
      <HeartRateBpm>
       <Value>131</Value>
      </HeartRateBpm>
      <Cadence>80</Cadence>
      <Extensions>
       <Speed>7.400000</Speed>
      </Extensions>
     </Trackpoint>
     <Trackpoint>
      <Time>2026-06-10T08:24:14Z</Time>
      <Position>
       <LatitudeDegrees>35.6900580</LatitudeDegrees>
       <LongitudeDegrees>139.8157567</LongitudeDegrees>
      </Position>
      <AltitudeMeters>2</AltitudeMeters>
      <DistanceMeters>766</DistanceMeters>
      <HeartRateBpm>
       <Value>130</Value>
      </HeartRateBpm>
      <Cadence>80</Cadence>
      <Extensions>
       <Speed>7.370000</Speed>
      </Extensions>
     </Trackpoint>
     <Trackpoint>
      <Time>2026-06-10T08:24:15Z</Time>
      <Position>
       <LatitudeDegrees>35.6900387</LatitudeDegrees>
       <LongitudeDegrees>139.8157578</LongitudeDegrees>
      </Position>
      <AltitudeMeters>2</AltitudeMeters>
      <DistanceMeters>768</DistanceMeters>
      <HeartRateBpm>
       <Value>130</Value>
      </HeartRateBpm>
      <Cadence>80</Cadence>
      <Extensions>
       <Speed>7.350000</Speed>
      </Extensions>
     </Trackpoint>
     <Trackpoint>
      <Time>2026-06-10T08:24:16Z</Time>
      <Position>
       <LatitudeDegrees>35.6900195</LatitudeDegrees>
       <LongitudeDegrees>139.8157589</LongitudeDegrees>
      </Position>
      <AltitudeMeters>2</AltitudeMeters>
      <DistanceMeters>770</DistanceMeters>
      <HeartRateBpm>
       <Value>130</Value>
      </HeartRateBpm>
      <Cadence>80</Cadence>
      <Extensions>
       <Speed>7.340000</Speed>
      </Extensions>
     </Trackpoint>
     <Trackpoint>
      <Time>2026-06-10T08:24:17Z</Time>
      <Position>
       <LatitudeDegrees>35.6900000</LatitudeDegrees>
       <LongitudeDegrees>139.8157591</LongitudeDegrees>
      </Position>
      <AltitudeMeters>2</AltitudeMeters>
      <DistanceMeters>772</DistanceMeters>
      <HeartRateBpm>
       <Value>130</Value>
      </HeartRateBpm>
      <Cadence>80</Cadence>
      <Extensions>
       <Speed>7.300000</Speed>
      </Extensions>
     </Trackpoint>
     <Trackpoint>
      <Time>2026-06-10T08:24:18Z</Time>
      <Position>
       <LatitudeDegrees>35.6899806</LatitudeDegrees>
       <LongitudeDegrees>139.8157593</LongitudeDegrees>
      </Position>
      <AltitudeMeters>2</AltitudeMeters>
      <DistanceMeters>774</DistanceMeters>
      <HeartRateBpm>
       <Value>129</Value>
      </HeartRateBpm>
      <Cadence>80</Cadence>
      <Extensions>
       <Speed>7.270000</Speed>
      </Extensions>
     </Trackpoint>
     <Trackpoint>
      <Time>2026-06-10T08:24:19Z</Time>
      <Position>
       <LatitudeDegrees>35.6899622</LatitudeDegrees>
       <LongitudeDegrees>139.8157628</LongitudeDegrees>
      </Position>
      <AltitudeMeters>2</AltitudeMeters>
      <DistanceMeters>776</DistanceMeters>
      <HeartRateBpm>
       <Value>129</Value>
      </HeartRateBpm>
      <Cadence>80</Cadence>
      <Extensions>
       <Speed>7.250000</Speed>
      </Extensions>
     </Trackpoint>
     <Trackpoint>
      <Time>2026-06-10T08:24:20Z</Time>
      <Position>
       <LatitudeDegrees>35.6899439</LatitudeDegrees>
       <LongitudeDegrees>139.8157664</LongitudeDegrees>
      </Position>
      <AltitudeMeters>2</AltitudeMeters>
      <DistanceMeters>778</DistanceMeters>
      <HeartRateBpm>
       <Value>129</Value>
      </HeartRateBpm>
      <Cadence>80</Cadence>
      <Extensions>
       <Speed>7.240000</Speed>
      </Extensions>
     </Trackpoint>
     <Trackpoint>
      <Time>2026-06-10T08:24:21Z</Time>
      <Position>
       <LatitudeDegrees>35.6899264</LatitudeDegrees>
       <LongitudeDegrees>139.8157716</LongitudeDegrees>
      </Position>
      <AltitudeMeters>2</AltitudeMeters>
      <DistanceMeters>780</DistanceMeters>
      <HeartRateBpm>
       <Value>129</Value>
      </HeartRateBpm>
      <Cadence>80</Cadence>
      <Extensions>
       <Speed>7.240000</Speed>
      </Extensions>
     </Trackpoint>
     <Trackpoint>
      <Time>2026-06-10T08:24:22Z</Time>
      <Position>
       <LatitudeDegrees>35.6899089</LatitudeDegrees>
       <LongitudeDegrees>139.8157769</LongitudeDegrees>
      </Position>
      <AltitudeMeters>2</AltitudeMeters>
      <DistanceMeters>782</DistanceMeters>
      <HeartRateBpm>
       <Value>129</Value>
      </HeartRateBpm>
      <Cadence>80</Cadence>
      <Extensions>
       <Speed>7.250000</Speed>
      </Extensions>
     </Trackpoint>
     <Trackpoint>
      <Time>2026-06-10T08:24:23Z</Time>
      <Position>
       <LatitudeDegrees>35.6898933</LatitudeDegrees>
       <LongitudeDegrees>139.8157790</LongitudeDegrees>
      </Position>
      <AltitudeMeters>2</AltitudeMeters>
      <DistanceMeters>784</DistanceMeters>
      <HeartRateBpm>
       <Value>129</Value>
      </HeartRateBpm>
      <Cadence>79</Cadence>
      <Extensions>
       <Speed>7.250000</Speed>
      </Extensions>
     </Trackpoint>
     <Trackpoint>
      <Time>2026-06-10T08:24:24Z</Time>
      <Position>
       <LatitudeDegrees>35.6898778</LatitudeDegrees>
       <LongitudeDegrees>139.8157812</LongitudeDegrees>
      </Position>
      <AltitudeMeters>2</AltitudeMeters>
      <DistanceMeters>785</DistanceMeters>
      <HeartRateBpm>
       <Value>128</Value>
      </HeartRateBpm>
      <Cadence>79</Cadence>
      <Extensions>
       <Speed>7.250000</Speed>
      </Extensions>
     </Trackpoint>
     <Trackpoint>
      <Time>2026-06-10T08:24:25Z</Time>
      <Position>
       <LatitudeDegrees>35.6898631</LatitudeDegrees>
       <LongitudeDegrees>139.8157814</LongitudeDegrees>
      </Position>
      <AltitudeMeters>2</AltitudeMeters>
      <DistanceMeters>786</DistanceMeters>
      <HeartRateBpm>
       <Value>128</Value>
      </HeartRateBpm>
      <Cadence>79</Cadence>
      <Extensions>
       <Speed>7.240000</Speed>
      </Extensions>
     </Trackpoint>
     <Trackpoint>
      <Time>2026-06-10T08:24:26Z</Time>
      <Position>
       <LatitudeDegrees>35.6898485</LatitudeDegrees>
       <LongitudeDegrees>139.8157817</LongitudeDegrees>
      </Position>
      <AltitudeMeters>2</AltitudeMeters>
      <DistanceMeters>788</DistanceMeters>
      <HeartRateBpm>
       <Value>128</Value>
      </HeartRateBpm>
      <Cadence>79</Cadence>
      <Extensions>
       <Speed>7.240000</Speed>
      </Extensions>
     </Trackpoint>
     <Trackpoint>
      <Time>2026-06-10T08:24:27Z</Time>
      <Position>
       <LatitudeDegrees>35.6898326</LatitudeDegrees>
       <LongitudeDegrees>139.8157820</LongitudeDegrees>
      </Position>
      <AltitudeMeters>2</AltitudeMeters>
      <DistanceMeters>790</DistanceMeters>
      <HeartRateBpm>
       <Value>128</Value>
      </HeartRateBpm>
      <Cadence>79</Cadence>
      <Extensions>
       <Speed>7.210000</Speed>
      </Extensions>
     </Trackpoint>
     <Trackpoint>
      <Time>2026-06-10T08:24:28Z</Time>
      <Position>
       <LatitudeDegrees>35.6898168</LatitudeDegrees>
       <LongitudeDegrees>139.8157823</LongitudeDegrees>
      </Position>
      <AltitudeMeters>2</AltitudeMeters>
      <DistanceMeters>793</DistanceMeters>
      <HeartRateBpm>
       <Value>128</Value>
      </HeartRateBpm>
      <Cadence>79</Cadence>
      <Extensions>
       <Speed>7.180000</Speed>
      </Extensions>
     </Trackpoint>
     <Trackpoint>
      <Time>2026-06-10T08:24:29Z</Time>
      <Position>
       <LatitudeDegrees>35.6897997</LatitudeDegrees>
       <LongitudeDegrees>139.8157819</LongitudeDegrees>
      </Position>
      <AltitudeMeters>2</AltitudeMeters>
      <DistanceMeters>794</DistanceMeters>
      <HeartRateBpm>
       <Value>128</Value>
      </HeartRateBpm>
      <Cadence>79</Cadence>
      <Extensions>
       <Speed>7.160000</Speed>
      </Extensions>
     </Trackpoint>
     <Trackpoint>
      <Time>2026-06-10T08:24:30Z</Time>
      <Position>
       <LatitudeDegrees>35.6897827</LatitudeDegrees>
       <LongitudeDegrees>139.8157816</LongitudeDegrees>
      </Position>
      <AltitudeMeters>2</AltitudeMeters>
      <DistanceMeters>796</DistanceMeters>
      <HeartRateBpm>
       <Value>128</Value>
      </HeartRateBpm>
      <Cadence>79</Cadence>
      <Extensions>
       <Speed>7.150000</Speed>
      </Extensions>
     </Trackpoint>
     <Trackpoint>
      <Time>2026-06-10T08:24:31Z</Time>
      <Position>
       <LatitudeDegrees>35.6897662</LatitudeDegrees>
       <LongitudeDegrees>139.8157815</LongitudeDegrees>
      </Position>
      <AltitudeMeters>2</AltitudeMeters>
      <DistanceMeters>798</DistanceMeters>
      <HeartRateBpm>
       <Value>128</Value>
      </HeartRateBpm>
      <Cadence>79</Cadence>
      <Extensions>
       <Speed>7.140000</Speed>
      </Extensions>
     </Trackpoint>
     <Trackpoint>
      <Time>2026-06-10T08:24:32Z</Time>
      <Position>
       <LatitudeDegrees>35.6897498</LatitudeDegrees>
       <LongitudeDegrees>139.8157814</LongitudeDegrees>
      </Position>
      <AltitudeMeters>2</AltitudeMeters>
      <DistanceMeters>799</DistanceMeters>
      <HeartRateBpm>
       <Value>128</Value>
      </HeartRateBpm>
      <Cadence>79</Cadence>
      <Extensions>
       <Speed>7.130000</Speed>
      </Extensions>
     </Trackpoint>
     <Trackpoint>
      <Time>2026-06-10T08:24:33Z</Time>
      <Position>
       <LatitudeDegrees>35.6897342</LatitudeDegrees>
       <LongitudeDegrees>139.8157817</LongitudeDegrees>
      </Position>
      <AltitudeMeters>2</AltitudeMeters>
      <DistanceMeters>801</DistanceMeters>
      <HeartRateBpm>
       <Value>128</Value>
      </HeartRateBpm>
      <Cadence>79</Cadence>
      <Extensions>
       <Speed>7.120000</Speed>
      </Extensions>
     </Trackpoint>
     <Trackpoint>
      <Time>2026-06-10T08:24:34Z</Time>
      <Position>
       <LatitudeDegrees>35.6897186</LatitudeDegrees>
       <LongitudeDegrees>139.8157821</LongitudeDegrees>
      </Position>
      <AltitudeMeters>2</AltitudeMeters>
      <DistanceMeters>803</DistanceMeters>
      <HeartRateBpm>
       <Value>128</Value>
      </HeartRateBpm>
      <Cadence>80</Cadence>
      <Extensions>
       <Speed>7.120000</Speed>
      </Extensions>
     </Trackpoint>
     <Trackpoint>
      <Time>2026-06-10T08:24:35Z</Time>
      <Position>
       <LatitudeDegrees>35.6897036</LatitudeDegrees>
       <LongitudeDegrees>139.8157817</LongitudeDegrees>
      </Position>
      <AltitudeMeters>2</AltitudeMeters>
      <DistanceMeters>804</DistanceMeters>
      <HeartRateBpm>
       <Value>128</Value>
      </HeartRateBpm>
      <Cadence>80</Cadence>
      <Extensions>
       <Speed>7.110000</Speed>
      </Extensions>
     </Trackpoint>
     <Trackpoint>
      <Time>2026-06-10T08:24:36Z</Time>
      <Position>
       <LatitudeDegrees>35.6896886</LatitudeDegrees>
       <LongitudeDegrees>139.8157813</LongitudeDegrees>
      </Position>
      <AltitudeMeters>2</AltitudeMeters>
      <DistanceMeters>806</DistanceMeters>
      <HeartRateBpm>
       <Value>128</Value>
      </HeartRateBpm>
      <Cadence>80</Cadence>
      <Extensions>
       <Speed>7.100000</Speed>
      </Extensions>
     </Trackpoint>
     <Trackpoint>
      <Time>2026-06-10T08:24:37Z</Time>
      <Position>
       <LatitudeDegrees>35.6896730</LatitudeDegrees>
       <LongitudeDegrees>139.8157822</LongitudeDegrees>
      </Position>
      <AltitudeMeters>3</AltitudeMeters>
      <DistanceMeters>808</DistanceMeters>
      <HeartRateBpm>
       <Value>128</Value>
      </HeartRateBpm>
      <Cadence>80</Cadence>
      <Extensions>
       <Speed>7.080000</Speed>
      </Extensions>
     </Trackpoint>
     <Trackpoint>
      <Time>2026-06-10T08:24:38Z</Time>
      <Position>
       <LatitudeDegrees>35.6896574</LatitudeDegrees>
       <LongitudeDegrees>139.8157831</LongitudeDegrees>
      </Position>
      <AltitudeMeters>3</AltitudeMeters>
      <DistanceMeters>810</DistanceMeters>
      <HeartRateBpm>
       <Value>128</Value>
      </HeartRateBpm>
      <Cadence>80</Cadence>
      <Extensions>
       <Speed>7.060000</Speed>
      </Extensions>
     </Trackpoint>
     <Trackpoint>
      <Time>2026-06-10T08:24:39Z</Time>
      <Position>
       <LatitudeDegrees>35.6896403</LatitudeDegrees>
       <LongitudeDegrees>139.8157861</LongitudeDegrees>
      </Position>
      <AltitudeMeters>3</AltitudeMeters>
      <DistanceMeters>812</DistanceMeters>
      <HeartRateBpm>
       <Value>128</Value>
      </HeartRateBpm>
      <Cadence>79</Cadence>
      <Extensions>
       <Speed>7.040000</Speed>
      </Extensions>
     </Trackpoint>
     <Trackpoint>
      <Time>2026-06-10T08:24:40Z</Time>
      <Position>
       <LatitudeDegrees>35.6896233</LatitudeDegrees>
       <LongitudeDegrees>139.8157892</LongitudeDegrees>
      </Position>
      <AltitudeMeters>3</AltitudeMeters>
      <DistanceMeters>814</DistanceMeters>
      <HeartRateBpm>
       <Value>128</Value>
      </HeartRateBpm>
      <Cadence>79</Cadence>
      <Extensions>
       <Speed>7.030000</Speed>
      </Extensions>
     </Trackpoint>
     <Trackpoint>
      <Time>2026-06-10T08:24:41Z</Time>
      <Position>
       <LatitudeDegrees>35.6896051</LatitudeDegrees>
       <LongitudeDegrees>139.8157908</LongitudeDegrees>
      </Position>
      <AltitudeMeters>3</AltitudeMeters>
      <DistanceMeters>816</DistanceMeters>
      <HeartRateBpm>
       <Value>128</Value>
      </HeartRateBpm>
      <Cadence>79</Cadence>
      <Extensions>
       <Speed>7.020000</Speed>
      </Extensions>
     </Trackpoint>
     <Trackpoint>
      <Time>2026-06-10T08:24:42Z</Time>
      <Position>
       <LatitudeDegrees>35.6895869</LatitudeDegrees>
       <LongitudeDegrees>139.8157925</LongitudeDegrees>
      </Position>
      <AltitudeMeters>3</AltitudeMeters>
      <DistanceMeters>819</DistanceMeters>
      <HeartRateBpm>
       <Value>128</Value>
      </HeartRateBpm>
      <Cadence>79</Cadence>
      <Extensions>
       <Speed>7.020000</Speed>
      </Extensions>
     </Trackpoint>
     <Trackpoint>
      <Time>2026-06-10T08:24:43Z</Time>
      <Position>
       <LatitudeDegrees>35.6895670</LatitudeDegrees>
       <LongitudeDegrees>139.8157953</LongitudeDegrees>
      </Position>
      <AltitudeMeters>3</AltitudeMeters>
      <DistanceMeters>821</DistanceMeters>
      <HeartRateBpm>
       <Value>128</Value>
      </HeartRateBpm>
      <Cadence>79</Cadence>
      <Extensions>
       <Speed>7.000000</Speed>
      </Extensions>
     </Trackpoint>
     <Trackpoint>
      <Time>2026-06-10T08:24:44Z</Time>
      <Position>
       <LatitudeDegrees>35.6895471</LatitudeDegrees>
       <LongitudeDegrees>139.8157981</LongitudeDegrees>
      </Position>
      <AltitudeMeters>3</AltitudeMeters>
      <DistanceMeters>823</DistanceMeters>
      <HeartRateBpm>
       <Value>128</Value>
      </HeartRateBpm>
      <Cadence>79</Cadence>
      <Extensions>
       <Speed>6.990000</Speed>
      </Extensions>
     </Trackpoint>
     <Trackpoint>
      <Time>2026-06-10T08:24:45Z</Time>
      <Position>
       <LatitudeDegrees>35.6895261</LatitudeDegrees>
       <LongitudeDegrees>139.8158012</LongitudeDegrees>
      </Position>
      <AltitudeMeters>3</AltitudeMeters>
      <DistanceMeters>826</DistanceMeters>
      <HeartRateBpm>
       <Value>127</Value>
      </HeartRateBpm>
      <Cadence>79</Cadence>
      <Extensions>
       <Speed>7.000000</Speed>
      </Extensions>
     </Trackpoint>
     <Trackpoint>
      <Time>2026-06-10T08:24:46Z</Time>
      <Position>
       <LatitudeDegrees>35.6895052</LatitudeDegrees>
       <LongitudeDegrees>139.8158044</LongitudeDegrees>
      </Position>
      <AltitudeMeters>3</AltitudeMeters>
      <DistanceMeters>828</DistanceMeters>
      <HeartRateBpm>
       <Value>127</Value>
      </HeartRateBpm>
      <Cadence>79</Cadence>
      <Extensions>
       <Speed>7.010000</Speed>
      </Extensions>
     </Trackpoint>
     <Trackpoint>
      <Time>2026-06-10T08:24:47Z</Time>
      <Position>
       <LatitudeDegrees>35.6894852</LatitudeDegrees>
       <LongitudeDegrees>139.8158067</LongitudeDegrees>
      </Position>
      <AltitudeMeters>3</AltitudeMeters>
      <DistanceMeters>830</DistanceMeters>
      <HeartRateBpm>
       <Value>127</Value>
      </HeartRateBpm>
      <Cadence>79</Cadence>
      <Extensions>
       <Speed>7.020000</Speed>
      </Extensions>
     </Trackpoint>
     <Trackpoint>
      <Time>2026-06-10T08:24:48Z</Time>
      <Position>
       <LatitudeDegrees>35.6894653</LatitudeDegrees>
       <LongitudeDegrees>139.8158090</LongitudeDegrees>
      </Position>
      <AltitudeMeters>3</AltitudeMeters>
      <DistanceMeters>832</DistanceMeters>
      <HeartRateBpm>
       <Value>128</Value>
      </HeartRateBpm>
      <Cadence>79</Cadence>
      <Extensions>
       <Speed>7.040000</Speed>
      </Extensions>
     </Trackpoint>
     <Trackpoint>
      <Time>2026-06-10T08:24:49Z</Time>
      <Position>
       <LatitudeDegrees>35.6894452</LatitudeDegrees>
       <LongitudeDegrees>139.8158110</LongitudeDegrees>
      </Position>
      <AltitudeMeters>3</AltitudeMeters>
      <DistanceMeters>834</DistanceMeters>
      <HeartRateBpm>
       <Value>128</Value>
      </HeartRateBpm>
      <Cadence>79</Cadence>
      <Extensions>
       <Speed>7.050000</Speed>
      </Extensions>
     </Trackpoint>
     <Trackpoint>
      <Time>2026-06-10T08:24:50Z</Time>
      <Position>
       <LatitudeDegrees>35.6894251</LatitudeDegrees>
       <LongitudeDegrees>139.8158131</LongitudeDegrees>
      </Position>
      <AltitudeMeters>3</AltitudeMeters>
      <DistanceMeters>836</DistanceMeters>
      <HeartRateBpm>
       <Value>128</Value>
      </HeartRateBpm>
      <Cadence>79</Cadence>
      <Extensions>
       <Speed>7.060000</Speed>
      </Extensions>
     </Trackpoint>
     <Trackpoint>
      <Time>2026-06-10T08:24:51Z</Time>
      <Position>
       <LatitudeDegrees>35.6894083</LatitudeDegrees>
       <LongitudeDegrees>139.8158175</LongitudeDegrees>
      </Position>
      <AltitudeMeters>3</AltitudeMeters>
      <DistanceMeters>838</DistanceMeters>
      <HeartRateBpm>
       <Value>128</Value>
      </HeartRateBpm>
      <Cadence>79</Cadence>
      <Extensions>
       <Speed>7.060000</Speed>
      </Extensions>
     </Trackpoint>
     <Trackpoint>
      <Time>2026-06-10T08:24:52Z</Time>
      <Position>
       <LatitudeDegrees>35.6893916</LatitudeDegrees>
       <LongitudeDegrees>139.8158219</LongitudeDegrees>
      </Position>
      <AltitudeMeters>3</AltitudeMeters>
      <DistanceMeters>839</DistanceMeters>
      <HeartRateBpm>
       <Value>128</Value>
      </HeartRateBpm>
      <Cadence>79</Cadence>
      <Extensions>
       <Speed>7.070000</Speed>
      </Extensions>
     </Trackpoint>
     <Trackpoint>
      <Time>2026-06-10T08:24:53Z</Time>
      <Position>
       <LatitudeDegrees>35.6893760</LatitudeDegrees>
       <LongitudeDegrees>139.8158274</LongitudeDegrees>
      </Position>
      <AltitudeMeters>3</AltitudeMeters>
      <DistanceMeters>842</DistanceMeters>
      <HeartRateBpm>
       <Value>128</Value>
      </HeartRateBpm>
      <Cadence>79</Cadence>
      <Extensions>
       <Speed>7.070000</Speed>
      </Extensions>
     </Trackpoint>
     <Trackpoint>
      <Time>2026-06-10T08:24:54Z</Time>
      <Position>
       <LatitudeDegrees>35.6893605</LatitudeDegrees>
       <LongitudeDegrees>139.8158329</LongitudeDegrees>
      </Position>
      <AltitudeMeters>3</AltitudeMeters>
      <DistanceMeters>844</DistanceMeters>
      <HeartRateBpm>
       <Value>128</Value>
      </HeartRateBpm>
      <Cadence>79</Cadence>
      <Extensions>
       <Speed>7.080000</Speed>
      </Extensions>
     </Trackpoint>
     <Trackpoint>
      <Time>2026-06-10T08:24:55Z</Time>
      <Position>
       <LatitudeDegrees>35.6893437</LatitudeDegrees>
       <LongitudeDegrees>139.8158370</LongitudeDegrees>
      </Position>
      <AltitudeMeters>3</AltitudeMeters>
      <DistanceMeters>846</DistanceMeters>
      <HeartRateBpm>
       <Value>128</Value>
      </HeartRateBpm>
      <Cadence>79</Cadence>
      <Extensions>
       <Speed>7.080000</Speed>
      </Extensions>
     </Trackpoint>
     <Trackpoint>
      <Time>2026-06-10T08:24:56Z</Time>
      <Position>
       <LatitudeDegrees>35.6893269</LatitudeDegrees>
       <LongitudeDegrees>139.8158412</LongitudeDegrees>
      </Position>
      <AltitudeMeters>3</AltitudeMeters>
      <DistanceMeters>847</DistanceMeters>
      <HeartRateBpm>
       <Value>128</Value>
      </HeartRateBpm>
      <Cadence>79</Cadence>
      <Extensions>
       <Speed>7.080000</Speed>
      </Extensions>
     </Trackpoint>
     <Trackpoint>
      <Time>2026-06-10T08:24:57Z</Time>
      <Position>
       <LatitudeDegrees>35.6893093</LatitudeDegrees>
       <LongitudeDegrees>139.8158440</LongitudeDegrees>
      </Position>
      <AltitudeMeters>3</AltitudeMeters>
      <DistanceMeters>850</DistanceMeters>
      <HeartRateBpm>
       <Value>128</Value>
      </HeartRateBpm>
      <Cadence>79</Cadence>
      <Extensions>
       <Speed>7.070000</Speed>
      </Extensions>
     </Trackpoint>
     <Trackpoint>
      <Time>2026-06-10T08:24:58Z</Time>
      <Position>
       <LatitudeDegrees>35.6892917</LatitudeDegrees>
       <LongitudeDegrees>139.8158469</LongitudeDegrees>
      </Position>
      <AltitudeMeters>3</AltitudeMeters>
      <DistanceMeters>852</DistanceMeters>
      <HeartRateBpm>
       <Value>128</Value>
      </HeartRateBpm>
      <Cadence>79</Cadence>
      <Extensions>
       <Speed>7.070000</Speed>
      </Extensions>
     </Trackpoint>
     <Trackpoint>
      <Time>2026-06-10T08:24:59Z</Time>
      <Position>
       <LatitudeDegrees>35.6892722</LatitudeDegrees>
       <LongitudeDegrees>139.8158455</LongitudeDegrees>
      </Position>
      <AltitudeMeters>3</AltitudeMeters>
      <DistanceMeters>854</DistanceMeters>
      <HeartRateBpm>
       <Value>127</Value>
      </HeartRateBpm>
      <Cadence>79</Cadence>
      <Extensions>
       <Speed>7.070000</Speed>
      </Extensions>
     </Trackpoint>
     <Trackpoint>
      <Time>2026-06-10T08:25:00Z</Time>
      <Position>
       <LatitudeDegrees>35.6892528</LatitudeDegrees>
       <LongitudeDegrees>139.8158441</LongitudeDegrees>
      </Position>
      <AltitudeMeters>3</AltitudeMeters>
      <DistanceMeters>856</DistanceMeters>
      <HeartRateBpm>
       <Value>127</Value>
      </HeartRateBpm>
      <Cadence>79</Cadence>
      <Extensions>
       <Speed>7.080000</Speed>
      </Extensions>
     </Trackpoint>
     <Trackpoint>
      <Time>2026-06-10T08:25:01Z</Time>
      <Position>
       <LatitudeDegrees>35.6892340</LatitudeDegrees>
       <LongitudeDegrees>139.8158421</LongitudeDegrees>
      </Position>
      <AltitudeMeters>3</AltitudeMeters>
      <DistanceMeters>858</DistanceMeters>
      <HeartRateBpm>
       <Value>127</Value>
      </HeartRateBpm>
      <Cadence>79</Cadence>
      <Extensions>
       <Speed>7.090000</Speed>
      </Extensions>
     </Trackpoint>
     <Trackpoint>
      <Time>2026-06-10T08:25:02Z</Time>
      <Position>
       <LatitudeDegrees>35.6892152</LatitudeDegrees>
       <LongitudeDegrees>139.8158401</LongitudeDegrees>
      </Position>
      <AltitudeMeters>3</AltitudeMeters>
      <DistanceMeters>860</DistanceMeters>
      <HeartRateBpm>
       <Value>127</Value>
      </HeartRateBpm>
      <Cadence>79</Cadence>
      <Extensions>
       <Speed>7.100000</Speed>
      </Extensions>
     </Trackpoint>
     <Trackpoint>
      <Time>2026-06-10T08:25:03Z</Time>
      <Position>
       <LatitudeDegrees>35.6891995</LatitudeDegrees>
       <LongitudeDegrees>139.8158416</LongitudeDegrees>
      </Position>
      <AltitudeMeters>2</AltitudeMeters>
      <DistanceMeters>862</DistanceMeters>
      <HeartRateBpm>
       <Value>127</Value>
      </HeartRateBpm>
      <Cadence>79</Cadence>
      <Extensions>
       <Speed>7.110000</Speed>
      </Extensions>
     </Trackpoint>
     <Trackpoint>
      <Time>2026-06-10T08:25:04Z</Time>
      <Position>
       <LatitudeDegrees>35.6891839</LatitudeDegrees>
       <LongitudeDegrees>139.8158431</LongitudeDegrees>
      </Position>
      <AltitudeMeters>2</AltitudeMeters>
      <DistanceMeters>863</DistanceMeters>
      <HeartRateBpm>
       <Value>127</Value>
      </HeartRateBpm>
      <Cadence>79</Cadence>
      <Extensions>
       <Speed>7.120000</Speed>
      </Extensions>
     </Trackpoint>
     <Trackpoint>
      <Time>2026-06-10T08:25:05Z</Time>
      <Position>
       <LatitudeDegrees>35.6891690</LatitudeDegrees>
       <LongitudeDegrees>139.8158511</LongitudeDegrees>
      </Position>
      <AltitudeMeters>2</AltitudeMeters>
      <DistanceMeters>866</DistanceMeters>
      <HeartRateBpm>
       <Value>127</Value>
      </HeartRateBpm>
      <Cadence>79</Cadence>
      <Extensions>
       <Speed>7.120000</Speed>
      </Extensions>
     </Trackpoint>
     <Trackpoint>
      <Time>2026-06-10T08:25:06Z</Time>
      <Position>
       <LatitudeDegrees>35.6891541</LatitudeDegrees>
       <LongitudeDegrees>139.8158591</LongitudeDegrees>
      </Position>
      <AltitudeMeters>2</AltitudeMeters>
      <DistanceMeters>868</DistanceMeters>
      <HeartRateBpm>
       <Value>127</Value>
      </HeartRateBpm>
      <Cadence>79</Cadence>
      <Extensions>
       <Speed>7.130000</Speed>
      </Extensions>
     </Trackpoint>
     <Trackpoint>
      <Time>2026-06-10T08:25:07Z</Time>
      <Position>
       <LatitudeDegrees>35.6891354</LatitudeDegrees>
       <LongitudeDegrees>139.8158693</LongitudeDegrees>
      </Position>
      <AltitudeMeters>2</AltitudeMeters>
      <DistanceMeters>870</DistanceMeters>
      <HeartRateBpm>
       <Value>127</Value>
      </HeartRateBpm>
      <Cadence>79</Cadence>
      <Extensions>
       <Speed>7.160000</Speed>
      </Extensions>
     </Trackpoint>
     <Trackpoint>
      <Time>2026-06-10T08:25:08Z</Time>
      <Position>
       <LatitudeDegrees>35.6891168</LatitudeDegrees>
       <LongitudeDegrees>139.8158796</LongitudeDegrees>
      </Position>
      <AltitudeMeters>2</AltitudeMeters>
      <DistanceMeters>873</DistanceMeters>
      <HeartRateBpm>
       <Value>127</Value>
      </HeartRateBpm>
      <Cadence>79</Cadence>
      <Extensions>
       <Speed>7.200000</Speed>
      </Extensions>
     </Trackpoint>
     <Trackpoint>
      <Time>2026-06-10T08:25:09Z</Time>
      <Position>
       <LatitudeDegrees>35.6890963</LatitudeDegrees>
       <LongitudeDegrees>139.8158881</LongitudeDegrees>
      </Position>
      <AltitudeMeters>2</AltitudeMeters>
      <DistanceMeters>875</DistanceMeters>
      <HeartRateBpm>
       <Value>127</Value>
      </HeartRateBpm>
      <Cadence>79</Cadence>
      <Extensions>
       <Speed>7.240000</Speed>
      </Extensions>
     </Trackpoint>
     <Trackpoint>
      <Time>2026-06-10T08:25:10Z</Time>
      <Position>
       <LatitudeDegrees>35.6890759</LatitudeDegrees>
       <LongitudeDegrees>139.8158966</LongitudeDegrees>
      </Position>
      <AltitudeMeters>2</AltitudeMeters>
      <DistanceMeters>877</DistanceMeters>
      <HeartRateBpm>
       <Value>127</Value>
      </HeartRateBpm>
      <Cadence>80</Cadence>
      <Extensions>
       <Speed>7.290000</Speed>
      </Extensions>
     </Trackpoint>
     <Trackpoint>
      <Time>2026-06-10T08:25:11Z</Time>
      <Position>
       <LatitudeDegrees>35.6890559</LatitudeDegrees>
       <LongitudeDegrees>139.8158986</LongitudeDegrees>
      </Position>
      <AltitudeMeters>2</AltitudeMeters>
      <DistanceMeters>879</DistanceMeters>
      <HeartRateBpm>
       <Value>127</Value>
      </HeartRateBpm>
      <Cadence>79</Cadence>
      <Extensions>
       <Speed>7.320000</Speed>
      </Extensions>
     </Trackpoint>
     <Trackpoint>
      <Time>2026-06-10T08:25:12Z</Time>
      <Position>
       <LatitudeDegrees>35.6890359</LatitudeDegrees>
       <LongitudeDegrees>139.8159006</LongitudeDegrees>
      </Position>
      <AltitudeMeters>2</AltitudeMeters>
      <DistanceMeters>881</DistanceMeters>
      <HeartRateBpm>
       <Value>127</Value>
      </HeartRateBpm>
      <Cadence>79</Cadence>
      <Extensions>
       <Speed>7.360000</Speed>
      </Extensions>
     </Trackpoint>
     <Trackpoint>
      <Time>2026-06-10T08:25:13Z</Time>
      <Position>
       <LatitudeDegrees>35.6890182</LatitudeDegrees>
       <LongitudeDegrees>139.8158965</LongitudeDegrees>
      </Position>
      <AltitudeMeters>2</AltitudeMeters>
      <DistanceMeters>883</DistanceMeters>
      <HeartRateBpm>
       <Value>127</Value>
      </HeartRateBpm>
      <Cadence>79</Cadence>
      <Extensions>
       <Speed>7.370000</Speed>
      </Extensions>
     </Trackpoint>
     <Trackpoint>
      <Time>2026-06-10T08:25:14Z</Time>
      <Position>
       <LatitudeDegrees>35.6890006</LatitudeDegrees>
       <LongitudeDegrees>139.8158925</LongitudeDegrees>
      </Position>
      <AltitudeMeters>2</AltitudeMeters>
      <DistanceMeters>885</DistanceMeters>
      <HeartRateBpm>
       <Value>127</Value>
      </HeartRateBpm>
      <Cadence>79</Cadence>
      <Extensions>
       <Speed>7.390000</Speed>
      </Extensions>
     </Trackpoint>
     <Trackpoint>
      <Time>2026-06-10T08:25:15Z</Time>
      <Position>
       <LatitudeDegrees>35.6889839</LatitudeDegrees>
       <LongitudeDegrees>139.8158865</LongitudeDegrees>
      </Position>
      <AltitudeMeters>2</AltitudeMeters>
      <DistanceMeters>887</DistanceMeters>
      <HeartRateBpm>
       <Value>127</Value>
      </HeartRateBpm>
      <Cadence>78</Cadence>
      <Extensions>
       <Speed>7.390000</Speed>
      </Extensions>
     </Trackpoint>
     <Trackpoint>
      <Time>2026-06-10T08:25:16Z</Time>
      <Position>
       <LatitudeDegrees>35.6889672</LatitudeDegrees>
       <LongitudeDegrees>139.8158805</LongitudeDegrees>
      </Position>
      <AltitudeMeters>2</AltitudeMeters>
      <DistanceMeters>889</DistanceMeters>
      <HeartRateBpm>
       <Value>127</Value>
      </HeartRateBpm>
      <Cadence>78</Cadence>
      <Extensions>
       <Speed>7.400000</Speed>
      </Extensions>
     </Trackpoint>
     <Trackpoint>
      <Time>2026-06-10T08:25:17Z</Time>
      <Position>
       <LatitudeDegrees>35.6889502</LatitudeDegrees>
       <LongitudeDegrees>139.8158754</LongitudeDegrees>
      </Position>
      <AltitudeMeters>3</AltitudeMeters>
      <DistanceMeters>890</DistanceMeters>
      <HeartRateBpm>
       <Value>127</Value>
      </HeartRateBpm>
      <Cadence>78</Cadence>
      <Extensions>
       <Speed>7.410000</Speed>
      </Extensions>
     </Trackpoint>
     <Trackpoint>
      <Time>2026-06-10T08:25:18Z</Time>
      <Position>
       <LatitudeDegrees>35.6889333</LatitudeDegrees>
       <LongitudeDegrees>139.8158703</LongitudeDegrees>
      </Position>
      <AltitudeMeters>2</AltitudeMeters>
      <DistanceMeters>892</DistanceMeters>
      <HeartRateBpm>
       <Value>127</Value>
      </HeartRateBpm>
      <Cadence>78</Cadence>
      <Extensions>
       <Speed>7.420000</Speed>
      </Extensions>
     </Trackpoint>
     <Trackpoint>
      <Time>2026-06-10T08:25:19Z</Time>
      <Position>
       <LatitudeDegrees>35.6889165</LatitudeDegrees>
       <LongitudeDegrees>139.8158669</LongitudeDegrees>
      </Position>
      <AltitudeMeters>2</AltitudeMeters>
      <DistanceMeters>894</DistanceMeters>
      <HeartRateBpm>
       <Value>127</Value>
      </HeartRateBpm>
      <Cadence>78</Cadence>
      <Extensions>
       <Speed>7.410000</Speed>
      </Extensions>
     </Trackpoint>
     <Trackpoint>
      <Time>2026-06-10T08:25:20Z</Time>
      <Position>
       <LatitudeDegrees>35.6888997</LatitudeDegrees>
       <LongitudeDegrees>139.8158636</LongitudeDegrees>
      </Position>
      <AltitudeMeters>2</AltitudeMeters>
      <DistanceMeters>897</DistanceMeters>
      <HeartRateBpm>
       <Value>127</Value>
      </HeartRateBpm>
      <Cadence>79</Cadence>
      <Extensions>
       <Speed>7.400000</Speed>
      </Extensions>
     </Trackpoint>
     <Trackpoint>
      <Time>2026-06-10T08:25:21Z</Time>
      <Position>
       <LatitudeDegrees>35.6888826</LatitudeDegrees>
       <LongitudeDegrees>139.8158626</LongitudeDegrees>
      </Position>
      <AltitudeMeters>2</AltitudeMeters>
      <DistanceMeters>898</DistanceMeters>
      <HeartRateBpm>
       <Value>127</Value>
      </HeartRateBpm>
      <Cadence>79</Cadence>
      <Extensions>
       <Speed>7.390000</Speed>
      </Extensions>
     </Trackpoint>
     <Trackpoint>
      <Time>2026-06-10T08:25:22Z</Time>
      <Position>
       <LatitudeDegrees>35.6888656</LatitudeDegrees>
       <LongitudeDegrees>139.8158617</LongitudeDegrees>
      </Position>
      <AltitudeMeters>2</AltitudeMeters>
      <DistanceMeters>900</DistanceMeters>
      <HeartRateBpm>
       <Value>127</Value>
      </HeartRateBpm>
      <Cadence>79</Cadence>
      <Extensions>
       <Speed>7.380000</Speed>
      </Extensions>
     </Trackpoint>
     <Trackpoint>
      <Time>2026-06-10T08:25:23Z</Time>
      <Position>
       <LatitudeDegrees>35.6888485</LatitudeDegrees>
       <LongitudeDegrees>139.8158617</LongitudeDegrees>
      </Position>
      <AltitudeMeters>2</AltitudeMeters>
      <DistanceMeters>902</DistanceMeters>
      <HeartRateBpm>
       <Value>128</Value>
      </HeartRateBpm>
      <Cadence>79</Cadence>
      <Extensions>
       <Speed>7.370000</Speed>
      </Extensions>
     </Trackpoint>
     <Trackpoint>
      <Time>2026-06-10T08:25:24Z</Time>
      <Position>
       <LatitudeDegrees>35.6888315</LatitudeDegrees>
       <LongitudeDegrees>139.8158618</LongitudeDegrees>
      </Position>
      <AltitudeMeters>2</AltitudeMeters>
      <DistanceMeters>904</DistanceMeters>
      <HeartRateBpm>
       <Value>128</Value>
      </HeartRateBpm>
      <Cadence>80</Cadence>
      <Extensions>
       <Speed>7.360000</Speed>
      </Extensions>
     </Trackpoint>
     <Trackpoint>
      <Time>2026-06-10T08:25:25Z</Time>
      <Position>
       <LatitudeDegrees>35.6888134</LatitudeDegrees>
       <LongitudeDegrees>139.8158622</LongitudeDegrees>
      </Position>
      <AltitudeMeters>2</AltitudeMeters>
      <DistanceMeters>906</DistanceMeters>
      <HeartRateBpm>
       <Value>128</Value>
      </HeartRateBpm>
      <Cadence>80</Cadence>
      <Extensions>
       <Speed>7.350000</Speed>
      </Extensions>
     </Trackpoint>
     <Trackpoint>
      <Time>2026-06-10T08:25:26Z</Time>
      <Position>
       <LatitudeDegrees>35.6887953</LatitudeDegrees>
       <LongitudeDegrees>139.8158627</LongitudeDegrees>
      </Position>
      <AltitudeMeters>2</AltitudeMeters>
      <DistanceMeters>908</DistanceMeters>
      <HeartRateBpm>
       <Value>128</Value>
      </HeartRateBpm>
      <Cadence>80</Cadence>
      <Extensions>
       <Speed>7.340000</Speed>
      </Extensions>
     </Trackpoint>
     <Trackpoint>
      <Time>2026-06-10T08:25:27Z</Time>
      <Position>
       <LatitudeDegrees>35.6887769</LatitudeDegrees>
       <LongitudeDegrees>139.8158661</LongitudeDegrees>
      </Position>
      <AltitudeMeters>2</AltitudeMeters>
      <DistanceMeters>910</DistanceMeters>
      <HeartRateBpm>
       <Value>128</Value>
      </HeartRateBpm>
      <Cadence>80</Cadence>
      <Extensions>
       <Speed>7.330000</Speed>
      </Extensions>
     </Trackpoint>
     <Trackpoint>
      <Time>2026-06-10T08:25:28Z</Time>
      <Position>
       <LatitudeDegrees>35.6887586</LatitudeDegrees>
       <LongitudeDegrees>139.8158695</LongitudeDegrees>
      </Position>
      <AltitudeMeters>2</AltitudeMeters>
      <DistanceMeters>912</DistanceMeters>
      <HeartRateBpm>
       <Value>128</Value>
      </HeartRateBpm>
      <Cadence>80</Cadence>
      <Extensions>
       <Speed>7.330000</Speed>
      </Extensions>
     </Trackpoint>
     <Trackpoint>
      <Time>2026-06-10T08:25:29Z</Time>
      <Position>
       <LatitudeDegrees>35.6887416</LatitudeDegrees>
       <LongitudeDegrees>139.8158725</LongitudeDegrees>
      </Position>
      <AltitudeMeters>2</AltitudeMeters>
      <DistanceMeters>914</DistanceMeters>
      <HeartRateBpm>
       <Value>128</Value>
      </HeartRateBpm>
      <Cadence>80</Cadence>
      <Extensions>
       <Speed>7.320000</Speed>
      </Extensions>
     </Trackpoint>
     <Trackpoint>
      <Time>2026-06-10T08:25:30Z</Time>
      <Position>
       <LatitudeDegrees>35.6887246</LatitudeDegrees>
       <LongitudeDegrees>139.8158756</LongitudeDegrees>
      </Position>
      <AltitudeMeters>2</AltitudeMeters>
      <DistanceMeters>916</DistanceMeters>
      <HeartRateBpm>
       <Value>128</Value>
      </HeartRateBpm>
      <Cadence>80</Cadence>
      <Extensions>
       <Speed>7.310000</Speed>
      </Extensions>
     </Trackpoint>
     <Trackpoint>
      <Time>2026-06-10T08:25:31Z</Time>
      <Position>
       <LatitudeDegrees>35.6887084</LatitudeDegrees>
       <LongitudeDegrees>139.8158756</LongitudeDegrees>
      </Position>
      <AltitudeMeters>2</AltitudeMeters>
      <DistanceMeters>918</DistanceMeters>
      <HeartRateBpm>
       <Value>128</Value>
      </HeartRateBpm>
      <Cadence>80</Cadence>
      <Extensions>
       <Speed>7.300000</Speed>
      </Extensions>
     </Trackpoint>
     <Trackpoint>
      <Time>2026-06-10T08:25:32Z</Time>
      <Position>
       <LatitudeDegrees>35.6886923</LatitudeDegrees>
       <LongitudeDegrees>139.8158757</LongitudeDegrees>
      </Position>
      <AltitudeMeters>2</AltitudeMeters>
      <DistanceMeters>919</DistanceMeters>
      <HeartRateBpm>
       <Value>129</Value>
      </HeartRateBpm>
      <Cadence>80</Cadence>
      <Extensions>
       <Speed>7.300000</Speed>
      </Extensions>
     </Trackpoint>
     <Trackpoint>
      <Time>2026-06-10T08:25:33Z</Time>
      <Position>
       <LatitudeDegrees>35.6886751</LatitudeDegrees>
       <LongitudeDegrees>139.8158725</LongitudeDegrees>
      </Position>
      <AltitudeMeters>2</AltitudeMeters>
      <DistanceMeters>922</DistanceMeters>
      <HeartRateBpm>
       <Value>129</Value>
      </HeartRateBpm>
      <Cadence>80</Cadence>
      <Extensions>
       <Speed>7.280000</Speed>
      </Extensions>
     </Trackpoint>
     <Trackpoint>
      <Time>2026-06-10T08:25:34Z</Time>
      <Position>
       <LatitudeDegrees>35.6886579</LatitudeDegrees>
       <LongitudeDegrees>139.8158694</LongitudeDegrees>
      </Position>
      <AltitudeMeters>2</AltitudeMeters>
      <DistanceMeters>924</DistanceMeters>
      <HeartRateBpm>
       <Value>129</Value>
      </HeartRateBpm>
      <Cadence>80</Cadence>
      <Extensions>
       <Speed>7.270000</Speed>
      </Extensions>
     </Trackpoint>
     <Trackpoint>
      <Time>2026-06-10T08:25:35Z</Time>
      <Position>
       <LatitudeDegrees>35.6886394</LatitudeDegrees>
       <LongitudeDegrees>139.8158679</LongitudeDegrees>
      </Position>
      <AltitudeMeters>2</AltitudeMeters>
      <DistanceMeters>926</DistanceMeters>
      <HeartRateBpm>
       <Value>129</Value>
      </HeartRateBpm>
      <Cadence>80</Cadence>
      <Extensions>
       <Speed>7.260000</Speed>
      </Extensions>
     </Trackpoint>
     <Trackpoint>
      <Time>2026-06-10T08:25:36Z</Time>
      <Position>
       <LatitudeDegrees>35.6886209</LatitudeDegrees>
       <LongitudeDegrees>139.8158665</LongitudeDegrees>
      </Position>
      <AltitudeMeters>2</AltitudeMeters>
      <DistanceMeters>928</DistanceMeters>
      <HeartRateBpm>
       <Value>129</Value>
      </HeartRateBpm>
      <Cadence>80</Cadence>
      <Extensions>
       <Speed>7.260000</Speed>
      </Extensions>
     </Trackpoint>
     <Trackpoint>
      <Time>2026-06-10T08:25:37Z</Time>
      <Position>
       <LatitudeDegrees>35.6886020</LatitudeDegrees>
       <LongitudeDegrees>139.8158717</LongitudeDegrees>
      </Position>
      <AltitudeMeters>2</AltitudeMeters>
      <DistanceMeters>930</DistanceMeters>
      <HeartRateBpm>
       <Value>129</Value>
      </HeartRateBpm>
      <Cadence>80</Cadence>
      <Extensions>
       <Speed>7.250000</Speed>
      </Extensions>
     </Trackpoint>
     <Trackpoint>
      <Time>2026-06-10T08:25:38Z</Time>
      <Position>
       <LatitudeDegrees>35.6885831</LatitudeDegrees>
       <LongitudeDegrees>139.8158769</LongitudeDegrees>
      </Position>
      <AltitudeMeters>2</AltitudeMeters>
      <DistanceMeters>933</DistanceMeters>
      <HeartRateBpm>
       <Value>129</Value>
      </HeartRateBpm>
      <Cadence>80</Cadence>
      <Extensions>
       <Speed>7.240000</Speed>
      </Extensions>
     </Trackpoint>
     <Trackpoint>
      <Time>2026-06-10T08:25:39Z</Time>
      <Position>
       <LatitudeDegrees>35.6885626</LatitudeDegrees>
       <LongitudeDegrees>139.8158849</LongitudeDegrees>
      </Position>
      <AltitudeMeters>2</AltitudeMeters>
      <DistanceMeters>936</DistanceMeters>
      <HeartRateBpm>
       <Value>128</Value>
      </HeartRateBpm>
      <Cadence>80</Cadence>
      <Extensions>
       <Speed>7.250000</Speed>
      </Extensions>
     </Trackpoint>
     <Trackpoint>
      <Time>2026-06-10T08:25:40Z</Time>
      <Position>
       <LatitudeDegrees>35.6885421</LatitudeDegrees>
       <LongitudeDegrees>139.8158930</LongitudeDegrees>
      </Position>
      <AltitudeMeters>2</AltitudeMeters>
      <DistanceMeters>938</DistanceMeters>
      <HeartRateBpm>
       <Value>128</Value>
      </HeartRateBpm>
      <Cadence>81</Cadence>
      <Extensions>
       <Speed>7.260000</Speed>
      </Extensions>
     </Trackpoint>
     <Trackpoint>
      <Time>2026-06-10T08:25:41Z</Time>
      <Position>
       <LatitudeDegrees>35.6885208</LatitudeDegrees>
       <LongitudeDegrees>139.8158958</LongitudeDegrees>
      </Position>
      <AltitudeMeters>2</AltitudeMeters>
      <DistanceMeters>940</DistanceMeters>
      <HeartRateBpm>
       <Value>128</Value>
      </HeartRateBpm>
      <Cadence>80</Cadence>
      <Extensions>
       <Speed>7.280000</Speed>
      </Extensions>
     </Trackpoint>
     <Trackpoint>
      <Time>2026-06-10T08:25:42Z</Time>
      <Position>
       <LatitudeDegrees>35.6884995</LatitudeDegrees>
       <LongitudeDegrees>139.8158987</LongitudeDegrees>
      </Position>
      <AltitudeMeters>2</AltitudeMeters>
      <DistanceMeters>942</DistanceMeters>
      <HeartRateBpm>
       <Value>128</Value>
      </HeartRateBpm>
      <Cadence>80</Cadence>
      <Extensions>
       <Speed>7.310000</Speed>
      </Extensions>
     </Trackpoint>
     <Trackpoint>
      <Time>2026-06-10T08:25:43Z</Time>
      <Position>
       <LatitudeDegrees>35.6884787</LatitudeDegrees>
       <LongitudeDegrees>139.8158942</LongitudeDegrees>
      </Position>
      <AltitudeMeters>2</AltitudeMeters>
      <DistanceMeters>944</DistanceMeters>
      <HeartRateBpm>
       <Value>128</Value>
      </HeartRateBpm>
      <Cadence>80</Cadence>
      <Extensions>
       <Speed>7.350000</Speed>
      </Extensions>
     </Trackpoint>
     <Trackpoint>
      <Time>2026-06-10T08:25:44Z</Time>
      <Position>
       <LatitudeDegrees>35.6884579</LatitudeDegrees>
       <LongitudeDegrees>139.8158898</LongitudeDegrees>
      </Position>
      <AltitudeMeters>2</AltitudeMeters>
      <DistanceMeters>947</DistanceMeters>
      <HeartRateBpm>
       <Value>128</Value>
      </HeartRateBpm>
      <Cadence>81</Cadence>
      <Extensions>
       <Speed>7.400000</Speed>
      </Extensions>
     </Trackpoint>
     <Trackpoint>
      <Time>2026-06-10T08:25:45Z</Time>
      <Position>
       <LatitudeDegrees>35.6884371</LatitudeDegrees>
       <LongitudeDegrees>139.8158800</LongitudeDegrees>
      </Position>
      <AltitudeMeters>2</AltitudeMeters>
      <DistanceMeters>950</DistanceMeters>
      <HeartRateBpm>
       <Value>128</Value>
      </HeartRateBpm>
      <Cadence>81</Cadence>
      <Extensions>
       <Speed>7.440000</Speed>
      </Extensions>
     </Trackpoint>
     <Trackpoint>
      <Time>2026-06-10T08:25:46Z</Time>
      <Position>
       <LatitudeDegrees>35.6884164</LatitudeDegrees>
       <LongitudeDegrees>139.8158703</LongitudeDegrees>
      </Position>
      <AltitudeMeters>2</AltitudeMeters>
      <DistanceMeters>953</DistanceMeters>
      <HeartRateBpm>
       <Value>128</Value>
      </HeartRateBpm>
      <Cadence>81</Cadence>
      <Extensions>
       <Speed>7.490000</Speed>
      </Extensions>
     </Trackpoint>
     <Trackpoint>
      <Time>2026-06-10T08:25:47Z</Time>
      <Position>
       <LatitudeDegrees>35.6883964</LatitudeDegrees>
       <LongitudeDegrees>139.8158551</LongitudeDegrees>
      </Position>
      <AltitudeMeters>3</AltitudeMeters>
      <DistanceMeters>956</DistanceMeters>
      <HeartRateBpm>
       <Value>128</Value>
      </HeartRateBpm>
      <Cadence>80</Cadence>
      <Extensions>
       <Speed>7.530000</Speed>
      </Extensions>
     </Trackpoint>
     <Trackpoint>
      <Time>2026-06-10T08:25:48Z</Time>
      <Position>
       <LatitudeDegrees>35.6883764</LatitudeDegrees>
       <LongitudeDegrees>139.8158400</LongitudeDegrees>
      </Position>
      <AltitudeMeters>3</AltitudeMeters>
      <DistanceMeters>958</DistanceMeters>
      <HeartRateBpm>
       <Value>128</Value>
      </HeartRateBpm>
      <Cadence>80</Cadence>
      <Extensions>
       <Speed>7.570000</Speed>
      </Extensions>
     </Trackpoint>
     <Trackpoint>
      <Time>2026-06-10T08:25:49Z</Time>
      <Position>
       <LatitudeDegrees>35.6883568</LatitudeDegrees>
       <LongitudeDegrees>139.8158259</LongitudeDegrees>
      </Position>
      <AltitudeMeters>3</AltitudeMeters>
      <DistanceMeters>960</DistanceMeters>
      <HeartRateBpm>
       <Value>128</Value>
      </HeartRateBpm>
      <Cadence>80</Cadence>
      <Extensions>
       <Speed>7.600000</Speed>
      </Extensions>
     </Trackpoint>
     <Trackpoint>
      <Time>2026-06-10T08:25:50Z</Time>
      <Position>
       <LatitudeDegrees>35.6883373</LatitudeDegrees>
       <LongitudeDegrees>139.8158118</LongitudeDegrees>
      </Position>
      <AltitudeMeters>3</AltitudeMeters>
      <DistanceMeters>962</DistanceMeters>
      <HeartRateBpm>
       <Value>129</Value>
      </HeartRateBpm>
      <Cadence>81</Cadence>
      <Extensions>
       <Speed>7.630000</Speed>
      </Extensions>
     </Trackpoint>
     <Trackpoint>
      <Time>2026-06-10T08:25:51Z</Time>
      <Position>
       <LatitudeDegrees>35.6883184</LatitudeDegrees>
       <LongitudeDegrees>139.8157997</LongitudeDegrees>
      </Position>
      <AltitudeMeters>3</AltitudeMeters>
      <DistanceMeters>964</DistanceMeters>
      <HeartRateBpm>
       <Value>129</Value>
      </HeartRateBpm>
      <Cadence>80</Cadence>
      <Extensions>
       <Speed>7.650000</Speed>
      </Extensions>
     </Trackpoint>
     <Trackpoint>
      <Time>2026-06-10T08:25:52Z</Time>
      <Position>
       <LatitudeDegrees>35.6882996</LatitudeDegrees>
       <LongitudeDegrees>139.8157876</LongitudeDegrees>
      </Position>
      <AltitudeMeters>3</AltitudeMeters>
      <DistanceMeters>967</DistanceMeters>
      <HeartRateBpm>
       <Value>129</Value>
      </HeartRateBpm>
      <Cadence>80</Cadence>
      <Extensions>
       <Speed>7.680000</Speed>
      </Extensions>
     </Trackpoint>
     <Trackpoint>
      <Time>2026-06-10T08:25:53Z</Time>
      <Position>
       <LatitudeDegrees>35.6882823</LatitudeDegrees>
       <LongitudeDegrees>139.8157763</LongitudeDegrees>
      </Position>
      <AltitudeMeters>3</AltitudeMeters>
      <DistanceMeters>969</DistanceMeters>
      <HeartRateBpm>
       <Value>130</Value>
      </HeartRateBpm>
      <Cadence>80</Cadence>
      <Extensions>
       <Speed>7.690000</Speed>
      </Extensions>
     </Trackpoint>
     <Trackpoint>
      <Time>2026-06-10T08:25:54Z</Time>
      <Position>
       <LatitudeDegrees>35.6882650</LatitudeDegrees>
       <LongitudeDegrees>139.8157651</LongitudeDegrees>
      </Position>
      <AltitudeMeters>3</AltitudeMeters>
      <DistanceMeters>971</DistanceMeters>
      <HeartRateBpm>
       <Value>129</Value>
      </HeartRateBpm>
      <Cadence>80</Cadence>
      <Extensions>
       <Speed>7.710000</Speed>
      </Extensions>
     </Trackpoint>
     <Trackpoint>
      <Time>2026-06-10T08:25:55Z</Time>
      <Position>
       <LatitudeDegrees>35.6882490</LatitudeDegrees>
       <LongitudeDegrees>139.8157550</LongitudeDegrees>
      </Position>
      <AltitudeMeters>3</AltitudeMeters>
      <DistanceMeters>972</DistanceMeters>
      <HeartRateBpm>
       <Value>130</Value>
      </HeartRateBpm>
      <Cadence>80</Cadence>
      <Extensions>
       <Speed>7.720000</Speed>
      </Extensions>
     </Trackpoint>
     <Trackpoint>
      <Time>2026-06-10T08:25:56Z</Time>
      <Position>
       <LatitudeDegrees>35.6882330</LatitudeDegrees>
       <LongitudeDegrees>139.8157449</LongitudeDegrees>
      </Position>
      <AltitudeMeters>3</AltitudeMeters>
      <DistanceMeters>974</DistanceMeters>
      <HeartRateBpm>
       <Value>130</Value>
      </HeartRateBpm>
      <Cadence>80</Cadence>
      <Extensions>
       <Speed>7.740000</Speed>
      </Extensions>
     </Trackpoint>
     <Trackpoint>
      <Time>2026-06-10T08:25:57Z</Time>
      <Position>
       <LatitudeDegrees>35.6882172</LatitudeDegrees>
       <LongitudeDegrees>139.8157404</LongitudeDegrees>
      </Position>
      <AltitudeMeters>3</AltitudeMeters>
      <DistanceMeters>976</DistanceMeters>
      <HeartRateBpm>
       <Value>130</Value>
      </HeartRateBpm>
      <Cadence>80</Cadence>
      <Extensions>
       <Speed>7.770000</Speed>
      </Extensions>
     </Trackpoint>
     <Trackpoint>
      <Time>2026-06-10T08:25:58Z</Time>
      <Position>
       <LatitudeDegrees>35.6882015</LatitudeDegrees>
       <LongitudeDegrees>139.8157360</LongitudeDegrees>
      </Position>
      <AltitudeMeters>3</AltitudeMeters>
      <DistanceMeters>978</DistanceMeters>
      <HeartRateBpm>
       <Value>130</Value>
      </HeartRateBpm>
      <Cadence>80</Cadence>
      <Extensions>
       <Speed>7.800000</Speed>
      </Extensions>
     </Trackpoint>
     <Trackpoint>
      <Time>2026-06-10T08:25:59Z</Time>
      <Position>
       <LatitudeDegrees>35.6881840</LatitudeDegrees>
       <LongitudeDegrees>139.8157348</LongitudeDegrees>
      </Position>
      <AltitudeMeters>3</AltitudeMeters>
      <DistanceMeters>980</DistanceMeters>
      <HeartRateBpm>
       <Value>130</Value>
      </HeartRateBpm>
      <Cadence>79</Cadence>
      <Extensions>
       <Speed>7.820000</Speed>
      </Extensions>
     </Trackpoint>
     <Trackpoint>
      <Time>2026-06-10T08:26:00Z</Time>
      <Position>
       <LatitudeDegrees>35.6881665</LatitudeDegrees>
       <LongitudeDegrees>139.8157337</LongitudeDegrees>
      </Position>
      <AltitudeMeters>3</AltitudeMeters>
      <DistanceMeters>982</DistanceMeters>
      <HeartRateBpm>
       <Value>131</Value>
      </HeartRateBpm>
      <Cadence>79</Cadence>
      <Extensions>
       <Speed>7.840000</Speed>
      </Extensions>
     </Trackpoint>
     <Trackpoint>
      <Time>2026-06-10T08:26:01Z</Time>
      <Position>
       <LatitudeDegrees>35.6881484</LatitudeDegrees>
       <LongitudeDegrees>139.8157296</LongitudeDegrees>
      </Position>
      <AltitudeMeters>3</AltitudeMeters>
      <DistanceMeters>984</DistanceMeters>
      <HeartRateBpm>
       <Value>131</Value>
      </HeartRateBpm>
      <Cadence>79</Cadence>
      <Extensions>
       <Speed>7.830000</Speed>
      </Extensions>
     </Trackpoint>
     <Trackpoint>
      <Time>2026-06-10T08:26:02Z</Time>
      <Position>
       <LatitudeDegrees>35.6881303</LatitudeDegrees>
       <LongitudeDegrees>139.8157256</LongitudeDegrees>
      </Position>
      <AltitudeMeters>3</AltitudeMeters>
      <DistanceMeters>987</DistanceMeters>
      <HeartRateBpm>
       <Value>131</Value>
      </HeartRateBpm>
      <Cadence>79</Cadence>
      <Extensions>
       <Speed>7.830000</Speed>
      </Extensions>
     </Trackpoint>
     <Trackpoint>
      <Time>2026-06-10T08:26:03Z</Time>
      <Position>
       <LatitudeDegrees>35.6881137</LatitudeDegrees>
       <LongitudeDegrees>139.8157141</LongitudeDegrees>
      </Position>
      <AltitudeMeters>3</AltitudeMeters>
      <DistanceMeters>989</DistanceMeters>
      <HeartRateBpm>
       <Value>131</Value>
      </HeartRateBpm>
      <Cadence>79</Cadence>
      <Extensions>
       <Speed>7.810000</Speed>
      </Extensions>
     </Trackpoint>
     <Trackpoint>
      <Time>2026-06-10T08:26:04Z</Time>
      <Position>
       <LatitudeDegrees>35.6880972</LatitudeDegrees>
       <LongitudeDegrees>139.8157027</LongitudeDegrees>
      </Position>
      <AltitudeMeters>3</AltitudeMeters>
      <DistanceMeters>991</DistanceMeters>
      <HeartRateBpm>
       <Value>131</Value>
      </HeartRateBpm>
      <Cadence>79</Cadence>
      <Extensions>
       <Speed>7.800000</Speed>
      </Extensions>
     </Trackpoint>
     <Trackpoint>
      <Time>2026-06-10T08:26:05Z</Time>
      <Position>
       <LatitudeDegrees>35.6880886</LatitudeDegrees>
       <LongitudeDegrees>139.8156839</LongitudeDegrees>
      </Position>
      <AltitudeMeters>3</AltitudeMeters>
      <DistanceMeters>993</DistanceMeters>
      <HeartRateBpm>
       <Value>131</Value>
      </HeartRateBpm>
      <Cadence>79</Cadence>
      <Extensions>
       <Speed>7.800000</Speed>
      </Extensions>
     </Trackpoint>
     <Trackpoint>
      <Time>2026-06-10T08:26:06Z</Time>
      <Position>
       <LatitudeDegrees>35.6880801</LatitudeDegrees>
       <LongitudeDegrees>139.8156651</LongitudeDegrees>
      </Position>
      <AltitudeMeters>3</AltitudeMeters>
      <DistanceMeters>995</DistanceMeters>
      <HeartRateBpm>
       <Value>131</Value>
      </HeartRateBpm>
      <Cadence>80</Cadence>
      <Extensions>
       <Speed>7.800000</Speed>
      </Extensions>
     </Trackpoint>
     <Trackpoint>
      <Time>2026-06-10T08:26:07Z</Time>
      <Position>
       <LatitudeDegrees>35.6880795</LatitudeDegrees>
       <LongitudeDegrees>139.8156419</LongitudeDegrees>
      </Position>
      <AltitudeMeters>3</AltitudeMeters>
      <DistanceMeters>998</DistanceMeters>
      <HeartRateBpm>
       <Value>131</Value>
      </HeartRateBpm>
      <Cadence>80</Cadence>
      <Extensions>
       <Speed>7.800000</Speed>
      </Extensions>
     </Trackpoint>
    </Track>
   </Lap>
   <Lap StartTime="2026-06-10T08:26:07Z">
    <TotalTimeSeconds>46</TotalTimeSeconds>
    <DistanceMeters>91</DistanceMeters>
    <Intensity>Active</Intensity>
    <TriggerMethod>Manual</TriggerMethod>
    <MaximumHeartRateBpm>
     <Value>131</Value>
    </MaximumHeartRateBpm>
    <AverageHeartRateBpm>
     <Value>129</Value>
    </AverageHeartRateBpm>
    <Track>
     <Trackpoint>
      <Time>2026-06-10T08:26:07Z</Time>
      <Position>
       <LatitudeDegrees>35.6880795</LatitudeDegrees>
       <LongitudeDegrees>139.8156419</LongitudeDegrees>
      </Position>
      <AltitudeMeters>3</AltitudeMeters>
      <DistanceMeters>998</DistanceMeters>
      <HeartRateBpm>
       <Value>131</Value>
      </HeartRateBpm>
      <Cadence>80</Cadence>
      <Extensions>
       <Speed>7.800000</Speed>
      </Extensions>
     </Trackpoint>
     <Trackpoint>
      <Time>2026-06-10T08:26:08Z</Time>
      <Position>
       <LatitudeDegrees>35.6880789</LatitudeDegrees>
       <LongitudeDegrees>139.8156188</LongitudeDegrees>
      </Position>
      <AltitudeMeters>3</AltitudeMeters>
      <DistanceMeters>1000</DistanceMeters>
      <HeartRateBpm>
       <Value>131</Value>
      </HeartRateBpm>
      <Cadence>80</Cadence>
      <Extensions>
       <Speed>7.810000</Speed>
      </Extensions>
     </Trackpoint>
     <Trackpoint>
      <Time>2026-06-10T08:26:09Z</Time>
      <Position>
       <LatitudeDegrees>35.6880827</LatitudeDegrees>
       <LongitudeDegrees>139.8155927</LongitudeDegrees>
      </Position>
      <AltitudeMeters>3</AltitudeMeters>
      <DistanceMeters>1002</DistanceMeters>
      <HeartRateBpm>
       <Value>131</Value>
      </HeartRateBpm>
      <Cadence>79</Cadence>
      <Extensions>
       <Speed>7.810000</Speed>
      </Extensions>
     </Trackpoint>
     <Trackpoint>
      <Time>2026-06-10T08:26:10Z</Time>
      <Position>
       <LatitudeDegrees>35.6880866</LatitudeDegrees>
       <LongitudeDegrees>139.8155666</LongitudeDegrees>
      </Position>
      <AltitudeMeters>3</AltitudeMeters>
      <DistanceMeters>1005</DistanceMeters>
      <HeartRateBpm>
       <Value>131</Value>
      </HeartRateBpm>
      <Cadence>79</Cadence>
      <Extensions>
       <Speed>7.820000</Speed>
      </Extensions>
     </Trackpoint>
     <Trackpoint>
      <Time>2026-06-10T08:26:11Z</Time>
      <Position>
       <LatitudeDegrees>35.6880898</LatitudeDegrees>
       <LongitudeDegrees>139.8155397</LongitudeDegrees>
      </Position>
      <AltitudeMeters>3</AltitudeMeters>
      <DistanceMeters>1007</DistanceMeters>
      <HeartRateBpm>
       <Value>131</Value>
      </HeartRateBpm>
      <Cadence>79</Cadence>
      <Extensions>
       <Speed>7.820000</Speed>
      </Extensions>
     </Trackpoint>
     <Trackpoint>
      <Time>2026-06-10T08:26:12Z</Time>
      <Position>
       <LatitudeDegrees>35.6880931</LatitudeDegrees>
       <LongitudeDegrees>139.8155128</LongitudeDegrees>
      </Position>
      <AltitudeMeters>3</AltitudeMeters>
      <DistanceMeters>1009</DistanceMeters>
      <HeartRateBpm>
       <Value>130</Value>
      </HeartRateBpm>
      <Cadence>80</Cadence>
      <Extensions>
       <Speed>7.830000</Speed>
      </Extensions>
     </Trackpoint>
     <Trackpoint>
      <Time>2026-06-10T08:26:13Z</Time>
      <Position>
       <LatitudeDegrees>35.6880934</LatitudeDegrees>
       <LongitudeDegrees>139.8154889</LongitudeDegrees>
      </Position>
      <AltitudeMeters>3</AltitudeMeters>
      <DistanceMeters>1011</DistanceMeters>
      <HeartRateBpm>
       <Value>130</Value>
      </HeartRateBpm>
      <Cadence>80</Cadence>
      <Extensions>
       <Speed>7.840000</Speed>
      </Extensions>
     </Trackpoint>
     <Trackpoint>
      <Time>2026-06-10T08:26:14Z</Time>
      <Position>
       <LatitudeDegrees>35.6880937</LatitudeDegrees>
       <LongitudeDegrees>139.8154650</LongitudeDegrees>
      </Position>
      <AltitudeMeters>3</AltitudeMeters>
      <DistanceMeters>1013</DistanceMeters>
      <HeartRateBpm>
       <Value>131</Value>
      </HeartRateBpm>
      <Cadence>80</Cadence>
      <Extensions>
       <Speed>7.850000</Speed>
      </Extensions>
     </Trackpoint>
     <Trackpoint>
      <Time>2026-06-10T08:26:15Z</Time>
      <Position>
       <LatitudeDegrees>35.6880909</LatitudeDegrees>
       <LongitudeDegrees>139.8154436</LongitudeDegrees>
      </Position>
      <AltitudeMeters>3</AltitudeMeters>
      <DistanceMeters>1014</DistanceMeters>
      <HeartRateBpm>
       <Value>130</Value>
      </HeartRateBpm>
      <Cadence>80</Cadence>
      <Extensions>
       <Speed>7.870000</Speed>
      </Extensions>
     </Trackpoint>
     <Trackpoint>
      <Time>2026-06-10T08:26:16Z</Time>
      <Position>
       <LatitudeDegrees>35.6880882</LatitudeDegrees>
       <LongitudeDegrees>139.8154222</LongitudeDegrees>
      </Position>
      <AltitudeMeters>3</AltitudeMeters>
      <DistanceMeters>1016</DistanceMeters>
      <HeartRateBpm>
       <Value>130</Value>
      </HeartRateBpm>
      <Cadence>80</Cadence>
      <Extensions>
       <Speed>7.890000</Speed>
      </Extensions>
     </Trackpoint>
     <Trackpoint>
      <Time>2026-06-10T08:26:17Z</Time>
      <Position>
       <LatitudeDegrees>35.6880841</LatitudeDegrees>
       <LongitudeDegrees>139.8154009</LongitudeDegrees>
      </Position>
      <AltitudeMeters>3</AltitudeMeters>
      <DistanceMeters>1018</DistanceMeters>
      <HeartRateBpm>
       <Value>130</Value>
      </HeartRateBpm>
      <Cadence>80</Cadence>
      <Extensions>
       <Speed>7.880000</Speed>
      </Extensions>
     </Trackpoint>
     <Trackpoint>
      <Time>2026-06-10T08:26:18Z</Time>
      <Position>
       <LatitudeDegrees>35.6880801</LatitudeDegrees>
       <LongitudeDegrees>139.8153796</LongitudeDegrees>
      </Position>
      <AltitudeMeters>3</AltitudeMeters>
      <DistanceMeters>1021</DistanceMeters>
      <HeartRateBpm>
       <Value>130</Value>
      </HeartRateBpm>
      <Cadence>80</Cadence>
      <Extensions>
       <Speed>7.880000</Speed>
      </Extensions>
     </Trackpoint>
     <Trackpoint>
      <Time>2026-06-10T08:26:19Z</Time>
      <Position>
       <LatitudeDegrees>35.6880749</LatitudeDegrees>
       <LongitudeDegrees>139.8153582</LongitudeDegrees>
      </Position>
      <AltitudeMeters>3</AltitudeMeters>
      <DistanceMeters>1022</DistanceMeters>
      <HeartRateBpm>
       <Value>129</Value>
      </HeartRateBpm>
      <Cadence>79</Cadence>
      <Extensions>
       <Speed>7.860000</Speed>
      </Extensions>
     </Trackpoint>
     <Trackpoint>
      <Time>2026-06-10T08:26:20Z</Time>
      <Position>
       <LatitudeDegrees>35.6880697</LatitudeDegrees>
       <LongitudeDegrees>139.8153368</LongitudeDegrees>
      </Position>
      <AltitudeMeters>3</AltitudeMeters>
      <DistanceMeters>1024</DistanceMeters>
      <HeartRateBpm>
       <Value>129</Value>
      </HeartRateBpm>
      <Cadence>78</Cadence>
      <Extensions>
       <Speed>7.850000</Speed>
      </Extensions>
     </Trackpoint>
     <Trackpoint>
      <Time>2026-06-10T08:26:21Z</Time>
      <Position>
       <LatitudeDegrees>35.6880647</LatitudeDegrees>
       <LongitudeDegrees>139.8153166</LongitudeDegrees>
      </Position>
      <AltitudeMeters>3</AltitudeMeters>
      <DistanceMeters>1026</DistanceMeters>
      <HeartRateBpm>
       <Value>129</Value>
      </HeartRateBpm>
      <Cadence>78</Cadence>
      <Extensions>
       <Speed>7.830000</Speed>
      </Extensions>
     </Trackpoint>
     <Trackpoint>
      <Time>2026-06-10T08:26:22Z</Time>
      <Position>
       <LatitudeDegrees>35.6880598</LatitudeDegrees>
       <LongitudeDegrees>139.8152964</LongitudeDegrees>
      </Position>
      <AltitudeMeters>3</AltitudeMeters>
      <DistanceMeters>1028</DistanceMeters>
      <HeartRateBpm>
       <Value>129</Value>
      </HeartRateBpm>
      <Cadence>78</Cadence>
      <Extensions>
       <Speed>7.820000</Speed>
      </Extensions>
     </Trackpoint>
     <Trackpoint>
      <Time>2026-06-10T08:26:23Z</Time>
      <Position>
       <LatitudeDegrees>35.6880570</LatitudeDegrees>
       <LongitudeDegrees>139.8152766</LongitudeDegrees>
      </Position>
      <AltitudeMeters>3</AltitudeMeters>
      <DistanceMeters>1030</DistanceMeters>
      <HeartRateBpm>
       <Value>128</Value>
      </HeartRateBpm>
      <Cadence>79</Cadence>
      <Extensions>
       <Speed>7.810000</Speed>
      </Extensions>
     </Trackpoint>
     <Trackpoint>
      <Time>2026-06-10T08:26:24Z</Time>
      <Position>
       <LatitudeDegrees>35.6880543</LatitudeDegrees>
       <LongitudeDegrees>139.8152568</LongitudeDegrees>
      </Position>
      <AltitudeMeters>3</AltitudeMeters>
      <DistanceMeters>1032</DistanceMeters>
      <HeartRateBpm>
       <Value>128</Value>
      </HeartRateBpm>
      <Cadence>79</Cadence>
      <Extensions>
       <Speed>7.800000</Speed>
      </Extensions>
     </Trackpoint>
     <Trackpoint>
      <Time>2026-06-10T08:26:25Z</Time>
      <Position>
       <LatitudeDegrees>35.6880529</LatitudeDegrees>
       <LongitudeDegrees>139.8152353</LongitudeDegrees>
      </Position>
      <AltitudeMeters>3</AltitudeMeters>
      <DistanceMeters>1034</DistanceMeters>
      <HeartRateBpm>
       <Value>128</Value>
      </HeartRateBpm>
      <Cadence>80</Cadence>
      <Extensions>
       <Speed>7.780000</Speed>
      </Extensions>
     </Trackpoint>
     <Trackpoint>
      <Time>2026-06-10T08:26:26Z</Time>
      <Position>
       <LatitudeDegrees>35.6880515</LatitudeDegrees>
       <LongitudeDegrees>139.8152138</LongitudeDegrees>
      </Position>
      <AltitudeMeters>3</AltitudeMeters>
      <DistanceMeters>1036</DistanceMeters>
      <HeartRateBpm>
       <Value>128</Value>
      </HeartRateBpm>
      <Cadence>80</Cadence>
      <Extensions>
       <Speed>7.760000</Speed>
      </Extensions>
     </Trackpoint>
     <Trackpoint>
      <Time>2026-06-10T08:26:27Z</Time>
      <Position>
       <LatitudeDegrees>35.6880510</LatitudeDegrees>
       <LongitudeDegrees>139.8151915</LongitudeDegrees>
      </Position>
      <AltitudeMeters>3</AltitudeMeters>
      <DistanceMeters>1038</DistanceMeters>
      <HeartRateBpm>
       <Value>128</Value>
      </HeartRateBpm>
      <Cadence>80</Cadence>
      <Extensions>
       <Speed>7.740000</Speed>
      </Extensions>
     </Trackpoint>
     <Trackpoint>
      <Time>2026-06-10T08:26:28Z</Time>
      <Position>
       <LatitudeDegrees>35.6880505</LatitudeDegrees>
       <LongitudeDegrees>139.8151693</LongitudeDegrees>
      </Position>
      <AltitudeMeters>3</AltitudeMeters>
      <DistanceMeters>1040</DistanceMeters>
      <HeartRateBpm>
       <Value>127</Value>
      </HeartRateBpm>
      <Cadence>80</Cadence>
      <Extensions>
       <Speed>7.720000</Speed>
      </Extensions>
     </Trackpoint>
     <Trackpoint>
      <Time>2026-06-10T08:26:29Z</Time>
      <Position>
       <LatitudeDegrees>35.6880489</LatitudeDegrees>
       <LongitudeDegrees>139.8151475</LongitudeDegrees>
      </Position>
      <AltitudeMeters>3</AltitudeMeters>
      <DistanceMeters>1042</DistanceMeters>
      <HeartRateBpm>
       <Value>128</Value>
      </HeartRateBpm>
      <Cadence>80</Cadence>
      <Extensions>
       <Speed>7.700000</Speed>
      </Extensions>
     </Trackpoint>
     <Trackpoint>
      <Time>2026-06-10T08:26:30Z</Time>
      <Position>
       <LatitudeDegrees>35.6880473</LatitudeDegrees>
       <LongitudeDegrees>139.8151258</LongitudeDegrees>
      </Position>
      <AltitudeMeters>3</AltitudeMeters>
      <DistanceMeters>1044</DistanceMeters>
      <HeartRateBpm>
       <Value>128</Value>
      </HeartRateBpm>
      <Cadence>80</Cadence>
      <Extensions>
       <Speed>7.690000</Speed>
      </Extensions>
     </Trackpoint>
     <Trackpoint>
      <Time>2026-06-10T08:26:31Z</Time>
      <Position>
       <LatitudeDegrees>35.6880453</LatitudeDegrees>
       <LongitudeDegrees>139.8151040</LongitudeDegrees>
      </Position>
      <AltitudeMeters>3</AltitudeMeters>
      <DistanceMeters>1046</DistanceMeters>
      <HeartRateBpm>
       <Value>128</Value>
      </HeartRateBpm>
      <Cadence>80</Cadence>
      <Extensions>
       <Speed>7.670000</Speed>
      </Extensions>
     </Trackpoint>
     <Trackpoint>
      <Time>2026-06-10T08:26:32Z</Time>
      <Position>
       <LatitudeDegrees>35.6880433</LatitudeDegrees>
       <LongitudeDegrees>139.8150823</LongitudeDegrees>
      </Position>
      <AltitudeMeters>3</AltitudeMeters>
      <DistanceMeters>1048</DistanceMeters>
      <HeartRateBpm>
       <Value>128</Value>
      </HeartRateBpm>
      <Cadence>80</Cadence>
      <Extensions>
       <Speed>7.650000</Speed>
      </Extensions>
     </Trackpoint>
     <Trackpoint>
      <Time>2026-06-10T08:26:33Z</Time>
      <Position>
       <LatitudeDegrees>35.6880417</LatitudeDegrees>
       <LongitudeDegrees>139.8150602</LongitudeDegrees>
      </Position>
      <AltitudeMeters>3</AltitudeMeters>
      <DistanceMeters>1050</DistanceMeters>
      <HeartRateBpm>
       <Value>128</Value>
      </HeartRateBpm>
      <Cadence>80</Cadence>
      <Extensions>
       <Speed>7.630000</Speed>
      </Extensions>
     </Trackpoint>
     <Trackpoint>
      <Time>2026-06-10T08:26:34Z</Time>
      <Position>
       <LatitudeDegrees>35.6880401</LatitudeDegrees>
       <LongitudeDegrees>139.8150381</LongitudeDegrees>
      </Position>
      <AltitudeMeters>3</AltitudeMeters>
      <DistanceMeters>1052</DistanceMeters>
      <HeartRateBpm>
       <Value>128</Value>
      </HeartRateBpm>
      <Cadence>80</Cadence>
      <Extensions>
       <Speed>7.620000</Speed>
      </Extensions>
     </Trackpoint>
     <Trackpoint>
      <Time>2026-06-10T08:26:35Z</Time>
      <Position>
       <LatitudeDegrees>35.6880395</LatitudeDegrees>
       <LongitudeDegrees>139.8150158</LongitudeDegrees>
      </Position>
      <AltitudeMeters>3</AltitudeMeters>
      <DistanceMeters>1054</DistanceMeters>
      <HeartRateBpm>
       <Value>128</Value>
      </HeartRateBpm>
      <Cadence>80</Cadence>
      <Extensions>
       <Speed>7.600000</Speed>
      </Extensions>
     </Trackpoint>
     <Trackpoint>
      <Time>2026-06-10T08:26:36Z</Time>
      <Position>
       <LatitudeDegrees>35.6880390</LatitudeDegrees>
       <LongitudeDegrees>139.8149936</LongitudeDegrees>
      </Position>
      <AltitudeMeters>3</AltitudeMeters>
      <DistanceMeters>1056</DistanceMeters>
      <HeartRateBpm>
       <Value>129</Value>
      </HeartRateBpm>
      <Cadence>80</Cadence>
      <Extensions>
       <Speed>7.590000</Speed>
      </Extensions>
     </Trackpoint>
     <Trackpoint>
      <Time>2026-06-10T08:26:37Z</Time>
      <Position>
       <LatitudeDegrees>35.6880408</LatitudeDegrees>
       <LongitudeDegrees>139.8149703</LongitudeDegrees>
      </Position>
      <AltitudeMeters>3</AltitudeMeters>
      <DistanceMeters>1058</DistanceMeters>
      <HeartRateBpm>
       <Value>129</Value>
      </HeartRateBpm>
      <Cadence>80</Cadence>
      <Extensions>
       <Speed>7.580000</Speed>
      </Extensions>
     </Trackpoint>
     <Trackpoint>
      <Time>2026-06-10T08:26:38Z</Time>
      <Position>
       <LatitudeDegrees>35.6880426</LatitudeDegrees>
       <LongitudeDegrees>139.8149470</LongitudeDegrees>
      </Position>
      <AltitudeMeters>3</AltitudeMeters>
      <DistanceMeters>1061</DistanceMeters>
      <HeartRateBpm>
       <Value>129</Value>
      </HeartRateBpm>
      <Cadence>80</Cadence>
      <Extensions>
       <Speed>7.570000</Speed>
      </Extensions>
     </Trackpoint>
     <Trackpoint>
      <Time>2026-06-10T08:26:39Z</Time>
      <Position>
       <LatitudeDegrees>35.6880451</LatitudeDegrees>
       <LongitudeDegrees>139.8149221</LongitudeDegrees>
      </Position>
      <AltitudeMeters>3</AltitudeMeters>
      <DistanceMeters>1063</DistanceMeters>
      <HeartRateBpm>
       <Value>129</Value>
      </HeartRateBpm>
      <Cadence>80</Cadence>
      <Extensions>
       <Speed>7.560000</Speed>
      </Extensions>
     </Trackpoint>
     <Trackpoint>
      <Time>2026-06-10T08:26:40Z</Time>
      <Position>
       <LatitudeDegrees>35.6880476</LatitudeDegrees>
       <LongitudeDegrees>139.8148972</LongitudeDegrees>
      </Position>
      <AltitudeMeters>3</AltitudeMeters>
      <DistanceMeters>1065</DistanceMeters>
      <HeartRateBpm>
       <Value>129</Value>
      </HeartRateBpm>
      <Cadence>81</Cadence>
      <Extensions>
       <Speed>7.560000</Speed>
      </Extensions>
     </Trackpoint>
     <Trackpoint>
      <Time>2026-06-10T08:26:41Z</Time>
      <Position>
       <LatitudeDegrees>35.6880482</LatitudeDegrees>
       <LongitudeDegrees>139.8148747</LongitudeDegrees>
      </Position>
      <AltitudeMeters>3</AltitudeMeters>
      <DistanceMeters>1066</DistanceMeters>
      <HeartRateBpm>
       <Value>129</Value>
      </HeartRateBpm>
      <Cadence>81</Cadence>
      <Extensions>
       <Speed>7.540000</Speed>
      </Extensions>
     </Trackpoint>
     <Trackpoint>
      <Time>2026-06-10T08:26:42Z</Time>
      <Position>
       <LatitudeDegrees>35.6880489</LatitudeDegrees>
       <LongitudeDegrees>139.8148522</LongitudeDegrees>
      </Position>
      <AltitudeMeters>3</AltitudeMeters>
      <DistanceMeters>1068</DistanceMeters>
      <HeartRateBpm>
       <Value>129</Value>
      </HeartRateBpm>
      <Cadence>81</Cadence>
      <Extensions>
       <Speed>7.530000</Speed>
      </Extensions>
     </Trackpoint>
     <Trackpoint>
      <Time>2026-06-10T08:26:43Z</Time>
      <Position>
       <LatitudeDegrees>35.6880487</LatitudeDegrees>
       <LongitudeDegrees>139.8148311</LongitudeDegrees>
      </Position>
      <AltitudeMeters>3</AltitudeMeters>
      <DistanceMeters>1070</DistanceMeters>
      <HeartRateBpm>
       <Value>129</Value>
      </HeartRateBpm>
      <Cadence>81</Cadence>
      <Extensions>
       <Speed>7.510000</Speed>
      </Extensions>
     </Trackpoint>
     <Trackpoint>
      <Time>2026-06-10T08:26:44Z</Time>
      <Position>
       <LatitudeDegrees>35.6880485</LatitudeDegrees>
       <LongitudeDegrees>139.8148100</LongitudeDegrees>
      </Position>
      <AltitudeMeters>3</AltitudeMeters>
      <DistanceMeters>1072</DistanceMeters>
      <HeartRateBpm>
       <Value>129</Value>
      </HeartRateBpm>
      <Cadence>81</Cadence>
      <Extensions>
       <Speed>7.500000</Speed>
      </Extensions>
     </Trackpoint>
     <Trackpoint>
      <Time>2026-06-10T08:26:45Z</Time>
      <Position>
       <LatitudeDegrees>35.6880474</LatitudeDegrees>
       <LongitudeDegrees>139.8147898</LongitudeDegrees>
      </Position>
      <AltitudeMeters>3</AltitudeMeters>
      <DistanceMeters>1074</DistanceMeters>
      <HeartRateBpm>
       <Value>129</Value>
      </HeartRateBpm>
      <Cadence>81</Cadence>
      <Extensions>
       <Speed>7.490000</Speed>
      </Extensions>
     </Trackpoint>
     <Trackpoint>
      <Time>2026-06-10T08:26:46Z</Time>
      <Position>
       <LatitudeDegrees>35.6880463</LatitudeDegrees>
       <LongitudeDegrees>139.8147697</LongitudeDegrees>
      </Position>
      <AltitudeMeters>3</AltitudeMeters>
      <DistanceMeters>1076</DistanceMeters>
      <HeartRateBpm>
       <Value>129</Value>
      </HeartRateBpm>
      <Cadence>81</Cadence>
      <Extensions>
       <Speed>7.480000</Speed>
      </Extensions>
     </Trackpoint>
     <Trackpoint>
      <Time>2026-06-10T08:26:47Z</Time>
      <Position>
       <LatitudeDegrees>35.6880448</LatitudeDegrees>
       <LongitudeDegrees>139.8147498</LongitudeDegrees>
      </Position>
      <AltitudeMeters>3</AltitudeMeters>
      <DistanceMeters>1078</DistanceMeters>
      <HeartRateBpm>
       <Value>129</Value>
      </HeartRateBpm>
      <Cadence>81</Cadence>
      <Extensions>
       <Speed>7.470000</Speed>
      </Extensions>
     </Trackpoint>
     <Trackpoint>
      <Time>2026-06-10T08:26:48Z</Time>
      <Position>
       <LatitudeDegrees>35.6880433</LatitudeDegrees>
       <LongitudeDegrees>139.8147299</LongitudeDegrees>
      </Position>
      <AltitudeMeters>3</AltitudeMeters>
      <DistanceMeters>1080</DistanceMeters>
      <HeartRateBpm>
       <Value>129</Value>
      </HeartRateBpm>
      <Cadence>81</Cadence>
      <Extensions>
       <Speed>7.470000</Speed>
      </Extensions>
     </Trackpoint>
     <Trackpoint>
      <Time>2026-06-10T08:26:49Z</Time>
      <Position>
       <LatitudeDegrees>35.6880417</LatitudeDegrees>
       <LongitudeDegrees>139.8147083</LongitudeDegrees>
      </Position>
      <AltitudeMeters>3</AltitudeMeters>
      <DistanceMeters>1082</DistanceMeters>
      <HeartRateBpm>
       <Value>129</Value>
      </HeartRateBpm>
      <Cadence>81</Cadence>
      <Extensions>
       <Speed>7.450000</Speed>
      </Extensions>
     </Trackpoint>
     <Trackpoint>
      <Time>2026-06-10T08:26:50Z</Time>
      <Position>
       <LatitudeDegrees>35.6880402</LatitudeDegrees>
       <LongitudeDegrees>139.8146868</LongitudeDegrees>
      </Position>
      <AltitudeMeters>3</AltitudeMeters>
      <DistanceMeters>1084</DistanceMeters>
      <HeartRateBpm>
       <Value>129</Value>
      </HeartRateBpm>
      <Cadence>81</Cadence>
      <Extensions>
       <Speed>7.440000</Speed>
      </Extensions>
     </Trackpoint>
     <Trackpoint>
      <Time>2026-06-10T08:26:51Z</Time>
      <Position>
       <LatitudeDegrees>35.6880382</LatitudeDegrees>
       <LongitudeDegrees>139.8146639</LongitudeDegrees>
      </Position>
      <AltitudeMeters>3</AltitudeMeters>
      <DistanceMeters>1086</DistanceMeters>
      <HeartRateBpm>
       <Value>129</Value>
      </HeartRateBpm>
      <Cadence>81</Cadence>
      <Extensions>
       <Speed>7.430000</Speed>
      </Extensions>
     </Trackpoint>
     <Trackpoint>
      <Time>2026-06-10T08:26:52Z</Time>
      <Position>
       <LatitudeDegrees>35.6880362</LatitudeDegrees>
       <LongitudeDegrees>139.8146410</LongitudeDegrees>
      </Position>
      <AltitudeMeters>3</AltitudeMeters>
      <DistanceMeters>1088</DistanceMeters>
      <HeartRateBpm>
       <Value>129</Value>
      </HeartRateBpm>
      <Cadence>81</Cadence>
      <Extensions>
       <Speed>7.430000</Speed>
      </Extensions>
     </Trackpoint>
     <Trackpoint>
      <Time>2026-06-10T08:26:53Z</Time>
      <AltitudeMeters>3</AltitudeMeters>
      <DistanceMeters>1091</DistanceMeters>
      <HeartRateBpm>
       <Value>128</Value>
      </HeartRateBpm>
     </Trackpoint>
    </Track>
   </Lap>
   <Creator>
    <Name>COROS Wearables</Name>
   </Creator>
  </Activity>
 </Activities>
</TrainingCenterDatabase>
