<?xml version="1.0" encoding="UTF-8"?>
<TrainingCenterDatabase xsi:schemaLocation="http://www.garmin.com/xmlschemas/TrainingCenterDatabase/v2 http://www.garmin.com/xmlschemas/TrainingCenterDatabasev2.xsd" xmlns:ns5="http://www.garmin.com/xmlschemas/ActivityGoals/v1" xmlns:ns3="http://www.garmin.com/xmlschemas/ActivityExtension/v2" xmlns:ns2="http://www.garmin.com/xmlschemas/UserProfile/v2" xmlns="http://www.garmin.com/xmlschemas/TrainingCenterDatabase/v2" xmlns:xsi="http://www.w3.org/2001/XMLSchema-instance" xmlns:ns4="http://www.garmin.com/xmlschemas/ProfileExtension/v1">
 <Activities>
  <Activity Sport="Running">
   <Id>2026-05-24T13:59:59Z</Id>
   <Lap StartTime="2026-05-24T13:59:59Z">
    <TotalTimeSeconds>606</TotalTimeSeconds>
    <DistanceMeters>1000</DistanceMeters>
    <Intensity>Active</Intensity>
    <TriggerMethod>Manual</TriggerMethod>
    <MaximumHeartRateBpm>
     <Value>121</Value>
    </MaximumHeartRateBpm>
    <AverageHeartRateBpm>
     <Value>114</Value>
    </AverageHeartRateBpm>
    <Track>
     <Trackpoint>
      <Time>2026-05-24T13:59:59Z</Time>
      <DistanceMeters>0</DistanceMeters>
     </Trackpoint>
     <Trackpoint>
      <Time>2026-05-24T14:00:00Z</Time>
      <Position>
       <LatitudeDegrees>35.7034605</LatitudeDegrees>
       <LongitudeDegrees>139.7843257</LongitudeDegrees>
      </Position>
      <HeartRateBpm>
       <Value>93</Value>
      </HeartRateBpm>
     </Trackpoint>
     <Trackpoint>
      <Time>2026-05-24T14:00:01Z</Time>
      <Position>
       <LatitudeDegrees>35.7034596</LatitudeDegrees>
       <LongitudeDegrees>139.7843396</LongitudeDegrees>
      </Position>
      <HeartRateBpm>
       <Value>93</Value>
      </HeartRateBpm>
     </Trackpoint>
     <Trackpoint>
      <Time>2026-05-24T14:00:02Z</Time>
      <Position>
       <LatitudeDegrees>35.7034588</LatitudeDegrees>
       <LongitudeDegrees>139.7843536</LongitudeDegrees>
      </Position>
      <DistanceMeters>0</DistanceMeters>
      <HeartRateBpm>
       <Value>93</Value>
      </HeartRateBpm>
      <Extensions>
       <Speed>3.950000</Speed>
      </Extensions>
     </Trackpoint>
     <Trackpoint>
      <Time>2026-05-24T14:00:03Z</Time>
      <Position>
       <LatitudeDegrees>35.7034577</LatitudeDegrees>
       <LongitudeDegrees>139.7843741</LongitudeDegrees>
      </Position>
      <DistanceMeters>0</DistanceMeters>
      <HeartRateBpm>
       <Value>94</Value>
      </HeartRateBpm>
      <Extensions>
       <Speed>3.950000</Speed>
      </Extensions>
     </Trackpoint>
     <Trackpoint>
      <Time>2026-05-24T14:00:04Z</Time>
      <Position>
       <LatitudeDegrees>35.7034567</LatitudeDegrees>
       <LongitudeDegrees>139.7843947</LongitudeDegrees>
      </Position>
      <DistanceMeters>4</DistanceMeters>
      <HeartRateBpm>
       <Value>94</Value>
      </HeartRateBpm>
      <Cadence>51</Cadence>
      <Extensions>
       <Speed>2.580000</Speed>
      </Extensions>
     </Trackpoint>
     <Trackpoint>
      <Time>2026-05-24T14:00:05Z</Time>
      <Position>
       <LatitudeDegrees>35.7034551</LatitudeDegrees>
       <LongitudeDegrees>139.7844130</LongitudeDegrees>
      </Position>
      <AltitudeMeters>14</AltitudeMeters>
      <DistanceMeters>8</DistanceMeters>
      <HeartRateBpm>
       <Value>95</Value>
      </HeartRateBpm>
      <Cadence>51</Cadence>
      <Extensions>
       <Speed>1.220000</Speed>
      </Extensions>
     </Trackpoint>
     <Trackpoint>
      <Time>2026-05-24T14:00:06Z</Time>
      <Position>
       <LatitudeDegrees>35.7034536</LatitudeDegrees>
       <LongitudeDegrees>139.7844313</LongitudeDegrees>
      </Position>
      <AltitudeMeters>14</AltitudeMeters>
      <DistanceMeters>10</DistanceMeters>
      <HeartRateBpm>
       <Value>96</Value>
      </HeartRateBpm>
      <Cadence>52</Cadence>
      <Extensions>
       <Speed>2.160000</Speed>
      </Extensions>
     </Trackpoint>
     <Trackpoint>
      <Time>2026-05-24T14:00:07Z</Time>
      <Position>
       <LatitudeDegrees>35.7034497</LatitudeDegrees>
       <LongitudeDegrees>139.7844448</LongitudeDegrees>
      </Position>
      <AltitudeMeters>14</AltitudeMeters>
      <DistanceMeters>12</DistanceMeters>
      <HeartRateBpm>
       <Value>97</Value>
      </HeartRateBpm>
      <Cadence>54</Cadence>
      <Extensions>
       <Speed>3.100000</Speed>
      </Extensions>
     </Trackpoint>
     <Trackpoint>
      <Time>2026-05-24T14:00:08Z</Time>
      <Position>
       <LatitudeDegrees>35.7034459</LatitudeDegrees>
       <LongitudeDegrees>139.7844584</LongitudeDegrees>
      </Position>
      <AltitudeMeters>14</AltitudeMeters>
      <DistanceMeters>13</DistanceMeters>
      <HeartRateBpm>
       <Value>97</Value>
      </HeartRateBpm>
      <Cadence>62</Cadence>
      <Extensions>
       <Speed>3.300000</Speed>
      </Extensions>
     </Trackpoint>
     <Trackpoint>
      <Time>2026-05-24T14:00:09Z</Time>
      <Position>
       <LatitudeDegrees>35.7034401</LatitudeDegrees>
       <LongitudeDegrees>139.7844699</LongitudeDegrees>
      </Position>
      <AltitudeMeters>14</AltitudeMeters>
      <DistanceMeters>14</DistanceMeters>
      <HeartRateBpm>
       <Value>98</Value>
      </HeartRateBpm>
      <Cadence>70</Cadence>
      <Extensions>
       <Speed>3.500000</Speed>
      </Extensions>
     </Trackpoint>
     <Trackpoint>
      <Time>2026-05-24T14:00:10Z</Time>
      <Position>
       <LatitudeDegrees>35.7034343</LatitudeDegrees>
       <LongitudeDegrees>139.7844815</LongitudeDegrees>
      </Position>
      <AltitudeMeters>14</AltitudeMeters>
      <DistanceMeters>17</DistanceMeters>
      <HeartRateBpm>
       <Value>99</Value>
      </HeartRateBpm>
      <Cadence>71</Cadence>
      <Extensions>
       <Speed>3.620000</Speed>
      </Extensions>
     </Trackpoint>
     <Trackpoint>
      <Time>2026-05-24T14:00:11Z</Time>
      <Position>
       <LatitudeDegrees>35.7034224</LatitudeDegrees>
       <LongitudeDegrees>139.7844934</LongitudeDegrees>
      </Position>
      <AltitudeMeters>14</AltitudeMeters>
      <DistanceMeters>20</DistanceMeters>
      <HeartRateBpm>
       <Value>100</Value>
      </HeartRateBpm>
      <Cadence>72</Cadence>
      <Extensions>
       <Speed>3.740000</Speed>
      </Extensions>
     </Trackpoint>
     <Trackpoint>
      <Time>2026-05-24T14:00:12Z</Time>
      <Position>
       <LatitudeDegrees>35.7034105</LatitudeDegrees>
       <LongitudeDegrees>139.7845053</LongitudeDegrees>
      </Position>
      <AltitudeMeters>14</AltitudeMeters>
      <DistanceMeters>22</DistanceMeters>
      <HeartRateBpm>
       <Value>100</Value>
      </HeartRateBpm>
      <Cadence>73</Cadence>
      <Extensions>
       <Speed>3.800000</Speed>
      </Extensions>
     </Trackpoint>
     <Trackpoint>
      <Time>2026-05-24T14:00:13Z</Time>
      <Position>
       <LatitudeDegrees>35.7033911</LatitudeDegrees>
       <LongitudeDegrees>139.7845103</LongitudeDegrees>
      </Position>
      <AltitudeMeters>14</AltitudeMeters>
      <DistanceMeters>25</DistanceMeters>
      <HeartRateBpm>
       <Value>100</Value>
      </HeartRateBpm>
      <Cadence>75</Cadence>
      <Extensions>
       <Speed>3.870000</Speed>
      </Extensions>
     </Trackpoint>
     <Trackpoint>
      <Time>2026-05-24T14:00:14Z</Time>
      <Position>
       <LatitudeDegrees>35.7033717</LatitudeDegrees>
       <LongitudeDegrees>139.7845153</LongitudeDegrees>
      </Position>
      <AltitudeMeters>14</AltitudeMeters>
      <DistanceMeters>27</DistanceMeters>
      <HeartRateBpm>
       <Value>101</Value>
      </HeartRateBpm>
      <Cadence>75</Cadence>
      <Extensions>
       <Speed>3.920000</Speed>
      </Extensions>
     </Trackpoint>
     <Trackpoint>
      <Time>2026-05-24T14:00:15Z</Time>
      <Position>
       <LatitudeDegrees>35.7033515</LatitudeDegrees>
       <LongitudeDegrees>139.7845109</LongitudeDegrees>
      </Position>
      <AltitudeMeters>14</AltitudeMeters>
      <DistanceMeters>29</DistanceMeters>
      <HeartRateBpm>
       <Value>101</Value>
      </HeartRateBpm>
      <Cadence>75</Cadence>
      <Extensions>
       <Speed>3.980000</Speed>
      </Extensions>
     </Trackpoint>
     <Trackpoint>
      <Time>2026-05-24T14:00:16Z</Time>
      <Position>
       <LatitudeDegrees>35.7033314</LatitudeDegrees>
       <LongitudeDegrees>139.7845065</LongitudeDegrees>
      </Position>
      <AltitudeMeters>14</AltitudeMeters>
      <DistanceMeters>32</DistanceMeters>
      <HeartRateBpm>
       <Value>101</Value>
      </HeartRateBpm>
      <Cadence>76</Cadence>
      <Extensions>
       <Speed>4.070000</Speed>
      </Extensions>
     </Trackpoint>
     <Trackpoint>
      <Time>2026-05-24T14:00:17Z</Time>
      <Position>
       <LatitudeDegrees>35.7033120</LatitudeDegrees>
       <LongitudeDegrees>139.7844949</LongitudeDegrees>
      </Position>
      <AltitudeMeters>14</AltitudeMeters>
      <DistanceMeters>34</DistanceMeters>
      <HeartRateBpm>
       <Value>101</Value>
      </HeartRateBpm>
      <Cadence>76</Cadence>
      <Extensions>
       <Speed>4.160000</Speed>
      </Extensions>
     </Trackpoint>
     <Trackpoint>
      <Time>2026-05-24T14:00:18Z</Time>
      <Position>
       <LatitudeDegrees>35.7032926</LatitudeDegrees>
       <LongitudeDegrees>139.7844834</LongitudeDegrees>
      </Position>
      <AltitudeMeters>14</AltitudeMeters>
      <DistanceMeters>36</DistanceMeters>
      <HeartRateBpm>
       <Value>102</Value>
      </HeartRateBpm>
      <Cadence>76</Cadence>
      <Extensions>
       <Speed>4.270000</Speed>
      </Extensions>
     </Trackpoint>
     <Trackpoint>
      <Time>2026-05-24T14:00:19Z</Time>
      <Position>
       <LatitudeDegrees>35.7032742</LatitudeDegrees>
       <LongitudeDegrees>139.7844716</LongitudeDegrees>
      </Position>
      <AltitudeMeters>14</AltitudeMeters>
      <DistanceMeters>38</DistanceMeters>
      <HeartRateBpm>
       <Value>103</Value>
      </HeartRateBpm>
      <Cadence>76</Cadence>
      <Extensions>
       <Speed>4.380000</Speed>
      </Extensions>
     </Trackpoint>
     <Trackpoint>
      <Time>2026-05-24T14:00:20Z</Time>
      <Position>
       <LatitudeDegrees>35.7032558</LatitudeDegrees>
       <LongitudeDegrees>139.7844598</LongitudeDegrees>
      </Position>
      <AltitudeMeters>14</AltitudeMeters>
      <DistanceMeters>40</DistanceMeters>
      <HeartRateBpm>
       <Value>104</Value>
      </HeartRateBpm>
      <Cadence>76</Cadence>
      <Extensions>
       <Speed>4.550000</Speed>
      </Extensions>
     </Trackpoint>
     <Trackpoint>
      <Time>2026-05-24T14:00:21Z</Time>
      <Position>
       <LatitudeDegrees>35.7032393</LatitudeDegrees>
       <LongitudeDegrees>139.7844493</LongitudeDegrees>
      </Position>
      <AltitudeMeters>14</AltitudeMeters>
      <DistanceMeters>42</DistanceMeters>
      <HeartRateBpm>
       <Value>105</Value>
      </HeartRateBpm>
      <Cadence>76</Cadence>
      <Extensions>
       <Speed>4.720000</Speed>
      </Extensions>
     </Trackpoint>
     <Trackpoint>
      <Time>2026-05-24T14:00:22Z</Time>
      <Position>
       <LatitudeDegrees>35.7032228</LatitudeDegrees>
       <LongitudeDegrees>139.7844389</LongitudeDegrees>
      </Position>
      <AltitudeMeters>14</AltitudeMeters>
      <DistanceMeters>44</DistanceMeters>
      <HeartRateBpm>
       <Value>106</Value>
      </HeartRateBpm>
      <Cadence>76</Cadence>
      <Extensions>
       <Speed>4.920000</Speed>
      </Extensions>
     </Trackpoint>
     <Trackpoint>
      <Time>2026-05-24T14:00:23Z</Time>
      <Position>
       <LatitudeDegrees>35.7032095</LatitudeDegrees>
       <LongitudeDegrees>139.7844292</LongitudeDegrees>
      </Position>
      <AltitudeMeters>14</AltitudeMeters>
      <DistanceMeters>45</DistanceMeters>
      <HeartRateBpm>
       <Value>106</Value>
      </HeartRateBpm>
      <Cadence>76</Cadence>
      <Extensions>
       <Speed>5.120000</Speed>
      </Extensions>
     </Trackpoint>
     <Trackpoint>
      <Time>2026-05-24T14:00:24Z</Time>
      <Position>
       <LatitudeDegrees>35.7031962</LatitudeDegrees>
       <LongitudeDegrees>139.7844195</LongitudeDegrees>
      </Position>
      <AltitudeMeters>14</AltitudeMeters>
      <DistanceMeters>46</DistanceMeters>
      <HeartRateBpm>
       <Value>107</Value>
      </HeartRateBpm>
      <Cadence>75</Cadence>
      <Extensions>
       <Speed>5.240000</Speed>
      </Extensions>
     </Trackpoint>
     <Trackpoint>
      <Time>2026-05-24T14:00:25Z</Time>
      <Position>
       <LatitudeDegrees>35.7031847</LatitudeDegrees>
       <LongitudeDegrees>139.7844099</LongitudeDegrees>
      </Position>
      <AltitudeMeters>14</AltitudeMeters>
      <DistanceMeters>47</DistanceMeters>
      <HeartRateBpm>
       <Value>108</Value>
      </HeartRateBpm>
      <Cadence>75</Cadence>
      <Extensions>
       <Speed>5.370000</Speed>
      </Extensions>
     </Trackpoint>
     <Trackpoint>
      <Time>2026-05-24T14:00:26Z</Time>
      <Position>
       <LatitudeDegrees>35.7031732</LatitudeDegrees>
       <LongitudeDegrees>139.7844004</LongitudeDegrees>
      </Position>
      <AltitudeMeters>14</AltitudeMeters>
      <DistanceMeters>50</DistanceMeters>
      <HeartRateBpm>
       <Value>109</Value>
      </HeartRateBpm>
      <Cadence>75</Cadence>
      <Extensions>
       <Speed>5.440000</Speed>
      </Extensions>
     </Trackpoint>
     <Trackpoint>
      <Time>2026-05-24T14:00:27Z</Time>
      <Position>
       <LatitudeDegrees>35.7031600</LatitudeDegrees>
       <LongitudeDegrees>139.7843909</LongitudeDegrees>
      </Position>
      <AltitudeMeters>14</AltitudeMeters>
      <DistanceMeters>52</DistanceMeters>
      <HeartRateBpm>
       <Value>110</Value>
      </HeartRateBpm>
      <Cadence>75</Cadence>
      <Extensions>
       <Speed>5.520000</Speed>
      </Extensions>
     </Trackpoint>
     <Trackpoint>
      <Time>2026-05-24T14:00:28Z</Time>
      <Position>
       <LatitudeDegrees>35.7031468</LatitudeDegrees>
       <LongitudeDegrees>139.7843814</LongitudeDegrees>
      </Position>
      <AltitudeMeters>14</AltitudeMeters>
      <DistanceMeters>54</DistanceMeters>
      <HeartRateBpm>
       <Value>111</Value>
      </HeartRateBpm>
      <Cadence>74</Cadence>
      <Extensions>
       <Speed>5.540000</Speed>
      </Extensions>
     </Trackpoint>
     <Trackpoint>
      <Time>2026-05-24T14:00:29Z</Time>
      <Position>
       <LatitudeDegrees>35.7031327</LatitudeDegrees>
       <LongitudeDegrees>139.7843720</LongitudeDegrees>
      </Position>
      <AltitudeMeters>14</AltitudeMeters>
      <DistanceMeters>55</DistanceMeters>
      <HeartRateBpm>
       <Value>111</Value>
      </HeartRateBpm>
      <Cadence>74</Cadence>
      <Extensions>
       <Speed>5.570000</Speed>
      </Extensions>
     </Trackpoint>
     <Trackpoint>
      <Time>2026-05-24T14:00:30Z</Time>
      <Position>
       <LatitudeDegrees>35.7031186</LatitudeDegrees>
       <LongitudeDegrees>139.7843626</LongitudeDegrees>
      </Position>
      <AltitudeMeters>14</AltitudeMeters>
      <DistanceMeters>58</DistanceMeters>
      <HeartRateBpm>
       <Value>112</Value>
      </HeartRateBpm>
      <Cadence>74</Cadence>
      <Extensions>
       <Speed>5.580000</Speed>
      </Extensions>
     </Trackpoint>
     <Trackpoint>
      <Time>2026-05-24T14:00:31Z</Time>
      <Position>
       <LatitudeDegrees>35.7031020</LatitudeDegrees>
       <LongitudeDegrees>139.7843516</LongitudeDegrees>
      </Position>
      <AltitudeMeters>14</AltitudeMeters>
      <DistanceMeters>60</DistanceMeters>
      <HeartRateBpm>
       <Value>112</Value>
      </HeartRateBpm>
      <Cadence>75</Cadence>
      <Extensions>
       <Speed>5.590000</Speed>
      </Extensions>
     </Trackpoint>
     <Trackpoint>
      <Time>2026-05-24T14:00:32Z</Time>
      <Position>
       <LatitudeDegrees>35.7030855</LatitudeDegrees>
       <LongitudeDegrees>139.7843407</LongitudeDegrees>
      </Position>
      <AltitudeMeters>14</AltitudeMeters>
      <DistanceMeters>62</DistanceMeters>
      <HeartRateBpm>
       <Value>112</Value>
      </HeartRateBpm>
      <Cadence>75</Cadence>
      <Extensions>
       <Speed>5.600000</Speed>
      </Extensions>
     </Trackpoint>
     <Trackpoint>
      <Time>2026-05-24T14:00:33Z</Time>
      <Position>
       <LatitudeDegrees>35.7030674</LatitudeDegrees>
       <LongitudeDegrees>139.7843272</LongitudeDegrees>
      </Position>
      <AltitudeMeters>14</AltitudeMeters>
      <DistanceMeters>65</DistanceMeters>
      <HeartRateBpm>
       <Value>112</Value>
      </HeartRateBpm>
      <Cadence>76</Cadence>
      <Extensions>
       <Speed>5.620000</Speed>
      </Extensions>
     </Trackpoint>
     <Trackpoint>
      <Time>2026-05-24T14:00:34Z</Time>
      <Position>
       <LatitudeDegrees>35.7030493</LatitudeDegrees>
       <LongitudeDegrees>139.7843138</LongitudeDegrees>
      </Position>
      <AltitudeMeters>14</AltitudeMeters>
      <DistanceMeters>67</DistanceMeters>
      <HeartRateBpm>
       <Value>111</Value>
      </HeartRateBpm>
      <Cadence>76</Cadence>
      <Extensions>
       <Speed>5.710000</Speed>
      </Extensions>
     </Trackpoint>
     <Trackpoint>
      <Time>2026-05-24T14:00:35Z</Time>
      <Position>
       <LatitudeDegrees>35.7030316</LatitudeDegrees>
       <LongitudeDegrees>139.7843015</LongitudeDegrees>
      </Position>
      <AltitudeMeters>14</AltitudeMeters>
      <DistanceMeters>69</DistanceMeters>
      <HeartRateBpm>
       <Value>111</Value>
      </HeartRateBpm>
      <Cadence>77</Cadence>
      <Extensions>
       <Speed>5.800000</Speed>
      </Extensions>
     </Trackpoint>
     <Trackpoint>
      <Time>2026-05-24T14:00:36Z</Time>
      <Position>
       <LatitudeDegrees>35.7030140</LatitudeDegrees>
       <LongitudeDegrees>139.7842893</LongitudeDegrees>
      </Position>
      <AltitudeMeters>14</AltitudeMeters>
      <DistanceMeters>71</DistanceMeters>
      <HeartRateBpm>
       <Value>111</Value>
      </HeartRateBpm>
      <Cadence>77</Cadence>
      <Extensions>
       <Speed>5.930000</Speed>
      </Extensions>
     </Trackpoint>
     <Trackpoint>
      <Time>2026-05-24T14:00:37Z</Time>
      <Position>
       <LatitudeDegrees>35.7029981</LatitudeDegrees>
       <LongitudeDegrees>139.7842783</LongitudeDegrees>
      </Position>
      <AltitudeMeters>14</AltitudeMeters>
      <DistanceMeters>73</DistanceMeters>
      <HeartRateBpm>
       <Value>111</Value>
      </HeartRateBpm>
      <Cadence>77</Cadence>
      <Extensions>
       <Speed>6.060000</Speed>
      </Extensions>
     </Trackpoint>
     <Trackpoint>
      <Time>2026-05-24T14:00:38Z</Time>
      <Position>
       <LatitudeDegrees>35.7029823</LatitudeDegrees>
       <LongitudeDegrees>139.7842674</LongitudeDegrees>
      </Position>
      <AltitudeMeters>14</AltitudeMeters>
      <DistanceMeters>74</DistanceMeters>
      <HeartRateBpm>
       <Value>111</Value>
      </HeartRateBpm>
      <Cadence>77</Cadence>
      <Extensions>
       <Speed>6.130000</Speed>
      </Extensions>
     </Trackpoint>
     <Trackpoint>
      <Time>2026-05-24T14:00:39Z</Time>
      <Position>
       <LatitudeDegrees>35.7029679</LatitudeDegrees>
       <LongitudeDegrees>139.7842579</LongitudeDegrees>
      </Position>
      <AltitudeMeters>14</AltitudeMeters>
      <DistanceMeters>76</DistanceMeters>
      <HeartRateBpm>
       <Value>111</Value>
      </HeartRateBpm>
      <Cadence>77</Cadence>
      <Extensions>
       <Speed>6.210000</Speed>
      </Extensions>
     </Trackpoint>
     <Trackpoint>
      <Time>2026-05-24T14:00:40Z</Time>
      <Position>
       <LatitudeDegrees>35.7029536</LatitudeDegrees>
       <LongitudeDegrees>139.7842485</LongitudeDegrees>
      </Position>
      <AltitudeMeters>14</AltitudeMeters>
      <DistanceMeters>78</DistanceMeters>
      <HeartRateBpm>
       <Value>111</Value>
      </HeartRateBpm>
      <Cadence>77</Cadence>
      <Extensions>
       <Speed>6.250000</Speed>
      </Extensions>
     </Trackpoint>
     <Trackpoint>
      <Time>2026-05-24T14:00:41Z</Time>
      <Position>
       <LatitudeDegrees>35.7029414</LatitudeDegrees>
       <LongitudeDegrees>139.7842405</LongitudeDegrees>
      </Position>
      <AltitudeMeters>14</AltitudeMeters>
      <DistanceMeters>79</DistanceMeters>
      <HeartRateBpm>
       <Value>110</Value>
      </HeartRateBpm>
      <Cadence>77</Cadence>
      <Extensions>
       <Speed>6.300000</Speed>
      </Extensions>
     </Trackpoint>
     <Trackpoint>
      <Time>2026-05-24T14:00:42Z</Time>
      <Position>
       <LatitudeDegrees>35.7029292</LatitudeDegrees>
       <LongitudeDegrees>139.7842325</LongitudeDegrees>
      </Position>
      <AltitudeMeters>14</AltitudeMeters>
      <DistanceMeters>80</DistanceMeters>
      <HeartRateBpm>
       <Value>110</Value>
      </HeartRateBpm>
      <Cadence>77</Cadence>
      <Extensions>
       <Speed>6.400000</Speed>
      </Extensions>
     </Trackpoint>
     <Trackpoint>
      <Time>2026-05-24T14:00:43Z</Time>
      <Position>
       <LatitudeDegrees>35.7029185</LatitudeDegrees>
       <LongitudeDegrees>139.7842277</LongitudeDegrees>
      </Position>
      <AltitudeMeters>14</AltitudeMeters>
      <DistanceMeters>81</DistanceMeters>
      <HeartRateBpm>
       <Value>110</Value>
      </HeartRateBpm>
      <Cadence>77</Cadence>
      <Extensions>
       <Speed>6.510000</Speed>
      </Extensions>
     </Trackpoint>
     <Trackpoint>
      <Time>2026-05-24T14:00:44Z</Time>
      <Position>
       <LatitudeDegrees>35.7029078</LatitudeDegrees>
       <LongitudeDegrees>139.7842229</LongitudeDegrees>
      </Position>
      <AltitudeMeters>14</AltitudeMeters>
      <DistanceMeters>82</DistanceMeters>
      <HeartRateBpm>
       <Value>109</Value>
      </HeartRateBpm>
      <Cadence>77</Cadence>
      <Extensions>
       <Speed>6.470000</Speed>
      </Extensions>
     </Trackpoint>
     <Trackpoint>
      <Time>2026-05-24T14:00:45Z</Time>
      <Position>
       <LatitudeDegrees>35.7028950</LatitudeDegrees>
       <LongitudeDegrees>139.7842188</LongitudeDegrees>
      </Position>
      <AltitudeMeters>14</AltitudeMeters>
      <DistanceMeters>84</DistanceMeters>
      <HeartRateBpm>
       <Value>109</Value>
      </HeartRateBpm>
      <Cadence>76</Cadence>
      <Extensions>
       <Speed>6.440000</Speed>
      </Extensions>
     </Trackpoint>
     <Trackpoint>
      <Time>2026-05-24T14:00:46Z</Time>
      <Position>
       <LatitudeDegrees>35.7028822</LatitudeDegrees>
       <LongitudeDegrees>139.7842148</LongitudeDegrees>
      </Position>
      <AltitudeMeters>14</AltitudeMeters>
      <DistanceMeters>86</DistanceMeters>
      <HeartRateBpm>
       <Value>108</Value>
      </HeartRateBpm>
      <Cadence>76</Cadence>
      <Extensions>
       <Speed>6.370000</Speed>
      </Extensions>
     </Trackpoint>
     <Trackpoint>
      <Time>2026-05-24T14:00:47Z</Time>
      <Position>
       <LatitudeDegrees>35.7028663</LatitudeDegrees>
       <LongitudeDegrees>139.7842116</LongitudeDegrees>
      </Position>
      <AltitudeMeters>14</AltitudeMeters>
      <DistanceMeters>89</DistanceMeters>
      <HeartRateBpm>
       <Value>108</Value>
      </HeartRateBpm>
      <Cadence>76</Cadence>
      <Extensions>
       <Speed>6.310000</Speed>
      </Extensions>
     </Trackpoint>
     <Trackpoint>
      <Time>2026-05-24T14:00:48Z</Time>
      <Position>
       <LatitudeDegrees>35.7028504</LatitudeDegrees>
       <LongitudeDegrees>139.7842084</LongitudeDegrees>
      </Position>
      <AltitudeMeters>14</AltitudeMeters>
      <DistanceMeters>90</DistanceMeters>
      <HeartRateBpm>
       <Value>108</Value>
      </HeartRateBpm>
      <Cadence>75</Cadence>
      <Extensions>
       <Speed>6.250000</Speed>
      </Extensions>
     </Trackpoint>
     <Trackpoint>
      <Time>2026-05-24T14:00:49Z</Time>
      <Position>
       <LatitudeDegrees>35.7028338</LatitudeDegrees>
       <LongitudeDegrees>139.7842059</LongitudeDegrees>
      </Position>
      <AltitudeMeters>14</AltitudeMeters>
      <DistanceMeters>92</DistanceMeters>
      <HeartRateBpm>
       <Value>108</Value>
      </HeartRateBpm>
      <Cadence>75</Cadence>
      <Extensions>
       <Speed>6.200000</Speed>
      </Extensions>
     </Trackpoint>
     <Trackpoint>
      <Time>2026-05-24T14:00:50Z</Time>
      <Position>
       <LatitudeDegrees>35.7028173</LatitudeDegrees>
       <LongitudeDegrees>139.7842034</LongitudeDegrees>
      </Position>
      <AltitudeMeters>14</AltitudeMeters>
      <DistanceMeters>94</DistanceMeters>
      <HeartRateBpm>
       <Value>107</Value>
      </HeartRateBpm>
      <Cadence>75</Cadence>
      <Extensions>
       <Speed>6.190000</Speed>
      </Extensions>
     </Trackpoint>
     <Trackpoint>
      <Time>2026-05-24T14:00:51Z</Time>
      <Position>
       <LatitudeDegrees>35.7028019</LatitudeDegrees>
       <LongitudeDegrees>139.7841997</LongitudeDegrees>
      </Position>
      <AltitudeMeters>14</AltitudeMeters>
      <DistanceMeters>95</DistanceMeters>
      <HeartRateBpm>
       <Value>108</Value>
      </HeartRateBpm>
      <Cadence>75</Cadence>
      <Extensions>
       <Speed>6.190000</Speed>
      </Extensions>
     </Trackpoint>
     <Trackpoint>
      <Time>2026-05-24T14:00:52Z</Time>
      <Position>
       <LatitudeDegrees>35.7027866</LatitudeDegrees>
       <LongitudeDegrees>139.7841960</LongitudeDegrees>
      </Position>
      <AltitudeMeters>14</AltitudeMeters>
      <DistanceMeters>97</DistanceMeters>
      <HeartRateBpm>
       <Value>107</Value>
      </HeartRateBpm>
      <Cadence>75</Cadence>
      <Extensions>
       <Speed>6.190000</Speed>
      </Extensions>
     </Trackpoint>
     <Trackpoint>
      <Time>2026-05-24T14:00:53Z</Time>
      <Position>
       <LatitudeDegrees>35.7027714</LatitudeDegrees>
       <LongitudeDegrees>139.7841920</LongitudeDegrees>
      </Position>
      <AltitudeMeters>14</AltitudeMeters>
      <DistanceMeters>99</DistanceMeters>
      <HeartRateBpm>
       <Value>107</Value>
      </HeartRateBpm>
      <Cadence>75</Cadence>
      <Extensions>
       <Speed>6.190000</Speed>
      </Extensions>
     </Trackpoint>
     <Trackpoint>
      <Time>2026-05-24T14:00:54Z</Time>
      <Position>
       <LatitudeDegrees>35.7027562</LatitudeDegrees>
       <LongitudeDegrees>139.7841880</LongitudeDegrees>
      </Position>
      <AltitudeMeters>14</AltitudeMeters>
      <DistanceMeters>100</DistanceMeters>
      <HeartRateBpm>
       <Value>107</Value>
      </HeartRateBpm>
      <Cadence>75</Cadence>
      <Extensions>
       <Speed>6.190000</Speed>
      </Extensions>
     </Trackpoint>
     <Trackpoint>
      <Time>2026-05-24T14:00:55Z</Time>
      <Position>
       <LatitudeDegrees>35.7027410</LatitudeDegrees>
       <LongitudeDegrees>139.7841836</LongitudeDegrees>
      </Position>
      <AltitudeMeters>14</AltitudeMeters>
      <DistanceMeters>102</DistanceMeters>
      <HeartRateBpm>
       <Value>107</Value>
      </HeartRateBpm>
      <Cadence>75</Cadence>
      <Extensions>
       <Speed>6.200000</Speed>
      </Extensions>
     </Trackpoint>
     <Trackpoint>
      <Time>2026-05-24T14:00:56Z</Time>
      <Position>
       <LatitudeDegrees>35.7027259</LatitudeDegrees>
       <LongitudeDegrees>139.7841793</LongitudeDegrees>
      </Position>
      <AltitudeMeters>14</AltitudeMeters>
      <DistanceMeters>104</DistanceMeters>
      <HeartRateBpm>
       <Value>108</Value>
      </HeartRateBpm>
      <Cadence>75</Cadence>
      <Extensions>
       <Speed>6.200000</Speed>
      </Extensions>
     </Trackpoint>
     <Trackpoint>
      <Time>2026-05-24T14:00:57Z</Time>
      <Position>
       <LatitudeDegrees>35.7027104</LatitudeDegrees>
       <LongitudeDegrees>139.7841754</LongitudeDegrees>
      </Position>
      <AltitudeMeters>14</AltitudeMeters>
      <DistanceMeters>106</DistanceMeters>
      <HeartRateBpm>
       <Value>108</Value>
      </HeartRateBpm>
      <Cadence>75</Cadence>
      <Extensions>
       <Speed>6.200000</Speed>
      </Extensions>
     </Trackpoint>
     <Trackpoint>
      <Time>2026-05-24T14:00:58Z</Time>
      <Position>
       <LatitudeDegrees>35.7026949</LatitudeDegrees>
       <LongitudeDegrees>139.7841715</LongitudeDegrees>
      </Position>
      <AltitudeMeters>14</AltitudeMeters>
      <DistanceMeters>108</DistanceMeters>
      <HeartRateBpm>
       <Value>109</Value>
      </HeartRateBpm>
      <Cadence>75</Cadence>
      <Extensions>
       <Speed>6.200000</Speed>
      </Extensions>
     </Trackpoint>
     <Trackpoint>
      <Time>2026-05-24T14:00:59Z</Time>
      <Position>
       <LatitudeDegrees>35.7026796</LatitudeDegrees>
       <LongitudeDegrees>139.7841663</LongitudeDegrees>
      </Position>
      <AltitudeMeters>14</AltitudeMeters>
      <DistanceMeters>109</DistanceMeters>
      <HeartRateBpm>
       <Value>109</Value>
      </HeartRateBpm>
      <Cadence>75</Cadence>
      <Extensions>
       <Speed>6.200000</Speed>
      </Extensions>
     </Trackpoint>
     <Trackpoint>
      <Time>2026-05-24T14:01:00Z</Time>
      <Position>
       <LatitudeDegrees>35.7026643</LatitudeDegrees>
       <LongitudeDegrees>139.7841611</LongitudeDegrees>
      </Position>
      <AltitudeMeters>14</AltitudeMeters>
      <DistanceMeters>111</DistanceMeters>
      <HeartRateBpm>
       <Value>110</Value>
      </HeartRateBpm>
      <Cadence>75</Cadence>
      <Extensions>
       <Speed>6.200000</Speed>
      </Extensions>
     </Trackpoint>
     <Trackpoint>
      <Time>2026-05-24T14:01:01Z</Time>
      <Position>
       <LatitudeDegrees>35.7026515</LatitudeDegrees>
       <LongitudeDegrees>139.7841537</LongitudeDegrees>
      </Position>
      <AltitudeMeters>14</AltitudeMeters>
      <DistanceMeters>113</DistanceMeters>
      <HeartRateBpm>
       <Value>110</Value>
      </HeartRateBpm>
      <Cadence>75</Cadence>
      <Extensions>
       <Speed>6.200000</Speed>
      </Extensions>
     </Trackpoint>
     <Trackpoint>
      <Time>2026-05-24T14:01:02Z</Time>
      <Position>
       <LatitudeDegrees>35.7026388</LatitudeDegrees>
       <LongitudeDegrees>139.7841464</LongitudeDegrees>
      </Position>
      <AltitudeMeters>14</AltitudeMeters>
      <DistanceMeters>114</DistanceMeters>
      <HeartRateBpm>
       <Value>111</Value>
      </HeartRateBpm>
      <Cadence>74</Cadence>
      <Extensions>
       <Speed>6.200000</Speed>
      </Extensions>
     </Trackpoint>
     <Trackpoint>
      <Time>2026-05-24T14:01:03Z</Time>
      <Position>
       <LatitudeDegrees>35.7026278</LatitudeDegrees>
       <LongitudeDegrees>139.7841412</LongitudeDegrees>
      </Position>
      <AltitudeMeters>14</AltitudeMeters>
      <DistanceMeters>114</DistanceMeters>
      <HeartRateBpm>
       <Value>111</Value>
      </HeartRateBpm>
      <Cadence>74</Cadence>
      <Extensions>
       <Speed>6.200000</Speed>
      </Extensions>
     </Trackpoint>
     <Trackpoint>
      <Time>2026-05-24T14:01:04Z</Time>
      <Position>
       <LatitudeDegrees>35.7026169</LatitudeDegrees>
       <LongitudeDegrees>139.7841361</LongitudeDegrees>
      </Position>
      <AltitudeMeters>14</AltitudeMeters>
      <DistanceMeters>116</DistanceMeters>
      <HeartRateBpm>
       <Value>112</Value>
      </HeartRateBpm>
      <Cadence>74</Cadence>
      <Extensions>
       <Speed>6.200000</Speed>
      </Extensions>
     </Trackpoint>
     <Trackpoint>
      <Time>2026-05-24T14:01:05Z</Time>
      <Position>
       <LatitudeDegrees>35.7026049</LatitudeDegrees>
       <LongitudeDegrees>139.7841350</LongitudeDegrees>
      </Position>
      <AltitudeMeters>14</AltitudeMeters>
      <DistanceMeters>118</DistanceMeters>
      <HeartRateBpm>
       <Value>112</Value>
      </HeartRateBpm>
      <Cadence>74</Cadence>
      <Extensions>
       <Speed>6.200000</Speed>
      </Extensions>
     </Trackpoint>
     <Trackpoint>
      <Time>2026-05-24T14:01:06Z</Time>
      <Position>
       <LatitudeDegrees>35.7025930</LatitudeDegrees>
       <LongitudeDegrees>139.7841339</LongitudeDegrees>
      </Position>
      <AltitudeMeters>14</AltitudeMeters>
      <DistanceMeters>119</DistanceMeters>
      <HeartRateBpm>
       <Value>112</Value>
      </HeartRateBpm>
      <Cadence>74</Cadence>
      <Extensions>
       <Speed>6.200000</Speed>
      </Extensions>
     </Trackpoint>
     <Trackpoint>
      <Time>2026-05-24T14:01:07Z</Time>
      <Position>
       <LatitudeDegrees>35.7025808</LatitudeDegrees>
       <LongitudeDegrees>139.7841378</LongitudeDegrees>
      </Position>
      <AltitudeMeters>14</AltitudeMeters>
      <DistanceMeters>120</DistanceMeters>
      <HeartRateBpm>
       <Value>113</Value>
      </HeartRateBpm>
      <Cadence>74</Cadence>
      <Extensions>
       <Speed>6.200000</Speed>
      </Extensions>
     </Trackpoint>
     <Trackpoint>
      <Time>2026-05-24T14:01:08Z</Time>
      <Position>
       <LatitudeDegrees>35.7025687</LatitudeDegrees>
       <LongitudeDegrees>139.7841417</LongitudeDegrees>
      </Position>
      <AltitudeMeters>14</AltitudeMeters>
      <DistanceMeters>122</DistanceMeters>
      <HeartRateBpm>
       <Value>113</Value>
      </HeartRateBpm>
      <Cadence>74</Cadence>
      <Extensions>
       <Speed>6.200000</Speed>
      </Extensions>
     </Trackpoint>
     <Trackpoint>
      <Time>2026-05-24T14:01:09Z</Time>
      <Position>
       <LatitudeDegrees>35.7025571</LatitudeDegrees>
       <LongitudeDegrees>139.7841480</LongitudeDegrees>
      </Position>
      <AltitudeMeters>14</AltitudeMeters>
      <DistanceMeters>123</DistanceMeters>
      <HeartRateBpm>
       <Value>113</Value>
      </HeartRateBpm>
      <Cadence>74</Cadence>
      <Extensions>
       <Speed>6.200000</Speed>
      </Extensions>
     </Trackpoint>
     <Trackpoint>
      <Time>2026-05-24T14:01:10Z</Time>
      <Position>
       <LatitudeDegrees>35.7025456</LatitudeDegrees>
       <LongitudeDegrees>139.7841544</LongitudeDegrees>
      </Position>
      <AltitudeMeters>14</AltitudeMeters>
      <DistanceMeters>124</DistanceMeters>
      <HeartRateBpm>
       <Value>113</Value>
      </HeartRateBpm>
      <Cadence>74</Cadence>
      <Extensions>
       <Speed>6.190000</Speed>
      </Extensions>
     </Trackpoint>
     <Trackpoint>
      <Time>2026-05-24T14:01:11Z</Time>
      <Position>
       <LatitudeDegrees>35.7025348</LatitudeDegrees>
       <LongitudeDegrees>139.7841598</LongitudeDegrees>
      </Position>
      <AltitudeMeters>14</AltitudeMeters>
      <DistanceMeters>125</DistanceMeters>
      <HeartRateBpm>
       <Value>112</Value>
      </HeartRateBpm>
      <Cadence>74</Cadence>
      <Extensions>
       <Speed>6.190000</Speed>
      </Extensions>
     </Trackpoint>
     <Trackpoint>
      <Time>2026-05-24T14:01:12Z</Time>
      <Position>
       <LatitudeDegrees>35.7025241</LatitudeDegrees>
       <LongitudeDegrees>139.7841652</LongitudeDegrees>
      </Position>
      <AltitudeMeters>14</AltitudeMeters>
      <DistanceMeters>127</DistanceMeters>
      <HeartRateBpm>
       <Value>113</Value>
      </HeartRateBpm>
      <Cadence>74</Cadence>
      <Extensions>
       <Speed>6.170000</Speed>
      </Extensions>
     </Trackpoint>
     <Trackpoint>
      <Time>2026-05-24T14:01:13Z</Time>
      <Position>
       <LatitudeDegrees>35.7025121</LatitudeDegrees>
       <LongitudeDegrees>139.7841658</LongitudeDegrees>
      </Position>
      <AltitudeMeters>14</AltitudeMeters>
      <DistanceMeters>129</DistanceMeters>
      <HeartRateBpm>
       <Value>113</Value>
      </HeartRateBpm>
      <Cadence>75</Cadence>
      <Extensions>
       <Speed>6.160000</Speed>
      </Extensions>
     </Trackpoint>
     <Trackpoint>
      <Time>2026-05-24T14:01:14Z</Time>
      <Position>
       <LatitudeDegrees>35.7025002</LatitudeDegrees>
       <LongitudeDegrees>139.7841665</LongitudeDegrees>
      </Position>
      <AltitudeMeters>14</AltitudeMeters>
      <DistanceMeters>130</DistanceMeters>
      <HeartRateBpm>
       <Value>113</Value>
      </HeartRateBpm>
      <Cadence>75</Cadence>
      <Extensions>
       <Speed>6.140000</Speed>
      </Extensions>
     </Trackpoint>
     <Trackpoint>
      <Time>2026-05-24T14:01:15Z</Time>
      <Position>
       <LatitudeDegrees>35.7024865</LatitudeDegrees>
       <LongitudeDegrees>139.7841636</LongitudeDegrees>
      </Position>
      <AltitudeMeters>14</AltitudeMeters>
      <DistanceMeters>132</DistanceMeters>
      <HeartRateBpm>
       <Value>113</Value>
      </HeartRateBpm>
      <Cadence>75</Cadence>
      <Extensions>
       <Speed>6.120000</Speed>
      </Extensions>
     </Trackpoint>
     <Trackpoint>
      <Time>2026-05-24T14:01:16Z</Time>
      <Position>
       <LatitudeDegrees>35.7024729</LatitudeDegrees>
       <LongitudeDegrees>139.7841607</LongitudeDegrees>
      </Position>
      <AltitudeMeters>14</AltitudeMeters>
      <DistanceMeters>134</DistanceMeters>
      <HeartRateBpm>
       <Value>112</Value>
      </HeartRateBpm>
      <Cadence>75</Cadence>
      <Extensions>
       <Speed>6.100000</Speed>
      </Extensions>
     </Trackpoint>
     <Trackpoint>
      <Time>2026-05-24T14:01:17Z</Time>
      <Position>
       <LatitudeDegrees>35.7024579</LatitudeDegrees>
       <LongitudeDegrees>139.7841568</LongitudeDegrees>
      </Position>
      <AltitudeMeters>14</AltitudeMeters>
      <DistanceMeters>135</DistanceMeters>
      <HeartRateBpm>
       <Value>112</Value>
      </HeartRateBpm>
      <Cadence>75</Cadence>
      <Extensions>
       <Speed>6.090000</Speed>
      </Extensions>
     </Trackpoint>
     <Trackpoint>
      <Time>2026-05-24T14:01:18Z</Time>
      <Position>
       <LatitudeDegrees>35.7024430</LatitudeDegrees>
       <LongitudeDegrees>139.7841530</LongitudeDegrees>
      </Position>
      <AltitudeMeters>14</AltitudeMeters>
      <DistanceMeters>137</DistanceMeters>
      <HeartRateBpm>
       <Value>111</Value>
      </HeartRateBpm>
      <Cadence>75</Cadence>
      <Extensions>
       <Speed>6.080000</Speed>
      </Extensions>
     </Trackpoint>
     <Trackpoint>
      <Time>2026-05-24T14:01:19Z</Time>
      <Position>
       <LatitudeDegrees>35.7024286</LatitudeDegrees>
       <LongitudeDegrees>139.7841486</LongitudeDegrees>
      </Position>
      <AltitudeMeters>14</AltitudeMeters>
      <DistanceMeters>139</DistanceMeters>
      <HeartRateBpm>
       <Value>111</Value>
      </HeartRateBpm>
      <Cadence>75</Cadence>
      <Extensions>
       <Speed>6.070000</Speed>
      </Extensions>
     </Trackpoint>
     <Trackpoint>
      <Time>2026-05-24T14:01:20Z</Time>
      <Position>
       <LatitudeDegrees>35.7024142</LatitudeDegrees>
       <LongitudeDegrees>139.7841443</LongitudeDegrees>
      </Position>
      <AltitudeMeters>14</AltitudeMeters>
      <DistanceMeters>140</DistanceMeters>
      <HeartRateBpm>
       <Value>111</Value>
      </HeartRateBpm>
      <Cadence>74</Cadence>
      <Extensions>
       <Speed>6.060000</Speed>
      </Extensions>
     </Trackpoint>
     <Trackpoint>
      <Time>2026-05-24T14:01:21Z</Time>
      <Position>
       <LatitudeDegrees>35.7024015</LatitudeDegrees>
       <LongitudeDegrees>139.7841395</LongitudeDegrees>
      </Position>
      <AltitudeMeters>14</AltitudeMeters>
      <DistanceMeters>141</DistanceMeters>
      <HeartRateBpm>
       <Value>111</Value>
      </HeartRateBpm>
      <Cadence>74</Cadence>
      <Extensions>
       <Speed>6.060000</Speed>
      </Extensions>
     </Trackpoint>
     <Trackpoint>
      <Time>2026-05-24T14:01:22Z</Time>
      <Position>
       <LatitudeDegrees>35.7023889</LatitudeDegrees>
       <LongitudeDegrees>139.7841347</LongitudeDegrees>
      </Position>
      <AltitudeMeters>14</AltitudeMeters>
      <DistanceMeters>142</DistanceMeters>
      <HeartRateBpm>
       <Value>111</Value>
      </HeartRateBpm>
      <Cadence>74</Cadence>
      <Extensions>
       <Speed>6.040000</Speed>
      </Extensions>
     </Trackpoint>
     <Trackpoint>
      <Time>2026-05-24T14:01:23Z</Time>
      <Position>
       <LatitudeDegrees>35.7023771</LatitudeDegrees>
       <LongitudeDegrees>139.7841316</LongitudeDegrees>
      </Position>
      <AltitudeMeters>14</AltitudeMeters>
      <DistanceMeters>144</DistanceMeters>
      <HeartRateBpm>
       <Value>111</Value>
      </HeartRateBpm>
      <Cadence>74</Cadence>
      <Extensions>
       <Speed>6.030000</Speed>
      </Extensions>
     </Trackpoint>
     <Trackpoint>
      <Time>2026-05-24T14:01:24Z</Time>
      <Position>
       <LatitudeDegrees>35.7023653</LatitudeDegrees>
       <LongitudeDegrees>139.7841286</LongitudeDegrees>
      </Position>
      <AltitudeMeters>14</AltitudeMeters>
      <DistanceMeters>146</DistanceMeters>
      <HeartRateBpm>
       <Value>111</Value>
      </HeartRateBpm>
      <Cadence>74</Cadence>
      <Extensions>
       <Speed>6.010000</Speed>
      </Extensions>
     </Trackpoint>
     <Trackpoint>
      <Time>2026-05-24T14:01:25Z</Time>
      <Position>
       <LatitudeDegrees>35.7023526</LatitudeDegrees>
       <LongitudeDegrees>139.7841276</LongitudeDegrees>
      </Position>
      <AltitudeMeters>14</AltitudeMeters>
      <DistanceMeters>147</DistanceMeters>
      <HeartRateBpm>
       <Value>111</Value>
      </HeartRateBpm>
      <Cadence>75</Cadence>
      <Extensions>
       <Speed>5.990000</Speed>
      </Extensions>
     </Trackpoint>
     <Trackpoint>
      <Time>2026-05-24T14:01:26Z</Time>
      <Position>
       <LatitudeDegrees>35.7023399</LatitudeDegrees>
       <LongitudeDegrees>139.7841266</LongitudeDegrees>
      </Position>
      <AltitudeMeters>14</AltitudeMeters>
      <DistanceMeters>148</DistanceMeters>
      <HeartRateBpm>
       <Value>112</Value>
      </HeartRateBpm>
      <Cadence>75</Cadence>
      <Extensions>
       <Speed>5.970000</Speed>
      </Extensions>
     </Trackpoint>
     <Trackpoint>
      <Time>2026-05-24T14:01:27Z</Time>
      <Position>
       <LatitudeDegrees>35.7023251</LatitudeDegrees>
       <LongitudeDegrees>139.7841266</LongitudeDegrees>
      </Position>
      <AltitudeMeters>14</AltitudeMeters>
      <DistanceMeters>150</DistanceMeters>
      <HeartRateBpm>
       <Value>112</Value>
      </HeartRateBpm>
      <Cadence>75</Cadence>
      <Extensions>
       <Speed>5.960000</Speed>
      </Extensions>
     </Trackpoint>
     <Trackpoint>
      <Time>2026-05-24T14:01:28Z</Time>
      <Position>
       <LatitudeDegrees>35.7023103</LatitudeDegrees>
       <LongitudeDegrees>139.7841266</LongitudeDegrees>
      </Position>
      <AltitudeMeters>14</AltitudeMeters>
      <DistanceMeters>152</DistanceMeters>
      <HeartRateBpm>
       <Value>112</Value>
      </HeartRateBpm>
      <Cadence>75</Cadence>
      <Extensions>
       <Speed>5.950000</Speed>
      </Extensions>
     </Trackpoint>
     <Trackpoint>
      <Time>2026-05-24T14:01:29Z</Time>
      <Position>
       <LatitudeDegrees>35.7022940</LatitudeDegrees>
       <LongitudeDegrees>139.7841254</LongitudeDegrees>
      </Position>
      <AltitudeMeters>14</AltitudeMeters>
      <DistanceMeters>154</DistanceMeters>
      <HeartRateBpm>
       <Value>113</Value>
      </HeartRateBpm>
      <Cadence>76</Cadence>
      <Extensions>
       <Speed>5.940000</Speed>
      </Extensions>
     </Trackpoint>
     <Trackpoint>
      <Time>2026-05-24T14:01:30Z</Time>
      <Position>
       <LatitudeDegrees>35.7022777</LatitudeDegrees>
       <LongitudeDegrees>139.7841242</LongitudeDegrees>
      </Position>
      <AltitudeMeters>14</AltitudeMeters>
      <DistanceMeters>156</DistanceMeters>
      <HeartRateBpm>
       <Value>113</Value>
      </HeartRateBpm>
      <Cadence>76</Cadence>
      <Extensions>
       <Speed>5.980000</Speed>
      </Extensions>
     </Trackpoint>
     <Trackpoint>
      <Time>2026-05-24T14:01:31Z</Time>
      <Position>
       <LatitudeDegrees>35.7022614</LatitudeDegrees>
       <LongitudeDegrees>139.7841201</LongitudeDegrees>
      </Position>
      <AltitudeMeters>14</AltitudeMeters>
      <DistanceMeters>158</DistanceMeters>
      <HeartRateBpm>
       <Value>113</Value>
      </HeartRateBpm>
      <Cadence>76</Cadence>
      <Extensions>
       <Speed>6.020000</Speed>
      </Extensions>
     </Trackpoint>
     <Trackpoint>
      <Time>2026-05-24T14:01:32Z</Time>
      <Position>
       <LatitudeDegrees>35.7022451</LatitudeDegrees>
       <LongitudeDegrees>139.7841160</LongitudeDegrees>
      </Position>
      <AltitudeMeters>14</AltitudeMeters>
      <DistanceMeters>160</DistanceMeters>
      <HeartRateBpm>
       <Value>113</Value>
      </HeartRateBpm>
      <Cadence>77</Cadence>
      <Extensions>
       <Speed>6.020000</Speed>
      </Extensions>
     </Trackpoint>
     <Trackpoint>
      <Time>2026-05-24T14:01:33Z</Time>
      <Position>
       <LatitudeDegrees>35.7022293</LatitudeDegrees>
       <LongitudeDegrees>139.7841089</LongitudeDegrees>
      </Position>
      <AltitudeMeters>14</AltitudeMeters>
      <DistanceMeters>162</DistanceMeters>
      <HeartRateBpm>
       <Value>113</Value>
      </HeartRateBpm>
      <Cadence>77</Cadence>
      <Extensions>
       <Speed>6.030000</Speed>
      </Extensions>
     </Trackpoint>
     <Trackpoint>
      <Time>2026-05-24T14:01:34Z</Time>
      <Position>
       <LatitudeDegrees>35.7022135</LatitudeDegrees>
       <LongitudeDegrees>139.7841019</LongitudeDegrees>
      </Position>
      <AltitudeMeters>14</AltitudeMeters>
      <DistanceMeters>164</DistanceMeters>
      <HeartRateBpm>
       <Value>113</Value>
      </HeartRateBpm>
      <Cadence>78</Cadence>
      <Extensions>
       <Speed>6.030000</Speed>
      </Extensions>
     </Trackpoint>
     <Trackpoint>
      <Time>2026-05-24T14:01:35Z</Time>
      <Position>
       <LatitudeDegrees>35.7021982</LatitudeDegrees>
       <LongitudeDegrees>139.7840940</LongitudeDegrees>
      </Position>
      <AltitudeMeters>14</AltitudeMeters>
      <DistanceMeters>165</DistanceMeters>
      <HeartRateBpm>
       <Value>113</Value>
      </HeartRateBpm>
      <Cadence>79</Cadence>
      <Extensions>
       <Speed>6.030000</Speed>
      </Extensions>
     </Trackpoint>
     <Trackpoint>
      <Time>2026-05-24T14:01:36Z</Time>
      <Position>
       <LatitudeDegrees>35.7021829</LatitudeDegrees>
       <LongitudeDegrees>139.7840861</LongitudeDegrees>
      </Position>
      <AltitudeMeters>14</AltitudeMeters>
      <DistanceMeters>167</DistanceMeters>
      <HeartRateBpm>
       <Value>113</Value>
      </HeartRateBpm>
      <Cadence>79</Cadence>
      <Extensions>
       <Speed>6.020000</Speed>
      </Extensions>
     </Trackpoint>
     <Trackpoint>
      <Time>2026-05-24T14:01:37Z</Time>
      <Position>
       <LatitudeDegrees>35.7021685</LatitudeDegrees>
       <LongitudeDegrees>139.7840780</LongitudeDegrees>
      </Position>
      <AltitudeMeters>14</AltitudeMeters>
      <DistanceMeters>169</DistanceMeters>
      <HeartRateBpm>
       <Value>113</Value>
      </HeartRateBpm>
      <Cadence>80</Cadence>
      <Extensions>
       <Speed>6.020000</Speed>
      </Extensions>
     </Trackpoint>
     <Trackpoint>
      <Time>2026-05-24T14:01:38Z</Time>
      <Position>
       <LatitudeDegrees>35.7021541</LatitudeDegrees>
       <LongitudeDegrees>139.7840699</LongitudeDegrees>
      </Position>
      <AltitudeMeters>14</AltitudeMeters>
      <DistanceMeters>170</DistanceMeters>
      <HeartRateBpm>
       <Value>112</Value>
      </HeartRateBpm>
      <Cadence>80</Cadence>
      <Extensions>
       <Speed>6.020000</Speed>
      </Extensions>
     </Trackpoint>
     <Trackpoint>
      <Time>2026-05-24T14:01:39Z</Time>
      <Position>
       <LatitudeDegrees>35.7021392</LatitudeDegrees>
       <LongitudeDegrees>139.7840626</LongitudeDegrees>
      </Position>
      <AltitudeMeters>14</AltitudeMeters>
      <DistanceMeters>172</DistanceMeters>
      <HeartRateBpm>
       <Value>112</Value>
      </HeartRateBpm>
      <Cadence>80</Cadence>
      <Extensions>
       <Speed>6.020000</Speed>
      </Extensions>
     </Trackpoint>
     <Trackpoint>
      <Time>2026-05-24T14:01:40Z</Time>
      <Position>
       <LatitudeDegrees>35.7021244</LatitudeDegrees>
       <LongitudeDegrees>139.7840554</LongitudeDegrees>
      </Position>
      <AltitudeMeters>14</AltitudeMeters>
      <DistanceMeters>174</DistanceMeters>
      <HeartRateBpm>
       <Value>112</Value>
      </HeartRateBpm>
      <Cadence>80</Cadence>
      <Extensions>
       <Speed>6.030000</Speed>
      </Extensions>
     </Trackpoint>
     <Trackpoint>
      <Time>2026-05-24T14:01:41Z</Time>
      <Position>
       <LatitudeDegrees>35.7021073</LatitudeDegrees>
       <LongitudeDegrees>139.7840510</LongitudeDegrees>
      </Position>
      <AltitudeMeters>14</AltitudeMeters>
      <DistanceMeters>176</DistanceMeters>
      <HeartRateBpm>
       <Value>112</Value>
      </HeartRateBpm>
      <Cadence>80</Cadence>
      <Extensions>
       <Speed>6.040000</Speed>
      </Extensions>
     </Trackpoint>
     <Trackpoint>
      <Time>2026-05-24T14:01:42Z</Time>
      <Position>
       <LatitudeDegrees>35.7020903</LatitudeDegrees>
       <LongitudeDegrees>139.7840466</LongitudeDegrees>
      </Position>
      <AltitudeMeters>14</AltitudeMeters>
      <DistanceMeters>178</DistanceMeters>
      <HeartRateBpm>
       <Value>112</Value>
      </HeartRateBpm>
      <Cadence>80</Cadence>
      <Extensions>
       <Speed>6.090000</Speed>
      </Extensions>
     </Trackpoint>
     <Trackpoint>
      <Time>2026-05-24T14:01:43Z</Time>
      <Position>
       <LatitudeDegrees>35.7020710</LatitudeDegrees>
       <LongitudeDegrees>139.7840445</LongitudeDegrees>
      </Position>
      <AltitudeMeters>14</AltitudeMeters>
      <DistanceMeters>181</DistanceMeters>
      <HeartRateBpm>
       <Value>112</Value>
      </HeartRateBpm>
      <Cadence>80</Cadence>
      <Extensions>
       <Speed>6.140000</Speed>
      </Extensions>
     </Trackpoint>
     <Trackpoint>
      <Time>2026-05-24T14:01:44Z</Time>
      <Position>
       <LatitudeDegrees>35.7020517</LatitudeDegrees>
       <LongitudeDegrees>139.7840424</LongitudeDegrees>
      </Position>
      <AltitudeMeters>14</AltitudeMeters>
      <DistanceMeters>183</DistanceMeters>
      <HeartRateBpm>
       <Value>112</Value>
      </HeartRateBpm>
      <Cadence>81</Cadence>
      <Extensions>
       <Speed>6.270000</Speed>
      </Extensions>
     </Trackpoint>
     <Trackpoint>
      <Time>2026-05-24T14:01:45Z</Time>
      <Position>
       <LatitudeDegrees>35.7020314</LatitudeDegrees>
       <LongitudeDegrees>139.7840443</LongitudeDegrees>
      </Position>
      <AltitudeMeters>14</AltitudeMeters>
      <DistanceMeters>185</DistanceMeters>
      <HeartRateBpm>
       <Value>113</Value>
      </HeartRateBpm>
      <Cadence>81</Cadence>
      <Extensions>
       <Speed>6.410000</Speed>
      </Extensions>
     </Trackpoint>
     <Trackpoint>
      <Time>2026-05-24T14:01:46Z</Time>
      <Position>
       <LatitudeDegrees>35.7020112</LatitudeDegrees>
       <LongitudeDegrees>139.7840463</LongitudeDegrees>
      </Position>
      <AltitudeMeters>14</AltitudeMeters>
      <DistanceMeters>188</DistanceMeters>
      <HeartRateBpm>
       <Value>113</Value>
      </HeartRateBpm>
      <Cadence>81</Cadence>
      <Extensions>
       <Speed>6.580000</Speed>
      </Extensions>
     </Trackpoint>
     <Trackpoint>
      <Time>2026-05-24T14:01:47Z</Time>
      <Position>
       <LatitudeDegrees>35.7019904</LatitudeDegrees>
       <LongitudeDegrees>139.7840527</LongitudeDegrees>
      </Position>
      <AltitudeMeters>14</AltitudeMeters>
      <DistanceMeters>190</DistanceMeters>
      <HeartRateBpm>
       <Value>113</Value>
      </HeartRateBpm>
      <Cadence>82</Cadence>
      <Extensions>
       <Speed>6.750000</Speed>
      </Extensions>
     </Trackpoint>
     <Trackpoint>
      <Time>2026-05-24T14:01:48Z</Time>
      <Position>
       <LatitudeDegrees>35.7019696</LatitudeDegrees>
       <LongitudeDegrees>139.7840592</LongitudeDegrees>
      </Position>
      <AltitudeMeters>14</AltitudeMeters>
      <DistanceMeters>192</DistanceMeters>
      <HeartRateBpm>
       <Value>113</Value>
      </HeartRateBpm>
      <Cadence>82</Cadence>
      <Extensions>
       <Speed>6.880000</Speed>
      </Extensions>
     </Trackpoint>
     <Trackpoint>
      <Time>2026-05-24T14:01:49Z</Time>
      <Position>
       <LatitudeDegrees>35.7019510</LatitudeDegrees>
       <LongitudeDegrees>139.7840634</LongitudeDegrees>
      </Position>
      <AltitudeMeters>14</AltitudeMeters>
      <DistanceMeters>194</DistanceMeters>
      <HeartRateBpm>
       <Value>114</Value>
      </HeartRateBpm>
      <Cadence>82</Cadence>
      <Extensions>
       <Speed>7.010000</Speed>
      </Extensions>
     </Trackpoint>
     <Trackpoint>
      <Time>2026-05-24T14:01:50Z</Time>
      <Position>
       <LatitudeDegrees>35.7019325</LatitudeDegrees>
       <LongitudeDegrees>139.7840677</LongitudeDegrees>
      </Position>
      <AltitudeMeters>14</AltitudeMeters>
      <DistanceMeters>196</DistanceMeters>
      <HeartRateBpm>
       <Value>114</Value>
      </HeartRateBpm>
      <Cadence>81</Cadence>
      <Extensions>
       <Speed>7.060000</Speed>
      </Extensions>
     </Trackpoint>
     <Trackpoint>
      <Time>2026-05-24T14:01:51Z</Time>
      <Position>
       <LatitudeDegrees>35.7019162</LatitudeDegrees>
       <LongitudeDegrees>139.7840676</LongitudeDegrees>
      </Position>
      <AltitudeMeters>14</AltitudeMeters>
      <DistanceMeters>197</DistanceMeters>
      <HeartRateBpm>
       <Value>114</Value>
      </HeartRateBpm>
      <Cadence>81</Cadence>
      <Extensions>
       <Speed>7.120000</Speed>
      </Extensions>
     </Trackpoint>
     <Trackpoint>
      <Time>2026-05-24T14:01:52Z</Time>
      <Position>
       <LatitudeDegrees>35.7019000</LatitudeDegrees>
       <LongitudeDegrees>139.7840676</LongitudeDegrees>
      </Position>
      <AltitudeMeters>14</AltitudeMeters>
      <DistanceMeters>198</DistanceMeters>
      <HeartRateBpm>
       <Value>114</Value>
      </HeartRateBpm>
      <Cadence>80</Cadence>
      <Extensions>
       <Speed>7.130000</Speed>
      </Extensions>
     </Trackpoint>
     <Trackpoint>
      <Time>2026-05-24T14:01:53Z</Time>
      <Position>
       <LatitudeDegrees>35.7018866</LatitudeDegrees>
       <LongitudeDegrees>139.7840664</LongitudeDegrees>
      </Position>
      <AltitudeMeters>14</AltitudeMeters>
      <DistanceMeters>200</DistanceMeters>
      <HeartRateBpm>
       <Value>115</Value>
      </HeartRateBpm>
      <Cadence>79</Cadence>
      <Extensions>
       <Speed>7.150000</Speed>
      </Extensions>
     </Trackpoint>
     <Trackpoint>
      <Time>2026-05-24T14:01:54Z</Time>
      <Position>
       <LatitudeDegrees>35.7018732</LatitudeDegrees>
       <LongitudeDegrees>139.7840652</LongitudeDegrees>
      </Position>
      <AltitudeMeters>14</AltitudeMeters>
      <DistanceMeters>201</DistanceMeters>
      <HeartRateBpm>
       <Value>115</Value>
      </HeartRateBpm>
      <Cadence>79</Cadence>
      <Extensions>
       <Speed>7.220000</Speed>
      </Extensions>
     </Trackpoint>
     <Trackpoint>
      <Time>2026-05-24T14:01:55Z</Time>
      <Position>
       <LatitudeDegrees>35.7018624</LatitudeDegrees>
       <LongitudeDegrees>139.7840634</LongitudeDegrees>
      </Position>
      <AltitudeMeters>14</AltitudeMeters>
      <DistanceMeters>202</DistanceMeters>
      <HeartRateBpm>
       <Value>115</Value>
      </HeartRateBpm>
      <Cadence>78</Cadence>
      <Extensions>
       <Speed>7.300000</Speed>
      </Extensions>
     </Trackpoint>
     <Trackpoint>
      <Time>2026-05-24T14:01:56Z</Time>
      <Position>
       <LatitudeDegrees>35.7018517</LatitudeDegrees>
       <LongitudeDegrees>139.7840617</LongitudeDegrees>
      </Position>
      <AltitudeMeters>14</AltitudeMeters>
      <DistanceMeters>203</DistanceMeters>
      <HeartRateBpm>
       <Value>115</Value>
      </HeartRateBpm>
      <Cadence>77</Cadence>
      <Extensions>
       <Speed>7.190000</Speed>
      </Extensions>
     </Trackpoint>
     <Trackpoint>
      <Time>2026-05-24T14:01:57Z</Time>
      <Position>
       <LatitudeDegrees>35.7018427</LatitudeDegrees>
       <LongitudeDegrees>139.7840578</LongitudeDegrees>
      </Position>
      <AltitudeMeters>14</AltitudeMeters>
      <DistanceMeters>204</DistanceMeters>
      <HeartRateBpm>
       <Value>115</Value>
      </HeartRateBpm>
      <Cadence>77</Cadence>
      <Extensions>
       <Speed>7.090000</Speed>
      </Extensions>
     </Trackpoint>
     <Trackpoint>
      <Time>2026-05-24T14:01:58Z</Time>
      <Position>
       <LatitudeDegrees>35.7018337</LatitudeDegrees>
       <LongitudeDegrees>139.7840539</LongitudeDegrees>
      </Position>
      <AltitudeMeters>14</AltitudeMeters>
      <DistanceMeters>206</DistanceMeters>
      <HeartRateBpm>
       <Value>115</Value>
      </HeartRateBpm>
      <Cadence>76</Cadence>
      <Extensions>
       <Speed>6.900000</Speed>
      </Extensions>
     </Trackpoint>
     <Trackpoint>
      <Time>2026-05-24T14:01:59Z</Time>
      <Position>
       <LatitudeDegrees>35.7018247</LatitudeDegrees>
       <LongitudeDegrees>139.7840469</LongitudeDegrees>
      </Position>
      <AltitudeMeters>14</AltitudeMeters>
      <DistanceMeters>207</DistanceMeters>
      <HeartRateBpm>
       <Value>115</Value>
      </HeartRateBpm>
      <Cadence>76</Cadence>
      <Extensions>
       <Speed>6.720000</Speed>
      </Extensions>
     </Trackpoint>
     <Trackpoint>
      <Time>2026-05-24T14:02:00Z</Time>
      <Position>
       <LatitudeDegrees>35.7018157</LatitudeDegrees>
       <LongitudeDegrees>139.7840399</LongitudeDegrees>
      </Position>
      <AltitudeMeters>14</AltitudeMeters>
      <DistanceMeters>208</DistanceMeters>
      <HeartRateBpm>
       <Value>115</Value>
      </HeartRateBpm>
      <Cadence>76</Cadence>
      <Extensions>
       <Speed>6.560000</Speed>
      </Extensions>
     </Trackpoint>
     <Trackpoint>
      <Time>2026-05-24T14:02:01Z</Time>
      <Position>
       <LatitudeDegrees>35.7018087</LatitudeDegrees>
       <LongitudeDegrees>139.7840279</LongitudeDegrees>
      </Position>
      <AltitudeMeters>14</AltitudeMeters>
      <DistanceMeters>210</DistanceMeters>
      <HeartRateBpm>
       <Value>115</Value>
      </HeartRateBpm>
      <Cadence>76</Cadence>
      <Extensions>
       <Speed>6.400000</Speed>
      </Extensions>
     </Trackpoint>
     <Trackpoint>
      <Time>2026-05-24T14:02:02Z</Time>
      <Position>
       <LatitudeDegrees>35.7018017</LatitudeDegrees>
       <LongitudeDegrees>139.7840159</LongitudeDegrees>
      </Position>
      <AltitudeMeters>14</AltitudeMeters>
      <DistanceMeters>212</DistanceMeters>
      <HeartRateBpm>
       <Value>115</Value>
      </HeartRateBpm>
      <Cadence>76</Cadence>
      <Extensions>
       <Speed>6.290000</Speed>
      </Extensions>
     </Trackpoint>
     <Trackpoint>
      <Time>2026-05-24T14:02:03Z</Time>
      <Position>
       <LatitudeDegrees>35.7017996</LatitudeDegrees>
       <LongitudeDegrees>139.7840005</LongitudeDegrees>
      </Position>
      <AltitudeMeters>14</AltitudeMeters>
      <DistanceMeters>213</DistanceMeters>
      <HeartRateBpm>
       <Value>115</Value>
      </HeartRateBpm>
      <Cadence>76</Cadence>
      <Extensions>
       <Speed>6.190000</Speed>
      </Extensions>
     </Trackpoint>
     <Trackpoint>
      <Time>2026-05-24T14:02:04Z</Time>
      <Position>
       <LatitudeDegrees>35.7017976</LatitudeDegrees>
       <LongitudeDegrees>139.7839852</LongitudeDegrees>
      </Position>
      <AltitudeMeters>14</AltitudeMeters>
      <DistanceMeters>214</DistanceMeters>
      <HeartRateBpm>
       <Value>115</Value>
      </HeartRateBpm>
      <Cadence>76</Cadence>
      <Extensions>
       <Speed>6.130000</Speed>
      </Extensions>
     </Trackpoint>
     <Trackpoint>
      <Time>2026-05-24T14:02:05Z</Time>
      <Position>
       <LatitudeDegrees>35.7018004</LatitudeDegrees>
       <LongitudeDegrees>139.7839688</LongitudeDegrees>
      </Position>
      <AltitudeMeters>14</AltitudeMeters>
      <DistanceMeters>216</DistanceMeters>
      <HeartRateBpm>
       <Value>115</Value>
      </HeartRateBpm>
      <Cadence>77</Cadence>
      <Extensions>
       <Speed>6.070000</Speed>
      </Extensions>
     </Trackpoint>
     <Trackpoint>
      <Time>2026-05-24T14:02:06Z</Time>
      <Position>
       <LatitudeDegrees>35.7018032</LatitudeDegrees>
       <LongitudeDegrees>139.7839525</LongitudeDegrees>
      </Position>
      <AltitudeMeters>14</AltitudeMeters>
      <DistanceMeters>218</DistanceMeters>
      <HeartRateBpm>
       <Value>114</Value>
      </HeartRateBpm>
      <Cadence>77</Cadence>
      <Extensions>
       <Speed>6.030000</Speed>
      </Extensions>
     </Trackpoint>
     <Trackpoint>
      <Time>2026-05-24T14:02:07Z</Time>
      <Position>
       <LatitudeDegrees>35.7018088</LatitudeDegrees>
       <LongitudeDegrees>139.7839354</LongitudeDegrees>
      </Position>
      <AltitudeMeters>14</AltitudeMeters>
      <DistanceMeters>219</DistanceMeters>
      <HeartRateBpm>
       <Value>114</Value>
      </HeartRateBpm>
      <Cadence>77</Cadence>
      <Extensions>
       <Speed>6.000000</Speed>
      </Extensions>
     </Trackpoint>
     <Trackpoint>
      <Time>2026-05-24T14:02:08Z</Time>
      <Position>
       <LatitudeDegrees>35.7018144</LatitudeDegrees>
       <LongitudeDegrees>139.7839184</LongitudeDegrees>
      </Position>
      <AltitudeMeters>14</AltitudeMeters>
      <DistanceMeters>221</DistanceMeters>
      <HeartRateBpm>
       <Value>115</Value>
      </HeartRateBpm>
      <Cadence>76</Cadence>
      <Extensions>
       <Speed>5.980000</Speed>
      </Extensions>
     </Trackpoint>
     <Trackpoint>
      <Time>2026-05-24T14:02:09Z</Time>
      <Position>
       <LatitudeDegrees>35.7018200</LatitudeDegrees>
       <LongitudeDegrees>139.7839005</LongitudeDegrees>
      </Position>
      <AltitudeMeters>14</AltitudeMeters>
      <DistanceMeters>223</DistanceMeters>
      <HeartRateBpm>
       <Value>115</Value>
      </HeartRateBpm>
      <Cadence>76</Cadence>
      <Extensions>
       <Speed>5.960000</Speed>
      </Extensions>
     </Trackpoint>
     <Trackpoint>
      <Time>2026-05-24T14:02:10Z</Time>
      <Position>
       <LatitudeDegrees>35.7018256</LatitudeDegrees>
       <LongitudeDegrees>139.7838827</LongitudeDegrees>
      </Position>
      <AltitudeMeters>14</AltitudeMeters>
      <DistanceMeters>224</DistanceMeters>
      <HeartRateBpm>
       <Value>116</Value>
      </HeartRateBpm>
      <Cadence>75</Cadence>
      <Extensions>
       <Speed>5.920000</Speed>
      </Extensions>
     </Trackpoint>
     <Trackpoint>
      <Time>2026-05-24T14:02:11Z</Time>
      <Position>
       <LatitudeDegrees>35.7018297</LatitudeDegrees>
       <LongitudeDegrees>139.7838647</LongitudeDegrees>
      </Position>
      <AltitudeMeters>14</AltitudeMeters>
      <DistanceMeters>226</DistanceMeters>
      <HeartRateBpm>
       <Value>116</Value>
      </HeartRateBpm>
      <Cadence>75</Cadence>
      <Extensions>
       <Speed>5.890000</Speed>
      </Extensions>
     </Trackpoint>
     <Trackpoint>
      <Time>2026-05-24T14:02:12Z</Time>
      <Position>
       <LatitudeDegrees>35.7018338</LatitudeDegrees>
       <LongitudeDegrees>139.7838467</LongitudeDegrees>
      </Position>
      <AltitudeMeters>14</AltitudeMeters>
      <DistanceMeters>228</DistanceMeters>
      <HeartRateBpm>
       <Value>116</Value>
      </HeartRateBpm>
      <Cadence>75</Cadence>
      <Extensions>
       <Speed>5.850000</Speed>
      </Extensions>
     </Trackpoint>
     <Trackpoint>
      <Time>2026-05-24T14:02:13Z</Time>
      <Position>
       <LatitudeDegrees>35.7018365</LatitudeDegrees>
       <LongitudeDegrees>139.7838281</LongitudeDegrees>
      </Position>
      <AltitudeMeters>14</AltitudeMeters>
      <DistanceMeters>230</DistanceMeters>
      <HeartRateBpm>
       <Value>116</Value>
      </HeartRateBpm>
      <Cadence>75</Cadence>
      <Extensions>
       <Speed>5.820000</Speed>
      </Extensions>
     </Trackpoint>
     <Trackpoint>
      <Time>2026-05-24T14:02:14Z</Time>
      <Position>
       <LatitudeDegrees>35.7018392</LatitudeDegrees>
       <LongitudeDegrees>139.7838095</LongitudeDegrees>
      </Position>
      <AltitudeMeters>14</AltitudeMeters>
      <DistanceMeters>232</DistanceMeters>
      <HeartRateBpm>
       <Value>116</Value>
      </HeartRateBpm>
      <Cadence>75</Cadence>
      <Extensions>
       <Speed>5.800000</Speed>
      </Extensions>
     </Trackpoint>
     <Trackpoint>
      <Time>2026-05-24T14:02:15Z</Time>
      <Position>
       <LatitudeDegrees>35.7018415</LatitudeDegrees>
       <LongitudeDegrees>139.7837909</LongitudeDegrees>
      </Position>
      <AltitudeMeters>14</AltitudeMeters>
      <DistanceMeters>233</DistanceMeters>
      <HeartRateBpm>
       <Value>117</Value>
      </HeartRateBpm>
      <Cadence>75</Cadence>
      <Extensions>
       <Speed>5.780000</Speed>
      </Extensions>
     </Trackpoint>
     <Trackpoint>
      <Time>2026-05-24T14:02:16Z</Time>
      <Position>
       <LatitudeDegrees>35.7018439</LatitudeDegrees>
       <LongitudeDegrees>139.7837724</LongitudeDegrees>
      </Position>
      <AltitudeMeters>14</AltitudeMeters>
      <DistanceMeters>234</DistanceMeters>
      <HeartRateBpm>
       <Value>117</Value>
      </HeartRateBpm>
      <Cadence>75</Cadence>
      <Extensions>
       <Speed>5.770000</Speed>
      </Extensions>
     </Trackpoint>
     <Trackpoint>
      <Time>2026-05-24T14:02:17Z</Time>
      <Position>
       <LatitudeDegrees>35.7018467</LatitudeDegrees>
       <LongitudeDegrees>139.7837549</LongitudeDegrees>
      </Position>
      <AltitudeMeters>14</AltitudeMeters>
      <DistanceMeters>236</DistanceMeters>
      <HeartRateBpm>
       <Value>117</Value>
      </HeartRateBpm>
      <Cadence>75</Cadence>
      <Extensions>
       <Speed>5.770000</Speed>
      </Extensions>
     </Trackpoint>
     <Trackpoint>
      <Time>2026-05-24T14:02:18Z</Time>
      <Position>
       <LatitudeDegrees>35.7018495</LatitudeDegrees>
       <LongitudeDegrees>139.7837375</LongitudeDegrees>
      </Position>
      <AltitudeMeters>14</AltitudeMeters>
      <DistanceMeters>238</DistanceMeters>
      <HeartRateBpm>
       <Value>117</Value>
      </HeartRateBpm>
      <Cadence>75</Cadence>
      <Extensions>
       <Speed>5.760000</Speed>
      </Extensions>
     </Trackpoint>
     <Trackpoint>
      <Time>2026-05-24T14:02:19Z</Time>
      <Position>
       <LatitudeDegrees>35.7018521</LatitudeDegrees>
       <LongitudeDegrees>139.7837206</LongitudeDegrees>
      </Position>
      <AltitudeMeters>14</AltitudeMeters>
      <DistanceMeters>239</DistanceMeters>
      <HeartRateBpm>
       <Value>116</Value>
      </HeartRateBpm>
      <Cadence>76</Cadence>
      <Extensions>
       <Speed>5.760000</Speed>
      </Extensions>
     </Trackpoint>
     <Trackpoint>
      <Time>2026-05-24T14:02:20Z</Time>
      <Position>
       <LatitudeDegrees>35.7018547</LatitudeDegrees>
       <LongitudeDegrees>139.7837038</LongitudeDegrees>
      </Position>
      <AltitudeMeters>14</AltitudeMeters>
      <DistanceMeters>240</DistanceMeters>
      <HeartRateBpm>
       <Value>116</Value>
      </HeartRateBpm>
      <Cadence>76</Cadence>
      <Extensions>
       <Speed>5.750000</Speed>
      </Extensions>
     </Trackpoint>
     <Trackpoint>
      <Time>2026-05-24T14:02:21Z</Time>
      <Position>
       <LatitudeDegrees>35.7018583</LatitudeDegrees>
       <LongitudeDegrees>139.7836867</LongitudeDegrees>
      </Position>
      <AltitudeMeters>14</AltitudeMeters>
      <DistanceMeters>242</DistanceMeters>
      <HeartRateBpm>
       <Value>116</Value>
      </HeartRateBpm>
      <Cadence>76</Cadence>
      <Extensions>
       <Speed>5.750000</Speed>
      </Extensions>
     </Trackpoint>
     <Trackpoint>
      <Time>2026-05-24T14:02:22Z</Time>
      <Position>
       <LatitudeDegrees>35.7018619</LatitudeDegrees>
       <LongitudeDegrees>139.7836697</LongitudeDegrees>
      </Position>
      <AltitudeMeters>14</AltitudeMeters>
      <DistanceMeters>244</DistanceMeters>
      <HeartRateBpm>
       <Value>116</Value>
      </HeartRateBpm>
      <Cadence>76</Cadence>
      <Extensions>
       <Speed>5.750000</Speed>
      </Extensions>
     </Trackpoint>
     <Trackpoint>
      <Time>2026-05-24T14:02:23Z</Time>
      <Position>
       <LatitudeDegrees>35.7018654</LatitudeDegrees>
       <LongitudeDegrees>139.7836520</LongitudeDegrees>
      </Position>
      <AltitudeMeters>14</AltitudeMeters>
      <DistanceMeters>246</DistanceMeters>
      <HeartRateBpm>
       <Value>116</Value>
      </HeartRateBpm>
      <Cadence>77</Cadence>
      <Extensions>
       <Speed>5.750000</Speed>
      </Extensions>
     </Trackpoint>
     <Trackpoint>
      <Time>2026-05-24T14:02:24Z</Time>
      <Position>
       <LatitudeDegrees>35.7018690</LatitudeDegrees>
       <LongitudeDegrees>139.7836344</LongitudeDegrees>
      </Position>
      <AltitudeMeters>14</AltitudeMeters>
      <DistanceMeters>248</DistanceMeters>
      <HeartRateBpm>
       <Value>116</Value>
      </HeartRateBpm>
      <Cadence>76</Cadence>
      <Extensions>
       <Speed>5.740000</Speed>
      </Extensions>
     </Trackpoint>
     <Trackpoint>
      <Time>2026-05-24T14:02:25Z</Time>
      <Position>
       <LatitudeDegrees>35.7018709</LatitudeDegrees>
       <LongitudeDegrees>139.7836173</LongitudeDegrees>
      </Position>
      <AltitudeMeters>14</AltitudeMeters>
      <DistanceMeters>249</DistanceMeters>
      <HeartRateBpm>
       <Value>116</Value>
      </HeartRateBpm>
      <Cadence>76</Cadence>
      <Extensions>
       <Speed>5.740000</Speed>
      </Extensions>
     </Trackpoint>
     <Trackpoint>
      <Time>2026-05-24T14:02:26Z</Time>
      <Position>
       <LatitudeDegrees>35.7018729</LatitudeDegrees>
       <LongitudeDegrees>139.7836002</LongitudeDegrees>
      </Position>
      <AltitudeMeters>14</AltitudeMeters>
      <DistanceMeters>250</DistanceMeters>
      <HeartRateBpm>
       <Value>116</Value>
      </HeartRateBpm>
      <Cadence>76</Cadence>
      <Extensions>
       <Speed>5.730000</Speed>
      </Extensions>
     </Trackpoint>
     <Trackpoint>
      <Time>2026-05-24T14:02:27Z</Time>
      <Position>
       <LatitudeDegrees>35.7018739</LatitudeDegrees>
       <LongitudeDegrees>139.7835827</LongitudeDegrees>
      </Position>
      <AltitudeMeters>14</AltitudeMeters>
      <DistanceMeters>252</DistanceMeters>
      <HeartRateBpm>
       <Value>117</Value>
      </HeartRateBpm>
      <Cadence>76</Cadence>
      <Extensions>
       <Speed>5.730000</Speed>
      </Extensions>
     </Trackpoint>
     <Trackpoint>
      <Time>2026-05-24T14:02:28Z</Time>
      <Position>
       <LatitudeDegrees>35.7018750</LatitudeDegrees>
       <LongitudeDegrees>139.7835653</LongitudeDegrees>
      </Position>
      <AltitudeMeters>14</AltitudeMeters>
      <DistanceMeters>254</DistanceMeters>
      <HeartRateBpm>
       <Value>117</Value>
      </HeartRateBpm>
      <Cadence>76</Cadence>
      <Extensions>
       <Speed>5.690000</Speed>
      </Extensions>
     </Trackpoint>
     <Trackpoint>
      <Time>2026-05-24T14:02:29Z</Time>
      <Position>
       <LatitudeDegrees>35.7018764</LatitudeDegrees>
       <LongitudeDegrees>139.7835481</LongitudeDegrees>
      </Position>
      <AltitudeMeters>14</AltitudeMeters>
      <DistanceMeters>255</DistanceMeters>
      <HeartRateBpm>
       <Value>117</Value>
      </HeartRateBpm>
      <Cadence>76</Cadence>
      <Extensions>
       <Speed>5.660000</Speed>
      </Extensions>
     </Trackpoint>
     <Trackpoint>
      <Time>2026-05-24T14:02:30Z</Time>
      <Position>
       <LatitudeDegrees>35.7018779</LatitudeDegrees>
       <LongitudeDegrees>139.7835310</LongitudeDegrees>
      </Position>
      <AltitudeMeters>14</AltitudeMeters>
      <DistanceMeters>256</DistanceMeters>
      <HeartRateBpm>
       <Value>117</Value>
      </HeartRateBpm>
      <Cadence>76</Cadence>
      <Extensions>
       <Speed>5.640000</Speed>
      </Extensions>
     </Trackpoint>
     <Trackpoint>
      <Time>2026-05-24T14:02:31Z</Time>
      <Position>
       <LatitudeDegrees>35.7018796</LatitudeDegrees>
       <LongitudeDegrees>139.7835130</LongitudeDegrees>
      </Position>
      <AltitudeMeters>14</AltitudeMeters>
      <DistanceMeters>258</DistanceMeters>
      <HeartRateBpm>
       <Value>117</Value>
      </HeartRateBpm>
      <Cadence>76</Cadence>
      <Extensions>
       <Speed>5.630000</Speed>
      </Extensions>
     </Trackpoint>
     <Trackpoint>
      <Time>2026-05-24T14:02:32Z</Time>
      <Position>
       <LatitudeDegrees>35.7018814</LatitudeDegrees>
       <LongitudeDegrees>139.7834951</LongitudeDegrees>
      </Position>
      <AltitudeMeters>14</AltitudeMeters>
      <DistanceMeters>260</DistanceMeters>
      <HeartRateBpm>
       <Value>117</Value>
      </HeartRateBpm>
      <Cadence>76</Cadence>
      <Extensions>
       <Speed>5.630000</Speed>
      </Extensions>
     </Trackpoint>
     <Trackpoint>
      <Time>2026-05-24T14:02:33Z</Time>
      <Position>
       <LatitudeDegrees>35.7018831</LatitudeDegrees>
       <LongitudeDegrees>139.7834770</LongitudeDegrees>
      </Position>
      <AltitudeMeters>14</AltitudeMeters>
      <DistanceMeters>262</DistanceMeters>
      <HeartRateBpm>
       <Value>116</Value>
      </HeartRateBpm>
      <Cadence>76</Cadence>
      <Extensions>
       <Speed>5.640000</Speed>
      </Extensions>
     </Trackpoint>
     <Trackpoint>
      <Time>2026-05-24T14:02:34Z</Time>
      <Position>
       <LatitudeDegrees>35.7018849</LatitudeDegrees>
       <LongitudeDegrees>139.7834589</LongitudeDegrees>
      </Position>
      <AltitudeMeters>14</AltitudeMeters>
      <DistanceMeters>264</DistanceMeters>
      <HeartRateBpm>
       <Value>116</Value>
      </HeartRateBpm>
      <Cadence>76</Cadence>
      <Extensions>
       <Speed>5.640000</Speed>
      </Extensions>
     </Trackpoint>
     <Trackpoint>
      <Time>2026-05-24T14:02:35Z</Time>
      <Position>
       <LatitudeDegrees>35.7018864</LatitudeDegrees>
       <LongitudeDegrees>139.7834420</LongitudeDegrees>
      </Position>
      <AltitudeMeters>14</AltitudeMeters>
      <DistanceMeters>265</DistanceMeters>
      <HeartRateBpm>
       <Value>116</Value>
      </HeartRateBpm>
      <Cadence>76</Cadence>
      <Extensions>
       <Speed>5.650000</Speed>
      </Extensions>
     </Trackpoint>
     <Trackpoint>
      <Time>2026-05-24T14:02:36Z</Time>
      <Position>
       <LatitudeDegrees>35.7018880</LatitudeDegrees>
       <LongitudeDegrees>139.7834251</LongitudeDegrees>
      </Position>
      <AltitudeMeters>14</AltitudeMeters>
      <DistanceMeters>266</DistanceMeters>
      <HeartRateBpm>
       <Value>116</Value>
      </HeartRateBpm>
      <Cadence>76</Cadence>
      <Extensions>
       <Speed>5.650000</Speed>
      </Extensions>
     </Trackpoint>
     <Trackpoint>
      <Time>2026-05-24T14:02:37Z</Time>
      <Position>
       <LatitudeDegrees>35.7018886</LatitudeDegrees>
       <LongitudeDegrees>139.7834095</LongitudeDegrees>
      </Position>
      <AltitudeMeters>14</AltitudeMeters>
      <DistanceMeters>267</DistanceMeters>
      <HeartRateBpm>
       <Value>116</Value>
      </HeartRateBpm>
      <Cadence>76</Cadence>
      <Extensions>
       <Speed>5.650000</Speed>
      </Extensions>
     </Trackpoint>
     <Trackpoint>
      <Time>2026-05-24T14:02:38Z</Time>
      <Position>
       <LatitudeDegrees>35.7018893</LatitudeDegrees>
       <LongitudeDegrees>139.7833940</LongitudeDegrees>
      </Position>
      <AltitudeMeters>14</AltitudeMeters>
      <DistanceMeters>268</DistanceMeters>
      <HeartRateBpm>
       <Value>116</Value>
      </HeartRateBpm>
      <Cadence>76</Cadence>
      <Extensions>
       <Speed>5.650000</Speed>
      </Extensions>
     </Trackpoint>
     <Trackpoint>
      <Time>2026-05-24T14:02:39Z</Time>
      <Position>
       <LatitudeDegrees>35.7018897</LatitudeDegrees>
       <LongitudeDegrees>139.7833779</LongitudeDegrees>
      </Position>
      <AltitudeMeters>14</AltitudeMeters>
      <DistanceMeters>270</DistanceMeters>
      <HeartRateBpm>
       <Value>115</Value>
      </HeartRateBpm>
      <Cadence>76</Cadence>
      <Extensions>
       <Speed>5.650000</Speed>
      </Extensions>
     </Trackpoint>
     <Trackpoint>
      <Time>2026-05-24T14:02:40Z</Time>
      <Position>
       <LatitudeDegrees>35.7018902</LatitudeDegrees>
       <LongitudeDegrees>139.7833619</LongitudeDegrees>
      </Position>
      <AltitudeMeters>14</AltitudeMeters>
      <DistanceMeters>272</DistanceMeters>
      <HeartRateBpm>
       <Value>115</Value>
      </HeartRateBpm>
      <Cadence>76</Cadence>
      <Extensions>
       <Speed>5.650000</Speed>
      </Extensions>
     </Trackpoint>
     <Trackpoint>
      <Time>2026-05-24T14:02:41Z</Time>
      <Position>
       <LatitudeDegrees>35.7018913</LatitudeDegrees>
       <LongitudeDegrees>139.7833457</LongitudeDegrees>
      </Position>
      <AltitudeMeters>14</AltitudeMeters>
      <DistanceMeters>273</DistanceMeters>
      <HeartRateBpm>
       <Value>115</Value>
      </HeartRateBpm>
      <Cadence>76</Cadence>
      <Extensions>
       <Speed>5.650000</Speed>
      </Extensions>
     </Trackpoint>
     <Trackpoint>
      <Time>2026-05-24T14:02:42Z</Time>
      <Position>
       <LatitudeDegrees>35.7018925</LatitudeDegrees>
       <LongitudeDegrees>139.7833296</LongitudeDegrees>
      </Position>
      <AltitudeMeters>14</AltitudeMeters>
      <DistanceMeters>274</DistanceMeters>
      <HeartRateBpm>
       <Value>114</Value>
      </HeartRateBpm>
      <Cadence>76</Cadence>
      <Extensions>
       <Speed>5.640000</Speed>
      </Extensions>
     </Trackpoint>
     <Trackpoint>
      <Time>2026-05-24T14:02:43Z</Time>
      <Position>
       <LatitudeDegrees>35.7018937</LatitudeDegrees>
       <LongitudeDegrees>139.7833145</LongitudeDegrees>
      </Position>
      <AltitudeMeters>14</AltitudeMeters>
      <DistanceMeters>276</DistanceMeters>
      <HeartRateBpm>
       <Value>114</Value>
      </HeartRateBpm>
      <Cadence>76</Cadence>
      <Extensions>
       <Speed>5.630000</Speed>
      </Extensions>
     </Trackpoint>
     <Trackpoint>
      <Time>2026-05-24T14:02:44Z</Time>
      <Position>
       <LatitudeDegrees>35.7018950</LatitudeDegrees>
       <LongitudeDegrees>139.7832994</LongitudeDegrees>
      </Position>
      <AltitudeMeters>14</AltitudeMeters>
      <DistanceMeters>278</DistanceMeters>
      <HeartRateBpm>
       <Value>114</Value>
      </HeartRateBpm>
      <Cadence>76</Cadence>
      <Extensions>
       <Speed>5.620000</Speed>
      </Extensions>
     </Trackpoint>
     <Trackpoint>
      <Time>2026-05-24T14:02:45Z</Time>
      <Position>
       <LatitudeDegrees>35.7018957</LatitudeDegrees>
       <LongitudeDegrees>139.7832832</LongitudeDegrees>
      </Position>
      <AltitudeMeters>14</AltitudeMeters>
      <DistanceMeters>279</DistanceMeters>
      <HeartRateBpm>
       <Value>114</Value>
      </HeartRateBpm>
      <Cadence>76</Cadence>
      <Extensions>
       <Speed>5.620000</Speed>
      </Extensions>
     </Trackpoint>
     <Trackpoint>
      <Time>2026-05-24T14:02:46Z</Time>
      <Position>
       <LatitudeDegrees>35.7018965</LatitudeDegrees>
       <LongitudeDegrees>139.7832670</LongitudeDegrees>
      </Position>
      <AltitudeMeters>14</AltitudeMeters>
      <DistanceMeters>280</DistanceMeters>
      <HeartRateBpm>
       <Value>114</Value>
      </HeartRateBpm>
      <Cadence>76</Cadence>
      <Extensions>
       <Speed>5.610000</Speed>
      </Extensions>
     </Trackpoint>
     <Trackpoint>
      <Time>2026-05-24T14:02:47Z</Time>
      <Position>
       <LatitudeDegrees>35.7018973</LatitudeDegrees>
       <LongitudeDegrees>139.7832498</LongitudeDegrees>
      </Position>
      <AltitudeMeters>14</AltitudeMeters>
      <DistanceMeters>282</DistanceMeters>
      <HeartRateBpm>
       <Value>114</Value>
      </HeartRateBpm>
      <Cadence>76</Cadence>
      <Extensions>
       <Speed>5.600000</Speed>
      </Extensions>
     </Trackpoint>
     <Trackpoint>
      <Time>2026-05-24T14:02:48Z</Time>
      <Position>
       <LatitudeDegrees>35.7018981</LatitudeDegrees>
       <LongitudeDegrees>139.7832327</LongitudeDegrees>
      </Position>
      <AltitudeMeters>14</AltitudeMeters>
      <DistanceMeters>284</DistanceMeters>
      <HeartRateBpm>
       <Value>115</Value>
      </HeartRateBpm>
      <Cadence>76</Cadence>
      <Extensions>
       <Speed>5.590000</Speed>
      </Extensions>
     </Trackpoint>
     <Trackpoint>
      <Time>2026-05-24T14:02:49Z</Time>
      <Position>
       <LatitudeDegrees>35.7018995</LatitudeDegrees>
       <LongitudeDegrees>139.7832144</LongitudeDegrees>
      </Position>
      <AltitudeMeters>14</AltitudeMeters>
      <DistanceMeters>286</DistanceMeters>
      <HeartRateBpm>
       <Value>115</Value>
      </HeartRateBpm>
      <Cadence>76</Cadence>
      <Extensions>
       <Speed>5.590000</Speed>
      </Extensions>
     </Trackpoint>
     <Trackpoint>
      <Time>2026-05-24T14:02:50Z</Time>
      <Position>
       <LatitudeDegrees>35.7019010</LatitudeDegrees>
       <LongitudeDegrees>139.7831962</LongitudeDegrees>
      </Position>
      <AltitudeMeters>14</AltitudeMeters>
      <DistanceMeters>287</DistanceMeters>
      <HeartRateBpm>
       <Value>115</Value>
      </HeartRateBpm>
      <Cadence>76</Cadence>
      <Extensions>
       <Speed>5.580000</Speed>
      </Extensions>
     </Trackpoint>
     <Trackpoint>
      <Time>2026-05-24T14:02:51Z</Time>
      <Position>
       <LatitudeDegrees>35.7019040</LatitudeDegrees>
       <LongitudeDegrees>139.7831793</LongitudeDegrees>
      </Position>
      <AltitudeMeters>14</AltitudeMeters>
      <DistanceMeters>288</DistanceMeters>
      <HeartRateBpm>
       <Value>115</Value>
      </HeartRateBpm>
      <Cadence>76</Cadence>
      <Extensions>
       <Speed>5.580000</Speed>
      </Extensions>
     </Trackpoint>
     <Trackpoint>
      <Time>2026-05-24T14:02:52Z</Time>
      <Position>
       <LatitudeDegrees>35.7019070</LatitudeDegrees>
       <LongitudeDegrees>139.7831625</LongitudeDegrees>
      </Position>
      <AltitudeMeters>14</AltitudeMeters>
      <DistanceMeters>290</DistanceMeters>
      <HeartRateBpm>
       <Value>115</Value>
      </HeartRateBpm>
      <Cadence>76</Cadence>
      <Extensions>
       <Speed>5.580000</Speed>
      </Extensions>
     </Trackpoint>
     <Trackpoint>
      <Time>2026-05-24T14:02:53Z</Time>
      <Position>
       <LatitudeDegrees>35.7019111</LatitudeDegrees>
       <LongitudeDegrees>139.7831453</LongitudeDegrees>
      </Position>
      <AltitudeMeters>14</AltitudeMeters>
      <DistanceMeters>292</DistanceMeters>
      <HeartRateBpm>
       <Value>115</Value>
      </HeartRateBpm>
      <Cadence>76</Cadence>
      <Extensions>
       <Speed>5.580000</Speed>
      </Extensions>
     </Trackpoint>
     <Trackpoint>
      <Time>2026-05-24T14:02:54Z</Time>
      <Position>
       <LatitudeDegrees>35.7019153</LatitudeDegrees>
       <LongitudeDegrees>139.7831281</LongitudeDegrees>
      </Position>
      <AltitudeMeters>14</AltitudeMeters>
      <DistanceMeters>294</DistanceMeters>
      <HeartRateBpm>
       <Value>115</Value>
      </HeartRateBpm>
      <Cadence>76</Cadence>
      <Extensions>
       <Speed>5.580000</Speed>
      </Extensions>
     </Trackpoint>
     <Trackpoint>
      <Time>2026-05-24T14:02:55Z</Time>
      <Position>
       <LatitudeDegrees>35.7019199</LatitudeDegrees>
       <LongitudeDegrees>139.7831104</LongitudeDegrees>
      </Position>
      <AltitudeMeters>14</AltitudeMeters>
      <DistanceMeters>295</DistanceMeters>
      <HeartRateBpm>
       <Value>115</Value>
      </HeartRateBpm>
      <Cadence>76</Cadence>
      <Extensions>
       <Speed>5.590000</Speed>
      </Extensions>
     </Trackpoint>
     <Trackpoint>
      <Time>2026-05-24T14:02:56Z</Time>
      <Position>
       <LatitudeDegrees>35.7019245</LatitudeDegrees>
       <LongitudeDegrees>139.7830928</LongitudeDegrees>
      </Position>
      <AltitudeMeters>14</AltitudeMeters>
      <DistanceMeters>297</DistanceMeters>
      <HeartRateBpm>
       <Value>115</Value>
      </HeartRateBpm>
      <Cadence>76</Cadence>
      <Extensions>
       <Speed>5.590000</Speed>
      </Extensions>
     </Trackpoint>
     <Trackpoint>
      <Time>2026-05-24T14:02:57Z</Time>
      <Position>
       <LatitudeDegrees>35.7019278</LatitudeDegrees>
       <LongitudeDegrees>139.7830739</LongitudeDegrees>
      </Position>
      <AltitudeMeters>14</AltitudeMeters>
      <DistanceMeters>299</DistanceMeters>
      <HeartRateBpm>
       <Value>115</Value>
      </HeartRateBpm>
      <Cadence>76</Cadence>
      <Extensions>
       <Speed>5.600000</Speed>
      </Extensions>
     </Trackpoint>
     <Trackpoint>
      <Time>2026-05-24T14:02:58Z</Time>
      <Position>
       <LatitudeDegrees>35.7019312</LatitudeDegrees>
       <LongitudeDegrees>139.7830550</LongitudeDegrees>
      </Position>
      <AltitudeMeters>14</AltitudeMeters>
      <DistanceMeters>300</DistanceMeters>
      <HeartRateBpm>
       <Value>115</Value>
      </HeartRateBpm>
      <Cadence>75</Cadence>
      <Extensions>
       <Speed>5.600000</Speed>
      </Extensions>
     </Trackpoint>
     <Trackpoint>
      <Time>2026-05-24T14:02:59Z</Time>
      <Position>
       <LatitudeDegrees>35.7019315</LatitudeDegrees>
       <LongitudeDegrees>139.7830389</LongitudeDegrees>
      </Position>
      <AltitudeMeters>14</AltitudeMeters>
      <DistanceMeters>301</DistanceMeters>
      <HeartRateBpm>
       <Value>115</Value>
      </HeartRateBpm>
      <Cadence>75</Cadence>
      <Extensions>
       <Speed>5.600000</Speed>
      </Extensions>
     </Trackpoint>
     <Trackpoint>
      <Time>2026-05-24T14:03:00Z</Time>
      <Position>
       <LatitudeDegrees>35.7019318</LatitudeDegrees>
       <LongitudeDegrees>139.7830229</LongitudeDegrees>
      </Position>
      <AltitudeMeters>14</AltitudeMeters>
      <DistanceMeters>302</DistanceMeters>
      <HeartRateBpm>
       <Value>115</Value>
      </HeartRateBpm>
      <Cadence>75</Cadence>
      <Extensions>
       <Speed>5.600000</Speed>
      </Extensions>
     </Trackpoint>
     <Trackpoint>
      <Time>2026-05-24T14:03:01Z</Time>
      <Position>
       <LatitudeDegrees>35.7019309</LatitudeDegrees>
       <LongitudeDegrees>139.7830085</LongitudeDegrees>
      </Position>
      <AltitudeMeters>14</AltitudeMeters>
      <DistanceMeters>304</DistanceMeters>
      <HeartRateBpm>
       <Value>115</Value>
      </HeartRateBpm>
      <Cadence>75</Cadence>
      <Extensions>
       <Speed>5.600000</Speed>
      </Extensions>
     </Trackpoint>
     <Trackpoint>
      <Time>2026-05-24T14:03:02Z</Time>
      <Position>
       <LatitudeDegrees>35.7019300</LatitudeDegrees>
       <LongitudeDegrees>139.7829941</LongitudeDegrees>
      </Position>
      <AltitudeMeters>14</AltitudeMeters>
      <DistanceMeters>306</DistanceMeters>
      <HeartRateBpm>
       <Value>116</Value>
      </HeartRateBpm>
      <Cadence>75</Cadence>
      <Extensions>
       <Speed>5.590000</Speed>
      </Extensions>
     </Trackpoint>
     <Trackpoint>
      <Time>2026-05-24T14:03:03Z</Time>
      <Position>
       <LatitudeDegrees>35.7019294</LatitudeDegrees>
       <LongitudeDegrees>139.7829795</LongitudeDegrees>
      </Position>
      <AltitudeMeters>14</AltitudeMeters>
      <DistanceMeters>307</DistanceMeters>
      <HeartRateBpm>
       <Value>116</Value>
      </HeartRateBpm>
      <Cadence>76</Cadence>
      <Extensions>
       <Speed>5.590000</Speed>
      </Extensions>
     </Trackpoint>
     <Trackpoint>
      <Time>2026-05-24T14:03:04Z</Time>
      <Position>
       <LatitudeDegrees>35.7019289</LatitudeDegrees>
       <LongitudeDegrees>139.7829649</LongitudeDegrees>
      </Position>
      <AltitudeMeters>14</AltitudeMeters>
      <DistanceMeters>308</DistanceMeters>
      <HeartRateBpm>
       <Value>116</Value>
      </HeartRateBpm>
      <Cadence>76</Cadence>
      <Extensions>
       <Speed>5.590000</Speed>
      </Extensions>
     </Trackpoint>
     <Trackpoint>
      <Time>2026-05-24T14:03:05Z</Time>
      <Position>
       <LatitudeDegrees>35.7019289</LatitudeDegrees>
       <LongitudeDegrees>139.7829496</LongitudeDegrees>
      </Position>
      <AltitudeMeters>14</AltitudeMeters>
      <DistanceMeters>309</DistanceMeters>
      <HeartRateBpm>
       <Value>117</Value>
      </HeartRateBpm>
      <Cadence>77</Cadence>
      <Extensions>
       <Speed>5.590000</Speed>
      </Extensions>
     </Trackpoint>
     <Trackpoint>
      <Time>2026-05-24T14:03:06Z</Time>
      <Position>
       <LatitudeDegrees>35.7019289</LatitudeDegrees>
       <LongitudeDegrees>139.7829344</LongitudeDegrees>
      </Position>
      <AltitudeMeters>14</AltitudeMeters>
      <DistanceMeters>310</DistanceMeters>
      <HeartRateBpm>
       <Value>116</Value>
      </HeartRateBpm>
      <Cadence>77</Cadence>
      <Extensions>
       <Speed>5.580000</Speed>
      </Extensions>
     </Trackpoint>
     <Trackpoint>
      <Time>2026-05-24T14:03:07Z</Time>
      <Position>
       <LatitudeDegrees>35.7019297</LatitudeDegrees>
       <LongitudeDegrees>139.7829186</LongitudeDegrees>
      </Position>
      <AltitudeMeters>14</AltitudeMeters>
      <DistanceMeters>312</DistanceMeters>
      <HeartRateBpm>
       <Value>116</Value>
      </HeartRateBpm>
      <Cadence>77</Cadence>
      <Extensions>
       <Speed>5.580000</Speed>
      </Extensions>
     </Trackpoint>
     <Trackpoint>
      <Time>2026-05-24T14:03:08Z</Time>
      <Position>
       <LatitudeDegrees>35.7019305</LatitudeDegrees>
       <LongitudeDegrees>139.7829029</LongitudeDegrees>
      </Position>
      <AltitudeMeters>14</AltitudeMeters>
      <DistanceMeters>314</DistanceMeters>
      <HeartRateBpm>
       <Value>116</Value>
      </HeartRateBpm>
      <Cadence>77</Cadence>
      <Extensions>
       <Speed>5.580000</Speed>
      </Extensions>
     </Trackpoint>
     <Trackpoint>
      <Time>2026-05-24T14:03:09Z</Time>
      <Position>
       <LatitudeDegrees>35.7019311</LatitudeDegrees>
       <LongitudeDegrees>139.7828860</LongitudeDegrees>
      </Position>
      <AltitudeMeters>14</AltitudeMeters>
      <DistanceMeters>316</DistanceMeters>
      <HeartRateBpm>
       <Value>115</Value>
      </HeartRateBpm>
      <Cadence>77</Cadence>
      <Extensions>
       <Speed>5.580000</Speed>
      </Extensions>
     </Trackpoint>
     <Trackpoint>
      <Time>2026-05-24T14:03:10Z</Time>
      <Position>
       <LatitudeDegrees>35.7019317</LatitudeDegrees>
       <LongitudeDegrees>139.7828692</LongitudeDegrees>
      </Position>
      <AltitudeMeters>14</AltitudeMeters>
      <DistanceMeters>318</DistanceMeters>
      <HeartRateBpm>
       <Value>115</Value>
      </HeartRateBpm>
      <Cadence>77</Cadence>
      <Extensions>
       <Speed>5.580000</Speed>
      </Extensions>
     </Trackpoint>
     <Trackpoint>
      <Time>2026-05-24T14:03:11Z</Time>
      <Position>
       <LatitudeDegrees>35.7019331</LatitudeDegrees>
       <LongitudeDegrees>139.7828516</LongitudeDegrees>
      </Position>
      <AltitudeMeters>14</AltitudeMeters>
      <DistanceMeters>319</DistanceMeters>
      <HeartRateBpm>
       <Value>115</Value>
      </HeartRateBpm>
      <Cadence>77</Cadence>
      <Extensions>
       <Speed>5.580000</Speed>
      </Extensions>
     </Trackpoint>
     <Trackpoint>
      <Time>2026-05-24T14:03:12Z</Time>
      <Position>
       <LatitudeDegrees>35.7019346</LatitudeDegrees>
       <LongitudeDegrees>139.7828340</LongitudeDegrees>
      </Position>
      <AltitudeMeters>14</AltitudeMeters>
      <DistanceMeters>320</DistanceMeters>
      <HeartRateBpm>
       <Value>115</Value>
      </HeartRateBpm>
      <Cadence>76</Cadence>
      <Extensions>
       <Speed>5.580000</Speed>
      </Extensions>
     </Trackpoint>
     <Trackpoint>
      <Time>2026-05-24T14:03:13Z</Time>
      <Position>
       <LatitudeDegrees>35.7019363</LatitudeDegrees>
       <LongitudeDegrees>139.7828162</LongitudeDegrees>
      </Position>
      <AltitudeMeters>14</AltitudeMeters>
      <DistanceMeters>322</DistanceMeters>
      <HeartRateBpm>
       <Value>115</Value>
      </HeartRateBpm>
      <Cadence>76</Cadence>
      <Extensions>
       <Speed>5.580000</Speed>
      </Extensions>
     </Trackpoint>
     <Trackpoint>
      <Time>2026-05-24T14:03:14Z</Time>
      <Position>
       <LatitudeDegrees>35.7019380</LatitudeDegrees>
       <LongitudeDegrees>139.7827984</LongitudeDegrees>
      </Position>
      <AltitudeMeters>14</AltitudeMeters>
      <DistanceMeters>324</DistanceMeters>
      <HeartRateBpm>
       <Value>115</Value>
      </HeartRateBpm>
      <Cadence>76</Cadence>
      <Extensions>
       <Speed>5.580000</Speed>
      </Extensions>
     </Trackpoint>
     <Trackpoint>
      <Time>2026-05-24T14:03:15Z</Time>
      <Position>
       <LatitudeDegrees>35.7019386</LatitudeDegrees>
       <LongitudeDegrees>139.7827795</LongitudeDegrees>
      </Position>
      <AltitudeMeters>14</AltitudeMeters>
      <DistanceMeters>326</DistanceMeters>
      <HeartRateBpm>
       <Value>115</Value>
      </HeartRateBpm>
      <Cadence>76</Cadence>
      <Extensions>
       <Speed>5.580000</Speed>
      </Extensions>
     </Trackpoint>
     <Trackpoint>
      <Time>2026-05-24T14:03:16Z</Time>
      <Position>
       <LatitudeDegrees>35.7019392</LatitudeDegrees>
       <LongitudeDegrees>139.7827606</LongitudeDegrees>
      </Position>
      <AltitudeMeters>14</AltitudeMeters>
      <DistanceMeters>328</DistanceMeters>
      <HeartRateBpm>
       <Value>115</Value>
      </HeartRateBpm>
      <Cadence>76</Cadence>
      <Extensions>
       <Speed>5.580000</Speed>
      </Extensions>
     </Trackpoint>
     <Trackpoint>
      <Time>2026-05-24T14:03:17Z</Time>
      <Position>
       <LatitudeDegrees>35.7019394</LatitudeDegrees>
       <LongitudeDegrees>139.7827424</LongitudeDegrees>
      </Position>
      <AltitudeMeters>14</AltitudeMeters>
      <DistanceMeters>329</DistanceMeters>
      <HeartRateBpm>
       <Value>114</Value>
      </HeartRateBpm>
      <Cadence>76</Cadence>
      <Extensions>
       <Speed>5.580000</Speed>
      </Extensions>
     </Trackpoint>
     <Trackpoint>
      <Time>2026-05-24T14:03:18Z</Time>
      <Position>
       <LatitudeDegrees>35.7019396</LatitudeDegrees>
       <LongitudeDegrees>139.7827242</LongitudeDegrees>
      </Position>
      <AltitudeMeters>14</AltitudeMeters>
      <DistanceMeters>330</DistanceMeters>
      <HeartRateBpm>
       <Value>114</Value>
      </HeartRateBpm>
      <Cadence>76</Cadence>
      <Extensions>
       <Speed>5.590000</Speed>
      </Extensions>
     </Trackpoint>
     <Trackpoint>
      <Time>2026-05-24T14:03:19Z</Time>
      <Position>
       <LatitudeDegrees>35.7019405</LatitudeDegrees>
       <LongitudeDegrees>139.7827081</LongitudeDegrees>
      </Position>
      <AltitudeMeters>14</AltitudeMeters>
      <DistanceMeters>331</DistanceMeters>
      <HeartRateBpm>
       <Value>114</Value>
      </HeartRateBpm>
      <Cadence>76</Cadence>
      <Extensions>
       <Speed>5.600000</Speed>
      </Extensions>
     </Trackpoint>
     <Trackpoint>
      <Time>2026-05-24T14:03:20Z</Time>
      <Position>
       <LatitudeDegrees>35.7019415</LatitudeDegrees>
       <LongitudeDegrees>139.7826921</LongitudeDegrees>
      </Position>
      <AltitudeMeters>14</AltitudeMeters>
      <DistanceMeters>332</DistanceMeters>
      <HeartRateBpm>
       <Value>113</Value>
      </HeartRateBpm>
      <Cadence>75</Cadence>
      <Extensions>
       <Speed>5.600000</Speed>
      </Extensions>
     </Trackpoint>
     <Trackpoint>
      <Time>2026-05-24T14:03:21Z</Time>
      <Position>
       <LatitudeDegrees>35.7019428</LatitudeDegrees>
       <LongitudeDegrees>139.7826774</LongitudeDegrees>
      </Position>
      <AltitudeMeters>14</AltitudeMeters>
      <DistanceMeters>334</DistanceMeters>
      <HeartRateBpm>
       <Value>113</Value>
      </HeartRateBpm>
      <Cadence>75</Cadence>
      <Extensions>
       <Speed>5.600000</Speed>
      </Extensions>
     </Trackpoint>
     <Trackpoint>
      <Time>2026-05-24T14:03:22Z</Time>
      <Position>
       <LatitudeDegrees>35.7019442</LatitudeDegrees>
       <LongitudeDegrees>139.7826628</LongitudeDegrees>
      </Position>
      <AltitudeMeters>14</AltitudeMeters>
      <DistanceMeters>336</DistanceMeters>
      <HeartRateBpm>
       <Value>113</Value>
      </HeartRateBpm>
      <Cadence>75</Cadence>
      <Extensions>
       <Speed>5.590000</Speed>
      </Extensions>
     </Trackpoint>
     <Trackpoint>
      <Time>2026-05-24T14:03:23Z</Time>
      <Position>
       <LatitudeDegrees>35.7019448</LatitudeDegrees>
       <LongitudeDegrees>139.7826476</LongitudeDegrees>
      </Position>
      <AltitudeMeters>14</AltitudeMeters>
      <DistanceMeters>337</DistanceMeters>
      <HeartRateBpm>
       <Value>112</Value>
      </HeartRateBpm>
      <Cadence>75</Cadence>
      <Extensions>
       <Speed>5.580000</Speed>
      </Extensions>
     </Trackpoint>
     <Trackpoint>
      <Time>2026-05-24T14:03:24Z</Time>
      <Position>
       <LatitudeDegrees>35.7019455</LatitudeDegrees>
       <LongitudeDegrees>139.7826325</LongitudeDegrees>
      </Position>
      <AltitudeMeters>14</AltitudeMeters>
      <DistanceMeters>338</DistanceMeters>
      <HeartRateBpm>
       <Value>112</Value>
      </HeartRateBpm>
      <Cadence>75</Cadence>
      <Extensions>
       <Speed>5.560000</Speed>
      </Extensions>
     </Trackpoint>
     <Trackpoint>
      <Time>2026-05-24T14:03:25Z</Time>
      <Position>
       <LatitudeDegrees>35.7019465</LatitudeDegrees>
       <LongitudeDegrees>139.7826163</LongitudeDegrees>
      </Position>
      <AltitudeMeters>14</AltitudeMeters>
      <DistanceMeters>340</DistanceMeters>
      <HeartRateBpm>
       <Value>111</Value>
      </HeartRateBpm>
      <Cadence>75</Cadence>
      <Extensions>
       <Speed>5.540000</Speed>
      </Extensions>
     </Trackpoint>
     <Trackpoint>
      <Time>2026-05-24T14:03:26Z</Time>
      <Position>
       <LatitudeDegrees>35.7019476</LatitudeDegrees>
       <LongitudeDegrees>139.7826002</LongitudeDegrees>
      </Position>
      <AltitudeMeters>14</AltitudeMeters>
      <DistanceMeters>341</DistanceMeters>
      <HeartRateBpm>
       <Value>111</Value>
      </HeartRateBpm>
      <Cadence>75</Cadence>
      <Extensions>
       <Speed>5.530000</Speed>
      </Extensions>
     </Trackpoint>
     <Trackpoint>
      <Time>2026-05-24T14:03:27Z</Time>
      <Position>
       <LatitudeDegrees>35.7019501</LatitudeDegrees>
       <LongitudeDegrees>139.7825845</LongitudeDegrees>
      </Position>
      <AltitudeMeters>14</AltitudeMeters>
      <DistanceMeters>342</DistanceMeters>
      <HeartRateBpm>
       <Value>111</Value>
      </HeartRateBpm>
      <Cadence>75</Cadence>
      <Extensions>
       <Speed>5.520000</Speed>
      </Extensions>
     </Trackpoint>
     <Trackpoint>
      <Time>2026-05-24T14:03:28Z</Time>
      <Position>
       <LatitudeDegrees>35.7019526</LatitudeDegrees>
       <LongitudeDegrees>139.7825689</LongitudeDegrees>
      </Position>
      <AltitudeMeters>14</AltitudeMeters>
      <DistanceMeters>344</DistanceMeters>
      <HeartRateBpm>
       <Value>111</Value>
      </HeartRateBpm>
      <Cadence>75</Cadence>
      <Extensions>
       <Speed>5.510000</Speed>
      </Extensions>
     </Trackpoint>
     <Trackpoint>
      <Time>2026-05-24T14:03:29Z</Time>
      <Position>
       <LatitudeDegrees>35.7019558</LatitudeDegrees>
       <LongitudeDegrees>139.7825537</LongitudeDegrees>
      </Position>
      <AltitudeMeters>14</AltitudeMeters>
      <DistanceMeters>345</DistanceMeters>
      <HeartRateBpm>
       <Value>111</Value>
      </HeartRateBpm>
      <Cadence>75</Cadence>
      <Extensions>
       <Speed>5.510000</Speed>
      </Extensions>
     </Trackpoint>
     <Trackpoint>
      <Time>2026-05-24T14:03:30Z</Time>
      <Position>
       <LatitudeDegrees>35.7019590</LatitudeDegrees>
       <LongitudeDegrees>139.7825386</LongitudeDegrees>
      </Position>
      <AltitudeMeters>14</AltitudeMeters>
      <DistanceMeters>346</DistanceMeters>
      <HeartRateBpm>
       <Value>112</Value>
      </HeartRateBpm>
      <Cadence>75</Cadence>
      <Extensions>
       <Speed>5.510000</Speed>
      </Extensions>
     </Trackpoint>
     <Trackpoint>
      <Time>2026-05-24T14:03:31Z</Time>
      <Position>
       <LatitudeDegrees>35.7019615</LatitudeDegrees>
       <LongitudeDegrees>139.7825223</LongitudeDegrees>
      </Position>
      <AltitudeMeters>14</AltitudeMeters>
      <DistanceMeters>348</DistanceMeters>
      <HeartRateBpm>
       <Value>112</Value>
      </HeartRateBpm>
      <Cadence>75</Cadence>
      <Extensions>
       <Speed>5.510000</Speed>
      </Extensions>
     </Trackpoint>
     <Trackpoint>
      <Time>2026-05-24T14:03:32Z</Time>
      <Position>
       <LatitudeDegrees>35.7019640</LatitudeDegrees>
       <LongitudeDegrees>139.7825061</LongitudeDegrees>
      </Position>
      <AltitudeMeters>14</AltitudeMeters>
      <DistanceMeters>350</DistanceMeters>
      <HeartRateBpm>
       <Value>112</Value>
      </HeartRateBpm>
      <Cadence>75</Cadence>
      <Extensions>
       <Speed>5.510000</Speed>
      </Extensions>
     </Trackpoint>
     <Trackpoint>
      <Time>2026-05-24T14:03:33Z</Time>
      <Position>
       <LatitudeDegrees>35.7019651</LatitudeDegrees>
       <LongitudeDegrees>139.7824900</LongitudeDegrees>
      </Position>
      <AltitudeMeters>14</AltitudeMeters>
      <DistanceMeters>352</DistanceMeters>
      <HeartRateBpm>
       <Value>112</Value>
      </HeartRateBpm>
      <Cadence>75</Cadence>
      <Extensions>
       <Speed>5.510000</Speed>
      </Extensions>
     </Trackpoint>
     <Trackpoint>
      <Time>2026-05-24T14:03:34Z</Time>
      <Position>
       <LatitudeDegrees>35.7019662</LatitudeDegrees>
       <LongitudeDegrees>139.7824739</LongitudeDegrees>
      </Position>
      <AltitudeMeters>15</AltitudeMeters>
      <DistanceMeters>353</DistanceMeters>
      <HeartRateBpm>
       <Value>112</Value>
      </HeartRateBpm>
      <Cadence>75</Cadence>
      <Extensions>
       <Speed>5.500000</Speed>
      </Extensions>
     </Trackpoint>
     <Trackpoint>
      <Time>2026-05-24T14:03:35Z</Time>
      <Position>
       <LatitudeDegrees>35.7019612</LatitudeDegrees>
       <LongitudeDegrees>139.7824613</LongitudeDegrees>
      </Position>
      <AltitudeMeters>15</AltitudeMeters>
      <DistanceMeters>354</DistanceMeters>
      <HeartRateBpm>
       <Value>112</Value>
      </HeartRateBpm>
      <Cadence>74</Cadence>
      <Extensions>
       <Speed>5.490000</Speed>
      </Extensions>
     </Trackpoint>
     <Trackpoint>
      <Time>2026-05-24T14:03:36Z</Time>
      <Position>
       <LatitudeDegrees>35.7019563</LatitudeDegrees>
       <LongitudeDegrees>139.7824488</LongitudeDegrees>
      </Position>
      <AltitudeMeters>15</AltitudeMeters>
      <DistanceMeters>356</DistanceMeters>
      <HeartRateBpm>
       <Value>112</Value>
      </HeartRateBpm>
      <Cadence>74</Cadence>
      <Extensions>
       <Speed>5.480000</Speed>
      </Extensions>
     </Trackpoint>
     <Trackpoint>
      <Time>2026-05-24T14:03:37Z</Time>
      <Position>
       <LatitudeDegrees>35.7019461</LatitudeDegrees>
       <LongitudeDegrees>139.7824427</LongitudeDegrees>
      </Position>
      <AltitudeMeters>15</AltitudeMeters>
      <DistanceMeters>357</DistanceMeters>
      <HeartRateBpm>
       <Value>112</Value>
      </HeartRateBpm>
      <Cadence>74</Cadence>
      <Extensions>
       <Speed>5.480000</Speed>
      </Extensions>
     </Trackpoint>
     <Trackpoint>
      <Time>2026-05-24T14:03:38Z</Time>
      <Position>
       <LatitudeDegrees>35.7019359</LatitudeDegrees>
       <LongitudeDegrees>139.7824367</LongitudeDegrees>
      </Position>
      <AltitudeMeters>15</AltitudeMeters>
      <DistanceMeters>358</DistanceMeters>
      <HeartRateBpm>
       <Value>112</Value>
      </HeartRateBpm>
      <Cadence>73</Cadence>
      <Extensions>
       <Speed>5.460000</Speed>
      </Extensions>
     </Trackpoint>
     <Trackpoint>
      <Time>2026-05-24T14:03:39Z</Time>
      <Position>
       <LatitudeDegrees>35.7019244</LatitudeDegrees>
       <LongitudeDegrees>139.7824349</LongitudeDegrees>
      </Position>
      <AltitudeMeters>15</AltitudeMeters>
      <DistanceMeters>359</DistanceMeters>
      <HeartRateBpm>
       <Value>112</Value>
      </HeartRateBpm>
      <Cadence>73</Cadence>
      <Extensions>
       <Speed>5.450000</Speed>
      </Extensions>
     </Trackpoint>
     <Trackpoint>
      <Time>2026-05-24T14:03:40Z</Time>
      <Position>
       <LatitudeDegrees>35.7019129</LatitudeDegrees>
       <LongitudeDegrees>139.7824332</LongitudeDegrees>
      </Position>
      <AltitudeMeters>14</AltitudeMeters>
      <DistanceMeters>360</DistanceMeters>
      <HeartRateBpm>
       <Value>112</Value>
      </HeartRateBpm>
      <Cadence>73</Cadence>
      <Extensions>
       <Speed>5.430000</Speed>
      </Extensions>
     </Trackpoint>
     <Trackpoint>
      <Time>2026-05-24T14:03:41Z</Time>
      <Position>
       <LatitudeDegrees>35.7018999</LatitudeDegrees>
       <LongitudeDegrees>139.7824329</LongitudeDegrees>
      </Position>
      <AltitudeMeters>14</AltitudeMeters>
      <DistanceMeters>362</DistanceMeters>
      <HeartRateBpm>
       <Value>112</Value>
      </HeartRateBpm>
      <Cadence>72</Cadence>
      <Extensions>
       <Speed>5.410000</Speed>
      </Extensions>
     </Trackpoint>
     <Trackpoint>
      <Time>2026-05-24T14:03:42Z</Time>
      <Position>
       <LatitudeDegrees>35.7018870</LatitudeDegrees>
       <LongitudeDegrees>139.7824326</LongitudeDegrees>
      </Position>
      <AltitudeMeters>14</AltitudeMeters>
      <DistanceMeters>363</DistanceMeters>
      <HeartRateBpm>
       <Value>112</Value>
      </HeartRateBpm>
      <Cadence>72</Cadence>
      <Extensions>
       <Speed>5.400000</Speed>
      </Extensions>
     </Trackpoint>
     <Trackpoint>
      <Time>2026-05-24T14:03:43Z</Time>
      <Position>
       <LatitudeDegrees>35.7018751</LatitudeDegrees>
       <LongitudeDegrees>139.7824315</LongitudeDegrees>
      </Position>
      <AltitudeMeters>14</AltitudeMeters>
      <DistanceMeters>364</DistanceMeters>
      <HeartRateBpm>
       <Value>112</Value>
      </HeartRateBpm>
      <Cadence>73</Cadence>
      <Extensions>
       <Speed>5.400000</Speed>
      </Extensions>
     </Trackpoint>
     <Trackpoint>
      <Time>2026-05-24T14:03:44Z</Time>
      <Position>
       <LatitudeDegrees>35.7018633</LatitudeDegrees>
       <LongitudeDegrees>139.7824304</LongitudeDegrees>
      </Position>
      <AltitudeMeters>14</AltitudeMeters>
      <DistanceMeters>365</DistanceMeters>
      <HeartRateBpm>
       <Value>112</Value>
      </HeartRateBpm>
      <Cadence>73</Cadence>
      <Extensions>
       <Speed>5.390000</Speed>
      </Extensions>
     </Trackpoint>
     <Trackpoint>
      <Time>2026-05-24T14:03:45Z</Time>
      <Position>
       <LatitudeDegrees>35.7018529</LatitudeDegrees>
       <LongitudeDegrees>139.7824277</LongitudeDegrees>
      </Position>
      <AltitudeMeters>14</AltitudeMeters>
      <DistanceMeters>366</DistanceMeters>
      <HeartRateBpm>
       <Value>112</Value>
      </HeartRateBpm>
      <Cadence>73</Cadence>
      <Extensions>
       <Speed>5.380000</Speed>
      </Extensions>
     </Trackpoint>
     <Trackpoint>
      <Time>2026-05-24T14:03:46Z</Time>
      <Position>
       <LatitudeDegrees>35.7018426</LatitudeDegrees>
       <LongitudeDegrees>139.7824251</LongitudeDegrees>
      </Position>
      <AltitudeMeters>14</AltitudeMeters>
      <DistanceMeters>368</DistanceMeters>
      <HeartRateBpm>
       <Value>112</Value>
      </HeartRateBpm>
      <Cadence>73</Cadence>
      <Extensions>
       <Speed>5.370000</Speed>
      </Extensions>
     </Trackpoint>
     <Trackpoint>
      <Time>2026-05-24T14:03:47Z</Time>
      <Position>
       <LatitudeDegrees>35.7018319</LatitudeDegrees>
       <LongitudeDegrees>139.7824230</LongitudeDegrees>
      </Position>
      <AltitudeMeters>14</AltitudeMeters>
      <DistanceMeters>369</DistanceMeters>
      <HeartRateBpm>
       <Value>112</Value>
      </HeartRateBpm>
      <Cadence>74</Cadence>
      <Extensions>
       <Speed>5.370000</Speed>
      </Extensions>
     </Trackpoint>
     <Trackpoint>
      <Time>2026-05-24T14:03:48Z</Time>
      <Position>
       <LatitudeDegrees>35.7018212</LatitudeDegrees>
       <LongitudeDegrees>139.7824210</LongitudeDegrees>
      </Position>
      <AltitudeMeters>14</AltitudeMeters>
      <DistanceMeters>370</DistanceMeters>
      <HeartRateBpm>
       <Value>113</Value>
      </HeartRateBpm>
      <Cadence>74</Cadence>
      <Extensions>
       <Speed>5.360000</Speed>
      </Extensions>
     </Trackpoint>
     <Trackpoint>
      <Time>2026-05-24T14:03:49Z</Time>
      <Position>
       <LatitudeDegrees>35.7018090</LatitudeDegrees>
       <LongitudeDegrees>139.7824201</LongitudeDegrees>
      </Position>
      <AltitudeMeters>14</AltitudeMeters>
      <DistanceMeters>372</DistanceMeters>
      <HeartRateBpm>
       <Value>113</Value>
      </HeartRateBpm>
      <Cadence>74</Cadence>
      <Extensions>
       <Speed>5.360000</Speed>
      </Extensions>
     </Trackpoint>
     <Trackpoint>
      <Time>2026-05-24T14:03:50Z</Time>
      <Position>
       <LatitudeDegrees>35.7017969</LatitudeDegrees>
       <LongitudeDegrees>139.7824193</LongitudeDegrees>
      </Position>
      <AltitudeMeters>14</AltitudeMeters>
      <DistanceMeters>374</DistanceMeters>
      <HeartRateBpm>
       <Value>114</Value>
      </HeartRateBpm>
      <Cadence>74</Cadence>
      <Extensions>
       <Speed>5.360000</Speed>
      </Extensions>
     </Trackpoint>
     <Trackpoint>
      <Time>2026-05-24T14:03:51Z</Time>
      <Position>
       <LatitudeDegrees>35.7017831</LatitudeDegrees>
       <LongitudeDegrees>139.7824197</LongitudeDegrees>
      </Position>
      <AltitudeMeters>14</AltitudeMeters>
      <DistanceMeters>375</DistanceMeters>
      <HeartRateBpm>
       <Value>114</Value>
      </HeartRateBpm>
      <Cadence>74</Cadence>
      <Extensions>
       <Speed>5.360000</Speed>
      </Extensions>
     </Trackpoint>
     <Trackpoint>
      <Time>2026-05-24T14:03:52Z</Time>
      <Position>
       <LatitudeDegrees>35.7017693</LatitudeDegrees>
       <LongitudeDegrees>139.7824201</LongitudeDegrees>
      </Position>
      <AltitudeMeters>14</AltitudeMeters>
      <DistanceMeters>377</DistanceMeters>
      <HeartRateBpm>
       <Value>114</Value>
      </HeartRateBpm>
      <Cadence>74</Cadence>
      <Extensions>
       <Speed>5.350000</Speed>
      </Extensions>
     </Trackpoint>
     <Trackpoint>
      <Time>2026-05-24T14:03:53Z</Time>
      <Position>
       <LatitudeDegrees>35.7017539</LatitudeDegrees>
       <LongitudeDegrees>139.7824170</LongitudeDegrees>
      </Position>
      <AltitudeMeters>14</AltitudeMeters>
      <DistanceMeters>379</DistanceMeters>
      <HeartRateBpm>
       <Value>114</Value>
      </HeartRateBpm>
      <Cadence>75</Cadence>
      <Extensions>
       <Speed>5.340000</Speed>
      </Extensions>
     </Trackpoint>
     <Trackpoint>
      <Time>2026-05-24T14:03:54Z</Time>
      <Position>
       <LatitudeDegrees>35.7017385</LatitudeDegrees>
       <LongitudeDegrees>139.7824140</LongitudeDegrees>
      </Position>
      <AltitudeMeters>14</AltitudeMeters>
      <DistanceMeters>381</DistanceMeters>
      <HeartRateBpm>
       <Value>114</Value>
      </HeartRateBpm>
      <Cadence>75</Cadence>
      <Extensions>
       <Speed>5.330000</Speed>
      </Extensions>
     </Trackpoint>
     <Trackpoint>
      <Time>2026-05-24T14:03:55Z</Time>
      <Position>
       <LatitudeDegrees>35.7017218</LatitudeDegrees>
       <LongitudeDegrees>139.7824090</LongitudeDegrees>
      </Position>
      <AltitudeMeters>14</AltitudeMeters>
      <DistanceMeters>383</DistanceMeters>
      <HeartRateBpm>
       <Value>114</Value>
      </HeartRateBpm>
      <Cadence>75</Cadence>
      <Extensions>
       <Speed>5.320000</Speed>
      </Extensions>
     </Trackpoint>
     <Trackpoint>
      <Time>2026-05-24T14:03:56Z</Time>
      <Position>
       <LatitudeDegrees>35.7017052</LatitudeDegrees>
       <LongitudeDegrees>139.7824040</LongitudeDegrees>
      </Position>
      <AltitudeMeters>14</AltitudeMeters>
      <DistanceMeters>384</DistanceMeters>
      <HeartRateBpm>
       <Value>114</Value>
      </HeartRateBpm>
      <Cadence>75</Cadence>
      <Extensions>
       <Speed>5.310000</Speed>
      </Extensions>
     </Trackpoint>
     <Trackpoint>
      <Time>2026-05-24T14:03:57Z</Time>
      <Position>
       <LatitudeDegrees>35.7016899</LatitudeDegrees>
       <LongitudeDegrees>139.7823999</LongitudeDegrees>
      </Position>
      <AltitudeMeters>14</AltitudeMeters>
      <DistanceMeters>386</DistanceMeters>
      <HeartRateBpm>
       <Value>114</Value>
      </HeartRateBpm>
      <Cadence>75</Cadence>
      <Extensions>
       <Speed>5.310000</Speed>
      </Extensions>
     </Trackpoint>
     <Trackpoint>
      <Time>2026-05-24T14:03:58Z</Time>
      <Position>
       <LatitudeDegrees>35.7016746</LatitudeDegrees>
       <LongitudeDegrees>139.7823958</LongitudeDegrees>
      </Position>
      <AltitudeMeters>14</AltitudeMeters>
      <DistanceMeters>388</DistanceMeters>
      <HeartRateBpm>
       <Value>114</Value>
      </HeartRateBpm>
      <Cadence>75</Cadence>
      <Extensions>
       <Speed>5.320000</Speed>
      </Extensions>
     </Trackpoint>
     <Trackpoint>
      <Time>2026-05-24T14:03:59Z</Time>
      <Position>
       <LatitudeDegrees>35.7016607</LatitudeDegrees>
       <LongitudeDegrees>139.7823938</LongitudeDegrees>
      </Position>
      <AltitudeMeters>14</AltitudeMeters>
      <DistanceMeters>389</DistanceMeters>
      <HeartRateBpm>
       <Value>114</Value>
      </HeartRateBpm>
      <Cadence>75</Cadence>
      <Extensions>
       <Speed>5.330000</Speed>
      </Extensions>
     </Trackpoint>
     <Trackpoint>
      <Time>2026-05-24T14:04:00Z</Time>
      <Position>
       <LatitudeDegrees>35.7016469</LatitudeDegrees>
       <LongitudeDegrees>139.7823918</LongitudeDegrees>
      </Position>
      <AltitudeMeters>14</AltitudeMeters>
      <DistanceMeters>390</DistanceMeters>
      <HeartRateBpm>
       <Value>114</Value>
      </HeartRateBpm>
      <Cadence>75</Cadence>
      <Extensions>
       <Speed>5.330000</Speed>
      </Extensions>
     </Trackpoint>
     <Trackpoint>
      <Time>2026-05-24T14:04:01Z</Time>
      <Position>
       <LatitudeDegrees>35.7016339</LatitudeDegrees>
       <LongitudeDegrees>139.7823925</LongitudeDegrees>
      </Position>
      <AltitudeMeters>14</AltitudeMeters>
      <DistanceMeters>392</DistanceMeters>
      <HeartRateBpm>
       <Value>114</Value>
      </HeartRateBpm>
      <Cadence>75</Cadence>
      <Extensions>
       <Speed>5.340000</Speed>
      </Extensions>
     </Trackpoint>
     <Trackpoint>
      <Time>2026-05-24T14:04:02Z</Time>
      <Position>
       <LatitudeDegrees>35.7016209</LatitudeDegrees>
       <LongitudeDegrees>139.7823932</LongitudeDegrees>
      </Position>
      <AltitudeMeters>14</AltitudeMeters>
      <DistanceMeters>394</DistanceMeters>
      <HeartRateBpm>
       <Value>114</Value>
      </HeartRateBpm>
      <Cadence>75</Cadence>
      <Extensions>
       <Speed>5.370000</Speed>
      </Extensions>
     </Trackpoint>
     <Trackpoint>
      <Time>2026-05-24T14:04:03Z</Time>
      <Position>
       <LatitudeDegrees>35.7016084</LatitudeDegrees>
       <LongitudeDegrees>139.7823920</LongitudeDegrees>
      </Position>
      <AltitudeMeters>14</AltitudeMeters>
      <DistanceMeters>395</DistanceMeters>
      <HeartRateBpm>
       <Value>114</Value>
      </HeartRateBpm>
      <Cadence>75</Cadence>
      <Extensions>
       <Speed>5.400000</Speed>
      </Extensions>
     </Trackpoint>
     <Trackpoint>
      <Time>2026-05-24T14:04:04Z</Time>
      <Position>
       <LatitudeDegrees>35.7015959</LatitudeDegrees>
       <LongitudeDegrees>139.7823908</LongitudeDegrees>
      </Position>
      <AltitudeMeters>14</AltitudeMeters>
      <DistanceMeters>396</DistanceMeters>
      <HeartRateBpm>
       <Value>114</Value>
      </HeartRateBpm>
      <Cadence>75</Cadence>
      <Extensions>
       <Speed>5.400000</Speed>
      </Extensions>
     </Trackpoint>
     <Trackpoint>
      <Time>2026-05-24T14:04:05Z</Time>
      <Position>
       <LatitudeDegrees>35.7015832</LatitudeDegrees>
       <LongitudeDegrees>139.7823878</LongitudeDegrees>
      </Position>
      <AltitudeMeters>14</AltitudeMeters>
      <DistanceMeters>397</DistanceMeters>
      <HeartRateBpm>
       <Value>114</Value>
      </HeartRateBpm>
      <Cadence>75</Cadence>
      <Extensions>
       <Speed>5.410000</Speed>
      </Extensions>
     </Trackpoint>
     <Trackpoint>
      <Time>2026-05-24T14:04:06Z</Time>
      <Position>
       <LatitudeDegrees>35.7015706</LatitudeDegrees>
       <LongitudeDegrees>139.7823848</LongitudeDegrees>
      </Position>
      <AltitudeMeters>14</AltitudeMeters>
      <DistanceMeters>399</DistanceMeters>
      <HeartRateBpm>
       <Value>114</Value>
      </HeartRateBpm>
      <Cadence>75</Cadence>
      <Extensions>
       <Speed>5.410000</Speed>
      </Extensions>
     </Trackpoint>
     <Trackpoint>
      <Time>2026-05-24T14:04:07Z</Time>
      <Position>
       <LatitudeDegrees>35.7015558</LatitudeDegrees>
       <LongitudeDegrees>139.7823839</LongitudeDegrees>
      </Position>
      <AltitudeMeters>14</AltitudeMeters>
      <DistanceMeters>401</DistanceMeters>
      <HeartRateBpm>
       <Value>114</Value>
      </HeartRateBpm>
      <Cadence>75</Cadence>
      <Extensions>
       <Speed>5.420000</Speed>
      </Extensions>
     </Trackpoint>
     <Trackpoint>
      <Time>2026-05-24T14:04:08Z</Time>
      <Position>
       <LatitudeDegrees>35.7015411</LatitudeDegrees>
       <LongitudeDegrees>139.7823830</LongitudeDegrees>
      </Position>
      <AltitudeMeters>14</AltitudeMeters>
      <DistanceMeters>403</DistanceMeters>
      <HeartRateBpm>
       <Value>114</Value>
      </HeartRateBpm>
      <Cadence>75</Cadence>
      <Extensions>
       <Speed>5.420000</Speed>
      </Extensions>
     </Trackpoint>
     <Trackpoint>
      <Time>2026-05-24T14:04:09Z</Time>
      <Position>
       <LatitudeDegrees>35.7015256</LatitudeDegrees>
       <LongitudeDegrees>139.7823856</LongitudeDegrees>
      </Position>
      <AltitudeMeters>14</AltitudeMeters>
      <DistanceMeters>405</DistanceMeters>
      <HeartRateBpm>
       <Value>114</Value>
      </HeartRateBpm>
      <Cadence>75</Cadence>
      <Extensions>
       <Speed>5.420000</Speed>
      </Extensions>
     </Trackpoint>
     <Trackpoint>
      <Time>2026-05-24T14:04:10Z</Time>
      <Position>
       <LatitudeDegrees>35.7015102</LatitudeDegrees>
       <LongitudeDegrees>139.7823882</LongitudeDegrees>
      </Position>
      <AltitudeMeters>14</AltitudeMeters>
      <DistanceMeters>406</DistanceMeters>
      <HeartRateBpm>
       <Value>114</Value>
      </HeartRateBpm>
      <Cadence>75</Cadence>
      <Extensions>
       <Speed>5.420000</Speed>
      </Extensions>
     </Trackpoint>
     <Trackpoint>
      <Time>2026-05-24T14:04:11Z</Time>
      <Position>
       <LatitudeDegrees>35.7014948</LatitudeDegrees>
       <LongitudeDegrees>139.7823902</LongitudeDegrees>
      </Position>
      <AltitudeMeters>14</AltitudeMeters>
      <DistanceMeters>408</DistanceMeters>
      <HeartRateBpm>
       <Value>114</Value>
      </HeartRateBpm>
      <Cadence>75</Cadence>
      <Extensions>
       <Speed>5.420000</Speed>
      </Extensions>
     </Trackpoint>
     <Trackpoint>
      <Time>2026-05-24T14:04:12Z</Time>
      <Position>
       <LatitudeDegrees>35.7014794</LatitudeDegrees>
       <LongitudeDegrees>139.7823923</LongitudeDegrees>
      </Position>
      <AltitudeMeters>14</AltitudeMeters>
      <DistanceMeters>410</DistanceMeters>
      <HeartRateBpm>
       <Value>114</Value>
      </HeartRateBpm>
      <Cadence>75</Cadence>
      <Extensions>
       <Speed>5.420000</Speed>
      </Extensions>
     </Trackpoint>
     <Trackpoint>
      <Time>2026-05-24T14:04:13Z</Time>
      <Position>
       <LatitudeDegrees>35.7014657</LatitudeDegrees>
       <LongitudeDegrees>139.7823914</LongitudeDegrees>
      </Position>
      <AltitudeMeters>14</AltitudeMeters>
      <DistanceMeters>411</DistanceMeters>
      <HeartRateBpm>
       <Value>114</Value>
      </HeartRateBpm>
      <Cadence>75</Cadence>
      <Extensions>
       <Speed>5.420000</Speed>
      </Extensions>
     </Trackpoint>
     <Trackpoint>
      <Time>2026-05-24T14:04:14Z</Time>
      <Position>
       <LatitudeDegrees>35.7014521</LatitudeDegrees>
       <LongitudeDegrees>139.7823905</LongitudeDegrees>
      </Position>
      <AltitudeMeters>14</AltitudeMeters>
      <DistanceMeters>412</DistanceMeters>
      <HeartRateBpm>
       <Value>115</Value>
      </HeartRateBpm>
      <Cadence>75</Cadence>
      <Extensions>
       <Speed>5.420000</Speed>
      </Extensions>
     </Trackpoint>
     <Trackpoint>
      <Time>2026-05-24T14:04:15Z</Time>
      <Position>
       <LatitudeDegrees>35.7014385</LatitudeDegrees>
       <LongitudeDegrees>139.7823867</LongitudeDegrees>
      </Position>
      <AltitudeMeters>14</AltitudeMeters>
      <DistanceMeters>414</DistanceMeters>
      <HeartRateBpm>
       <Value>114</Value>
      </HeartRateBpm>
      <Cadence>75</Cadence>
      <Extensions>
       <Speed>5.420000</Speed>
      </Extensions>
     </Trackpoint>
     <Trackpoint>
      <Time>2026-05-24T14:04:16Z</Time>
      <Position>
       <LatitudeDegrees>35.7014250</LatitudeDegrees>
       <LongitudeDegrees>139.7823830</LongitudeDegrees>
      </Position>
      <AltitudeMeters>14</AltitudeMeters>
      <DistanceMeters>416</DistanceMeters>
      <HeartRateBpm>
       <Value>115</Value>
      </HeartRateBpm>
      <Cadence>75</Cadence>
      <Extensions>
       <Speed>5.420000</Speed>
      </Extensions>
     </Trackpoint>
     <Trackpoint>
      <Time>2026-05-24T14:04:17Z</Time>
      <Position>
       <LatitudeDegrees>35.7014083</LatitudeDegrees>
       <LongitudeDegrees>139.7823765</LongitudeDegrees>
      </Position>
      <AltitudeMeters>14</AltitudeMeters>
      <DistanceMeters>418</DistanceMeters>
      <HeartRateBpm>
       <Value>115</Value>
      </HeartRateBpm>
      <Cadence>75</Cadence>
      <Extensions>
       <Speed>5.420000</Speed>
      </Extensions>
     </Trackpoint>
     <Trackpoint>
      <Time>2026-05-24T14:04:18Z</Time>
      <Position>
       <LatitudeDegrees>35.7013917</LatitudeDegrees>
       <LongitudeDegrees>139.7823701</LongitudeDegrees>
      </Position>
      <AltitudeMeters>14</AltitudeMeters>
      <DistanceMeters>420</DistanceMeters>
      <HeartRateBpm>
       <Value>115</Value>
      </HeartRateBpm>
      <Cadence>75</Cadence>
      <Extensions>
       <Speed>5.420000</Speed>
      </Extensions>
     </Trackpoint>
     <Trackpoint>
      <Time>2026-05-24T14:04:19Z</Time>
      <Position>
       <LatitudeDegrees>35.7013744</LatitudeDegrees>
       <LongitudeDegrees>139.7823633</LongitudeDegrees>
      </Position>
      <AltitudeMeters>14</AltitudeMeters>
      <DistanceMeters>423</DistanceMeters>
      <HeartRateBpm>
       <Value>114</Value>
      </HeartRateBpm>
      <Cadence>75</Cadence>
      <Extensions>
       <Speed>5.420000</Speed>
      </Extensions>
     </Trackpoint>
     <Trackpoint>
      <Time>2026-05-24T14:04:20Z</Time>
      <Position>
       <LatitudeDegrees>35.7013571</LatitudeDegrees>
       <LongitudeDegrees>139.7823565</LongitudeDegrees>
      </Position>
      <AltitudeMeters>14</AltitudeMeters>
      <DistanceMeters>424</DistanceMeters>
      <HeartRateBpm>
       <Value>114</Value>
      </HeartRateBpm>
      <Cadence>75</Cadence>
      <Extensions>
       <Speed>5.450000</Speed>
      </Extensions>
     </Trackpoint>
     <Trackpoint>
      <Time>2026-05-24T14:04:21Z</Time>
      <Position>
       <LatitudeDegrees>35.7013429</LatitudeDegrees>
       <LongitudeDegrees>139.7823524</LongitudeDegrees>
      </Position>
      <AltitudeMeters>14</AltitudeMeters>
      <DistanceMeters>425</DistanceMeters>
      <HeartRateBpm>
       <Value>114</Value>
      </HeartRateBpm>
      <Cadence>76</Cadence>
      <Extensions>
       <Speed>5.480000</Speed>
      </Extensions>
     </Trackpoint>
     <Trackpoint>
      <Time>2026-05-24T14:04:22Z</Time>
      <Position>
       <LatitudeDegrees>35.7013288</LatitudeDegrees>
       <LongitudeDegrees>139.7823484</LongitudeDegrees>
      </Position>
      <AltitudeMeters>14</AltitudeMeters>
      <DistanceMeters>426</DistanceMeters>
      <HeartRateBpm>
       <Value>114</Value>
      </HeartRateBpm>
      <Cadence>76</Cadence>
      <Extensions>
       <Speed>5.500000</Speed>
      </Extensions>
     </Trackpoint>
     <Trackpoint>
      <Time>2026-05-24T14:04:23Z</Time>
      <Position>
       <LatitudeDegrees>35.7013162</LatitudeDegrees>
       <LongitudeDegrees>139.7823477</LongitudeDegrees>
      </Position>
      <AltitudeMeters>14</AltitudeMeters>
      <DistanceMeters>427</DistanceMeters>
      <HeartRateBpm>
       <Value>113</Value>
      </HeartRateBpm>
      <Cadence>76</Cadence>
      <Extensions>
       <Speed>5.530000</Speed>
      </Extensions>
     </Trackpoint>
     <Trackpoint>
      <Time>2026-05-24T14:04:24Z</Time>
      <Position>
       <LatitudeDegrees>35.7013037</LatitudeDegrees>
       <LongitudeDegrees>139.7823470</LongitudeDegrees>
      </Position>
      <AltitudeMeters>14</AltitudeMeters>
      <DistanceMeters>429</DistanceMeters>
      <HeartRateBpm>
       <Value>113</Value>
      </HeartRateBpm>
      <Cadence>76</Cadence>
      <Extensions>
       <Speed>5.530000</Speed>
      </Extensions>
     </Trackpoint>
     <Trackpoint>
      <Time>2026-05-24T14:04:25Z</Time>
      <Position>
       <LatitudeDegrees>35.7012897</LatitudeDegrees>
       <LongitudeDegrees>139.7823482</LongitudeDegrees>
      </Position>
      <AltitudeMeters>14</AltitudeMeters>
      <DistanceMeters>431</DistanceMeters>
      <HeartRateBpm>
       <Value>113</Value>
      </HeartRateBpm>
      <Cadence>76</Cadence>
      <Extensions>
       <Speed>5.530000</Speed>
      </Extensions>
     </Trackpoint>
     <Trackpoint>
      <Time>2026-05-24T14:04:26Z</Time>
      <Position>
       <LatitudeDegrees>35.7012758</LatitudeDegrees>
       <LongitudeDegrees>139.7823495</LongitudeDegrees>
      </Position>
      <AltitudeMeters>14</AltitudeMeters>
      <DistanceMeters>432</DistanceMeters>
      <HeartRateBpm>
       <Value>113</Value>
      </HeartRateBpm>
      <Cadence>75</Cadence>
      <Extensions>
       <Speed>5.530000</Speed>
      </Extensions>
     </Trackpoint>
     <Trackpoint>
      <Time>2026-05-24T14:04:27Z</Time>
      <Position>
       <LatitudeDegrees>35.7012621</LatitudeDegrees>
       <LongitudeDegrees>139.7823504</LongitudeDegrees>
      </Position>
      <AltitudeMeters>14</AltitudeMeters>
      <DistanceMeters>434</DistanceMeters>
      <HeartRateBpm>
       <Value>114</Value>
      </HeartRateBpm>
      <Cadence>75</Cadence>
      <Extensions>
       <Speed>5.530000</Speed>
      </Extensions>
     </Trackpoint>
     <Trackpoint>
      <Time>2026-05-24T14:04:28Z</Time>
      <Position>
       <LatitudeDegrees>35.7012485</LatitudeDegrees>
       <LongitudeDegrees>139.7823514</LongitudeDegrees>
      </Position>
      <AltitudeMeters>14</AltitudeMeters>
      <DistanceMeters>436</DistanceMeters>
      <HeartRateBpm>
       <Value>114</Value>
      </HeartRateBpm>
      <Cadence>75</Cadence>
      <Extensions>
       <Speed>5.530000</Speed>
      </Extensions>
     </Trackpoint>
     <Trackpoint>
      <Time>2026-05-24T14:04:29Z</Time>
      <Position>
       <LatitudeDegrees>35.7012361</LatitudeDegrees>
       <LongitudeDegrees>139.7823525</LongitudeDegrees>
      </Position>
      <AltitudeMeters>14</AltitudeMeters>
      <DistanceMeters>437</DistanceMeters>
      <HeartRateBpm>
       <Value>114</Value>
      </HeartRateBpm>
      <Cadence>75</Cadence>
      <Extensions>
       <Speed>5.540000</Speed>
      </Extensions>
     </Trackpoint>
     <Trackpoint>
      <Time>2026-05-24T14:04:30Z</Time>
      <Position>
       <LatitudeDegrees>35.7012237</LatitudeDegrees>
       <LongitudeDegrees>139.7823537</LongitudeDegrees>
      </Position>
      <AltitudeMeters>14</AltitudeMeters>
      <DistanceMeters>438</DistanceMeters>
      <HeartRateBpm>
       <Value>115</Value>
      </HeartRateBpm>
      <Cadence>75</Cadence>
      <Extensions>
       <Speed>5.540000</Speed>
      </Extensions>
     </Trackpoint>
     <Trackpoint>
      <Time>2026-05-24T14:04:31Z</Time>
      <Position>
       <LatitudeDegrees>35.7012123</LatitudeDegrees>
       <LongitudeDegrees>139.7823562</LongitudeDegrees>
      </Position>
      <AltitudeMeters>14</AltitudeMeters>
      <DistanceMeters>439</DistanceMeters>
      <HeartRateBpm>
       <Value>115</Value>
      </HeartRateBpm>
      <Cadence>75</Cadence>
      <Extensions>
       <Speed>5.550000</Speed>
      </Extensions>
     </Trackpoint>
     <Trackpoint>
      <Time>2026-05-24T14:04:32Z</Time>
      <Position>
       <LatitudeDegrees>35.7012010</LatitudeDegrees>
       <LongitudeDegrees>139.7823588</LongitudeDegrees>
      </Position>
      <AltitudeMeters>14</AltitudeMeters>
      <DistanceMeters>441</DistanceMeters>
      <HeartRateBpm>
       <Value>115</Value>
      </HeartRateBpm>
      <Cadence>75</Cadence>
      <Extensions>
       <Speed>5.550000</Speed>
      </Extensions>
     </Trackpoint>
     <Trackpoint>
      <Time>2026-05-24T14:04:33Z</Time>
      <Position>
       <LatitudeDegrees>35.7011883</LatitudeDegrees>
       <LongitudeDegrees>139.7823644</LongitudeDegrees>
      </Position>
      <AltitudeMeters>14</AltitudeMeters>
      <DistanceMeters>443</DistanceMeters>
      <HeartRateBpm>
       <Value>115</Value>
      </HeartRateBpm>
      <Cadence>75</Cadence>
      <Extensions>
       <Speed>5.550000</Speed>
      </Extensions>
     </Trackpoint>
     <Trackpoint>
      <Time>2026-05-24T14:04:34Z</Time>
      <Position>
       <LatitudeDegrees>35.7011756</LatitudeDegrees>
       <LongitudeDegrees>139.7823700</LongitudeDegrees>
      </Position>
      <AltitudeMeters>14</AltitudeMeters>
      <DistanceMeters>444</DistanceMeters>
      <HeartRateBpm>
       <Value>115</Value>
      </HeartRateBpm>
      <Cadence>75</Cadence>
      <Extensions>
       <Speed>5.540000</Speed>
      </Extensions>
     </Trackpoint>
     <Trackpoint>
      <Time>2026-05-24T14:04:35Z</Time>
      <Position>
       <LatitudeDegrees>35.7011628</LatitudeDegrees>
       <LongitudeDegrees>139.7823746</LongitudeDegrees>
      </Position>
      <AltitudeMeters>14</AltitudeMeters>
      <DistanceMeters>445</DistanceMeters>
      <HeartRateBpm>
       <Value>115</Value>
      </HeartRateBpm>
      <Cadence>75</Cadence>
      <Extensions>
       <Speed>5.530000</Speed>
      </Extensions>
     </Trackpoint>
     <Trackpoint>
      <Time>2026-05-24T14:04:36Z</Time>
      <Position>
       <LatitudeDegrees>35.7011500</LatitudeDegrees>
       <LongitudeDegrees>139.7823792</LongitudeDegrees>
      </Position>
      <AltitudeMeters>14</AltitudeMeters>
      <DistanceMeters>446</DistanceMeters>
      <HeartRateBpm>
       <Value>114</Value>
      </HeartRateBpm>
      <Cadence>75</Cadence>
      <Extensions>
       <Speed>5.520000</Speed>
      </Extensions>
     </Trackpoint>
     <Trackpoint>
      <Time>2026-05-24T14:04:37Z</Time>
      <Position>
       <LatitudeDegrees>35.7011378</LatitudeDegrees>
       <LongitudeDegrees>139.7823815</LongitudeDegrees>
      </Position>
      <AltitudeMeters>14</AltitudeMeters>
      <DistanceMeters>448</DistanceMeters>
      <HeartRateBpm>
       <Value>114</Value>
      </HeartRateBpm>
      <Cadence>75</Cadence>
      <Extensions>
       <Speed>5.510000</Speed>
      </Extensions>
     </Trackpoint>
     <Trackpoint>
      <Time>2026-05-24T14:04:38Z</Time>
      <Position>
       <LatitudeDegrees>35.7011256</LatitudeDegrees>
       <LongitudeDegrees>139.7823839</LongitudeDegrees>
      </Position>
      <AltitudeMeters>14</AltitudeMeters>
      <DistanceMeters>449</DistanceMeters>
      <HeartRateBpm>
       <Value>114</Value>
      </HeartRateBpm>
      <Cadence>75</Cadence>
      <Extensions>
       <Speed>5.500000</Speed>
      </Extensions>
     </Trackpoint>
     <Trackpoint>
      <Time>2026-05-24T14:04:39Z</Time>
      <Position>
       <LatitudeDegrees>35.7011136</LatitudeDegrees>
       <LongitudeDegrees>139.7823834</LongitudeDegrees>
      </Position>
      <AltitudeMeters>14</AltitudeMeters>
      <DistanceMeters>450</DistanceMeters>
      <HeartRateBpm>
       <Value>114</Value>
      </HeartRateBpm>
      <Cadence>75</Cadence>
      <Extensions>
       <Speed>5.500000</Speed>
      </Extensions>
     </Trackpoint>
     <Trackpoint>
      <Time>2026-05-24T14:04:40Z</Time>
      <Position>
       <LatitudeDegrees>35.7011016</LatitudeDegrees>
       <LongitudeDegrees>139.7823829</LongitudeDegrees>
      </Position>
      <AltitudeMeters>14</AltitudeMeters>
      <DistanceMeters>452</DistanceMeters>
      <HeartRateBpm>
       <Value>114</Value>
      </HeartRateBpm>
      <Cadence>75</Cadence>
      <Extensions>
       <Speed>5.490000</Speed>
      </Extensions>
     </Trackpoint>
     <Trackpoint>
      <Time>2026-05-24T14:04:41Z</Time>
      <Position>
       <LatitudeDegrees>35.7010874</LatitudeDegrees>
       <LongitudeDegrees>139.7823778</LongitudeDegrees>
      </Position>
      <AltitudeMeters>14</AltitudeMeters>
      <DistanceMeters>454</DistanceMeters>
      <HeartRateBpm>
       <Value>114</Value>
      </HeartRateBpm>
      <Cadence>75</Cadence>
      <Extensions>
       <Speed>5.490000</Speed>
      </Extensions>
     </Trackpoint>
     <Trackpoint>
      <Time>2026-05-24T14:04:42Z</Time>
      <Position>
       <LatitudeDegrees>35.7010733</LatitudeDegrees>
       <LongitudeDegrees>139.7823727</LongitudeDegrees>
      </Position>
      <AltitudeMeters>14</AltitudeMeters>
      <DistanceMeters>456</DistanceMeters>
      <HeartRateBpm>
       <Value>114</Value>
      </HeartRateBpm>
      <Cadence>75</Cadence>
      <Extensions>
       <Speed>5.480000</Speed>
      </Extensions>
     </Trackpoint>
     <Trackpoint>
      <Time>2026-05-24T14:04:43Z</Time>
      <Position>
       <LatitudeDegrees>35.7010570</LatitudeDegrees>
       <LongitudeDegrees>139.7823663</LongitudeDegrees>
      </Position>
      <AltitudeMeters>14</AltitudeMeters>
      <DistanceMeters>459</DistanceMeters>
      <HeartRateBpm>
       <Value>113</Value>
      </HeartRateBpm>
      <Cadence>75</Cadence>
      <Extensions>
       <Speed>5.480000</Speed>
      </Extensions>
     </Trackpoint>
     <Trackpoint>
      <Time>2026-05-24T14:04:44Z</Time>
      <Position>
       <LatitudeDegrees>35.7010408</LatitudeDegrees>
       <LongitudeDegrees>139.7823599</LongitudeDegrees>
      </Position>
      <AltitudeMeters>14</AltitudeMeters>
      <DistanceMeters>460</DistanceMeters>
      <HeartRateBpm>
       <Value>113</Value>
      </HeartRateBpm>
      <Cadence>74</Cadence>
      <Extensions>
       <Speed>5.480000</Speed>
      </Extensions>
     </Trackpoint>
     <Trackpoint>
      <Time>2026-05-24T14:04:45Z</Time>
      <Position>
       <LatitudeDegrees>35.7010244</LatitudeDegrees>
       <LongitudeDegrees>139.7823544</LongitudeDegrees>
      </Position>
      <AltitudeMeters>14</AltitudeMeters>
      <DistanceMeters>462</DistanceMeters>
      <HeartRateBpm>
       <Value>114</Value>
      </HeartRateBpm>
      <Cadence>74</Cadence>
      <Extensions>
       <Speed>5.490000</Speed>
      </Extensions>
     </Trackpoint>
     <Trackpoint>
      <Time>2026-05-24T14:04:46Z</Time>
      <Position>
       <LatitudeDegrees>35.7010081</LatitudeDegrees>
       <LongitudeDegrees>139.7823490</LongitudeDegrees>
      </Position>
      <AltitudeMeters>14</AltitudeMeters>
      <DistanceMeters>464</DistanceMeters>
      <HeartRateBpm>
       <Value>114</Value>
      </HeartRateBpm>
      <Cadence>74</Cadence>
      <Extensions>
       <Speed>5.500000</Speed>
      </Extensions>
     </Trackpoint>
     <Trackpoint>
      <Time>2026-05-24T14:04:47Z</Time>
      <Position>
       <LatitudeDegrees>35.7009927</LatitudeDegrees>
       <LongitudeDegrees>139.7823427</LongitudeDegrees>
      </Position>
      <AltitudeMeters>14</AltitudeMeters>
      <DistanceMeters>466</DistanceMeters>
      <HeartRateBpm>
       <Value>114</Value>
      </HeartRateBpm>
      <Cadence>74</Cadence>
      <Extensions>
       <Speed>5.510000</Speed>
      </Extensions>
     </Trackpoint>
     <Trackpoint>
      <Time>2026-05-24T14:04:48Z</Time>
      <Position>
       <LatitudeDegrees>35.7009774</LatitudeDegrees>
       <LongitudeDegrees>139.7823365</LongitudeDegrees>
      </Position>
      <AltitudeMeters>14</AltitudeMeters>
      <DistanceMeters>467</DistanceMeters>
      <HeartRateBpm>
       <Value>114</Value>
      </HeartRateBpm>
      <Cadence>74</Cadence>
      <Extensions>
       <Speed>5.520000</Speed>
      </Extensions>
     </Trackpoint>
     <Trackpoint>
      <Time>2026-05-24T14:04:49Z</Time>
      <Position>
       <LatitudeDegrees>35.7009673</LatitudeDegrees>
       <LongitudeDegrees>139.7823269</LongitudeDegrees>
      </Position>
      <AltitudeMeters>14</AltitudeMeters>
      <DistanceMeters>468</DistanceMeters>
      <HeartRateBpm>
       <Value>114</Value>
      </HeartRateBpm>
      <Cadence>75</Cadence>
      <Extensions>
       <Speed>5.530000</Speed>
      </Extensions>
     </Trackpoint>
     <Trackpoint>
      <Time>2026-05-24T14:04:50Z</Time>
      <Position>
       <LatitudeDegrees>35.7009573</LatitudeDegrees>
       <LongitudeDegrees>139.7823174</LongitudeDegrees>
      </Position>
      <AltitudeMeters>14</AltitudeMeters>
      <DistanceMeters>470</DistanceMeters>
      <HeartRateBpm>
       <Value>114</Value>
      </HeartRateBpm>
      <Cadence>75</Cadence>
      <Extensions>
       <Speed>5.540000</Speed>
      </Extensions>
     </Trackpoint>
     <Trackpoint>
      <Time>2026-05-24T14:04:51Z</Time>
      <Position>
       <LatitudeDegrees>35.7009534</LatitudeDegrees>
       <LongitudeDegrees>139.7823007</LongitudeDegrees>
      </Position>
      <AltitudeMeters>14</AltitudeMeters>
      <DistanceMeters>472</DistanceMeters>
      <HeartRateBpm>
       <Value>113</Value>
      </HeartRateBpm>
      <Cadence>75</Cadence>
      <Extensions>
       <Speed>5.550000</Speed>
      </Extensions>
     </Trackpoint>
     <Trackpoint>
      <Time>2026-05-24T14:04:52Z</Time>
      <Position>
       <LatitudeDegrees>35.7009495</LatitudeDegrees>
       <LongitudeDegrees>139.7822840</LongitudeDegrees>
      </Position>
      <AltitudeMeters>14</AltitudeMeters>
      <DistanceMeters>474</DistanceMeters>
      <HeartRateBpm>
       <Value>113</Value>
      </HeartRateBpm>
      <Cadence>75</Cadence>
      <Extensions>
       <Speed>5.570000</Speed>
      </Extensions>
     </Trackpoint>
     <Trackpoint>
      <Time>2026-05-24T14:04:53Z</Time>
      <Position>
       <LatitudeDegrees>35.7009484</LatitudeDegrees>
       <LongitudeDegrees>139.7822615</LongitudeDegrees>
      </Position>
      <AltitudeMeters>14</AltitudeMeters>
      <DistanceMeters>476</DistanceMeters>
      <HeartRateBpm>
       <Value>113</Value>
      </HeartRateBpm>
      <Cadence>75</Cadence>
      <Extensions>
       <Speed>5.600000</Speed>
      </Extensions>
     </Trackpoint>
     <Trackpoint>
      <Time>2026-05-24T14:04:54Z</Time>
      <Position>
       <LatitudeDegrees>35.7009474</LatitudeDegrees>
       <LongitudeDegrees>139.7822390</LongitudeDegrees>
      </Position>
      <AltitudeMeters>14</AltitudeMeters>
      <DistanceMeters>478</DistanceMeters>
      <HeartRateBpm>
       <Value>113</Value>
      </HeartRateBpm>
      <Cadence>75</Cadence>
      <Extensions>
       <Speed>5.620000</Speed>
      </Extensions>
     </Trackpoint>
     <Trackpoint>
      <Time>2026-05-24T14:04:55Z</Time>
      <Position>
       <LatitudeDegrees>35.7009492</LatitudeDegrees>
       <LongitudeDegrees>139.7822159</LongitudeDegrees>
      </Position>
      <AltitudeMeters>14</AltitudeMeters>
      <DistanceMeters>480</DistanceMeters>
      <HeartRateBpm>
       <Value>113</Value>
      </HeartRateBpm>
      <Cadence>75</Cadence>
      <Extensions>
       <Speed>5.650000</Speed>
      </Extensions>
     </Trackpoint>
     <Trackpoint>
      <Time>2026-05-24T14:04:56Z</Time>
      <Position>
       <LatitudeDegrees>35.7009511</LatitudeDegrees>
       <LongitudeDegrees>139.7821929</LongitudeDegrees>
      </Position>
      <AltitudeMeters>14</AltitudeMeters>
      <DistanceMeters>482</DistanceMeters>
      <HeartRateBpm>
       <Value>113</Value>
      </HeartRateBpm>
      <Cadence>75</Cadence>
      <Extensions>
       <Speed>5.640000</Speed>
      </Extensions>
     </Trackpoint>
     <Trackpoint>
      <Time>2026-05-24T14:04:57Z</Time>
      <Position>
       <LatitudeDegrees>35.7009545</LatitudeDegrees>
       <LongitudeDegrees>139.7821715</LongitudeDegrees>
      </Position>
      <AltitudeMeters>14</AltitudeMeters>
      <DistanceMeters>484</DistanceMeters>
      <HeartRateBpm>
       <Value>114</Value>
      </HeartRateBpm>
      <Cadence>75</Cadence>
      <Extensions>
       <Speed>5.630000</Speed>
      </Extensions>
     </Trackpoint>
     <Trackpoint>
      <Time>2026-05-24T14:04:58Z</Time>
      <Position>
       <LatitudeDegrees>35.7009579</LatitudeDegrees>
       <LongitudeDegrees>139.7821501</LongitudeDegrees>
      </Position>
      <AltitudeMeters>14</AltitudeMeters>
      <DistanceMeters>486</DistanceMeters>
      <HeartRateBpm>
       <Value>114</Value>
      </HeartRateBpm>
      <Cadence>75</Cadence>
      <Extensions>
       <Speed>5.630000</Speed>
      </Extensions>
     </Trackpoint>
     <Trackpoint>
      <Time>2026-05-24T14:04:59Z</Time>
      <Position>
       <LatitudeDegrees>35.7009605</LatitudeDegrees>
       <LongitudeDegrees>139.7821280</LongitudeDegrees>
      </Position>
      <AltitudeMeters>14</AltitudeMeters>
      <DistanceMeters>488</DistanceMeters>
      <HeartRateBpm>
       <Value>114</Value>
      </HeartRateBpm>
      <Cadence>75</Cadence>
      <Extensions>
       <Speed>5.640000</Speed>
      </Extensions>
     </Trackpoint>
     <Trackpoint>
      <Time>2026-05-24T14:05:00Z</Time>
      <Position>
       <LatitudeDegrees>35.7009632</LatitudeDegrees>
       <LongitudeDegrees>139.7821060</LongitudeDegrees>
      </Position>
      <AltitudeMeters>14</AltitudeMeters>
      <DistanceMeters>490</DistanceMeters>
      <HeartRateBpm>
       <Value>114</Value>
      </HeartRateBpm>
      <Cadence>75</Cadence>
      <Extensions>
       <Speed>5.670000</Speed>
      </Extensions>
     </Trackpoint>
     <Trackpoint>
      <Time>2026-05-24T14:05:01Z</Time>
      <Position>
       <LatitudeDegrees>35.7009661</LatitudeDegrees>
       <LongitudeDegrees>139.7820842</LongitudeDegrees>
      </Position>
      <AltitudeMeters>14</AltitudeMeters>
      <DistanceMeters>492</DistanceMeters>
      <HeartRateBpm>
       <Value>114</Value>
      </HeartRateBpm>
      <Cadence>75</Cadence>
      <Extensions>
       <Speed>5.700000</Speed>
      </Extensions>
     </Trackpoint>
     <Trackpoint>
      <Time>2026-05-24T14:05:02Z</Time>
      <Position>
       <LatitudeDegrees>35.7009691</LatitudeDegrees>
       <LongitudeDegrees>139.7820624</LongitudeDegrees>
      </Position>
      <AltitudeMeters>14</AltitudeMeters>
      <DistanceMeters>494</DistanceMeters>
      <HeartRateBpm>
       <Value>114</Value>
      </HeartRateBpm>
      <Cadence>75</Cadence>
      <Extensions>
       <Speed>5.730000</Speed>
      </Extensions>
     </Trackpoint>
     <Trackpoint>
      <Time>2026-05-24T14:05:03Z</Time>
      <Position>
       <LatitudeDegrees>35.7009727</LatitudeDegrees>
       <LongitudeDegrees>139.7820427</LongitudeDegrees>
      </Position>
      <AltitudeMeters>14</AltitudeMeters>
      <DistanceMeters>495</DistanceMeters>
      <HeartRateBpm>
       <Value>115</Value>
      </HeartRateBpm>
      <Cadence>75</Cadence>
      <Extensions>
       <Speed>5.760000</Speed>
      </Extensions>
     </Trackpoint>
     <Trackpoint>
      <Time>2026-05-24T14:05:04Z</Time>
      <Position>
       <LatitudeDegrees>35.7009763</LatitudeDegrees>
       <LongitudeDegrees>139.7820230</LongitudeDegrees>
      </Position>
      <AltitudeMeters>14</AltitudeMeters>
      <DistanceMeters>496</DistanceMeters>
      <HeartRateBpm>
       <Value>115</Value>
      </HeartRateBpm>
      <Cadence>75</Cadence>
      <Extensions>
       <Speed>5.770000</Speed>
      </Extensions>
     </Trackpoint>
     <Trackpoint>
      <Time>2026-05-24T14:05:05Z</Time>
      <Position>
       <LatitudeDegrees>35.7009800</LatitudeDegrees>
       <LongitudeDegrees>139.7820062</LongitudeDegrees>
      </Position>
      <AltitudeMeters>14</AltitudeMeters>
      <DistanceMeters>498</DistanceMeters>
      <HeartRateBpm>
       <Value>115</Value>
      </HeartRateBpm>
      <Cadence>75</Cadence>
      <Extensions>
       <Speed>5.790000</Speed>
      </Extensions>
     </Trackpoint>
     <Trackpoint>
      <Time>2026-05-24T14:05:06Z</Time>
      <Position>
       <LatitudeDegrees>35.7009837</LatitudeDegrees>
       <LongitudeDegrees>139.7819894</LongitudeDegrees>
      </Position>
      <AltitudeMeters>14</AltitudeMeters>
      <DistanceMeters>500</DistanceMeters>
      <HeartRateBpm>
       <Value>116</Value>
      </HeartRateBpm>
      <Cadence>75</Cadence>
      <Extensions>
       <Speed>5.790000</Speed>
      </Extensions>
     </Trackpoint>
     <Trackpoint>
      <Time>2026-05-24T14:05:07Z</Time>
      <Position>
       <LatitudeDegrees>35.7009861</LatitudeDegrees>
       <LongitudeDegrees>139.7819736</LongitudeDegrees>
      </Position>
      <AltitudeMeters>14</AltitudeMeters>
      <DistanceMeters>501</DistanceMeters>
      <HeartRateBpm>
       <Value>116</Value>
      </HeartRateBpm>
      <Cadence>75</Cadence>
      <Extensions>
       <Speed>5.800000</Speed>
      </Extensions>
     </Trackpoint>
     <Trackpoint>
      <Time>2026-05-24T14:05:08Z</Time>
      <Position>
       <LatitudeDegrees>35.7009886</LatitudeDegrees>
       <LongitudeDegrees>139.7819579</LongitudeDegrees>
      </Position>
      <AltitudeMeters>14</AltitudeMeters>
      <DistanceMeters>502</DistanceMeters>
      <HeartRateBpm>
       <Value>116</Value>
      </HeartRateBpm>
      <Cadence>75</Cadence>
      <Extensions>
       <Speed>5.810000</Speed>
      </Extensions>
     </Trackpoint>
     <Trackpoint>
      <Time>2026-05-24T14:05:09Z</Time>
      <Position>
       <LatitudeDegrees>35.7009907</LatitudeDegrees>
       <LongitudeDegrees>139.7819427</LongitudeDegrees>
      </Position>
      <AltitudeMeters>14</AltitudeMeters>
      <DistanceMeters>504</DistanceMeters>
      <HeartRateBpm>
       <Value>116</Value>
      </HeartRateBpm>
      <Cadence>75</Cadence>
      <Extensions>
       <Speed>5.830000</Speed>
      </Extensions>
     </Trackpoint>
     <Trackpoint>
      <Time>2026-05-24T14:05:10Z</Time>
      <Position>
       <LatitudeDegrees>35.7009928</LatitudeDegrees>
       <LongitudeDegrees>139.7819276</LongitudeDegrees>
      </Position>
      <AltitudeMeters>14</AltitudeMeters>
      <DistanceMeters>506</DistanceMeters>
      <HeartRateBpm>
       <Value>116</Value>
      </HeartRateBpm>
      <Cadence>75</Cadence>
      <Extensions>
       <Speed>5.840000</Speed>
      </Extensions>
     </Trackpoint>
     <Trackpoint>
      <Time>2026-05-24T14:05:11Z</Time>
      <Position>
       <LatitudeDegrees>35.7009929</LatitudeDegrees>
       <LongitudeDegrees>139.7819108</LongitudeDegrees>
      </Position>
      <AltitudeMeters>14</AltitudeMeters>
      <DistanceMeters>507</DistanceMeters>
      <HeartRateBpm>
       <Value>116</Value>
      </HeartRateBpm>
      <Cadence>75</Cadence>
      <Extensions>
       <Speed>5.850000</Speed>
      </Extensions>
     </Trackpoint>
     <Trackpoint>
      <Time>2026-05-24T14:05:12Z</Time>
      <Position>
       <LatitudeDegrees>35.7009931</LatitudeDegrees>
       <LongitudeDegrees>139.7818940</LongitudeDegrees>
      </Position>
      <AltitudeMeters>14</AltitudeMeters>
      <DistanceMeters>508</DistanceMeters>
      <HeartRateBpm>
       <Value>116</Value>
      </HeartRateBpm>
      <Cadence>75</Cadence>
      <Extensions>
       <Speed>5.840000</Speed>
      </Extensions>
     </Trackpoint>
     <Trackpoint>
      <Time>2026-05-24T14:05:13Z</Time>
      <Position>
       <LatitudeDegrees>35.7009927</LatitudeDegrees>
       <LongitudeDegrees>139.7818767</LongitudeDegrees>
      </Position>
      <AltitudeMeters>14</AltitudeMeters>
      <DistanceMeters>510</DistanceMeters>
      <HeartRateBpm>
       <Value>116</Value>
      </HeartRateBpm>
      <Cadence>75</Cadence>
      <Extensions>
       <Speed>5.830000</Speed>
      </Extensions>
     </Trackpoint>
     <Trackpoint>
      <Time>2026-05-24T14:05:14Z</Time>
      <Position>
       <LatitudeDegrees>35.7009924</LatitudeDegrees>
       <LongitudeDegrees>139.7818595</LongitudeDegrees>
      </Position>
      <AltitudeMeters>15</AltitudeMeters>
      <DistanceMeters>512</DistanceMeters>
      <HeartRateBpm>
       <Value>115</Value>
      </HeartRateBpm>
      <Cadence>75</Cadence>
      <Extensions>
       <Speed>5.820000</Speed>
      </Extensions>
     </Trackpoint>
     <Trackpoint>
      <Time>2026-05-24T14:05:15Z</Time>
      <Position>
       <LatitudeDegrees>35.7009938</LatitudeDegrees>
       <LongitudeDegrees>139.7818431</LongitudeDegrees>
      </Position>
      <AltitudeMeters>15</AltitudeMeters>
      <DistanceMeters>513</DistanceMeters>
      <HeartRateBpm>
       <Value>115</Value>
      </HeartRateBpm>
      <Cadence>75</Cadence>
      <Extensions>
       <Speed>5.820000</Speed>
      </Extensions>
     </Trackpoint>
     <Trackpoint>
      <Time>2026-05-24T14:05:16Z</Time>
      <Position>
       <LatitudeDegrees>35.7009952</LatitudeDegrees>
       <LongitudeDegrees>139.7818267</LongitudeDegrees>
      </Position>
      <AltitudeMeters>15</AltitudeMeters>
      <DistanceMeters>514</DistanceMeters>
      <HeartRateBpm>
       <Value>115</Value>
      </HeartRateBpm>
      <Cadence>75</Cadence>
      <Extensions>
       <Speed>5.810000</Speed>
      </Extensions>
     </Trackpoint>
     <Trackpoint>
      <Time>2026-05-24T14:05:17Z</Time>
      <Position>
       <LatitudeDegrees>35.7009983</LatitudeDegrees>
       <LongitudeDegrees>139.7818104</LongitudeDegrees>
      </Position>
      <AltitudeMeters>15</AltitudeMeters>
      <DistanceMeters>516</DistanceMeters>
      <HeartRateBpm>
       <Value>114</Value>
      </HeartRateBpm>
      <Cadence>75</Cadence>
      <Extensions>
       <Speed>5.810000</Speed>
      </Extensions>
     </Trackpoint>
     <Trackpoint>
      <Time>2026-05-24T14:05:18Z</Time>
      <Position>
       <LatitudeDegrees>35.7010015</LatitudeDegrees>
       <LongitudeDegrees>139.7817942</LongitudeDegrees>
      </Position>
      <AltitudeMeters>15</AltitudeMeters>
      <DistanceMeters>518</DistanceMeters>
      <HeartRateBpm>
       <Value>114</Value>
      </HeartRateBpm>
      <Cadence>75</Cadence>
      <Extensions>
       <Speed>5.800000</Speed>
      </Extensions>
     </Trackpoint>
     <Trackpoint>
      <Time>2026-05-24T14:05:19Z</Time>
      <Position>
       <LatitudeDegrees>35.7010040</LatitudeDegrees>
       <LongitudeDegrees>139.7817769</LongitudeDegrees>
      </Position>
      <AltitudeMeters>15</AltitudeMeters>
      <DistanceMeters>519</DistanceMeters>
      <HeartRateBpm>
       <Value>114</Value>
      </HeartRateBpm>
      <Cadence>75</Cadence>
      <Extensions>
       <Speed>5.800000</Speed>
      </Extensions>
     </Trackpoint>
     <Trackpoint>
      <Time>2026-05-24T14:05:20Z</Time>
      <Position>
       <LatitudeDegrees>35.7010066</LatitudeDegrees>
       <LongitudeDegrees>139.7817597</LongitudeDegrees>
      </Position>
      <AltitudeMeters>15</AltitudeMeters>
      <DistanceMeters>521</DistanceMeters>
      <HeartRateBpm>
       <Value>114</Value>
      </HeartRateBpm>
      <Cadence>75</Cadence>
      <Extensions>
       <Speed>5.800000</Speed>
      </Extensions>
     </Trackpoint>
     <Trackpoint>
      <Time>2026-05-24T14:05:21Z</Time>
      <Position>
       <LatitudeDegrees>35.7010081</LatitudeDegrees>
       <LongitudeDegrees>139.7817422</LongitudeDegrees>
      </Position>
      <AltitudeMeters>15</AltitudeMeters>
      <DistanceMeters>523</DistanceMeters>
      <HeartRateBpm>
       <Value>114</Value>
      </HeartRateBpm>
      <Cadence>75</Cadence>
      <Extensions>
       <Speed>5.800000</Speed>
      </Extensions>
     </Trackpoint>
     <Trackpoint>
      <Time>2026-05-24T14:05:22Z</Time>
      <Position>
       <LatitudeDegrees>35.7010096</LatitudeDegrees>
       <LongitudeDegrees>139.7817247</LongitudeDegrees>
      </Position>
      <AltitudeMeters>15</AltitudeMeters>
      <DistanceMeters>524</DistanceMeters>
      <HeartRateBpm>
       <Value>114</Value>
      </HeartRateBpm>
      <Cadence>75</Cadence>
      <Extensions>
       <Speed>5.800000</Speed>
      </Extensions>
     </Trackpoint>
     <Trackpoint>
      <Time>2026-05-24T14:05:23Z</Time>
      <Position>
       <LatitudeDegrees>35.7010103</LatitudeDegrees>
       <LongitudeDegrees>139.7817083</LongitudeDegrees>
      </Position>
      <AltitudeMeters>15</AltitudeMeters>
      <DistanceMeters>525</DistanceMeters>
      <HeartRateBpm>
       <Value>114</Value>
      </HeartRateBpm>
      <Cadence>75</Cadence>
      <Extensions>
       <Speed>5.800000</Speed>
      </Extensions>
     </Trackpoint>
     <Trackpoint>
      <Time>2026-05-24T14:05:24Z</Time>
      <Position>
       <LatitudeDegrees>35.7010110</LatitudeDegrees>
       <LongitudeDegrees>139.7816919</LongitudeDegrees>
      </Position>
      <AltitudeMeters>15</AltitudeMeters>
      <DistanceMeters>527</DistanceMeters>
      <HeartRateBpm>
       <Value>114</Value>
      </HeartRateBpm>
      <Cadence>75</Cadence>
      <Extensions>
       <Speed>5.800000</Speed>
      </Extensions>
     </Trackpoint>
     <Trackpoint>
      <Time>2026-05-24T14:05:25Z</Time>
      <Position>
       <LatitudeDegrees>35.7010126</LatitudeDegrees>
       <LongitudeDegrees>139.7816752</LongitudeDegrees>
      </Position>
      <AltitudeMeters>15</AltitudeMeters>
      <DistanceMeters>529</DistanceMeters>
      <HeartRateBpm>
       <Value>114</Value>
      </HeartRateBpm>
      <Cadence>75</Cadence>
      <Extensions>
       <Speed>5.800000</Speed>
      </Extensions>
     </Trackpoint>
     <Trackpoint>
      <Time>2026-05-24T14:05:26Z</Time>
      <Position>
       <LatitudeDegrees>35.7010142</LatitudeDegrees>
       <LongitudeDegrees>139.7816586</LongitudeDegrees>
      </Position>
      <AltitudeMeters>15</AltitudeMeters>
      <DistanceMeters>530</DistanceMeters>
      <HeartRateBpm>
       <Value>114</Value>
      </HeartRateBpm>
      <Cadence>75</Cadence>
      <Extensions>
       <Speed>5.800000</Speed>
      </Extensions>
     </Trackpoint>
     <Trackpoint>
      <Time>2026-05-24T14:05:27Z</Time>
      <Position>
       <LatitudeDegrees>35.7010160</LatitudeDegrees>
       <LongitudeDegrees>139.7816419</LongitudeDegrees>
      </Position>
      <AltitudeMeters>15</AltitudeMeters>
      <DistanceMeters>531</DistanceMeters>
      <HeartRateBpm>
       <Value>114</Value>
      </HeartRateBpm>
      <Cadence>75</Cadence>
      <Extensions>
       <Speed>5.800000</Speed>
      </Extensions>
     </Trackpoint>
     <Trackpoint>
      <Time>2026-05-24T14:05:28Z</Time>
      <Position>
       <LatitudeDegrees>35.7010179</LatitudeDegrees>
       <LongitudeDegrees>139.7816253</LongitudeDegrees>
      </Position>
      <AltitudeMeters>15</AltitudeMeters>
      <DistanceMeters>533</DistanceMeters>
      <HeartRateBpm>
       <Value>114</Value>
      </HeartRateBpm>
      <Cadence>76</Cadence>
      <Extensions>
       <Speed>5.800000</Speed>
      </Extensions>
     </Trackpoint>
     <Trackpoint>
      <Time>2026-05-24T14:05:29Z</Time>
      <Position>
       <LatitudeDegrees>35.7010188</LatitudeDegrees>
       <LongitudeDegrees>139.7816078</LongitudeDegrees>
      </Position>
      <AltitudeMeters>15</AltitudeMeters>
      <DistanceMeters>535</DistanceMeters>
      <HeartRateBpm>
       <Value>114</Value>
      </HeartRateBpm>
      <Cadence>77</Cadence>
      <Extensions>
       <Speed>5.800000</Speed>
      </Extensions>
     </Trackpoint>
     <Trackpoint>
      <Time>2026-05-24T14:05:30Z</Time>
      <Position>
       <LatitudeDegrees>35.7010198</LatitudeDegrees>
       <LongitudeDegrees>139.7815904</LongitudeDegrees>
      </Position>
      <AltitudeMeters>15</AltitudeMeters>
      <DistanceMeters>536</DistanceMeters>
      <HeartRateBpm>
       <Value>114</Value>
      </HeartRateBpm>
      <Cadence>77</Cadence>
      <Extensions>
       <Speed>5.800000</Speed>
      </Extensions>
     </Trackpoint>
     <Trackpoint>
      <Time>2026-05-24T14:05:31Z</Time>
      <Position>
       <LatitudeDegrees>35.7010185</LatitudeDegrees>
       <LongitudeDegrees>139.7815726</LongitudeDegrees>
      </Position>
      <AltitudeMeters>15</AltitudeMeters>
      <DistanceMeters>538</DistanceMeters>
      <HeartRateBpm>
       <Value>114</Value>
      </HeartRateBpm>
      <Cadence>77</Cadence>
      <Extensions>
       <Speed>5.800000</Speed>
      </Extensions>
     </Trackpoint>
     <Trackpoint>
      <Time>2026-05-24T14:05:32Z</Time>
      <Position>
       <LatitudeDegrees>35.7010172</LatitudeDegrees>
       <LongitudeDegrees>139.7815549</LongitudeDegrees>
      </Position>
      <AltitudeMeters>15</AltitudeMeters>
      <DistanceMeters>540</DistanceMeters>
      <HeartRateBpm>
       <Value>113</Value>
      </HeartRateBpm>
      <Cadence>77</Cadence>
      <Extensions>
       <Speed>5.800000</Speed>
      </Extensions>
     </Trackpoint>
     <Trackpoint>
      <Time>2026-05-24T14:05:33Z</Time>
      <Position>
       <LatitudeDegrees>35.7010151</LatitudeDegrees>
       <LongitudeDegrees>139.7815398</LongitudeDegrees>
      </Position>
      <AltitudeMeters>15</AltitudeMeters>
      <DistanceMeters>541</DistanceMeters>
      <HeartRateBpm>
       <Value>114</Value>
      </HeartRateBpm>
      <Cadence>77</Cadence>
      <Extensions>
       <Speed>5.800000</Speed>
      </Extensions>
     </Trackpoint>
     <Trackpoint>
      <Time>2026-05-24T14:05:34Z</Time>
      <Position>
       <LatitudeDegrees>35.7010130</LatitudeDegrees>
       <LongitudeDegrees>139.7815248</LongitudeDegrees>
      </Position>
      <AltitudeMeters>15</AltitudeMeters>
      <DistanceMeters>541</DistanceMeters>
      <HeartRateBpm>
       <Value>114</Value>
      </HeartRateBpm>
      <Cadence>77</Cadence>
      <Extensions>
       <Speed>5.800000</Speed>
      </Extensions>
     </Trackpoint>
     <Trackpoint>
      <Time>2026-05-24T14:05:35Z</Time>
      <Position>
       <LatitudeDegrees>35.7010109</LatitudeDegrees>
       <LongitudeDegrees>139.7815169</LongitudeDegrees>
      </Position>
      <AltitudeMeters>15</AltitudeMeters>
      <DistanceMeters>541</DistanceMeters>
      <HeartRateBpm>
       <Value>114</Value>
      </HeartRateBpm>
      <Cadence>77</Cadence>
      <Extensions>
       <Speed>5.800000</Speed>
      </Extensions>
     </Trackpoint>
     <Trackpoint>
      <Time>2026-05-24T14:05:36Z</Time>
      <Position>
       <LatitudeDegrees>35.7010088</LatitudeDegrees>
       <LongitudeDegrees>139.7815090</LongitudeDegrees>
      </Position>
      <AltitudeMeters>15</AltitudeMeters>
      <DistanceMeters>541</DistanceMeters>
      <HeartRateBpm>
       <Value>114</Value>
      </HeartRateBpm>
      <Cadence>76</Cadence>
      <Extensions>
       <Speed>5.800000</Speed>
      </Extensions>
     </Trackpoint>
     <Trackpoint>
      <Time>2026-05-24T14:05:37Z</Time>
      <Position>
       <LatitudeDegrees>35.7010039</LatitudeDegrees>
       <LongitudeDegrees>139.7815079</LongitudeDegrees>
      </Position>
      <AltitudeMeters>15</AltitudeMeters>
      <DistanceMeters>541</DistanceMeters>
      <HeartRateBpm>
       <Value>114</Value>
      </HeartRateBpm>
      <Cadence>76</Cadence>
      <Extensions>
       <Speed>5.800000</Speed>
      </Extensions>
     </Trackpoint>
     <Trackpoint>
      <Time>2026-05-24T14:05:38Z</Time>
      <Position>
       <LatitudeDegrees>35.7009991</LatitudeDegrees>
       <LongitudeDegrees>139.7815068</LongitudeDegrees>
      </Position>
      <AltitudeMeters>15</AltitudeMeters>
      <DistanceMeters>544</DistanceMeters>
      <HeartRateBpm>
       <Value>113</Value>
      </HeartRateBpm>
      <Cadence>75</Cadence>
      <Extensions>
       <Speed>5.760000</Speed>
      </Extensions>
     </Trackpoint>
     <Trackpoint>
      <Time>2026-05-24T14:05:39Z</Time>
      <Position>
       <LatitudeDegrees>35.7009892</LatitudeDegrees>
       <LongitudeDegrees>139.7815089</LongitudeDegrees>
      </Position>
      <AltitudeMeters>15</AltitudeMeters>
      <DistanceMeters>546</DistanceMeters>
      <HeartRateBpm>
       <Value>113</Value>
      </HeartRateBpm>
      <Cadence>74</Cadence>
      <Extensions>
       <Speed>5.730000</Speed>
      </Extensions>
     </Trackpoint>
     <Trackpoint>
      <Time>2026-05-24T14:05:40Z</Time>
      <Position>
       <LatitudeDegrees>35.7009794</LatitudeDegrees>
       <LongitudeDegrees>139.7815110</LongitudeDegrees>
      </Position>
      <AltitudeMeters>15</AltitudeMeters>
      <DistanceMeters>548</DistanceMeters>
      <HeartRateBpm>
       <Value>113</Value>
      </HeartRateBpm>
      <Cadence>74</Cadence>
      <Extensions>
       <Speed>5.700000</Speed>
      </Extensions>
     </Trackpoint>
     <Trackpoint>
      <Time>2026-05-24T14:05:41Z</Time>
      <Position>
       <LatitudeDegrees>35.7009631</LatitudeDegrees>
       <LongitudeDegrees>139.7815128</LongitudeDegrees>
      </Position>
      <AltitudeMeters>15</AltitudeMeters>
      <DistanceMeters>550</DistanceMeters>
      <HeartRateBpm>
       <Value>114</Value>
      </HeartRateBpm>
      <Cadence>75</Cadence>
      <Extensions>
       <Speed>5.680000</Speed>
      </Extensions>
     </Trackpoint>
     <Trackpoint>
      <Time>2026-05-24T14:05:42Z</Time>
      <Position>
       <LatitudeDegrees>35.7009468</LatitudeDegrees>
       <LongitudeDegrees>139.7815146</LongitudeDegrees>
      </Position>
      <AltitudeMeters>15</AltitudeMeters>
      <DistanceMeters>552</DistanceMeters>
      <HeartRateBpm>
       <Value>114</Value>
      </HeartRateBpm>
      <Cadence>75</Cadence>
      <Extensions>
       <Speed>5.660000</Speed>
      </Extensions>
     </Trackpoint>
     <Trackpoint>
      <Time>2026-05-24T14:05:43Z</Time>
      <Position>
       <LatitudeDegrees>35.7009272</LatitudeDegrees>
       <LongitudeDegrees>139.7815141</LongitudeDegrees>
      </Position>
      <AltitudeMeters>15</AltitudeMeters>
      <DistanceMeters>555</DistanceMeters>
      <HeartRateBpm>
       <Value>114</Value>
      </HeartRateBpm>
      <Cadence>75</Cadence>
      <Extensions>
       <Speed>5.640000</Speed>
      </Extensions>
     </Trackpoint>
     <Trackpoint>
      <Time>2026-05-24T14:05:44Z</Time>
      <Position>
       <LatitudeDegrees>35.7009076</LatitudeDegrees>
       <LongitudeDegrees>139.7815137</LongitudeDegrees>
      </Position>
      <AltitudeMeters>15</AltitudeMeters>
      <DistanceMeters>557</DistanceMeters>
      <HeartRateBpm>
       <Value>114</Value>
      </HeartRateBpm>
      <Cadence>76</Cadence>
      <Extensions>
       <Speed>5.630000</Speed>
      </Extensions>
     </Trackpoint>
     <Trackpoint>
      <Time>2026-05-24T14:05:45Z</Time>
      <Position>
       <LatitudeDegrees>35.7008884</LatitudeDegrees>
       <LongitudeDegrees>139.7815112</LongitudeDegrees>
      </Position>
      <AltitudeMeters>15</AltitudeMeters>
      <DistanceMeters>559</DistanceMeters>
      <HeartRateBpm>
       <Value>114</Value>
      </HeartRateBpm>
      <Cadence>76</Cadence>
      <Extensions>
       <Speed>5.620000</Speed>
      </Extensions>
     </Trackpoint>
     <Trackpoint>
      <Time>2026-05-24T14:05:46Z</Time>
      <Position>
       <LatitudeDegrees>35.7008693</LatitudeDegrees>
       <LongitudeDegrees>139.7815088</LongitudeDegrees>
      </Position>
      <AltitudeMeters>15</AltitudeMeters>
      <DistanceMeters>560</DistanceMeters>
      <HeartRateBpm>
       <Value>114</Value>
      </HeartRateBpm>
      <Cadence>76</Cadence>
      <Extensions>
       <Speed>5.630000</Speed>
      </Extensions>
     </Trackpoint>
     <Trackpoint>
      <Time>2026-05-24T14:05:47Z</Time>
      <Position>
       <LatitudeDegrees>35.7008529</LatitudeDegrees>
       <LongitudeDegrees>139.7815037</LongitudeDegrees>
      </Position>
      <AltitudeMeters>15</AltitudeMeters>
      <DistanceMeters>562</DistanceMeters>
      <HeartRateBpm>
       <Value>114</Value>
      </HeartRateBpm>
      <Cadence>76</Cadence>
      <Extensions>
       <Speed>5.640000</Speed>
      </Extensions>
     </Trackpoint>
     <Trackpoint>
      <Time>2026-05-24T14:05:48Z</Time>
      <Position>
       <LatitudeDegrees>35.7008366</LatitudeDegrees>
       <LongitudeDegrees>139.7814987</LongitudeDegrees>
      </Position>
      <AltitudeMeters>15</AltitudeMeters>
      <DistanceMeters>564</DistanceMeters>
      <HeartRateBpm>
       <Value>114</Value>
      </HeartRateBpm>
      <Cadence>76</Cadence>
      <Extensions>
       <Speed>5.650000</Speed>
      </Extensions>
     </Trackpoint>
     <Trackpoint>
      <Time>2026-05-24T14:05:49Z</Time>
      <Position>
       <LatitudeDegrees>35.7008226</LatitudeDegrees>
       <LongitudeDegrees>139.7814935</LongitudeDegrees>
      </Position>
      <AltitudeMeters>15</AltitudeMeters>
      <DistanceMeters>565</DistanceMeters>
      <HeartRateBpm>
       <Value>113</Value>
      </HeartRateBpm>
      <Cadence>76</Cadence>
      <Extensions>
       <Speed>5.660000</Speed>
      </Extensions>
     </Trackpoint>
     <Trackpoint>
      <Time>2026-05-24T14:05:50Z</Time>
      <Position>
       <LatitudeDegrees>35.7008087</LatitudeDegrees>
       <LongitudeDegrees>139.7814883</LongitudeDegrees>
      </Position>
      <AltitudeMeters>15</AltitudeMeters>
      <DistanceMeters>566</DistanceMeters>
      <HeartRateBpm>
       <Value>113</Value>
      </HeartRateBpm>
      <Cadence>76</Cadence>
      <Extensions>
       <Speed>5.680000</Speed>
      </Extensions>
     </Trackpoint>
     <Trackpoint>
      <Time>2026-05-24T14:05:51Z</Time>
      <Position>
       <LatitudeDegrees>35.7007961</LatitudeDegrees>
       <LongitudeDegrees>139.7814851</LongitudeDegrees>
      </Position>
      <AltitudeMeters>15</AltitudeMeters>
      <DistanceMeters>567</DistanceMeters>
      <HeartRateBpm>
       <Value>113</Value>
      </HeartRateBpm>
      <Cadence>76</Cadence>
      <Extensions>
       <Speed>5.700000</Speed>
      </Extensions>
     </Trackpoint>
     <Trackpoint>
      <Time>2026-05-24T14:05:52Z</Time>
      <Position>
       <LatitudeDegrees>35.7007836</LatitudeDegrees>
       <LongitudeDegrees>139.7814820</LongitudeDegrees>
      </Position>
      <AltitudeMeters>15</AltitudeMeters>
      <DistanceMeters>568</DistanceMeters>
      <HeartRateBpm>
       <Value>113</Value>
      </HeartRateBpm>
      <Cadence>76</Cadence>
      <Extensions>
       <Speed>5.700000</Speed>
      </Extensions>
     </Trackpoint>
     <Trackpoint>
      <Time>2026-05-24T14:05:53Z</Time>
      <Position>
       <LatitudeDegrees>35.7007712</LatitudeDegrees>
       <LongitudeDegrees>139.7814809</LongitudeDegrees>
      </Position>
      <AltitudeMeters>15</AltitudeMeters>
      <DistanceMeters>570</DistanceMeters>
      <HeartRateBpm>
       <Value>113</Value>
      </HeartRateBpm>
      <Cadence>76</Cadence>
      <Extensions>
       <Speed>5.700000</Speed>
      </Extensions>
     </Trackpoint>
     <Trackpoint>
      <Time>2026-05-24T14:05:54Z</Time>
      <Position>
       <LatitudeDegrees>35.7007588</LatitudeDegrees>
       <LongitudeDegrees>139.7814798</LongitudeDegrees>
      </Position>
      <AltitudeMeters>15</AltitudeMeters>
      <DistanceMeters>572</DistanceMeters>
      <HeartRateBpm>
       <Value>113</Value>
      </HeartRateBpm>
      <Cadence>76</Cadence>
      <Extensions>
       <Speed>5.690000</Speed>
      </Extensions>
     </Trackpoint>
     <Trackpoint>
      <Time>2026-05-24T14:05:55Z</Time>
      <Position>
       <LatitudeDegrees>35.7007458</LatitudeDegrees>
       <LongitudeDegrees>139.7814800</LongitudeDegrees>
      </Position>
      <AltitudeMeters>15</AltitudeMeters>
      <DistanceMeters>573</DistanceMeters>
      <HeartRateBpm>
       <Value>113</Value>
      </HeartRateBpm>
      <Cadence>76</Cadence>
      <Extensions>
       <Speed>5.690000</Speed>
      </Extensions>
     </Trackpoint>
     <Trackpoint>
      <Time>2026-05-24T14:05:56Z</Time>
      <Position>
       <LatitudeDegrees>35.7007328</LatitudeDegrees>
       <LongitudeDegrees>139.7814803</LongitudeDegrees>
      </Position>
      <AltitudeMeters>15</AltitudeMeters>
      <DistanceMeters>574</DistanceMeters>
      <HeartRateBpm>
       <Value>114</Value>
      </HeartRateBpm>
      <Cadence>76</Cadence>
      <Extensions>
       <Speed>5.660000</Speed>
      </Extensions>
     </Trackpoint>
     <Trackpoint>
      <Time>2026-05-24T14:05:57Z</Time>
      <Position>
       <LatitudeDegrees>35.7007192</LatitudeDegrees>
       <LongitudeDegrees>139.7814809</LongitudeDegrees>
      </Position>
      <AltitudeMeters>15</AltitudeMeters>
      <DistanceMeters>576</DistanceMeters>
      <HeartRateBpm>
       <Value>114</Value>
      </HeartRateBpm>
      <Cadence>76</Cadence>
      <Extensions>
       <Speed>5.640000</Speed>
      </Extensions>
     </Trackpoint>
     <Trackpoint>
      <Time>2026-05-24T14:05:58Z</Time>
      <Position>
       <LatitudeDegrees>35.7007057</LatitudeDegrees>
       <LongitudeDegrees>139.7814816</LongitudeDegrees>
      </Position>
      <AltitudeMeters>15</AltitudeMeters>
      <DistanceMeters>578</DistanceMeters>
      <HeartRateBpm>
       <Value>114</Value>
      </HeartRateBpm>
      <Cadence>76</Cadence>
      <Extensions>
       <Speed>5.630000</Speed>
      </Extensions>
     </Trackpoint>
     <Trackpoint>
      <Time>2026-05-24T14:05:59Z</Time>
      <Position>
       <LatitudeDegrees>35.7006923</LatitudeDegrees>
       <LongitudeDegrees>139.7814818</LongitudeDegrees>
      </Position>
      <AltitudeMeters>15</AltitudeMeters>
      <DistanceMeters>579</DistanceMeters>
      <HeartRateBpm>
       <Value>114</Value>
      </HeartRateBpm>
      <Cadence>76</Cadence>
      <Extensions>
       <Speed>5.620000</Speed>
      </Extensions>
     </Trackpoint>
     <Trackpoint>
      <Time>2026-05-24T14:06:00Z</Time>
      <Position>
       <LatitudeDegrees>35.7006789</LatitudeDegrees>
       <LongitudeDegrees>139.7814821</LongitudeDegrees>
      </Position>
      <AltitudeMeters>15</AltitudeMeters>
      <DistanceMeters>580</DistanceMeters>
      <HeartRateBpm>
       <Value>114</Value>
      </HeartRateBpm>
      <Cadence>76</Cadence>
      <Extensions>
       <Speed>5.610000</Speed>
      </Extensions>
     </Trackpoint>
     <Trackpoint>
      <Time>2026-05-24T14:06:01Z</Time>
      <Position>
       <LatitudeDegrees>35.7006667</LatitudeDegrees>
       <LongitudeDegrees>139.7814818</LongitudeDegrees>
      </Position>
      <AltitudeMeters>15</AltitudeMeters>
      <DistanceMeters>582</DistanceMeters>
      <HeartRateBpm>
       <Value>114</Value>
      </HeartRateBpm>
      <Cadence>76</Cadence>
      <Extensions>
       <Speed>5.610000</Speed>
      </Extensions>
     </Trackpoint>
     <Trackpoint>
      <Time>2026-05-24T14:06:02Z</Time>
      <Position>
       <LatitudeDegrees>35.7006546</LatitudeDegrees>
       <LongitudeDegrees>139.7814816</LongitudeDegrees>
      </Position>
      <AltitudeMeters>15</AltitudeMeters>
      <DistanceMeters>584</DistanceMeters>
      <HeartRateBpm>
       <Value>113</Value>
      </HeartRateBpm>
      <Cadence>75</Cadence>
      <Extensions>
       <Speed>5.590000</Speed>
      </Extensions>
     </Trackpoint>
     <Trackpoint>
      <Time>2026-05-24T14:06:03Z</Time>
      <Position>
       <LatitudeDegrees>35.7006426</LatitudeDegrees>
       <LongitudeDegrees>139.7814804</LongitudeDegrees>
      </Position>
      <AltitudeMeters>15</AltitudeMeters>
      <DistanceMeters>585</DistanceMeters>
      <HeartRateBpm>
       <Value>113</Value>
      </HeartRateBpm>
      <Cadence>75</Cadence>
      <Extensions>
       <Speed>5.570000</Speed>
      </Extensions>
     </Trackpoint>
     <Trackpoint>
      <Time>2026-05-24T14:06:04Z</Time>
      <Position>
       <LatitudeDegrees>35.7006306</LatitudeDegrees>
       <LongitudeDegrees>139.7814793</LongitudeDegrees>
      </Position>
      <AltitudeMeters>15</AltitudeMeters>
      <DistanceMeters>586</DistanceMeters>
      <HeartRateBpm>
       <Value>113</Value>
      </HeartRateBpm>
      <Cadence>75</Cadence>
      <Extensions>
       <Speed>5.550000</Speed>
      </Extensions>
     </Trackpoint>
     <Trackpoint>
      <Time>2026-05-24T14:06:05Z</Time>
      <Position>
       <LatitudeDegrees>35.7006180</LatitudeDegrees>
       <LongitudeDegrees>139.7814782</LongitudeDegrees>
      </Position>
      <AltitudeMeters>15</AltitudeMeters>
      <DistanceMeters>587</DistanceMeters>
      <HeartRateBpm>
       <Value>113</Value>
      </HeartRateBpm>
      <Cadence>75</Cadence>
      <Extensions>
       <Speed>5.540000</Speed>
      </Extensions>
     </Trackpoint>
     <Trackpoint>
      <Time>2026-05-24T14:06:06Z</Time>
      <Position>
       <LatitudeDegrees>35.7006054</LatitudeDegrees>
       <LongitudeDegrees>139.7814772</LongitudeDegrees>
      </Position>
      <AltitudeMeters>15</AltitudeMeters>
      <DistanceMeters>589</DistanceMeters>
      <HeartRateBpm>
       <Value>114</Value>
      </HeartRateBpm>
      <Cadence>75</Cadence>
      <Extensions>
       <Speed>5.530000</Speed>
      </Extensions>
     </Trackpoint>
     <Trackpoint>
      <Time>2026-05-24T14:06:07Z</Time>
      <Position>
       <LatitudeDegrees>35.7005904</LatitudeDegrees>
       <LongitudeDegrees>139.7814769</LongitudeDegrees>
      </Position>
      <AltitudeMeters>15</AltitudeMeters>
      <DistanceMeters>591</DistanceMeters>
      <HeartRateBpm>
       <Value>114</Value>
      </HeartRateBpm>
      <Cadence>76</Cadence>
      <Extensions>
       <Speed>5.520000</Speed>
      </Extensions>
     </Trackpoint>
     <Trackpoint>
      <Time>2026-05-24T14:06:08Z</Time>
      <Position>
       <LatitudeDegrees>35.7005755</LatitudeDegrees>
       <LongitudeDegrees>139.7814766</LongitudeDegrees>
      </Position>
      <AltitudeMeters>15</AltitudeMeters>
      <DistanceMeters>592</DistanceMeters>
      <HeartRateBpm>
       <Value>114</Value>
      </HeartRateBpm>
      <Cadence>76</Cadence>
      <Extensions>
       <Speed>5.520000</Speed>
      </Extensions>
     </Trackpoint>
     <Trackpoint>
      <Time>2026-05-24T14:06:09Z</Time>
      <Position>
       <LatitudeDegrees>35.7005610</LatitudeDegrees>
       <LongitudeDegrees>139.7814767</LongitudeDegrees>
      </Position>
      <AltitudeMeters>15</AltitudeMeters>
      <DistanceMeters>594</DistanceMeters>
      <HeartRateBpm>
       <Value>114</Value>
      </HeartRateBpm>
      <Cadence>77</Cadence>
      <Extensions>
       <Speed>5.520000</Speed>
      </Extensions>
     </Trackpoint>
     <Trackpoint>
      <Time>2026-05-24T14:06:10Z</Time>
      <Position>
       <LatitudeDegrees>35.7005466</LatitudeDegrees>
       <LongitudeDegrees>139.7814768</LongitudeDegrees>
      </Position>
      <AltitudeMeters>15</AltitudeMeters>
      <DistanceMeters>596</DistanceMeters>
      <HeartRateBpm>
       <Value>114</Value>
      </HeartRateBpm>
      <Cadence>77</Cadence>
      <Extensions>
       <Speed>5.510000</Speed>
      </Extensions>
     </Trackpoint>
     <Trackpoint>
      <Time>2026-05-24T14:06:11Z</Time>
      <Position>
       <LatitudeDegrees>35.7005343</LatitudeDegrees>
       <LongitudeDegrees>139.7814752</LongitudeDegrees>
      </Position>
      <AltitudeMeters>15</AltitudeMeters>
      <DistanceMeters>597</DistanceMeters>
      <HeartRateBpm>
       <Value>114</Value>
      </HeartRateBpm>
      <Cadence>77</Cadence>
      <Extensions>
       <Speed>5.510000</Speed>
      </Extensions>
     </Trackpoint>
     <Trackpoint>
      <Time>2026-05-24T14:06:12Z</Time>
      <Position>
       <LatitudeDegrees>35.7005221</LatitudeDegrees>
       <LongitudeDegrees>139.7814736</LongitudeDegrees>
      </Position>
      <AltitudeMeters>15</AltitudeMeters>
      <DistanceMeters>598</DistanceMeters>
      <HeartRateBpm>
       <Value>114</Value>
      </HeartRateBpm>
      <Cadence>78</Cadence>
      <Extensions>
       <Speed>5.510000</Speed>
      </Extensions>
     </Trackpoint>
     <Trackpoint>
      <Time>2026-05-24T14:06:13Z</Time>
      <Position>
       <LatitudeDegrees>35.7005117</LatitudeDegrees>
       <LongitudeDegrees>139.7814712</LongitudeDegrees>
      </Position>
      <AltitudeMeters>15</AltitudeMeters>
      <DistanceMeters>599</DistanceMeters>
      <HeartRateBpm>
       <Value>114</Value>
      </HeartRateBpm>
      <Cadence>78</Cadence>
      <Extensions>
       <Speed>5.510000</Speed>
      </Extensions>
     </Trackpoint>
     <Trackpoint>
      <Time>2026-05-24T14:06:14Z</Time>
      <Position>
       <LatitudeDegrees>35.7005014</LatitudeDegrees>
       <LongitudeDegrees>139.7814688</LongitudeDegrees>
      </Position>
      <AltitudeMeters>15</AltitudeMeters>
      <DistanceMeters>600</DistanceMeters>
      <HeartRateBpm>
       <Value>114</Value>
      </HeartRateBpm>
      <Cadence>78</Cadence>
      <Extensions>
       <Speed>5.500000</Speed>
      </Extensions>
     </Trackpoint>
     <Trackpoint>
      <Time>2026-05-24T14:06:15Z</Time>
      <Position>
       <LatitudeDegrees>35.7004889</LatitudeDegrees>
       <LongitudeDegrees>139.7814666</LongitudeDegrees>
      </Position>
      <AltitudeMeters>15</AltitudeMeters>
      <DistanceMeters>602</DistanceMeters>
      <HeartRateBpm>
       <Value>114</Value>
      </HeartRateBpm>
      <Cadence>79</Cadence>
      <Extensions>
       <Speed>5.490000</Speed>
      </Extensions>
     </Trackpoint>
     <Trackpoint>
      <Time>2026-05-24T14:06:16Z</Time>
      <Position>
       <LatitudeDegrees>35.7004765</LatitudeDegrees>
       <LongitudeDegrees>139.7814644</LongitudeDegrees>
      </Position>
      <AltitudeMeters>15</AltitudeMeters>
      <DistanceMeters>604</DistanceMeters>
      <HeartRateBpm>
       <Value>114</Value>
      </HeartRateBpm>
      <Cadence>78</Cadence>
      <Extensions>
       <Speed>5.480000</Speed>
      </Extensions>
     </Trackpoint>
     <Trackpoint>
      <Time>2026-05-24T14:06:17Z</Time>
      <Position>
       <LatitudeDegrees>35.7004626</LatitudeDegrees>
       <LongitudeDegrees>139.7814622</LongitudeDegrees>
      </Position>
      <AltitudeMeters>15</AltitudeMeters>
      <DistanceMeters>605</DistanceMeters>
      <HeartRateBpm>
       <Value>114</Value>
      </HeartRateBpm>
      <Cadence>78</Cadence>
      <Extensions>
       <Speed>5.470000</Speed>
      </Extensions>
     </Trackpoint>
     <Trackpoint>
      <Time>2026-05-24T14:06:18Z</Time>
      <Position>
       <LatitudeDegrees>35.7004487</LatitudeDegrees>
       <LongitudeDegrees>139.7814601</LongitudeDegrees>
      </Position>
      <AltitudeMeters>15</AltitudeMeters>
      <DistanceMeters>607</DistanceMeters>
      <HeartRateBpm>
       <Value>114</Value>
      </HeartRateBpm>
      <Cadence>77</Cadence>
      <Extensions>
       <Speed>5.460000</Speed>
      </Extensions>
     </Trackpoint>
     <Trackpoint>
      <Time>2026-05-24T14:06:19Z</Time>
      <Position>
       <LatitudeDegrees>35.7004339</LatitudeDegrees>
       <LongitudeDegrees>139.7814581</LongitudeDegrees>
      </Position>
      <AltitudeMeters>15</AltitudeMeters>
      <DistanceMeters>609</DistanceMeters>
      <HeartRateBpm>
       <Value>114</Value>
      </HeartRateBpm>
      <Cadence>77</Cadence>
      <Extensions>
       <Speed>5.450000</Speed>
      </Extensions>
     </Trackpoint>
     <Trackpoint>
      <Time>2026-05-24T14:06:20Z</Time>
      <Position>
       <LatitudeDegrees>35.7004192</LatitudeDegrees>
       <LongitudeDegrees>139.7814561</LongitudeDegrees>
      </Position>
      <AltitudeMeters>15</AltitudeMeters>
      <DistanceMeters>610</DistanceMeters>
      <HeartRateBpm>
       <Value>114</Value>
      </HeartRateBpm>
      <Cadence>76</Cadence>
      <Extensions>
       <Speed>5.440000</Speed>
      </Extensions>
     </Trackpoint>
     <Trackpoint>
      <Time>2026-05-24T14:06:21Z</Time>
      <Position>
       <LatitudeDegrees>35.7004052</LatitudeDegrees>
       <LongitudeDegrees>139.7814532</LongitudeDegrees>
      </Position>
      <AltitudeMeters>15</AltitudeMeters>
      <DistanceMeters>612</DistanceMeters>
      <HeartRateBpm>
       <Value>114</Value>
      </HeartRateBpm>
      <Cadence>76</Cadence>
      <Extensions>
       <Speed>5.440000</Speed>
      </Extensions>
     </Trackpoint>
     <Trackpoint>
      <Time>2026-05-24T14:06:22Z</Time>
      <Position>
       <LatitudeDegrees>35.7003913</LatitudeDegrees>
       <LongitudeDegrees>139.7814504</LongitudeDegrees>
      </Position>
      <AltitudeMeters>15</AltitudeMeters>
      <DistanceMeters>614</DistanceMeters>
      <HeartRateBpm>
       <Value>114</Value>
      </HeartRateBpm>
      <Cadence>76</Cadence>
      <Extensions>
       <Speed>5.440000</Speed>
      </Extensions>
     </Trackpoint>
     <Trackpoint>
      <Time>2026-05-24T14:06:23Z</Time>
      <Position>
       <LatitudeDegrees>35.7003770</LatitudeDegrees>
       <LongitudeDegrees>139.7814479</LongitudeDegrees>
      </Position>
      <AltitudeMeters>15</AltitudeMeters>
      <DistanceMeters>615</DistanceMeters>
      <HeartRateBpm>
       <Value>114</Value>
      </HeartRateBpm>
      <Cadence>76</Cadence>
      <Extensions>
       <Speed>5.440000</Speed>
      </Extensions>
     </Trackpoint>
     <Trackpoint>
      <Time>2026-05-24T14:06:24Z</Time>
      <Position>
       <LatitudeDegrees>35.7003627</LatitudeDegrees>
       <LongitudeDegrees>139.7814455</LongitudeDegrees>
      </Position>
      <AltitudeMeters>15</AltitudeMeters>
      <DistanceMeters>617</DistanceMeters>
      <HeartRateBpm>
       <Value>114</Value>
      </HeartRateBpm>
      <Cadence>76</Cadence>
      <Extensions>
       <Speed>5.440000</Speed>
      </Extensions>
     </Trackpoint>
     <Trackpoint>
      <Time>2026-05-24T14:06:25Z</Time>
      <Position>
       <LatitudeDegrees>35.7003467</LatitudeDegrees>
       <LongitudeDegrees>139.7814446</LongitudeDegrees>
      </Position>
      <AltitudeMeters>15</AltitudeMeters>
      <DistanceMeters>619</DistanceMeters>
      <HeartRateBpm>
       <Value>114</Value>
      </HeartRateBpm>
      <Cadence>76</Cadence>
      <Extensions>
       <Speed>5.450000</Speed>
      </Extensions>
     </Trackpoint>
     <Trackpoint>
      <Time>2026-05-24T14:06:26Z</Time>
      <Position>
       <LatitudeDegrees>35.7003308</LatitudeDegrees>
       <LongitudeDegrees>139.7814437</LongitudeDegrees>
      </Position>
      <AltitudeMeters>15</AltitudeMeters>
      <DistanceMeters>620</DistanceMeters>
      <HeartRateBpm>
       <Value>114</Value>
      </HeartRateBpm>
      <Cadence>75</Cadence>
      <Extensions>
       <Speed>5.460000</Speed>
      </Extensions>
     </Trackpoint>
     <Trackpoint>
      <Time>2026-05-24T14:06:27Z</Time>
      <Position>
       <LatitudeDegrees>35.7003155</LatitudeDegrees>
       <LongitudeDegrees>139.7814426</LongitudeDegrees>
      </Position>
      <AltitudeMeters>15</AltitudeMeters>
      <DistanceMeters>622</DistanceMeters>
      <HeartRateBpm>
       <Value>114</Value>
      </HeartRateBpm>
      <Cadence>75</Cadence>
      <Extensions>
       <Speed>5.470000</Speed>
      </Extensions>
     </Trackpoint>
     <Trackpoint>
      <Time>2026-05-24T14:06:28Z</Time>
      <Position>
       <LatitudeDegrees>35.7003002</LatitudeDegrees>
       <LongitudeDegrees>139.7814415</LongitudeDegrees>
      </Position>
      <AltitudeMeters>15</AltitudeMeters>
      <DistanceMeters>624</DistanceMeters>
      <HeartRateBpm>
       <Value>115</Value>
      </HeartRateBpm>
      <Cadence>75</Cadence>
      <Extensions>
       <Speed>5.480000</Speed>
      </Extensions>
     </Trackpoint>
     <Trackpoint>
      <Time>2026-05-24T14:06:29Z</Time>
      <Position>
       <LatitudeDegrees>35.7002857</LatitudeDegrees>
       <LongitudeDegrees>139.7814389</LongitudeDegrees>
      </Position>
      <AltitudeMeters>15</AltitudeMeters>
      <DistanceMeters>625</DistanceMeters>
      <HeartRateBpm>
       <Value>115</Value>
      </HeartRateBpm>
      <Cadence>75</Cadence>
      <Extensions>
       <Speed>5.500000</Speed>
      </Extensions>
     </Trackpoint>
     <Trackpoint>
      <Time>2026-05-24T14:06:30Z</Time>
      <Position>
       <LatitudeDegrees>35.7002712</LatitudeDegrees>
       <LongitudeDegrees>139.7814363</LongitudeDegrees>
      </Position>
      <AltitudeMeters>15</AltitudeMeters>
      <DistanceMeters>626</DistanceMeters>
      <HeartRateBpm>
       <Value>116</Value>
      </HeartRateBpm>
      <Cadence>75</Cadence>
      <Extensions>
       <Speed>5.580000</Speed>
      </Extensions>
     </Trackpoint>
     <Trackpoint>
      <Time>2026-05-24T14:06:31Z</Time>
      <Position>
       <LatitudeDegrees>35.7002580</LatitudeDegrees>
       <LongitudeDegrees>139.7814309</LongitudeDegrees>
      </Position>
      <AltitudeMeters>15</AltitudeMeters>
      <DistanceMeters>628</DistanceMeters>
      <HeartRateBpm>
       <Value>116</Value>
      </HeartRateBpm>
      <Cadence>75</Cadence>
      <Extensions>
       <Speed>5.670000</Speed>
      </Extensions>
     </Trackpoint>
     <Trackpoint>
      <Time>2026-05-24T14:06:32Z</Time>
      <Position>
       <LatitudeDegrees>35.7002448</LatitudeDegrees>
       <LongitudeDegrees>139.7814255</LongitudeDegrees>
      </Position>
      <AltitudeMeters>15</AltitudeMeters>
      <DistanceMeters>630</DistanceMeters>
      <HeartRateBpm>
       <Value>116</Value>
      </HeartRateBpm>
      <Cadence>75</Cadence>
      <Extensions>
       <Speed>5.690000</Speed>
      </Extensions>
     </Trackpoint>
     <Trackpoint>
      <Time>2026-05-24T14:06:33Z</Time>
      <Position>
       <LatitudeDegrees>35.7002316</LatitudeDegrees>
       <LongitudeDegrees>139.7814202</LongitudeDegrees>
      </Position>
      <AltitudeMeters>15</AltitudeMeters>
      <DistanceMeters>631</DistanceMeters>
      <HeartRateBpm>
       <Value>116</Value>
      </HeartRateBpm>
      <Cadence>76</Cadence>
      <Extensions>
       <Speed>5.710000</Speed>
      </Extensions>
     </Trackpoint>
     <Trackpoint>
      <Time>2026-05-24T14:06:34Z</Time>
      <Position>
       <LatitudeDegrees>35.7002185</LatitudeDegrees>
       <LongitudeDegrees>139.7814149</LongitudeDegrees>
      </Position>
      <AltitudeMeters>15</AltitudeMeters>
      <DistanceMeters>633</DistanceMeters>
      <HeartRateBpm>
       <Value>116</Value>
      </HeartRateBpm>
      <Cadence>76</Cadence>
      <Extensions>
       <Speed>5.710000</Speed>
      </Extensions>
     </Trackpoint>
     <Trackpoint>
      <Time>2026-05-24T14:06:35Z</Time>
      <Position>
       <LatitudeDegrees>35.7002032</LatitudeDegrees>
       <LongitudeDegrees>139.7814114</LongitudeDegrees>
      </Position>
      <AltitudeMeters>15</AltitudeMeters>
      <DistanceMeters>635</DistanceMeters>
      <HeartRateBpm>
       <Value>116</Value>
      </HeartRateBpm>
      <Cadence>76</Cadence>
      <Extensions>
       <Speed>5.720000</Speed>
      </Extensions>
     </Trackpoint>
     <Trackpoint>
      <Time>2026-05-24T14:06:36Z</Time>
      <Position>
       <LatitudeDegrees>35.7001880</LatitudeDegrees>
       <LongitudeDegrees>139.7814079</LongitudeDegrees>
      </Position>
      <AltitudeMeters>15</AltitudeMeters>
      <DistanceMeters>637</DistanceMeters>
      <HeartRateBpm>
       <Value>116</Value>
      </HeartRateBpm>
      <Cadence>76</Cadence>
      <Extensions>
       <Speed>5.760000</Speed>
      </Extensions>
     </Trackpoint>
     <Trackpoint>
      <Time>2026-05-24T14:06:37Z</Time>
      <Position>
       <LatitudeDegrees>35.7001699</LatitudeDegrees>
       <LongitudeDegrees>139.7814054</LongitudeDegrees>
      </Position>
      <AltitudeMeters>15</AltitudeMeters>
      <DistanceMeters>639</DistanceMeters>
      <HeartRateBpm>
       <Value>116</Value>
      </HeartRateBpm>
      <Cadence>76</Cadence>
      <Extensions>
       <Speed>5.800000</Speed>
      </Extensions>
     </Trackpoint>
     <Trackpoint>
      <Time>2026-05-24T14:06:38Z</Time>
      <Position>
       <LatitudeDegrees>35.7001518</LatitudeDegrees>
       <LongitudeDegrees>139.7814029</LongitudeDegrees>
      </Position>
      <AltitudeMeters>15</AltitudeMeters>
      <DistanceMeters>642</DistanceMeters>
      <HeartRateBpm>
       <Value>115</Value>
      </HeartRateBpm>
      <Cadence>76</Cadence>
      <Extensions>
       <Speed>5.880000</Speed>
      </Extensions>
     </Trackpoint>
     <Trackpoint>
      <Time>2026-05-24T14:06:39Z</Time>
      <Position>
       <LatitudeDegrees>35.7001331</LatitudeDegrees>
       <LongitudeDegrees>139.7814010</LongitudeDegrees>
      </Position>
      <AltitudeMeters>15</AltitudeMeters>
      <DistanceMeters>644</DistanceMeters>
      <HeartRateBpm>
       <Value>115</Value>
      </HeartRateBpm>
      <Cadence>76</Cadence>
      <Extensions>
       <Speed>5.960000</Speed>
      </Extensions>
     </Trackpoint>
     <Trackpoint>
      <Time>2026-05-24T14:06:40Z</Time>
      <Position>
       <LatitudeDegrees>35.7001145</LatitudeDegrees>
       <LongitudeDegrees>139.7813992</LongitudeDegrees>
      </Position>
      <AltitudeMeters>15</AltitudeMeters>
      <DistanceMeters>646</DistanceMeters>
      <HeartRateBpm>
       <Value>115</Value>
      </HeartRateBpm>
      <Cadence>76</Cadence>
      <Extensions>
       <Speed>6.050000</Speed>
      </Extensions>
     </Trackpoint>
     <Trackpoint>
      <Time>2026-05-24T14:06:41Z</Time>
      <Position>
       <LatitudeDegrees>35.7000977</LatitudeDegrees>
       <LongitudeDegrees>139.7813964</LongitudeDegrees>
      </Position>
      <AltitudeMeters>15</AltitudeMeters>
      <DistanceMeters>647</DistanceMeters>
      <HeartRateBpm>
       <Value>115</Value>
      </HeartRateBpm>
      <Cadence>77</Cadence>
      <Extensions>
       <Speed>6.140000</Speed>
      </Extensions>
     </Trackpoint>
     <Trackpoint>
      <Time>2026-05-24T14:06:42Z</Time>
      <Position>
       <LatitudeDegrees>35.7000809</LatitudeDegrees>
       <LongitudeDegrees>139.7813936</LongitudeDegrees>
      </Position>
      <AltitudeMeters>15</AltitudeMeters>
      <DistanceMeters>648</DistanceMeters>
      <HeartRateBpm>
       <Value>115</Value>
      </HeartRateBpm>
      <Cadence>76</Cadence>
      <Extensions>
       <Speed>6.180000</Speed>
      </Extensions>
     </Trackpoint>
     <Trackpoint>
      <Time>2026-05-24T14:06:43Z</Time>
      <Position>
       <LatitudeDegrees>35.7000671</LatitudeDegrees>
       <LongitudeDegrees>139.7813904</LongitudeDegrees>
      </Position>
      <AltitudeMeters>15</AltitudeMeters>
      <DistanceMeters>650</DistanceMeters>
      <HeartRateBpm>
       <Value>115</Value>
      </HeartRateBpm>
      <Cadence>76</Cadence>
      <Extensions>
       <Speed>6.230000</Speed>
      </Extensions>
     </Trackpoint>
     <Trackpoint>
      <Time>2026-05-24T14:06:44Z</Time>
      <Position>
       <LatitudeDegrees>35.7000533</LatitudeDegrees>
       <LongitudeDegrees>139.7813872</LongitudeDegrees>
      </Position>
      <AltitudeMeters>15</AltitudeMeters>
      <DistanceMeters>651</DistanceMeters>
      <HeartRateBpm>
       <Value>115</Value>
      </HeartRateBpm>
      <Cadence>76</Cadence>
      <Extensions>
       <Speed>6.300000</Speed>
      </Extensions>
     </Trackpoint>
     <Trackpoint>
      <Time>2026-05-24T14:06:45Z</Time>
      <Position>
       <LatitudeDegrees>35.7000417</LatitudeDegrees>
       <LongitudeDegrees>139.7813854</LongitudeDegrees>
      </Position>
      <AltitudeMeters>15</AltitudeMeters>
      <DistanceMeters>652</DistanceMeters>
      <HeartRateBpm>
       <Value>115</Value>
      </HeartRateBpm>
      <Cadence>77</Cadence>
      <Extensions>
       <Speed>6.370000</Speed>
      </Extensions>
     </Trackpoint>
     <Trackpoint>
      <Time>2026-05-24T14:06:46Z</Time>
      <Position>
       <LatitudeDegrees>35.7000302</LatitudeDegrees>
       <LongitudeDegrees>139.7813836</LongitudeDegrees>
      </Position>
      <AltitudeMeters>15</AltitudeMeters>
      <DistanceMeters>653</DistanceMeters>
      <HeartRateBpm>
       <Value>115</Value>
      </HeartRateBpm>
      <Cadence>76</Cadence>
      <Extensions>
       <Speed>6.350000</Speed>
      </Extensions>
     </Trackpoint>
     <Trackpoint>
      <Time>2026-05-24T14:06:47Z</Time>
      <Position>
       <LatitudeDegrees>35.7000203</LatitudeDegrees>
       <LongitudeDegrees>139.7813839</LongitudeDegrees>
      </Position>
      <AltitudeMeters>15</AltitudeMeters>
      <DistanceMeters>654</DistanceMeters>
      <HeartRateBpm>
       <Value>115</Value>
      </HeartRateBpm>
      <Cadence>76</Cadence>
      <Extensions>
       <Speed>6.330000</Speed>
      </Extensions>
     </Trackpoint>
     <Trackpoint>
      <Time>2026-05-24T14:06:48Z</Time>
      <Position>
       <LatitudeDegrees>35.7000105</LatitudeDegrees>
       <LongitudeDegrees>139.7813843</LongitudeDegrees>
      </Position>
      <AltitudeMeters>15</AltitudeMeters>
      <DistanceMeters>655</DistanceMeters>
      <HeartRateBpm>
       <Value>115</Value>
      </HeartRateBpm>
      <Cadence>76</Cadence>
      <Extensions>
       <Speed>6.280000</Speed>
      </Extensions>
     </Trackpoint>
     <Trackpoint>
      <Time>2026-05-24T14:06:49Z</Time>
      <Position>
       <LatitudeDegrees>35.7000017</LatitudeDegrees>
       <LongitudeDegrees>139.7813843</LongitudeDegrees>
      </Position>
      <AltitudeMeters>15</AltitudeMeters>
      <DistanceMeters>656</DistanceMeters>
      <HeartRateBpm>
       <Value>115</Value>
      </HeartRateBpm>
      <Cadence>76</Cadence>
      <Extensions>
       <Speed>6.230000</Speed>
      </Extensions>
     </Trackpoint>
     <Trackpoint>
      <Time>2026-05-24T14:06:50Z</Time>
      <Position>
       <LatitudeDegrees>35.6999929</LatitudeDegrees>
       <LongitudeDegrees>139.7813843</LongitudeDegrees>
      </Position>
      <AltitudeMeters>15</AltitudeMeters>
      <DistanceMeters>658</DistanceMeters>
      <HeartRateBpm>
       <Value>115</Value>
      </HeartRateBpm>
      <Cadence>76</Cadence>
      <Extensions>
       <Speed>6.170000</Speed>
      </Extensions>
     </Trackpoint>
     <Trackpoint>
      <Time>2026-05-24T14:06:51Z</Time>
      <Position>
       <LatitudeDegrees>35.6999822</LatitudeDegrees>
       <LongitudeDegrees>139.7813847</LongitudeDegrees>
      </Position>
      <AltitudeMeters>15</AltitudeMeters>
      <DistanceMeters>659</DistanceMeters>
      <HeartRateBpm>
       <Value>116</Value>
      </HeartRateBpm>
      <Cadence>76</Cadence>
      <Extensions>
       <Speed>6.110000</Speed>
      </Extensions>
     </Trackpoint>
     <Trackpoint>
      <Time>2026-05-24T14:06:52Z</Time>
      <Position>
       <LatitudeDegrees>35.6999716</LatitudeDegrees>
       <LongitudeDegrees>139.7813852</LongitudeDegrees>
      </Position>
      <AltitudeMeters>15</AltitudeMeters>
      <DistanceMeters>660</DistanceMeters>
      <HeartRateBpm>
       <Value>116</Value>
      </HeartRateBpm>
      <Cadence>76</Cadence>
      <Extensions>
       <Speed>6.070000</Speed>
      </Extensions>
     </Trackpoint>
     <Trackpoint>
      <Time>2026-05-24T14:06:53Z</Time>
      <Position>
       <LatitudeDegrees>35.6999590</LatitudeDegrees>
       <LongitudeDegrees>139.7813857</LongitudeDegrees>
      </Position>
      <AltitudeMeters>15</AltitudeMeters>
      <DistanceMeters>662</DistanceMeters>
      <HeartRateBpm>
       <Value>116</Value>
      </HeartRateBpm>
      <Cadence>76</Cadence>
      <Extensions>
       <Speed>6.030000</Speed>
      </Extensions>
     </Trackpoint>
     <Trackpoint>
      <Time>2026-05-24T14:06:54Z</Time>
      <Position>
       <LatitudeDegrees>35.6999464</LatitudeDegrees>
       <LongitudeDegrees>139.7813863</LongitudeDegrees>
      </Position>
      <AltitudeMeters>15</AltitudeMeters>
      <DistanceMeters>664</DistanceMeters>
      <HeartRateBpm>
       <Value>116</Value>
      </HeartRateBpm>
      <Cadence>75</Cadence>
      <Extensions>
       <Speed>5.890000</Speed>
      </Extensions>
     </Trackpoint>
     <Trackpoint>
      <Time>2026-05-24T14:06:55Z</Time>
      <Position>
       <LatitudeDegrees>35.6999325</LatitudeDegrees>
       <LongitudeDegrees>139.7813873</LongitudeDegrees>
      </Position>
      <AltitudeMeters>15</AltitudeMeters>
      <DistanceMeters>665</DistanceMeters>
      <HeartRateBpm>
       <Value>116</Value>
      </HeartRateBpm>
      <Cadence>75</Cadence>
      <Extensions>
       <Speed>5.750000</Speed>
      </Extensions>
     </Trackpoint>
     <Trackpoint>
      <Time>2026-05-24T14:06:56Z</Time>
      <Position>
       <LatitudeDegrees>35.6999186</LatitudeDegrees>
       <LongitudeDegrees>139.7813883</LongitudeDegrees>
      </Position>
      <AltitudeMeters>15</AltitudeMeters>
      <DistanceMeters>666</DistanceMeters>
      <HeartRateBpm>
       <Value>116</Value>
      </HeartRateBpm>
      <Cadence>75</Cadence>
      <Extensions>
       <Speed>5.710000</Speed>
      </Extensions>
     </Trackpoint>
     <Trackpoint>
      <Time>2026-05-24T14:06:57Z</Time>
      <Position>
       <LatitudeDegrees>35.6999040</LatitudeDegrees>
       <LongitudeDegrees>139.7813886</LongitudeDegrees>
      </Position>
      <AltitudeMeters>15</AltitudeMeters>
      <DistanceMeters>668</DistanceMeters>
      <HeartRateBpm>
       <Value>116</Value>
      </HeartRateBpm>
      <Cadence>75</Cadence>
      <Extensions>
       <Speed>5.670000</Speed>
      </Extensions>
     </Trackpoint>
     <Trackpoint>
      <Time>2026-05-24T14:06:58Z</Time>
      <Position>
       <LatitudeDegrees>35.6998895</LatitudeDegrees>
       <LongitudeDegrees>139.7813890</LongitudeDegrees>
      </Position>
      <AltitudeMeters>15</AltitudeMeters>
      <DistanceMeters>670</DistanceMeters>
      <HeartRateBpm>
       <Value>116</Value>
      </HeartRateBpm>
      <Cadence>75</Cadence>
      <Extensions>
       <Speed>5.660000</Speed>
      </Extensions>
     </Trackpoint>
     <Trackpoint>
      <Time>2026-05-24T14:06:59Z</Time>
      <Position>
       <LatitudeDegrees>35.6998747</LatitudeDegrees>
       <LongitudeDegrees>139.7813883</LongitudeDegrees>
      </Position>
      <AltitudeMeters>15</AltitudeMeters>
      <DistanceMeters>672</DistanceMeters>
      <HeartRateBpm>
       <Value>116</Value>
      </HeartRateBpm>
      <Cadence>75</Cadence>
      <Extensions>
       <Speed>5.650000</Speed>
      </Extensions>
     </Trackpoint>
     <Trackpoint>
      <Time>2026-05-24T14:07:00Z</Time>
      <Position>
       <LatitudeDegrees>35.6998600</LatitudeDegrees>
       <LongitudeDegrees>139.7813877</LongitudeDegrees>
      </Position>
      <AltitudeMeters>15</AltitudeMeters>
      <DistanceMeters>672</DistanceMeters>
      <HeartRateBpm>
       <Value>116</Value>
      </HeartRateBpm>
      <Cadence>75</Cadence>
      <Extensions>
       <Speed>5.640000</Speed>
      </Extensions>
     </Trackpoint>
     <Trackpoint>
      <Time>2026-05-24T14:07:01Z</Time>
      <Position>
       <LatitudeDegrees>35.6998482</LatitudeDegrees>
       <LongitudeDegrees>139.7813852</LongitudeDegrees>
      </Position>
      <AltitudeMeters>15</AltitudeMeters>
      <DistanceMeters>673</DistanceMeters>
      <HeartRateBpm>
       <Value>117</Value>
      </HeartRateBpm>
      <Cadence>75</Cadence>
      <Extensions>
       <Speed>5.640000</Speed>
      </Extensions>
     </Trackpoint>
     <Trackpoint>
      <Time>2026-05-24T14:07:02Z</Time>
      <Position>
       <LatitudeDegrees>35.6998365</LatitudeDegrees>
       <LongitudeDegrees>139.7813828</LongitudeDegrees>
      </Position>
      <AltitudeMeters>15</AltitudeMeters>
      <DistanceMeters>674</DistanceMeters>
      <HeartRateBpm>
       <Value>117</Value>
      </HeartRateBpm>
      <Cadence>75</Cadence>
      <Extensions>
       <Speed>5.630000</Speed>
      </Extensions>
     </Trackpoint>
     <Trackpoint>
      <Time>2026-05-24T14:07:03Z</Time>
      <Position>
       <LatitudeDegrees>35.6998265</LatitudeDegrees>
       <LongitudeDegrees>139.7813780</LongitudeDegrees>
      </Position>
      <AltitudeMeters>15</AltitudeMeters>
      <DistanceMeters>676</DistanceMeters>
      <HeartRateBpm>
       <Value>117</Value>
      </HeartRateBpm>
      <Cadence>75</Cadence>
      <Extensions>
       <Speed>5.620000</Speed>
      </Extensions>
     </Trackpoint>
     <Trackpoint>
      <Time>2026-05-24T14:07:04Z</Time>
      <Position>
       <LatitudeDegrees>35.6998166</LatitudeDegrees>
       <LongitudeDegrees>139.7813733</LongitudeDegrees>
      </Position>
      <AltitudeMeters>15</AltitudeMeters>
      <DistanceMeters>678</DistanceMeters>
      <HeartRateBpm>
       <Value>117</Value>
      </HeartRateBpm>
      <Cadence>75</Cadence>
      <Extensions>
       <Speed>5.600000</Speed>
      </Extensions>
     </Trackpoint>
     <Trackpoint>
      <Time>2026-05-24T14:07:05Z</Time>
      <Position>
       <LatitudeDegrees>35.6998062</LatitudeDegrees>
       <LongitudeDegrees>139.7813677</LongitudeDegrees>
      </Position>
      <AltitudeMeters>15</AltitudeMeters>
      <DistanceMeters>679</DistanceMeters>
      <HeartRateBpm>
       <Value>117</Value>
      </HeartRateBpm>
      <Cadence>75</Cadence>
      <Extensions>
       <Speed>5.580000</Speed>
      </Extensions>
     </Trackpoint>
     <Trackpoint>
      <Time>2026-05-24T14:07:06Z</Time>
      <Position>
       <LatitudeDegrees>35.6997959</LatitudeDegrees>
       <LongitudeDegrees>139.7813621</LongitudeDegrees>
      </Position>
      <AltitudeMeters>15</AltitudeMeters>
      <DistanceMeters>681</DistanceMeters>
      <HeartRateBpm>
       <Value>116</Value>
      </HeartRateBpm>
      <Cadence>75</Cadence>
      <Extensions>
       <Speed>5.550000</Speed>
      </Extensions>
     </Trackpoint>
     <Trackpoint>
      <Time>2026-05-24T14:07:07Z</Time>
      <Position>
       <LatitudeDegrees>35.6997836</LatitudeDegrees>
       <LongitudeDegrees>139.7813528</LongitudeDegrees>
      </Position>
      <AltitudeMeters>15</AltitudeMeters>
      <DistanceMeters>683</DistanceMeters>
      <HeartRateBpm>
       <Value>116</Value>
      </HeartRateBpm>
      <Cadence>75</Cadence>
      <Extensions>
       <Speed>5.520000</Speed>
      </Extensions>
     </Trackpoint>
     <Trackpoint>
      <Time>2026-05-24T14:07:08Z</Time>
      <Position>
       <LatitudeDegrees>35.6997713</LatitudeDegrees>
       <LongitudeDegrees>139.7813435</LongitudeDegrees>
      </Position>
      <AltitudeMeters>15</AltitudeMeters>
      <DistanceMeters>684</DistanceMeters>
      <HeartRateBpm>
       <Value>116</Value>
      </HeartRateBpm>
      <Cadence>75</Cadence>
      <Extensions>
       <Speed>5.500000</Speed>
      </Extensions>
     </Trackpoint>
     <Trackpoint>
      <Time>2026-05-24T14:07:09Z</Time>
      <Position>
       <LatitudeDegrees>35.6997586</LatitudeDegrees>
       <LongitudeDegrees>139.7813304</LongitudeDegrees>
      </Position>
      <AltitudeMeters>15</AltitudeMeters>
      <DistanceMeters>686</DistanceMeters>
      <HeartRateBpm>
       <Value>116</Value>
      </HeartRateBpm>
      <Cadence>75</Cadence>
      <Extensions>
       <Speed>5.490000</Speed>
      </Extensions>
     </Trackpoint>
     <Trackpoint>
      <Time>2026-05-24T14:07:10Z</Time>
      <Position>
       <LatitudeDegrees>35.6997460</LatitudeDegrees>
       <LongitudeDegrees>139.7813174</LongitudeDegrees>
      </Position>
      <AltitudeMeters>15</AltitudeMeters>
      <DistanceMeters>688</DistanceMeters>
      <HeartRateBpm>
       <Value>116</Value>
      </HeartRateBpm>
      <Cadence>75</Cadence>
      <Extensions>
       <Speed>5.460000</Speed>
      </Extensions>
     </Trackpoint>
     <Trackpoint>
      <Time>2026-05-24T14:07:11Z</Time>
      <Position>
       <LatitudeDegrees>35.6997337</LatitudeDegrees>
       <LongitudeDegrees>139.7813039</LongitudeDegrees>
      </Position>
      <AltitudeMeters>15</AltitudeMeters>
      <DistanceMeters>690</DistanceMeters>
      <HeartRateBpm>
       <Value>116</Value>
      </HeartRateBpm>
      <Cadence>75</Cadence>
      <Extensions>
       <Speed>5.440000</Speed>
      </Extensions>
     </Trackpoint>
     <Trackpoint>
      <Time>2026-05-24T14:07:12Z</Time>
      <Position>
       <LatitudeDegrees>35.6997215</LatitudeDegrees>
       <LongitudeDegrees>139.7812905</LongitudeDegrees>
      </Position>
      <AltitudeMeters>15</AltitudeMeters>
      <DistanceMeters>692</DistanceMeters>
      <HeartRateBpm>
       <Value>116</Value>
      </HeartRateBpm>
      <Cadence>75</Cadence>
      <Extensions>
       <Speed>5.450000</Speed>
      </Extensions>
     </Trackpoint>
     <Trackpoint>
      <Time>2026-05-24T14:07:13Z</Time>
      <Position>
       <LatitudeDegrees>35.6997090</LatitudeDegrees>
       <LongitudeDegrees>139.7812782</LongitudeDegrees>
      </Position>
      <AltitudeMeters>15</AltitudeMeters>
      <DistanceMeters>693</DistanceMeters>
      <HeartRateBpm>
       <Value>116</Value>
      </HeartRateBpm>
      <Cadence>75</Cadence>
      <Extensions>
       <Speed>5.460000</Speed>
      </Extensions>
     </Trackpoint>
     <Trackpoint>
      <Time>2026-05-24T14:07:14Z</Time>
      <Position>
       <LatitudeDegrees>35.6996966</LatitudeDegrees>
       <LongitudeDegrees>139.7812660</LongitudeDegrees>
      </Position>
      <AltitudeMeters>15</AltitudeMeters>
      <DistanceMeters>695</DistanceMeters>
      <HeartRateBpm>
       <Value>116</Value>
      </HeartRateBpm>
      <Cadence>75</Cadence>
      <Extensions>
       <Speed>5.470000</Speed>
      </Extensions>
     </Trackpoint>
     <Trackpoint>
      <Time>2026-05-24T14:07:15Z</Time>
      <Position>
       <LatitudeDegrees>35.6996828</LatitudeDegrees>
       <LongitudeDegrees>139.7812542</LongitudeDegrees>
      </Position>
      <AltitudeMeters>15</AltitudeMeters>
      <DistanceMeters>697</DistanceMeters>
      <HeartRateBpm>
       <Value>116</Value>
      </HeartRateBpm>
      <Cadence>75</Cadence>
      <Extensions>
       <Speed>5.490000</Speed>
      </Extensions>
     </Trackpoint>
     <Trackpoint>
      <Time>2026-05-24T14:07:16Z</Time>
      <Position>
       <LatitudeDegrees>35.6996690</LatitudeDegrees>
       <LongitudeDegrees>139.7812425</LongitudeDegrees>
      </Position>
      <AltitudeMeters>15</AltitudeMeters>
      <DistanceMeters>700</DistanceMeters>
      <HeartRateBpm>
       <Value>116</Value>
      </HeartRateBpm>
      <Cadence>75</Cadence>
      <Extensions>
       <Speed>5.510000</Speed>
      </Extensions>
     </Trackpoint>
     <Trackpoint>
      <Time>2026-05-24T14:07:17Z</Time>
      <Position>
       <LatitudeDegrees>35.6996523</LatitudeDegrees>
       <LongitudeDegrees>139.7812326</LongitudeDegrees>
      </Position>
      <AltitudeMeters>15</AltitudeMeters>
      <DistanceMeters>702</DistanceMeters>
      <HeartRateBpm>
       <Value>115</Value>
      </HeartRateBpm>
      <Cadence>75</Cadence>
      <Extensions>
       <Speed>5.540000</Speed>
      </Extensions>
     </Trackpoint>
     <Trackpoint>
      <Time>2026-05-24T14:07:18Z</Time>
      <Position>
       <LatitudeDegrees>35.6996357</LatitudeDegrees>
       <LongitudeDegrees>139.7812228</LongitudeDegrees>
      </Position>
      <AltitudeMeters>15</AltitudeMeters>
      <DistanceMeters>704</DistanceMeters>
      <HeartRateBpm>
       <Value>115</Value>
      </HeartRateBpm>
      <Cadence>75</Cadence>
      <Extensions>
       <Speed>5.590000</Speed>
      </Extensions>
     </Trackpoint>
     <Trackpoint>
      <Time>2026-05-24T14:07:19Z</Time>
      <Position>
       <LatitudeDegrees>35.6996201</LatitudeDegrees>
       <LongitudeDegrees>139.7812156</LongitudeDegrees>
      </Position>
      <AltitudeMeters>15</AltitudeMeters>
      <DistanceMeters>705</DistanceMeters>
      <HeartRateBpm>
       <Value>115</Value>
      </HeartRateBpm>
      <Cadence>75</Cadence>
      <Extensions>
       <Speed>5.640000</Speed>
      </Extensions>
     </Trackpoint>
     <Trackpoint>
      <Time>2026-05-24T14:07:20Z</Time>
      <Position>
       <LatitudeDegrees>35.6996045</LatitudeDegrees>
       <LongitudeDegrees>139.7812085</LongitudeDegrees>
      </Position>
      <AltitudeMeters>15</AltitudeMeters>
      <DistanceMeters>706</DistanceMeters>
      <HeartRateBpm>
       <Value>116</Value>
      </HeartRateBpm>
      <Cadence>75</Cadence>
      <Extensions>
       <Speed>5.700000</Speed>
      </Extensions>
     </Trackpoint>
     <Trackpoint>
      <Time>2026-05-24T14:07:21Z</Time>
      <Position>
       <LatitudeDegrees>35.6995917</LatitudeDegrees>
       <LongitudeDegrees>139.7812049</LongitudeDegrees>
      </Position>
      <AltitudeMeters>15</AltitudeMeters>
      <DistanceMeters>707</DistanceMeters>
      <HeartRateBpm>
       <Value>116</Value>
      </HeartRateBpm>
      <Cadence>75</Cadence>
      <Extensions>
       <Speed>5.770000</Speed>
      </Extensions>
     </Trackpoint>
     <Trackpoint>
      <Time>2026-05-24T14:07:22Z</Time>
      <Position>
       <LatitudeDegrees>35.6995790</LatitudeDegrees>
       <LongitudeDegrees>139.7812013</LongitudeDegrees>
      </Position>
      <AltitudeMeters>15</AltitudeMeters>
      <DistanceMeters>708</DistanceMeters>
      <HeartRateBpm>
       <Value>116</Value>
      </HeartRateBpm>
      <Cadence>75</Cadence>
      <Extensions>
       <Speed>5.790000</Speed>
      </Extensions>
     </Trackpoint>
     <Trackpoint>
      <Time>2026-05-24T14:07:23Z</Time>
      <Position>
       <LatitudeDegrees>35.6995683</LatitudeDegrees>
       <LongitudeDegrees>139.7811992</LongitudeDegrees>
      </Position>
      <AltitudeMeters>15</AltitudeMeters>
      <DistanceMeters>710</DistanceMeters>
      <HeartRateBpm>
       <Value>116</Value>
      </HeartRateBpm>
      <Cadence>75</Cadence>
      <Extensions>
       <Speed>5.820000</Speed>
      </Extensions>
     </Trackpoint>
     <Trackpoint>
      <Time>2026-05-24T14:07:24Z</Time>
      <Position>
       <LatitudeDegrees>35.6995576</LatitudeDegrees>
       <LongitudeDegrees>139.7811971</LongitudeDegrees>
      </Position>
      <AltitudeMeters>15</AltitudeMeters>
      <DistanceMeters>710</DistanceMeters>
      <HeartRateBpm>
       <Value>116</Value>
      </HeartRateBpm>
      <Cadence>75</Cadence>
      <Extensions>
       <Speed>5.830000</Speed>
      </Extensions>
     </Trackpoint>
     <Trackpoint>
      <Time>2026-05-24T14:07:25Z</Time>
      <Position>
       <LatitudeDegrees>35.6995485</LatitudeDegrees>
       <LongitudeDegrees>139.7811930</LongitudeDegrees>
      </Position>
      <AltitudeMeters>15</AltitudeMeters>
      <DistanceMeters>711</DistanceMeters>
      <HeartRateBpm>
       <Value>116</Value>
      </HeartRateBpm>
      <Cadence>75</Cadence>
      <Extensions>
       <Speed>5.850000</Speed>
      </Extensions>
     </Trackpoint>
     <Trackpoint>
      <Time>2026-05-24T14:07:26Z</Time>
      <Position>
       <LatitudeDegrees>35.6995395</LatitudeDegrees>
       <LongitudeDegrees>139.7811890</LongitudeDegrees>
      </Position>
      <AltitudeMeters>15</AltitudeMeters>
      <DistanceMeters>712</DistanceMeters>
      <HeartRateBpm>
       <Value>116</Value>
      </HeartRateBpm>
      <Cadence>75</Cadence>
      <Extensions>
       <Speed>5.840000</Speed>
      </Extensions>
     </Trackpoint>
     <Trackpoint>
      <Time>2026-05-24T14:07:27Z</Time>
      <Position>
       <LatitudeDegrees>35.6995307</LatitudeDegrees>
       <LongitudeDegrees>139.7811830</LongitudeDegrees>
      </Position>
      <AltitudeMeters>15</AltitudeMeters>
      <DistanceMeters>714</DistanceMeters>
      <HeartRateBpm>
       <Value>116</Value>
      </HeartRateBpm>
      <Cadence>76</Cadence>
      <Extensions>
       <Speed>5.840000</Speed>
      </Extensions>
     </Trackpoint>
     <Trackpoint>
      <Time>2026-05-24T14:07:28Z</Time>
      <Position>
       <LatitudeDegrees>35.6995219</LatitudeDegrees>
       <LongitudeDegrees>139.7811770</LongitudeDegrees>
      </Position>
      <AltitudeMeters>15</AltitudeMeters>
      <DistanceMeters>716</DistanceMeters>
      <HeartRateBpm>
       <Value>116</Value>
      </HeartRateBpm>
      <Cadence>76</Cadence>
      <Extensions>
       <Speed>5.830000</Speed>
      </Extensions>
     </Trackpoint>
     <Trackpoint>
      <Time>2026-05-24T14:07:29Z</Time>
      <Position>
       <LatitudeDegrees>35.6995108</LatitudeDegrees>
       <LongitudeDegrees>139.7811693</LongitudeDegrees>
      </Position>
      <AltitudeMeters>15</AltitudeMeters>
      <DistanceMeters>717</DistanceMeters>
      <HeartRateBpm>
       <Value>115</Value>
      </HeartRateBpm>
      <Cadence>77</Cadence>
      <Extensions>
       <Speed>5.820000</Speed>
      </Extensions>
     </Trackpoint>
     <Trackpoint>
      <Time>2026-05-24T14:07:30Z</Time>
      <Position>
       <LatitudeDegrees>35.6994998</LatitudeDegrees>
       <LongitudeDegrees>139.7811617</LongitudeDegrees>
      </Position>
      <AltitudeMeters>15</AltitudeMeters>
      <DistanceMeters>719</DistanceMeters>
      <HeartRateBpm>
       <Value>115</Value>
      </HeartRateBpm>
      <Cadence>77</Cadence>
      <Extensions>
       <Speed>5.810000</Speed>
      </Extensions>
     </Trackpoint>
     <Trackpoint>
      <Time>2026-05-24T14:07:31Z</Time>
      <Position>
       <LatitudeDegrees>35.6994873</LatitudeDegrees>
       <LongitudeDegrees>139.7811532</LongitudeDegrees>
      </Position>
      <AltitudeMeters>15</AltitudeMeters>
      <DistanceMeters>721</DistanceMeters>
      <HeartRateBpm>
       <Value>115</Value>
      </HeartRateBpm>
      <Cadence>77</Cadence>
      <Extensions>
       <Speed>5.810000</Speed>
      </Extensions>
     </Trackpoint>
     <Trackpoint>
      <Time>2026-05-24T14:07:32Z</Time>
      <Position>
       <LatitudeDegrees>35.6994748</LatitudeDegrees>
       <LongitudeDegrees>139.7811448</LongitudeDegrees>
      </Position>
      <AltitudeMeters>15</AltitudeMeters>
      <DistanceMeters>722</DistanceMeters>
      <HeartRateBpm>
       <Value>115</Value>
      </HeartRateBpm>
      <Cadence>76</Cadence>
      <Extensions>
       <Speed>5.770000</Speed>
      </Extensions>
     </Trackpoint>
     <Trackpoint>
      <Time>2026-05-24T14:07:33Z</Time>
      <Position>
       <LatitudeDegrees>35.6994637</LatitudeDegrees>
       <LongitudeDegrees>139.7811387</LongitudeDegrees>
      </Position>
      <AltitudeMeters>15</AltitudeMeters>
      <DistanceMeters>723</DistanceMeters>
      <HeartRateBpm>
       <Value>115</Value>
      </HeartRateBpm>
      <Cadence>76</Cadence>
      <Extensions>
       <Speed>5.730000</Speed>
      </Extensions>
     </Trackpoint>
     <Trackpoint>
      <Time>2026-05-24T14:07:34Z</Time>
      <Position>
       <LatitudeDegrees>35.6994527</LatitudeDegrees>
       <LongitudeDegrees>139.7811327</LongitudeDegrees>
      </Position>
      <AltitudeMeters>15</AltitudeMeters>
      <DistanceMeters>724</DistanceMeters>
      <HeartRateBpm>
       <Value>115</Value>
      </HeartRateBpm>
      <Cadence>76</Cadence>
      <Extensions>
       <Speed>5.690000</Speed>
      </Extensions>
     </Trackpoint>
     <Trackpoint>
      <Time>2026-05-24T14:07:35Z</Time>
      <Position>
       <LatitudeDegrees>35.6994413</LatitudeDegrees>
       <LongitudeDegrees>139.7811298</LongitudeDegrees>
      </Position>
      <AltitudeMeters>15</AltitudeMeters>
      <DistanceMeters>725</DistanceMeters>
      <HeartRateBpm>
       <Value>116</Value>
      </HeartRateBpm>
      <Cadence>76</Cadence>
      <Extensions>
       <Speed>5.660000</Speed>
      </Extensions>
     </Trackpoint>
     <Trackpoint>
      <Time>2026-05-24T14:07:36Z</Time>
      <Position>
       <LatitudeDegrees>35.6994299</LatitudeDegrees>
       <LongitudeDegrees>139.7811270</LongitudeDegrees>
      </Position>
      <AltitudeMeters>15</AltitudeMeters>
      <DistanceMeters>727</DistanceMeters>
      <HeartRateBpm>
       <Value>116</Value>
      </HeartRateBpm>
      <Cadence>76</Cadence>
      <Extensions>
       <Speed>5.640000</Speed>
      </Extensions>
     </Trackpoint>
     <Trackpoint>
      <Time>2026-05-24T14:07:37Z</Time>
      <Position>
       <LatitudeDegrees>35.6994164</LatitudeDegrees>
       <LongitudeDegrees>139.7811267</LongitudeDegrees>
      </Position>
      <AltitudeMeters>15</AltitudeMeters>
      <DistanceMeters>729</DistanceMeters>
      <HeartRateBpm>
       <Value>116</Value>
      </HeartRateBpm>
      <Cadence>76</Cadence>
      <Extensions>
       <Speed>5.630000</Speed>
      </Extensions>
     </Trackpoint>
     <Trackpoint>
      <Time>2026-05-24T14:07:38Z</Time>
      <Position>
       <LatitudeDegrees>35.6994030</LatitudeDegrees>
       <LongitudeDegrees>139.7811264</LongitudeDegrees>
      </Position>
      <AltitudeMeters>15</AltitudeMeters>
      <DistanceMeters>730</DistanceMeters>
      <HeartRateBpm>
       <Value>116</Value>
      </HeartRateBpm>
      <Cadence>76</Cadence>
      <Extensions>
       <Speed>5.620000</Speed>
      </Extensions>
     </Trackpoint>
     <Trackpoint>
      <Time>2026-05-24T14:07:39Z</Time>
      <Position>
       <LatitudeDegrees>35.6993880</LatitudeDegrees>
       <LongitudeDegrees>139.7811267</LongitudeDegrees>
      </Position>
      <AltitudeMeters>15</AltitudeMeters>
      <DistanceMeters>732</DistanceMeters>
      <HeartRateBpm>
       <Value>117</Value>
      </HeartRateBpm>
      <Cadence>76</Cadence>
      <Extensions>
       <Speed>5.620000</Speed>
      </Extensions>
     </Trackpoint>
     <Trackpoint>
      <Time>2026-05-24T14:07:40Z</Time>
      <Position>
       <LatitudeDegrees>35.6993730</LatitudeDegrees>
       <LongitudeDegrees>139.7811270</LongitudeDegrees>
      </Position>
      <AltitudeMeters>15</AltitudeMeters>
      <DistanceMeters>734</DistanceMeters>
      <HeartRateBpm>
       <Value>117</Value>
      </HeartRateBpm>
      <Cadence>76</Cadence>
      <Extensions>
       <Speed>5.630000</Speed>
      </Extensions>
     </Trackpoint>
     <Trackpoint>
      <Time>2026-05-24T14:07:41Z</Time>
      <Position>
       <LatitudeDegrees>35.6993565</LatitudeDegrees>
       <LongitudeDegrees>139.7811275</LongitudeDegrees>
      </Position>
      <AltitudeMeters>15</AltitudeMeters>
      <DistanceMeters>736</DistanceMeters>
      <HeartRateBpm>
       <Value>117</Value>
      </HeartRateBpm>
      <Cadence>76</Cadence>
      <Extensions>
       <Speed>5.640000</Speed>
      </Extensions>
     </Trackpoint>
     <Trackpoint>
      <Time>2026-05-24T14:07:42Z</Time>
      <Position>
       <LatitudeDegrees>35.6993400</LatitudeDegrees>
       <LongitudeDegrees>139.7811280</LongitudeDegrees>
      </Position>
      <AltitudeMeters>15</AltitudeMeters>
      <DistanceMeters>738</DistanceMeters>
      <HeartRateBpm>
       <Value>117</Value>
      </HeartRateBpm>
      <Cadence>76</Cadence>
      <Extensions>
       <Speed>5.660000</Speed>
      </Extensions>
     </Trackpoint>
     <Trackpoint>
      <Time>2026-05-24T14:07:43Z</Time>
      <Position>
       <LatitudeDegrees>35.6993200</LatitudeDegrees>
       <LongitudeDegrees>139.7811283</LongitudeDegrees>
      </Position>
      <AltitudeMeters>15</AltitudeMeters>
      <DistanceMeters>740</DistanceMeters>
      <HeartRateBpm>
       <Value>117</Value>
      </HeartRateBpm>
      <Cadence>76</Cadence>
      <Extensions>
       <Speed>5.680000</Speed>
      </Extensions>
     </Trackpoint>
     <Trackpoint>
      <Time>2026-05-24T14:07:44Z</Time>
      <Position>
       <LatitudeDegrees>35.6993000</LatitudeDegrees>
       <LongitudeDegrees>139.7811287</LongitudeDegrees>
      </Position>
      <AltitudeMeters>15</AltitudeMeters>
      <DistanceMeters>744</DistanceMeters>
      <HeartRateBpm>
       <Value>117</Value>
      </HeartRateBpm>
      <Cadence>76</Cadence>
      <Extensions>
       <Speed>5.690000</Speed>
      </Extensions>
     </Trackpoint>
     <Trackpoint>
      <Time>2026-05-24T14:07:45Z</Time>
      <Position>
       <LatitudeDegrees>35.6992761</LatitudeDegrees>
       <LongitudeDegrees>139.7811252</LongitudeDegrees>
      </Position>
      <AltitudeMeters>15</AltitudeMeters>
      <DistanceMeters>747</DistanceMeters>
      <HeartRateBpm>
       <Value>117</Value>
      </HeartRateBpm>
      <Cadence>76</Cadence>
      <Extensions>
       <Speed>5.710000</Speed>
      </Extensions>
     </Trackpoint>
     <Trackpoint>
      <Time>2026-05-24T14:07:46Z</Time>
      <Position>
       <LatitudeDegrees>35.6992522</LatitudeDegrees>
       <LongitudeDegrees>139.7811218</LongitudeDegrees>
      </Position>
      <AltitudeMeters>15</AltitudeMeters>
      <DistanceMeters>749</DistanceMeters>
      <HeartRateBpm>
       <Value>117</Value>
      </HeartRateBpm>
      <Cadence>76</Cadence>
      <Extensions>
       <Speed>5.720000</Speed>
      </Extensions>
     </Trackpoint>
     <Trackpoint>
      <Time>2026-05-24T14:07:47Z</Time>
      <Position>
       <LatitudeDegrees>35.6992317</LatitudeDegrees>
       <LongitudeDegrees>139.7811127</LongitudeDegrees>
      </Position>
      <AltitudeMeters>15</AltitudeMeters>
      <DistanceMeters>751</DistanceMeters>
      <HeartRateBpm>
       <Value>117</Value>
      </HeartRateBpm>
      <Cadence>76</Cadence>
      <Extensions>
       <Speed>5.740000</Speed>
      </Extensions>
     </Trackpoint>
     <Trackpoint>
      <Time>2026-05-24T14:07:48Z</Time>
      <Position>
       <LatitudeDegrees>35.6992113</LatitudeDegrees>
       <LongitudeDegrees>139.7811036</LongitudeDegrees>
      </Position>
      <AltitudeMeters>15</AltitudeMeters>
      <DistanceMeters>752</DistanceMeters>
      <HeartRateBpm>
       <Value>117</Value>
      </HeartRateBpm>
      <Cadence>76</Cadence>
      <Extensions>
       <Speed>5.780000</Speed>
      </Extensions>
     </Trackpoint>
     <Trackpoint>
      <Time>2026-05-24T14:07:49Z</Time>
      <Position>
       <LatitudeDegrees>35.6991971</LatitudeDegrees>
       <LongitudeDegrees>139.7810897</LongitudeDegrees>
      </Position>
      <AltitudeMeters>15</AltitudeMeters>
      <DistanceMeters>754</DistanceMeters>
      <HeartRateBpm>
       <Value>117</Value>
      </HeartRateBpm>
      <Cadence>76</Cadence>
      <Extensions>
       <Speed>5.830000</Speed>
      </Extensions>
     </Trackpoint>
     <Trackpoint>
      <Time>2026-05-24T14:07:50Z</Time>
      <Position>
       <LatitudeDegrees>35.6991830</LatitudeDegrees>
       <LongitudeDegrees>139.7810759</LongitudeDegrees>
      </Position>
      <AltitudeMeters>15</AltitudeMeters>
      <DistanceMeters>756</DistanceMeters>
      <HeartRateBpm>
       <Value>117</Value>
      </HeartRateBpm>
      <Cadence>76</Cadence>
      <Extensions>
       <Speed>5.880000</Speed>
      </Extensions>
     </Trackpoint>
     <Trackpoint>
      <Time>2026-05-24T14:07:51Z</Time>
      <Position>
       <LatitudeDegrees>35.6991717</LatitudeDegrees>
       <LongitudeDegrees>139.7810597</LongitudeDegrees>
      </Position>
      <AltitudeMeters>15</AltitudeMeters>
      <DistanceMeters>758</DistanceMeters>
      <HeartRateBpm>
       <Value>117</Value>
      </HeartRateBpm>
      <Cadence>77</Cadence>
      <Extensions>
       <Speed>5.930000</Speed>
      </Extensions>
     </Trackpoint>
     <Trackpoint>
      <Time>2026-05-24T14:07:52Z</Time>
      <Position>
       <LatitudeDegrees>35.6991605</LatitudeDegrees>
       <LongitudeDegrees>139.7810436</LongitudeDegrees>
      </Position>
      <AltitudeMeters>15</AltitudeMeters>
      <DistanceMeters>760</DistanceMeters>
      <HeartRateBpm>
       <Value>117</Value>
      </HeartRateBpm>
      <Cadence>77</Cadence>
      <Extensions>
       <Speed>5.990000</Speed>
      </Extensions>
     </Trackpoint>
     <Trackpoint>
      <Time>2026-05-24T14:07:53Z</Time>
      <Position>
       <LatitudeDegrees>35.6991488</LatitudeDegrees>
       <LongitudeDegrees>139.7810279</LongitudeDegrees>
      </Position>
      <AltitudeMeters>15</AltitudeMeters>
      <DistanceMeters>762</DistanceMeters>
      <HeartRateBpm>
       <Value>117</Value>
      </HeartRateBpm>
      <Cadence>77</Cadence>
      <Extensions>
       <Speed>6.060000</Speed>
      </Extensions>
     </Trackpoint>
     <Trackpoint>
      <Time>2026-05-24T14:07:54Z</Time>
      <Position>
       <LatitudeDegrees>35.6991372</LatitudeDegrees>
       <LongitudeDegrees>139.7810123</LongitudeDegrees>
      </Position>
      <AltitudeMeters>15</AltitudeMeters>
      <DistanceMeters>764</DistanceMeters>
      <HeartRateBpm>
       <Value>116</Value>
      </HeartRateBpm>
      <Cadence>77</Cadence>
      <Extensions>
       <Speed>6.090000</Speed>
      </Extensions>
     </Trackpoint>
     <Trackpoint>
      <Time>2026-05-24T14:07:55Z</Time>
      <Position>
       <LatitudeDegrees>35.6991250</LatitudeDegrees>
       <LongitudeDegrees>139.7810009</LongitudeDegrees>
      </Position>
      <AltitudeMeters>15</AltitudeMeters>
      <DistanceMeters>765</DistanceMeters>
      <HeartRateBpm>
       <Value>116</Value>
      </HeartRateBpm>
      <Cadence>77</Cadence>
      <Extensions>
       <Speed>6.120000</Speed>
      </Extensions>
     </Trackpoint>
     <Trackpoint>
      <Time>2026-05-24T14:07:56Z</Time>
      <Position>
       <LatitudeDegrees>35.6991129</LatitudeDegrees>
       <LongitudeDegrees>139.7809896</LongitudeDegrees>
      </Position>
      <AltitudeMeters>15</AltitudeMeters>
      <DistanceMeters>766</DistanceMeters>
      <HeartRateBpm>
       <Value>116</Value>
      </HeartRateBpm>
      <Cadence>77</Cadence>
      <Extensions>
       <Speed>6.120000</Speed>
      </Extensions>
     </Trackpoint>
     <Trackpoint>
      <Time>2026-05-24T14:07:57Z</Time>
      <Position>
       <LatitudeDegrees>35.6991024</LatitudeDegrees>
       <LongitudeDegrees>139.7809808</LongitudeDegrees>
      </Position>
      <AltitudeMeters>15</AltitudeMeters>
      <DistanceMeters>768</DistanceMeters>
      <HeartRateBpm>
       <Value>116</Value>
      </HeartRateBpm>
      <Cadence>77</Cadence>
      <Extensions>
       <Speed>6.130000</Speed>
      </Extensions>
     </Trackpoint>
     <Trackpoint>
      <Time>2026-05-24T14:07:58Z</Time>
      <Position>
       <LatitudeDegrees>35.6990919</LatitudeDegrees>
       <LongitudeDegrees>139.7809720</LongitudeDegrees>
      </Position>
      <AltitudeMeters>15</AltitudeMeters>
      <DistanceMeters>769</DistanceMeters>
      <HeartRateBpm>
       <Value>116</Value>
      </HeartRateBpm>
      <Cadence>76</Cadence>
      <Extensions>
       <Speed>6.090000</Speed>
      </Extensions>
     </Trackpoint>
     <Trackpoint>
      <Time>2026-05-24T14:07:59Z</Time>
      <Position>
       <LatitudeDegrees>35.6990851</LatitudeDegrees>
       <LongitudeDegrees>139.7809595</LongitudeDegrees>
      </Position>
      <AltitudeMeters>15</AltitudeMeters>
      <DistanceMeters>770</DistanceMeters>
      <HeartRateBpm>
       <Value>116</Value>
      </HeartRateBpm>
      <Cadence>76</Cadence>
      <Extensions>
       <Speed>6.050000</Speed>
      </Extensions>
     </Trackpoint>
     <Trackpoint>
      <Time>2026-05-24T14:08:00Z</Time>
      <Position>
       <LatitudeDegrees>35.6990783</LatitudeDegrees>
       <LongitudeDegrees>139.7809470</LongitudeDegrees>
      </Position>
      <AltitudeMeters>15</AltitudeMeters>
      <DistanceMeters>774</DistanceMeters>
      <HeartRateBpm>
       <Value>116</Value>
      </HeartRateBpm>
      <Cadence>76</Cadence>
      <Extensions>
       <Speed>6.030000</Speed>
      </Extensions>
     </Trackpoint>
     <Trackpoint>
      <Time>2026-05-24T14:08:01Z</Time>
      <Position>
       <LatitudeDegrees>35.6990783</LatitudeDegrees>
       <LongitudeDegrees>139.7809217</LongitudeDegrees>
      </Position>
      <AltitudeMeters>15</AltitudeMeters>
      <DistanceMeters>777</DistanceMeters>
      <HeartRateBpm>
       <Value>116</Value>
      </HeartRateBpm>
      <Cadence>76</Cadence>
      <Extensions>
       <Speed>6.010000</Speed>
      </Extensions>
     </Trackpoint>
     <Trackpoint>
      <Time>2026-05-24T14:08:02Z</Time>
      <Position>
       <LatitudeDegrees>35.6990784</LatitudeDegrees>
       <LongitudeDegrees>139.7808965</LongitudeDegrees>
      </Position>
      <AltitudeMeters>15</AltitudeMeters>
      <DistanceMeters>781</DistanceMeters>
      <HeartRateBpm>
       <Value>117</Value>
      </HeartRateBpm>
      <Cadence>76</Cadence>
      <Extensions>
       <Speed>6.000000</Speed>
      </Extensions>
     </Trackpoint>
     <Trackpoint>
      <Time>2026-05-24T14:08:03Z</Time>
      <Position>
       <LatitudeDegrees>35.6990821</LatitudeDegrees>
       <LongitudeDegrees>139.7808614</LongitudeDegrees>
      </Position>
      <AltitudeMeters>15</AltitudeMeters>
      <DistanceMeters>785</DistanceMeters>
      <HeartRateBpm>
       <Value>117</Value>
      </HeartRateBpm>
      <Cadence>76</Cadence>
      <Extensions>
       <Speed>6.000000</Speed>
      </Extensions>
     </Trackpoint>
     <Trackpoint>
      <Time>2026-05-24T14:08:04Z</Time>
      <Position>
       <LatitudeDegrees>35.6990859</LatitudeDegrees>
       <LongitudeDegrees>139.7808264</LongitudeDegrees>
      </Position>
      <AltitudeMeters>15</AltitudeMeters>
      <DistanceMeters>787</DistanceMeters>
      <HeartRateBpm>
       <Value>117</Value>
      </HeartRateBpm>
      <Cadence>76</Cadence>
      <Extensions>
       <Speed>6.000000</Speed>
      </Extensions>
     </Trackpoint>
     <Trackpoint>
      <Time>2026-05-24T14:08:05Z</Time>
      <Position>
       <LatitudeDegrees>35.6990915</LatitudeDegrees>
       <LongitudeDegrees>139.7807936</LongitudeDegrees>
      </Position>
      <AltitudeMeters>15</AltitudeMeters>
      <DistanceMeters>789</DistanceMeters>
      <HeartRateBpm>
       <Value>117</Value>
      </HeartRateBpm>
      <Cadence>76</Cadence>
      <Extensions>
       <Speed>6.010000</Speed>
      </Extensions>
     </Trackpoint>
     <Trackpoint>
      <Time>2026-05-24T14:08:06Z</Time>
      <Position>
       <LatitudeDegrees>35.6990972</LatitudeDegrees>
       <LongitudeDegrees>139.7807609</LongitudeDegrees>
      </Position>
      <AltitudeMeters>15</AltitudeMeters>
      <DistanceMeters>792</DistanceMeters>
      <HeartRateBpm>
       <Value>117</Value>
      </HeartRateBpm>
      <Cadence>76</Cadence>
      <Extensions>
       <Speed>6.010000</Speed>
      </Extensions>
     </Trackpoint>
     <Trackpoint>
      <Time>2026-05-24T14:08:07Z</Time>
      <Position>
       <LatitudeDegrees>35.6991038</LatitudeDegrees>
       <LongitudeDegrees>139.7807301</LongitudeDegrees>
      </Position>
      <AltitudeMeters>15</AltitudeMeters>
      <DistanceMeters>795</DistanceMeters>
      <HeartRateBpm>
       <Value>117</Value>
      </HeartRateBpm>
      <Cadence>77</Cadence>
      <Extensions>
       <Speed>6.020000</Speed>
      </Extensions>
     </Trackpoint>
     <Trackpoint>
      <Time>2026-05-24T14:08:08Z</Time>
      <Position>
       <LatitudeDegrees>35.6991105</LatitudeDegrees>
       <LongitudeDegrees>139.7806993</LongitudeDegrees>
      </Position>
      <AltitudeMeters>15</AltitudeMeters>
      <DistanceMeters>798</DistanceMeters>
      <HeartRateBpm>
       <Value>117</Value>
      </HeartRateBpm>
      <Cadence>77</Cadence>
      <Extensions>
       <Speed>6.110000</Speed>
      </Extensions>
     </Trackpoint>
     <Trackpoint>
      <Time>2026-05-24T14:08:09Z</Time>
      <Position>
       <LatitudeDegrees>35.6991156</LatitudeDegrees>
       <LongitudeDegrees>139.7806679</LongitudeDegrees>
      </Position>
      <AltitudeMeters>15</AltitudeMeters>
      <DistanceMeters>801</DistanceMeters>
      <HeartRateBpm>
       <Value>117</Value>
      </HeartRateBpm>
      <Cadence>77</Cadence>
      <Extensions>
       <Speed>6.210000</Speed>
      </Extensions>
     </Trackpoint>
     <Trackpoint>
      <Time>2026-05-24T14:08:10Z</Time>
      <Position>
       <LatitudeDegrees>35.6991207</LatitudeDegrees>
       <LongitudeDegrees>139.7806366</LongitudeDegrees>
      </Position>
      <AltitudeMeters>15</AltitudeMeters>
      <DistanceMeters>803</DistanceMeters>
      <HeartRateBpm>
       <Value>118</Value>
      </HeartRateBpm>
      <Cadence>77</Cadence>
      <Extensions>
       <Speed>6.180000</Speed>
      </Extensions>
     </Trackpoint>
     <Trackpoint>
      <Time>2026-05-24T14:08:11Z</Time>
      <Position>
       <LatitudeDegrees>35.6991238</LatitudeDegrees>
       <LongitudeDegrees>139.7806080</LongitudeDegrees>
      </Position>
      <AltitudeMeters>15</AltitudeMeters>
      <DistanceMeters>805</DistanceMeters>
      <HeartRateBpm>
       <Value>118</Value>
      </HeartRateBpm>
      <Cadence>77</Cadence>
      <Extensions>
       <Speed>6.150000</Speed>
      </Extensions>
     </Trackpoint>
     <Trackpoint>
      <Time>2026-05-24T14:08:12Z</Time>
      <Position>
       <LatitudeDegrees>35.6991270</LatitudeDegrees>
       <LongitudeDegrees>139.7805794</LongitudeDegrees>
      </Position>
      <AltitudeMeters>15</AltitudeMeters>
      <DistanceMeters>808</DistanceMeters>
      <HeartRateBpm>
       <Value>118</Value>
      </HeartRateBpm>
      <Cadence>77</Cadence>
      <Extensions>
       <Speed>6.140000</Speed>
      </Extensions>
     </Trackpoint>
     <Trackpoint>
      <Time>2026-05-24T14:08:13Z</Time>
      <Position>
       <LatitudeDegrees>35.6991303</LatitudeDegrees>
       <LongitudeDegrees>139.7805541</LongitudeDegrees>
      </Position>
      <AltitudeMeters>15</AltitudeMeters>
      <DistanceMeters>810</DistanceMeters>
      <HeartRateBpm>
       <Value>118</Value>
      </HeartRateBpm>
      <Cadence>77</Cadence>
      <Extensions>
       <Speed>6.140000</Speed>
      </Extensions>
     </Trackpoint>
     <Trackpoint>
      <Time>2026-05-24T14:08:14Z</Time>
      <Position>
       <LatitudeDegrees>35.6991337</LatitudeDegrees>
       <LongitudeDegrees>139.7805289</LongitudeDegrees>
      </Position>
      <AltitudeMeters>15</AltitudeMeters>
      <DistanceMeters>812</DistanceMeters>
      <HeartRateBpm>
       <Value>118</Value>
      </HeartRateBpm>
      <Cadence>77</Cadence>
      <Extensions>
       <Speed>6.350000</Speed>
      </Extensions>
     </Trackpoint>
     <Trackpoint>
      <Time>2026-05-24T14:08:15Z</Time>
      <Position>
       <LatitudeDegrees>35.6991386</LatitudeDegrees>
       <LongitudeDegrees>139.7805068</LongitudeDegrees>
      </Position>
      <AltitudeMeters>15</AltitudeMeters>
      <DistanceMeters>814</DistanceMeters>
      <HeartRateBpm>
       <Value>118</Value>
      </HeartRateBpm>
      <Cadence>77</Cadence>
      <Extensions>
       <Speed>6.560000</Speed>
      </Extensions>
     </Trackpoint>
     <Trackpoint>
      <Time>2026-05-24T14:08:16Z</Time>
      <Position>
       <LatitudeDegrees>35.6991436</LatitudeDegrees>
       <LongitudeDegrees>139.7804848</LongitudeDegrees>
      </Position>
      <AltitudeMeters>15</AltitudeMeters>
      <DistanceMeters>816</DistanceMeters>
      <HeartRateBpm>
       <Value>118</Value>
      </HeartRateBpm>
      <Cadence>76</Cadence>
      <Extensions>
       <Speed>6.600000</Speed>
      </Extensions>
     </Trackpoint>
     <Trackpoint>
      <Time>2026-05-24T14:08:17Z</Time>
      <Position>
       <LatitudeDegrees>35.6991497</LatitudeDegrees>
       <LongitudeDegrees>139.7804652</LongitudeDegrees>
      </Position>
      <AltitudeMeters>15</AltitudeMeters>
      <DistanceMeters>817</DistanceMeters>
      <HeartRateBpm>
       <Value>118</Value>
      </HeartRateBpm>
      <Cadence>76</Cadence>
      <Extensions>
       <Speed>6.640000</Speed>
      </Extensions>
     </Trackpoint>
     <Trackpoint>
      <Time>2026-05-24T14:08:18Z</Time>
      <Position>
       <LatitudeDegrees>35.6991558</LatitudeDegrees>
       <LongitudeDegrees>139.7804456</LongitudeDegrees>
      </Position>
      <AltitudeMeters>15</AltitudeMeters>
      <DistanceMeters>819</DistanceMeters>
      <HeartRateBpm>
       <Value>118</Value>
      </HeartRateBpm>
      <Cadence>76</Cadence>
      <Extensions>
       <Speed>6.680000</Speed>
      </Extensions>
     </Trackpoint>
     <Trackpoint>
      <Time>2026-05-24T14:08:19Z</Time>
      <Position>
       <LatitudeDegrees>35.6991613</LatitudeDegrees>
       <LongitudeDegrees>139.7804267</LongitudeDegrees>
      </Position>
      <AltitudeMeters>15</AltitudeMeters>
      <DistanceMeters>821</DistanceMeters>
      <HeartRateBpm>
       <Value>118</Value>
      </HeartRateBpm>
      <Cadence>76</Cadence>
      <Extensions>
       <Speed>6.720000</Speed>
      </Extensions>
     </Trackpoint>
     <Trackpoint>
      <Time>2026-05-24T14:08:20Z</Time>
      <Position>
       <LatitudeDegrees>35.6991668</LatitudeDegrees>
       <LongitudeDegrees>139.7804078</LongitudeDegrees>
      </Position>
      <AltitudeMeters>15</AltitudeMeters>
      <DistanceMeters>823</DistanceMeters>
      <HeartRateBpm>
       <Value>118</Value>
      </HeartRateBpm>
      <Cadence>76</Cadence>
      <Extensions>
       <Speed>6.740000</Speed>
      </Extensions>
     </Trackpoint>
     <Trackpoint>
      <Time>2026-05-24T14:08:21Z</Time>
      <Position>
       <LatitudeDegrees>35.6991695</LatitudeDegrees>
       <LongitudeDegrees>139.7803881</LongitudeDegrees>
      </Position>
      <AltitudeMeters>15</AltitudeMeters>
      <DistanceMeters>825</DistanceMeters>
      <HeartRateBpm>
       <Value>118</Value>
      </HeartRateBpm>
      <Cadence>77</Cadence>
      <Extensions>
       <Speed>6.770000</Speed>
      </Extensions>
     </Trackpoint>
     <Trackpoint>
      <Time>2026-05-24T14:08:22Z</Time>
      <Position>
       <LatitudeDegrees>35.6991723</LatitudeDegrees>
       <LongitudeDegrees>139.7803685</LongitudeDegrees>
      </Position>
      <AltitudeMeters>15</AltitudeMeters>
      <DistanceMeters>827</DistanceMeters>
      <HeartRateBpm>
       <Value>118</Value>
      </HeartRateBpm>
      <Cadence>77</Cadence>
      <Extensions>
       <Speed>6.800000</Speed>
      </Extensions>
     </Trackpoint>
     <Trackpoint>
      <Time>2026-05-24T14:08:23Z</Time>
      <Position>
       <LatitudeDegrees>35.6991719</LatitudeDegrees>
       <LongitudeDegrees>139.7803470</LongitudeDegrees>
      </Position>
      <AltitudeMeters>15</AltitudeMeters>
      <DistanceMeters>829</DistanceMeters>
      <HeartRateBpm>
       <Value>118</Value>
      </HeartRateBpm>
      <Cadence>77</Cadence>
      <Extensions>
       <Speed>6.840000</Speed>
      </Extensions>
     </Trackpoint>
     <Trackpoint>
      <Time>2026-05-24T14:08:24Z</Time>
      <Position>
       <LatitudeDegrees>35.6991715</LatitudeDegrees>
       <LongitudeDegrees>139.7803256</LongitudeDegrees>
      </Position>
      <AltitudeMeters>15</AltitudeMeters>
      <DistanceMeters>831</DistanceMeters>
      <HeartRateBpm>
       <Value>118</Value>
      </HeartRateBpm>
      <Cadence>77</Cadence>
      <Extensions>
       <Speed>6.900000</Speed>
      </Extensions>
     </Trackpoint>
     <Trackpoint>
      <Time>2026-05-24T14:08:25Z</Time>
      <Position>
       <LatitudeDegrees>35.6991705</LatitudeDegrees>
       <LongitudeDegrees>139.7803028</LongitudeDegrees>
      </Position>
      <AltitudeMeters>15</AltitudeMeters>
      <DistanceMeters>833</DistanceMeters>
      <HeartRateBpm>
       <Value>118</Value>
      </HeartRateBpm>
      <Cadence>78</Cadence>
      <Extensions>
       <Speed>6.960000</Speed>
      </Extensions>
     </Trackpoint>
     <Trackpoint>
      <Time>2026-05-24T14:08:26Z</Time>
      <Position>
       <LatitudeDegrees>35.6991695</LatitudeDegrees>
       <LongitudeDegrees>139.7802800</LongitudeDegrees>
      </Position>
      <AltitudeMeters>15</AltitudeMeters>
      <DistanceMeters>836</DistanceMeters>
      <HeartRateBpm>
       <Value>118</Value>
      </HeartRateBpm>
      <Cadence>78</Cadence>
      <Extensions>
       <Speed>6.990000</Speed>
      </Extensions>
     </Trackpoint>
     <Trackpoint>
      <Time>2026-05-24T14:08:27Z</Time>
      <Position>
       <LatitudeDegrees>35.6991697</LatitudeDegrees>
       <LongitudeDegrees>139.7802550</LongitudeDegrees>
      </Position>
      <AltitudeMeters>15</AltitudeMeters>
      <DistanceMeters>838</DistanceMeters>
      <HeartRateBpm>
       <Value>118</Value>
      </HeartRateBpm>
      <Cadence>78</Cadence>
      <Extensions>
       <Speed>7.020000</Speed>
      </Extensions>
     </Trackpoint>
     <Trackpoint>
      <Time>2026-05-24T14:08:28Z</Time>
      <Position>
       <LatitudeDegrees>35.6991699</LatitudeDegrees>
       <LongitudeDegrees>139.7802301</LongitudeDegrees>
      </Position>
      <AltitudeMeters>15</AltitudeMeters>
      <DistanceMeters>840</DistanceMeters>
      <HeartRateBpm>
       <Value>118</Value>
      </HeartRateBpm>
      <Cadence>78</Cadence>
      <Extensions>
       <Speed>7.050000</Speed>
      </Extensions>
     </Trackpoint>
     <Trackpoint>
      <Time>2026-05-24T14:08:29Z</Time>
      <Position>
       <LatitudeDegrees>35.6991721</LatitudeDegrees>
       <LongitudeDegrees>139.7802056</LongitudeDegrees>
      </Position>
      <AltitudeMeters>15</AltitudeMeters>
      <DistanceMeters>842</DistanceMeters>
      <HeartRateBpm>
       <Value>118</Value>
      </HeartRateBpm>
      <Cadence>78</Cadence>
      <Extensions>
       <Speed>7.090000</Speed>
      </Extensions>
     </Trackpoint>
     <Trackpoint>
      <Time>2026-05-24T14:08:30Z</Time>
      <Position>
       <LatitudeDegrees>35.6991744</LatitudeDegrees>
       <LongitudeDegrees>139.7801811</LongitudeDegrees>
      </Position>
      <AltitudeMeters>15</AltitudeMeters>
      <DistanceMeters>844</DistanceMeters>
      <HeartRateBpm>
       <Value>118</Value>
      </HeartRateBpm>
      <Cadence>77</Cadence>
      <Extensions>
       <Speed>7.110000</Speed>
      </Extensions>
     </Trackpoint>
     <Trackpoint>
      <Time>2026-05-24T14:08:31Z</Time>
      <Position>
       <LatitudeDegrees>35.6991770</LatitudeDegrees>
       <LongitudeDegrees>139.7801597</LongitudeDegrees>
      </Position>
      <AltitudeMeters>15</AltitudeMeters>
      <DistanceMeters>846</DistanceMeters>
      <HeartRateBpm>
       <Value>118</Value>
      </HeartRateBpm>
      <Cadence>77</Cadence>
      <Extensions>
       <Speed>7.140000</Speed>
      </Extensions>
     </Trackpoint>
     <Trackpoint>
      <Time>2026-05-24T14:08:32Z</Time>
      <Position>
       <LatitudeDegrees>35.6991796</LatitudeDegrees>
       <LongitudeDegrees>139.7801383</LongitudeDegrees>
      </Position>
      <AltitudeMeters>15</AltitudeMeters>
      <DistanceMeters>846</DistanceMeters>
      <HeartRateBpm>
       <Value>118</Value>
      </HeartRateBpm>
      <Cadence>77</Cadence>
      <Extensions>
       <Speed>7.140000</Speed>
      </Extensions>
     </Trackpoint>
     <Trackpoint>
      <Time>2026-05-24T14:08:33Z</Time>
      <Position>
       <LatitudeDegrees>35.6991798</LatitudeDegrees>
       <LongitudeDegrees>139.7801363</LongitudeDegrees>
      </Position>
      <AltitudeMeters>15</AltitudeMeters>
      <DistanceMeters>847</DistanceMeters>
      <HeartRateBpm>
       <Value>119</Value>
      </HeartRateBpm>
      <Cadence>76</Cadence>
      <Extensions>
       <Speed>7.150000</Speed>
      </Extensions>
     </Trackpoint>
     <Trackpoint>
      <Time>2026-05-24T14:08:34Z</Time>
      <Position>
       <LatitudeDegrees>35.6991801</LatitudeDegrees>
       <LongitudeDegrees>139.7801343</LongitudeDegrees>
      </Position>
      <AltitudeMeters>15</AltitudeMeters>
      <DistanceMeters>847</DistanceMeters>
      <HeartRateBpm>
       <Value>119</Value>
      </HeartRateBpm>
      <Cadence>76</Cadence>
      <Extensions>
       <Speed>7.150000</Speed>
      </Extensions>
     </Trackpoint>
     <Trackpoint>
      <Time>2026-05-24T14:08:35Z</Time>
      <Position>
       <LatitudeDegrees>35.6991804</LatitudeDegrees>
       <LongitudeDegrees>139.7801323</LongitudeDegrees>
      </Position>
      <AltitudeMeters>15</AltitudeMeters>
      <DistanceMeters>847</DistanceMeters>
      <HeartRateBpm>
       <Value>119</Value>
      </HeartRateBpm>
      <Cadence>75</Cadence>
      <Extensions>
       <Speed>7.150000</Speed>
      </Extensions>
     </Trackpoint>
     <Trackpoint>
      <Time>2026-05-24T14:08:36Z</Time>
      <Position>
       <LatitudeDegrees>35.6991807</LatitudeDegrees>
       <LongitudeDegrees>139.7801303</LongitudeDegrees>
      </Position>
      <AltitudeMeters>15</AltitudeMeters>
      <DistanceMeters>847</DistanceMeters>
      <HeartRateBpm>
       <Value>119</Value>
      </HeartRateBpm>
      <Cadence>75</Cadence>
      <Extensions>
       <Speed>7.150000</Speed>
      </Extensions>
     </Trackpoint>
     <Trackpoint>
      <Time>2026-05-24T14:08:37Z</Time>
      <Position>
       <LatitudeDegrees>35.6991810</LatitudeDegrees>
       <LongitudeDegrees>139.7801283</LongitudeDegrees>
      </Position>
      <AltitudeMeters>15</AltitudeMeters>
      <DistanceMeters>847</DistanceMeters>
      <HeartRateBpm>
       <Value>118</Value>
      </HeartRateBpm>
      <Cadence>76</Cadence>
      <Extensions>
       <Speed>7.150000</Speed>
      </Extensions>
     </Trackpoint>
     <Trackpoint>
      <Time>2026-05-24T14:08:38Z</Time>
      <Position>
       <LatitudeDegrees>35.6991804</LatitudeDegrees>
       <LongitudeDegrees>139.7801276</LongitudeDegrees>
      </Position>
      <AltitudeMeters>15</AltitudeMeters>
      <DistanceMeters>847</DistanceMeters>
      <HeartRateBpm>
       <Value>118</Value>
      </HeartRateBpm>
      <Cadence>75</Cadence>
      <Extensions>
       <Speed>7.150000</Speed>
      </Extensions>
     </Trackpoint>
     <Trackpoint>
      <Time>2026-05-24T14:08:39Z</Time>
      <Position>
       <LatitudeDegrees>35.6991798</LatitudeDegrees>
       <LongitudeDegrees>139.7801270</LongitudeDegrees>
      </Position>
      <AltitudeMeters>15</AltitudeMeters>
      <DistanceMeters>847</DistanceMeters>
      <HeartRateBpm>
       <Value>118</Value>
      </HeartRateBpm>
      <Cadence>75</Cadence>
      <Extensions>
       <Speed>7.150000</Speed>
      </Extensions>
     </Trackpoint>
     <Trackpoint>
      <Time>2026-05-24T14:08:40Z</Time>
      <Position>
       <LatitudeDegrees>35.6991763</LatitudeDegrees>
       <LongitudeDegrees>139.7801286</LongitudeDegrees>
      </Position>
      <AltitudeMeters>15</AltitudeMeters>
      <DistanceMeters>848</DistanceMeters>
      <HeartRateBpm>
       <Value>118</Value>
      </HeartRateBpm>
      <Cadence>75</Cadence>
      <Extensions>
       <Speed>6.820000</Speed>
      </Extensions>
     </Trackpoint>
     <Trackpoint>
      <Time>2026-05-24T14:08:41Z</Time>
      <Position>
       <LatitudeDegrees>35.6991729</LatitudeDegrees>
       <LongitudeDegrees>139.7801303</LongitudeDegrees>
      </Position>
      <AltitudeMeters>15</AltitudeMeters>
      <DistanceMeters>848</DistanceMeters>
      <HeartRateBpm>
       <Value>118</Value>
      </HeartRateBpm>
      <Cadence>75</Cadence>
      <Extensions>
       <Speed>6.500000</Speed>
      </Extensions>
     </Trackpoint>
     <Trackpoint>
      <Time>2026-05-24T14:08:42Z</Time>
      <Position>
       <LatitudeDegrees>35.6991662</LatitudeDegrees>
       <LongitudeDegrees>139.7801317</LongitudeDegrees>
      </Position>
      <AltitudeMeters>15</AltitudeMeters>
      <DistanceMeters>849</DistanceMeters>
      <HeartRateBpm>
       <Value>117</Value>
      </HeartRateBpm>
      <Cadence>75</Cadence>
      <Extensions>
       <Speed>6.400000</Speed>
      </Extensions>
     </Trackpoint>
     <Trackpoint>
      <Time>2026-05-24T14:08:43Z</Time>
      <Position>
       <LatitudeDegrees>35.6991595</LatitudeDegrees>
       <LongitudeDegrees>139.7801332</LongitudeDegrees>
      </Position>
      <AltitudeMeters>15</AltitudeMeters>
      <DistanceMeters>850</DistanceMeters>
      <HeartRateBpm>
       <Value>117</Value>
      </HeartRateBpm>
      <Cadence>76</Cadence>
      <Extensions>
       <Speed>6.300000</Speed>
      </Extensions>
     </Trackpoint>
     <Trackpoint>
      <Time>2026-05-24T14:08:44Z</Time>
      <Position>
       <LatitudeDegrees>35.6991494</LatitudeDegrees>
       <LongitudeDegrees>139.7801344</LongitudeDegrees>
      </Position>
      <AltitudeMeters>15</AltitudeMeters>
      <DistanceMeters>852</DistanceMeters>
      <HeartRateBpm>
       <Value>118</Value>
      </HeartRateBpm>
      <Cadence>76</Cadence>
      <Extensions>
       <Speed>6.220000</Speed>
      </Extensions>
     </Trackpoint>
     <Trackpoint>
      <Time>2026-05-24T14:08:45Z</Time>
      <Position>
       <LatitudeDegrees>35.6991394</LatitudeDegrees>
       <LongitudeDegrees>139.7801357</LongitudeDegrees>
      </Position>
      <AltitudeMeters>15</AltitudeMeters>
      <DistanceMeters>853</DistanceMeters>
      <HeartRateBpm>
       <Value>118</Value>
      </HeartRateBpm>
      <Cadence>76</Cadence>
      <Extensions>
       <Speed>6.150000</Speed>
      </Extensions>
     </Trackpoint>
     <Trackpoint>
      <Time>2026-05-24T14:08:46Z</Time>
      <Position>
       <LatitudeDegrees>35.6991269</LatitudeDegrees>
       <LongitudeDegrees>139.7801361</LongitudeDegrees>
      </Position>
      <AltitudeMeters>15</AltitudeMeters>
      <DistanceMeters>854</DistanceMeters>
      <HeartRateBpm>
       <Value>118</Value>
      </HeartRateBpm>
      <Cadence>76</Cadence>
      <Extensions>
       <Speed>6.080000</Speed>
      </Extensions>
     </Trackpoint>
     <Trackpoint>
      <Time>2026-05-24T14:08:47Z</Time>
      <Position>
       <LatitudeDegrees>35.6991145</LatitudeDegrees>
       <LongitudeDegrees>139.7801366</LongitudeDegrees>
      </Position>
      <AltitudeMeters>15</AltitudeMeters>
      <DistanceMeters>856</DistanceMeters>
      <HeartRateBpm>
       <Value>118</Value>
      </HeartRateBpm>
      <Cadence>76</Cadence>
      <Extensions>
       <Speed>6.010000</Speed>
      </Extensions>
     </Trackpoint>
     <Trackpoint>
      <Time>2026-05-24T14:08:48Z</Time>
      <Position>
       <LatitudeDegrees>35.6990992</LatitudeDegrees>
       <LongitudeDegrees>139.7801347</LongitudeDegrees>
      </Position>
      <AltitudeMeters>15</AltitudeMeters>
      <DistanceMeters>858</DistanceMeters>
      <HeartRateBpm>
       <Value>118</Value>
      </HeartRateBpm>
      <Cadence>76</Cadence>
      <Extensions>
       <Speed>5.970000</Speed>
      </Extensions>
     </Trackpoint>
     <Trackpoint>
      <Time>2026-05-24T14:08:49Z</Time>
      <Position>
       <LatitudeDegrees>35.6990840</LatitudeDegrees>
       <LongitudeDegrees>139.7801329</LongitudeDegrees>
      </Position>
      <AltitudeMeters>15</AltitudeMeters>
      <DistanceMeters>860</DistanceMeters>
      <HeartRateBpm>
       <Value>119</Value>
      </HeartRateBpm>
      <Cadence>76</Cadence>
      <Extensions>
       <Speed>5.930000</Speed>
      </Extensions>
     </Trackpoint>
     <Trackpoint>
      <Time>2026-05-24T14:08:50Z</Time>
      <Position>
       <LatitudeDegrees>35.6990678</LatitudeDegrees>
       <LongitudeDegrees>139.7801273</LongitudeDegrees>
      </Position>
      <AltitudeMeters>15</AltitudeMeters>
      <DistanceMeters>862</DistanceMeters>
      <HeartRateBpm>
       <Value>118</Value>
      </HeartRateBpm>
      <Cadence>76</Cadence>
      <Extensions>
       <Speed>5.920000</Speed>
      </Extensions>
     </Trackpoint>
     <Trackpoint>
      <Time>2026-05-24T14:08:51Z</Time>
      <Position>
       <LatitudeDegrees>35.6990516</LatitudeDegrees>
       <LongitudeDegrees>139.7801217</LongitudeDegrees>
      </Position>
      <AltitudeMeters>15</AltitudeMeters>
      <DistanceMeters>864</DistanceMeters>
      <HeartRateBpm>
       <Value>119</Value>
      </HeartRateBpm>
      <Cadence>76</Cadence>
      <Extensions>
       <Speed>5.910000</Speed>
      </Extensions>
     </Trackpoint>
     <Trackpoint>
      <Time>2026-05-24T14:08:52Z</Time>
      <Position>
       <LatitudeDegrees>35.6990370</LatitudeDegrees>
       <LongitudeDegrees>139.7801127</LongitudeDegrees>
      </Position>
      <AltitudeMeters>15</AltitudeMeters>
      <DistanceMeters>866</DistanceMeters>
      <HeartRateBpm>
       <Value>118</Value>
      </HeartRateBpm>
      <Cadence>76</Cadence>
      <Extensions>
       <Speed>5.840000</Speed>
      </Extensions>
     </Trackpoint>
     <Trackpoint>
      <Time>2026-05-24T14:08:53Z</Time>
      <Position>
       <LatitudeDegrees>35.6990225</LatitudeDegrees>
       <LongitudeDegrees>139.7801037</LongitudeDegrees>
      </Position>
      <AltitudeMeters>15</AltitudeMeters>
      <DistanceMeters>867</DistanceMeters>
      <HeartRateBpm>
       <Value>118</Value>
      </HeartRateBpm>
      <Cadence>76</Cadence>
      <Extensions>
       <Speed>5.780000</Speed>
      </Extensions>
     </Trackpoint>
     <Trackpoint>
      <Time>2026-05-24T14:08:54Z</Time>
      <Position>
       <LatitudeDegrees>35.6990110</LatitudeDegrees>
       <LongitudeDegrees>139.7800950</LongitudeDegrees>
      </Position>
      <AltitudeMeters>15</AltitudeMeters>
      <DistanceMeters>868</DistanceMeters>
      <HeartRateBpm>
       <Value>117</Value>
      </HeartRateBpm>
      <Cadence>76</Cadence>
      <Extensions>
       <Speed>5.750000</Speed>
      </Extensions>
     </Trackpoint>
     <Trackpoint>
      <Time>2026-05-24T14:08:55Z</Time>
      <Position>
       <LatitudeDegrees>35.6989995</LatitudeDegrees>
       <LongitudeDegrees>139.7800864</LongitudeDegrees>
      </Position>
      <AltitudeMeters>15</AltitudeMeters>
      <DistanceMeters>869</DistanceMeters>
      <HeartRateBpm>
       <Value>117</Value>
      </HeartRateBpm>
      <Cadence>76</Cadence>
      <Extensions>
       <Speed>5.730000</Speed>
      </Extensions>
     </Trackpoint>
     <Trackpoint>
      <Time>2026-05-24T14:08:56Z</Time>
      <Position>
       <LatitudeDegrees>35.6989894</LatitudeDegrees>
       <LongitudeDegrees>139.7800834</LongitudeDegrees>
      </Position>
      <AltitudeMeters>15</AltitudeMeters>
      <DistanceMeters>870</DistanceMeters>
      <HeartRateBpm>
       <Value>117</Value>
      </HeartRateBpm>
      <Cadence>76</Cadence>
      <Extensions>
       <Speed>5.720000</Speed>
      </Extensions>
     </Trackpoint>
     <Trackpoint>
      <Time>2026-05-24T14:08:57Z</Time>
      <Position>
       <LatitudeDegrees>35.6989794</LatitudeDegrees>
       <LongitudeDegrees>139.7800805</LongitudeDegrees>
      </Position>
      <AltitudeMeters>15</AltitudeMeters>
      <DistanceMeters>871</DistanceMeters>
      <HeartRateBpm>
       <Value>117</Value>
      </HeartRateBpm>
      <Cadence>76</Cadence>
      <Extensions>
       <Speed>5.710000</Speed>
      </Extensions>
     </Trackpoint>
     <Trackpoint>
      <Time>2026-05-24T14:08:58Z</Time>
      <Position>
       <LatitudeDegrees>35.6989672</LatitudeDegrees>
       <LongitudeDegrees>139.7800848</LongitudeDegrees>
      </Position>
      <AltitudeMeters>15</AltitudeMeters>
      <DistanceMeters>874</DistanceMeters>
      <HeartRateBpm>
       <Value>117</Value>
      </HeartRateBpm>
      <Cadence>76</Cadence>
      <Extensions>
       <Speed>5.700000</Speed>
      </Extensions>
     </Trackpoint>
     <Trackpoint>
      <Time>2026-05-24T14:08:59Z</Time>
      <Position>
       <LatitudeDegrees>35.6989551</LatitudeDegrees>
       <LongitudeDegrees>139.7800892</LongitudeDegrees>
      </Position>
      <AltitudeMeters>15</AltitudeMeters>
      <DistanceMeters>876</DistanceMeters>
      <HeartRateBpm>
       <Value>118</Value>
      </HeartRateBpm>
      <Cadence>76</Cadence>
      <Extensions>
       <Speed>5.700000</Speed>
      </Extensions>
     </Trackpoint>
     <Trackpoint>
      <Time>2026-05-24T14:09:00Z</Time>
      <Position>
       <LatitudeDegrees>35.6989412</LatitudeDegrees>
       <LongitudeDegrees>139.7800982</LongitudeDegrees>
      </Position>
      <AltitudeMeters>15</AltitudeMeters>
      <DistanceMeters>878</DistanceMeters>
      <HeartRateBpm>
       <Value>118</Value>
      </HeartRateBpm>
      <Cadence>76</Cadence>
      <Extensions>
       <Speed>5.700000</Speed>
      </Extensions>
     </Trackpoint>
     <Trackpoint>
      <Time>2026-05-24T14:09:01Z</Time>
      <Position>
       <LatitudeDegrees>35.6989273</LatitudeDegrees>
       <LongitudeDegrees>139.7801073</LongitudeDegrees>
      </Position>
      <AltitudeMeters>15</AltitudeMeters>
      <DistanceMeters>879</DistanceMeters>
      <HeartRateBpm>
       <Value>119</Value>
      </HeartRateBpm>
      <Cadence>77</Cadence>
      <Extensions>
       <Speed>5.700000</Speed>
      </Extensions>
     </Trackpoint>
     <Trackpoint>
      <Time>2026-05-24T14:09:02Z</Time>
      <Position>
       <LatitudeDegrees>35.6989122</LatitudeDegrees>
       <LongitudeDegrees>139.7801168</LongitudeDegrees>
      </Position>
      <AltitudeMeters>15</AltitudeMeters>
      <DistanceMeters>880</DistanceMeters>
      <HeartRateBpm>
       <Value>119</Value>
      </HeartRateBpm>
      <Cadence>77</Cadence>
      <Extensions>
       <Speed>5.700000</Speed>
      </Extensions>
     </Trackpoint>
     <Trackpoint>
      <Time>2026-05-24T14:09:03Z</Time>
      <Position>
       <LatitudeDegrees>35.6988972</LatitudeDegrees>
       <LongitudeDegrees>139.7801264</LongitudeDegrees>
      </Position>
      <AltitudeMeters>15</AltitudeMeters>
      <DistanceMeters>882</DistanceMeters>
      <HeartRateBpm>
       <Value>120</Value>
      </HeartRateBpm>
      <Cadence>78</Cadence>
      <Extensions>
       <Speed>5.710000</Speed>
      </Extensions>
     </Trackpoint>
     <Trackpoint>
      <Time>2026-05-24T14:09:04Z</Time>
      <Position>
       <LatitudeDegrees>35.6988806</LatitudeDegrees>
       <LongitudeDegrees>139.7801364</LongitudeDegrees>
      </Position>
      <AltitudeMeters>15</AltitudeMeters>
      <DistanceMeters>885</DistanceMeters>
      <HeartRateBpm>
       <Value>120</Value>
      </HeartRateBpm>
      <Cadence>79</Cadence>
      <Extensions>
       <Speed>5.730000</Speed>
      </Extensions>
     </Trackpoint>
     <Trackpoint>
      <Time>2026-05-24T14:09:05Z</Time>
      <Position>
       <LatitudeDegrees>35.6988640</LatitudeDegrees>
       <LongitudeDegrees>139.7801464</LongitudeDegrees>
      </Position>
      <AltitudeMeters>15</AltitudeMeters>
      <DistanceMeters>888</DistanceMeters>
      <HeartRateBpm>
       <Value>120</Value>
      </HeartRateBpm>
      <Cadence>79</Cadence>
      <Extensions>
       <Speed>5.750000</Speed>
      </Extensions>
     </Trackpoint>
     <Trackpoint>
      <Time>2026-05-24T14:09:06Z</Time>
      <Position>
       <LatitudeDegrees>35.6988452</LatitudeDegrees>
       <LongitudeDegrees>139.7801560</LongitudeDegrees>
      </Position>
      <AltitudeMeters>15</AltitudeMeters>
      <DistanceMeters>890</DistanceMeters>
      <HeartRateBpm>
       <Value>120</Value>
      </HeartRateBpm>
      <Cadence>79</Cadence>
      <Extensions>
       <Speed>5.760000</Speed>
      </Extensions>
     </Trackpoint>
     <Trackpoint>
      <Time>2026-05-24T14:09:07Z</Time>
      <Position>
       <LatitudeDegrees>35.6988265</LatitudeDegrees>
       <LongitudeDegrees>139.7801656</LongitudeDegrees>
      </Position>
      <AltitudeMeters>15</AltitudeMeters>
      <DistanceMeters>891</DistanceMeters>
      <HeartRateBpm>
       <Value>120</Value>
      </HeartRateBpm>
      <Cadence>79</Cadence>
      <Extensions>
       <Speed>5.770000</Speed>
      </Extensions>
     </Trackpoint>
     <Trackpoint>
      <Time>2026-05-24T14:09:08Z</Time>
      <Position>
       <LatitudeDegrees>35.6988087</LatitudeDegrees>
       <LongitudeDegrees>139.7801573</LongitudeDegrees>
      </Position>
      <AltitudeMeters>15</AltitudeMeters>
      <DistanceMeters>894</DistanceMeters>
      <HeartRateBpm>
       <Value>120</Value>
      </HeartRateBpm>
      <Cadence>78</Cadence>
      <Extensions>
       <Speed>5.770000</Speed>
      </Extensions>
     </Trackpoint>
     <Trackpoint>
      <Time>2026-05-24T14:09:09Z</Time>
      <Position>
       <LatitudeDegrees>35.6987909</LatitudeDegrees>
       <LongitudeDegrees>139.7801491</LongitudeDegrees>
      </Position>
      <AltitudeMeters>15</AltitudeMeters>
      <DistanceMeters>898</DistanceMeters>
      <HeartRateBpm>
       <Value>120</Value>
      </HeartRateBpm>
      <Cadence>77</Cadence>
      <Extensions>
       <Speed>5.780000</Speed>
      </Extensions>
     </Trackpoint>
     <Trackpoint>
      <Time>2026-05-24T14:09:10Z</Time>
      <Position>
       <LatitudeDegrees>35.6987740</LatitudeDegrees>
       <LongitudeDegrees>139.7801287</LongitudeDegrees>
      </Position>
      <AltitudeMeters>15</AltitudeMeters>
      <DistanceMeters>900</DistanceMeters>
      <HeartRateBpm>
       <Value>120</Value>
      </HeartRateBpm>
      <Cadence>77</Cadence>
      <Extensions>
       <Speed>5.800000</Speed>
      </Extensions>
     </Trackpoint>
     <Trackpoint>
      <Time>2026-05-24T14:09:11Z</Time>
      <Position>
       <LatitudeDegrees>35.6987572</LatitudeDegrees>
       <LongitudeDegrees>139.7801083</LongitudeDegrees>
      </Position>
      <AltitudeMeters>15</AltitudeMeters>
      <DistanceMeters>903</DistanceMeters>
      <HeartRateBpm>
       <Value>120</Value>
      </HeartRateBpm>
      <Cadence>76</Cadence>
      <Extensions>
       <Speed>5.830000</Speed>
      </Extensions>
     </Trackpoint>
     <Trackpoint>
      <Time>2026-05-24T14:09:12Z</Time>
      <Position>
       <LatitudeDegrees>35.6987432</LatitudeDegrees>
       <LongitudeDegrees>139.7800808</LongitudeDegrees>
      </Position>
      <AltitudeMeters>15</AltitudeMeters>
      <DistanceMeters>906</DistanceMeters>
      <HeartRateBpm>
       <Value>120</Value>
      </HeartRateBpm>
      <Cadence>76</Cadence>
      <Extensions>
       <Speed>5.920000</Speed>
      </Extensions>
     </Trackpoint>
     <Trackpoint>
      <Time>2026-05-24T14:09:13Z</Time>
      <Position>
       <LatitudeDegrees>35.6987293</LatitudeDegrees>
       <LongitudeDegrees>139.7800534</LongitudeDegrees>
      </Position>
      <AltitudeMeters>15</AltitudeMeters>
      <DistanceMeters>909</DistanceMeters>
      <HeartRateBpm>
       <Value>120</Value>
      </HeartRateBpm>
      <Cadence>75</Cadence>
      <Extensions>
       <Speed>6.010000</Speed>
      </Extensions>
     </Trackpoint>
     <Trackpoint>
      <Time>2026-05-24T14:09:14Z</Time>
      <Position>
       <LatitudeDegrees>35.6987185</LatitudeDegrees>
       <LongitudeDegrees>139.7800265</LongitudeDegrees>
      </Position>
      <AltitudeMeters>15</AltitudeMeters>
      <DistanceMeters>911</DistanceMeters>
      <HeartRateBpm>
       <Value>120</Value>
      </HeartRateBpm>
      <Cadence>74</Cadence>
      <Extensions>
       <Speed>5.950000</Speed>
      </Extensions>
     </Trackpoint>
     <Trackpoint>
      <Time>2026-05-24T14:09:15Z</Time>
      <Position>
       <LatitudeDegrees>35.6987078</LatitudeDegrees>
       <LongitudeDegrees>139.7799996</LongitudeDegrees>
      </Position>
      <AltitudeMeters>15</AltitudeMeters>
      <DistanceMeters>913</DistanceMeters>
      <HeartRateBpm>
       <Value>120</Value>
      </HeartRateBpm>
      <Cadence>73</Cadence>
      <Extensions>
       <Speed>5.890000</Speed>
      </Extensions>
     </Trackpoint>
     <Trackpoint>
      <Time>2026-05-24T14:09:16Z</Time>
      <Position>
       <LatitudeDegrees>35.6987021</LatitudeDegrees>
       <LongitudeDegrees>139.7799748</LongitudeDegrees>
      </Position>
      <AltitudeMeters>15</AltitudeMeters>
      <DistanceMeters>915</DistanceMeters>
      <HeartRateBpm>
       <Value>120</Value>
      </HeartRateBpm>
      <Cadence>73</Cadence>
      <Extensions>
       <Speed>5.890000</Speed>
      </Extensions>
     </Trackpoint>
     <Trackpoint>
      <Time>2026-05-24T14:09:17Z</Time>
      <Position>
       <LatitudeDegrees>35.6986964</LatitudeDegrees>
       <LongitudeDegrees>139.7799501</LongitudeDegrees>
      </Position>
      <AltitudeMeters>15</AltitudeMeters>
      <DistanceMeters>917</DistanceMeters>
      <HeartRateBpm>
       <Value>120</Value>
      </HeartRateBpm>
      <Cadence>74</Cadence>
      <Extensions>
       <Speed>5.890000</Speed>
      </Extensions>
     </Trackpoint>
     <Trackpoint>
      <Time>2026-05-24T14:09:18Z</Time>
      <Position>
       <LatitudeDegrees>35.6986929</LatitudeDegrees>
       <LongitudeDegrees>139.7799286</LongitudeDegrees>
      </Position>
      <AltitudeMeters>15</AltitudeMeters>
      <DistanceMeters>918</DistanceMeters>
      <HeartRateBpm>
       <Value>120</Value>
      </HeartRateBpm>
      <Cadence>74</Cadence>
      <Extensions>
       <Speed>5.890000</Speed>
      </Extensions>
     </Trackpoint>
     <Trackpoint>
      <Time>2026-05-24T14:09:19Z</Time>
      <Position>
       <LatitudeDegrees>35.6986895</LatitudeDegrees>
       <LongitudeDegrees>139.7799072</LongitudeDegrees>
      </Position>
      <AltitudeMeters>15</AltitudeMeters>
      <DistanceMeters>920</DistanceMeters>
      <HeartRateBpm>
       <Value>119</Value>
      </HeartRateBpm>
      <Cadence>74</Cadence>
      <Extensions>
       <Speed>5.900000</Speed>
      </Extensions>
     </Trackpoint>
     <Trackpoint>
      <Time>2026-05-24T14:09:20Z</Time>
      <Position>
       <LatitudeDegrees>35.6986868</LatitudeDegrees>
       <LongitudeDegrees>139.7798891</LongitudeDegrees>
      </Position>
      <AltitudeMeters>15</AltitudeMeters>
      <DistanceMeters>922</DistanceMeters>
      <HeartRateBpm>
       <Value>120</Value>
      </HeartRateBpm>
      <Cadence>75</Cadence>
      <Extensions>
       <Speed>5.900000</Speed>
      </Extensions>
     </Trackpoint>
     <Trackpoint>
      <Time>2026-05-24T14:09:21Z</Time>
      <Position>
       <LatitudeDegrees>35.6986841</LatitudeDegrees>
       <LongitudeDegrees>139.7798711</LongitudeDegrees>
      </Position>
      <AltitudeMeters>15</AltitudeMeters>
      <DistanceMeters>923</DistanceMeters>
      <HeartRateBpm>
       <Value>120</Value>
      </HeartRateBpm>
      <Cadence>75</Cadence>
      <Extensions>
       <Speed>5.900000</Speed>
      </Extensions>
     </Trackpoint>
     <Trackpoint>
      <Time>2026-05-24T14:09:22Z</Time>
      <Position>
       <LatitudeDegrees>35.6986823</LatitudeDegrees>
       <LongitudeDegrees>139.7798530</LongitudeDegrees>
      </Position>
      <AltitudeMeters>15</AltitudeMeters>
      <DistanceMeters>925</DistanceMeters>
      <HeartRateBpm>
       <Value>120</Value>
      </HeartRateBpm>
      <Cadence>76</Cadence>
      <Extensions>
       <Speed>5.900000</Speed>
      </Extensions>
     </Trackpoint>
     <Trackpoint>
      <Time>2026-05-24T14:09:23Z</Time>
      <Position>
       <LatitudeDegrees>35.6986805</LatitudeDegrees>
       <LongitudeDegrees>139.7798350</LongitudeDegrees>
      </Position>
      <AltitudeMeters>15</AltitudeMeters>
      <DistanceMeters>927</DistanceMeters>
      <HeartRateBpm>
       <Value>121</Value>
      </HeartRateBpm>
      <Cadence>77</Cadence>
      <Extensions>
       <Speed>5.900000</Speed>
      </Extensions>
     </Trackpoint>
     <Trackpoint>
      <Time>2026-05-24T14:09:24Z</Time>
      <Position>
       <LatitudeDegrees>35.6986799</LatitudeDegrees>
       <LongitudeDegrees>139.7798166</LongitudeDegrees>
      </Position>
      <AltitudeMeters>15</AltitudeMeters>
      <DistanceMeters>928</DistanceMeters>
      <HeartRateBpm>
       <Value>121</Value>
      </HeartRateBpm>
      <Cadence>77</Cadence>
      <Extensions>
       <Speed>5.900000</Speed>
      </Extensions>
     </Trackpoint>
     <Trackpoint>
      <Time>2026-05-24T14:09:25Z</Time>
      <Position>
       <LatitudeDegrees>35.6986794</LatitudeDegrees>
       <LongitudeDegrees>139.7797983</LongitudeDegrees>
      </Position>
      <AltitudeMeters>15</AltitudeMeters>
      <DistanceMeters>930</DistanceMeters>
      <HeartRateBpm>
       <Value>121</Value>
      </HeartRateBpm>
      <Cadence>77</Cadence>
      <Extensions>
       <Speed>5.900000</Speed>
      </Extensions>
     </Trackpoint>
     <Trackpoint>
      <Time>2026-05-24T14:09:26Z</Time>
      <Position>
       <LatitudeDegrees>35.6986806</LatitudeDegrees>
       <LongitudeDegrees>139.7797792</LongitudeDegrees>
      </Position>
      <AltitudeMeters>15</AltitudeMeters>
      <DistanceMeters>932</DistanceMeters>
      <HeartRateBpm>
       <Value>121</Value>
      </HeartRateBpm>
      <Cadence>77</Cadence>
      <Extensions>
       <Speed>5.900000</Speed>
      </Extensions>
     </Trackpoint>
     <Trackpoint>
      <Time>2026-05-24T14:09:27Z</Time>
      <Position>
       <LatitudeDegrees>35.6986818</LatitudeDegrees>
       <LongitudeDegrees>139.7797602</LongitudeDegrees>
      </Position>
      <AltitudeMeters>15</AltitudeMeters>
      <DistanceMeters>934</DistanceMeters>
      <HeartRateBpm>
       <Value>121</Value>
      </HeartRateBpm>
      <Cadence>78</Cadence>
      <Extensions>
       <Speed>5.900000</Speed>
      </Extensions>
     </Trackpoint>
     <Trackpoint>
      <Time>2026-05-24T14:09:28Z</Time>
      <Position>
       <LatitudeDegrees>35.6986838</LatitudeDegrees>
       <LongitudeDegrees>139.7797402</LongitudeDegrees>
      </Position>
      <AltitudeMeters>15</AltitudeMeters>
      <DistanceMeters>936</DistanceMeters>
      <HeartRateBpm>
       <Value>121</Value>
      </HeartRateBpm>
      <Cadence>78</Cadence>
      <Extensions>
       <Speed>5.950000</Speed>
      </Extensions>
     </Trackpoint>
     <Trackpoint>
      <Time>2026-05-24T14:09:29Z</Time>
      <Position>
       <LatitudeDegrees>35.6986859</LatitudeDegrees>
       <LongitudeDegrees>139.7797203</LongitudeDegrees>
      </Position>
      <AltitudeMeters>15</AltitudeMeters>
      <DistanceMeters>938</DistanceMeters>
      <HeartRateBpm>
       <Value>121</Value>
      </HeartRateBpm>
      <Cadence>78</Cadence>
      <Extensions>
       <Speed>6.000000</Speed>
      </Extensions>
     </Trackpoint>
     <Trackpoint>
      <Time>2026-05-24T14:09:30Z</Time>
      <Position>
       <LatitudeDegrees>35.6986881</LatitudeDegrees>
       <LongitudeDegrees>139.7797006</LongitudeDegrees>
      </Position>
      <AltitudeMeters>15</AltitudeMeters>
      <DistanceMeters>940</DistanceMeters>
      <HeartRateBpm>
       <Value>121</Value>
      </HeartRateBpm>
      <Cadence>78</Cadence>
      <Extensions>
       <Speed>6.010000</Speed>
      </Extensions>
     </Trackpoint>
     <Trackpoint>
      <Time>2026-05-24T14:09:31Z</Time>
      <Position>
       <LatitudeDegrees>35.6986903</LatitudeDegrees>
       <LongitudeDegrees>139.7796809</LongitudeDegrees>
      </Position>
      <AltitudeMeters>15</AltitudeMeters>
      <DistanceMeters>941</DistanceMeters>
      <HeartRateBpm>
       <Value>121</Value>
      </HeartRateBpm>
      <Cadence>78</Cadence>
      <Extensions>
       <Speed>6.020000</Speed>
      </Extensions>
     </Trackpoint>
     <Trackpoint>
      <Time>2026-05-24T14:09:32Z</Time>
      <Position>
       <LatitudeDegrees>35.6986917</LatitudeDegrees>
       <LongitudeDegrees>139.7796619</LongitudeDegrees>
      </Position>
      <AltitudeMeters>15</AltitudeMeters>
      <DistanceMeters>942</DistanceMeters>
      <HeartRateBpm>
       <Value>121</Value>
      </HeartRateBpm>
      <Cadence>78</Cadence>
      <Extensions>
       <Speed>6.040000</Speed>
      </Extensions>
     </Trackpoint>
     <Trackpoint>
      <Time>2026-05-24T14:09:33Z</Time>
      <Position>
       <LatitudeDegrees>35.6986931</LatitudeDegrees>
       <LongitudeDegrees>139.7796430</LongitudeDegrees>
      </Position>
      <AltitudeMeters>15</AltitudeMeters>
      <DistanceMeters>944</DistanceMeters>
      <HeartRateBpm>
       <Value>121</Value>
      </HeartRateBpm>
      <Cadence>78</Cadence>
      <Extensions>
       <Speed>6.070000</Speed>
      </Extensions>
     </Trackpoint>
     <Trackpoint>
      <Time>2026-05-24T14:09:34Z</Time>
      <Position>
       <LatitudeDegrees>35.6986934</LatitudeDegrees>
       <LongitudeDegrees>139.7796244</LongitudeDegrees>
      </Position>
      <AltitudeMeters>15</AltitudeMeters>
      <DistanceMeters>946</DistanceMeters>
      <HeartRateBpm>
       <Value>121</Value>
      </HeartRateBpm>
      <Cadence>78</Cadence>
      <Extensions>
       <Speed>6.190000</Speed>
      </Extensions>
     </Trackpoint>
     <Trackpoint>
      <Time>2026-05-24T14:09:35Z</Time>
      <Position>
       <LatitudeDegrees>35.6986937</LatitudeDegrees>
       <LongitudeDegrees>139.7796059</LongitudeDegrees>
      </Position>
      <AltitudeMeters>15</AltitudeMeters>
      <DistanceMeters>948</DistanceMeters>
      <HeartRateBpm>
       <Value>120</Value>
      </HeartRateBpm>
      <Cadence>78</Cadence>
      <Extensions>
       <Speed>6.310000</Speed>
      </Extensions>
     </Trackpoint>
     <Trackpoint>
      <Time>2026-05-24T14:09:36Z</Time>
      <Position>
       <LatitudeDegrees>35.6986921</LatitudeDegrees>
       <LongitudeDegrees>139.7795889</LongitudeDegrees>
      </Position>
      <AltitudeMeters>15</AltitudeMeters>
      <DistanceMeters>949</DistanceMeters>
      <HeartRateBpm>
       <Value>120</Value>
      </HeartRateBpm>
      <Cadence>78</Cadence>
      <Extensions>
       <Speed>6.390000</Speed>
      </Extensions>
     </Trackpoint>
     <Trackpoint>
      <Time>2026-05-24T14:09:37Z</Time>
      <Position>
       <LatitudeDegrees>35.6986905</LatitudeDegrees>
       <LongitudeDegrees>139.7795719</LongitudeDegrees>
      </Position>
      <AltitudeMeters>15</AltitudeMeters>
      <DistanceMeters>950</DistanceMeters>
      <HeartRateBpm>
       <Value>120</Value>
      </HeartRateBpm>
      <Cadence>78</Cadence>
      <Extensions>
       <Speed>6.470000</Speed>
      </Extensions>
     </Trackpoint>
     <Trackpoint>
      <Time>2026-05-24T14:09:38Z</Time>
      <Position>
       <LatitudeDegrees>35.6986855</LatitudeDegrees>
       <LongitudeDegrees>139.7795570</LongitudeDegrees>
      </Position>
      <AltitudeMeters>15</AltitudeMeters>
      <DistanceMeters>952</DistanceMeters>
      <HeartRateBpm>
       <Value>119</Value>
      </HeartRateBpm>
      <Cadence>77</Cadence>
      <Extensions>
       <Speed>6.600000</Speed>
      </Extensions>
     </Trackpoint>
     <Trackpoint>
      <Time>2026-05-24T14:09:39Z</Time>
      <Position>
       <LatitudeDegrees>35.6986806</LatitudeDegrees>
       <LongitudeDegrees>139.7795422</LongitudeDegrees>
      </Position>
      <AltitudeMeters>15</AltitudeMeters>
      <DistanceMeters>953</DistanceMeters>
      <HeartRateBpm>
       <Value>119</Value>
      </HeartRateBpm>
      <Cadence>77</Cadence>
      <Extensions>
       <Speed>6.740000</Speed>
      </Extensions>
     </Trackpoint>
     <Trackpoint>
      <Time>2026-05-24T14:09:40Z</Time>
      <Position>
       <LatitudeDegrees>35.6986760</LatitudeDegrees>
       <LongitudeDegrees>139.7795294</LongitudeDegrees>
      </Position>
      <AltitudeMeters>15</AltitudeMeters>
      <DistanceMeters>954</DistanceMeters>
      <HeartRateBpm>
       <Value>119</Value>
      </HeartRateBpm>
      <Cadence>76</Cadence>
      <Extensions>
       <Speed>6.860000</Speed>
      </Extensions>
     </Trackpoint>
     <Trackpoint>
      <Time>2026-05-24T14:09:41Z</Time>
      <Position>
       <LatitudeDegrees>35.6986714</LatitudeDegrees>
       <LongitudeDegrees>139.7795166</LongitudeDegrees>
      </Position>
      <AltitudeMeters>15</AltitudeMeters>
      <DistanceMeters>955</DistanceMeters>
      <HeartRateBpm>
       <Value>119</Value>
      </HeartRateBpm>
      <Cadence>76</Cadence>
      <Extensions>
       <Speed>6.980000</Speed>
      </Extensions>
     </Trackpoint>
     <Trackpoint>
      <Time>2026-05-24T14:09:42Z</Time>
      <Position>
       <LatitudeDegrees>35.6986705</LatitudeDegrees>
       <LongitudeDegrees>139.7795028</LongitudeDegrees>
      </Position>
      <AltitudeMeters>15</AltitudeMeters>
      <DistanceMeters>956</DistanceMeters>
      <HeartRateBpm>
       <Value>118</Value>
      </HeartRateBpm>
      <Cadence>76</Cadence>
      <Extensions>
       <Speed>6.830000</Speed>
      </Extensions>
     </Trackpoint>
     <Trackpoint>
      <Time>2026-05-24T14:09:43Z</Time>
      <Position>
       <LatitudeDegrees>35.6986696</LatitudeDegrees>
       <LongitudeDegrees>139.7794891</LongitudeDegrees>
      </Position>
      <AltitudeMeters>15</AltitudeMeters>
      <DistanceMeters>958</DistanceMeters>
      <HeartRateBpm>
       <Value>118</Value>
      </HeartRateBpm>
      <Cadence>76</Cadence>
      <Extensions>
       <Speed>6.680000</Speed>
      </Extensions>
     </Trackpoint>
     <Trackpoint>
      <Time>2026-05-24T14:09:44Z</Time>
      <Position>
       <LatitudeDegrees>35.6986728</LatitudeDegrees>
       <LongitudeDegrees>139.7794751</LongitudeDegrees>
      </Position>
      <AltitudeMeters>15</AltitudeMeters>
      <DistanceMeters>960</DistanceMeters>
      <HeartRateBpm>
       <Value>117</Value>
      </HeartRateBpm>
      <Cadence>76</Cadence>
      <Extensions>
       <Speed>6.650000</Speed>
      </Extensions>
     </Trackpoint>
     <Trackpoint>
      <Time>2026-05-24T14:09:45Z</Time>
      <Position>
       <LatitudeDegrees>35.6986761</LatitudeDegrees>
       <LongitudeDegrees>139.7794611</LongitudeDegrees>
      </Position>
      <AltitudeMeters>15</AltitudeMeters>
      <DistanceMeters>961</DistanceMeters>
      <HeartRateBpm>
       <Value>117</Value>
      </HeartRateBpm>
      <Cadence>76</Cadence>
      <Extensions>
       <Speed>6.630000</Speed>
      </Extensions>
     </Trackpoint>
     <Trackpoint>
      <Time>2026-05-24T14:09:46Z</Time>
      <Position>
       <LatitudeDegrees>35.6986800</LatitudeDegrees>
       <LongitudeDegrees>139.7794457</LongitudeDegrees>
      </Position>
      <AltitudeMeters>15</AltitudeMeters>
      <DistanceMeters>962</DistanceMeters>
      <HeartRateBpm>
       <Value>117</Value>
      </HeartRateBpm>
      <Cadence>76</Cadence>
      <Extensions>
       <Speed>6.600000</Speed>
      </Extensions>
     </Trackpoint>
     <Trackpoint>
      <Time>2026-05-24T14:09:47Z</Time>
      <Position>
       <LatitudeDegrees>35.6986840</LatitudeDegrees>
       <LongitudeDegrees>139.7794304</LongitudeDegrees>
      </Position>
      <AltitudeMeters>15</AltitudeMeters>
      <DistanceMeters>964</DistanceMeters>
      <HeartRateBpm>
       <Value>117</Value>
      </HeartRateBpm>
      <Cadence>76</Cadence>
      <Extensions>
       <Speed>6.570000</Speed>
      </Extensions>
     </Trackpoint>
     <Trackpoint>
      <Time>2026-05-24T14:09:48Z</Time>
      <Position>
       <LatitudeDegrees>35.6986865</LatitudeDegrees>
       <LongitudeDegrees>139.7794116</LongitudeDegrees>
      </Position>
      <AltitudeMeters>15</AltitudeMeters>
      <DistanceMeters>966</DistanceMeters>
      <HeartRateBpm>
       <Value>118</Value>
      </HeartRateBpm>
      <Cadence>76</Cadence>
      <Extensions>
       <Speed>6.550000</Speed>
      </Extensions>
     </Trackpoint>
     <Trackpoint>
      <Time>2026-05-24T14:09:49Z</Time>
      <Position>
       <LatitudeDegrees>35.6986891</LatitudeDegrees>
       <LongitudeDegrees>139.7793929</LongitudeDegrees>
      </Position>
      <AltitudeMeters>15</AltitudeMeters>
      <DistanceMeters>968</DistanceMeters>
      <HeartRateBpm>
       <Value>118</Value>
      </HeartRateBpm>
      <Cadence>77</Cadence>
      <Extensions>
       <Speed>6.530000</Speed>
      </Extensions>
     </Trackpoint>
     <Trackpoint>
      <Time>2026-05-24T14:09:50Z</Time>
      <Position>
       <LatitudeDegrees>35.6986898</LatitudeDegrees>
       <LongitudeDegrees>139.7793723</LongitudeDegrees>
      </Position>
      <AltitudeMeters>15</AltitudeMeters>
      <DistanceMeters>970</DistanceMeters>
      <HeartRateBpm>
       <Value>118</Value>
      </HeartRateBpm>
      <Cadence>77</Cadence>
      <Extensions>
       <Speed>6.520000</Speed>
      </Extensions>
     </Trackpoint>
     <Trackpoint>
      <Time>2026-05-24T14:09:51Z</Time>
      <Position>
       <LatitudeDegrees>35.6986906</LatitudeDegrees>
       <LongitudeDegrees>139.7793518</LongitudeDegrees>
      </Position>
      <AltitudeMeters>15</AltitudeMeters>
      <DistanceMeters>972</DistanceMeters>
      <HeartRateBpm>
       <Value>118</Value>
      </HeartRateBpm>
      <Cadence>77</Cadence>
      <Extensions>
       <Speed>6.520000</Speed>
      </Extensions>
     </Trackpoint>
     <Trackpoint>
      <Time>2026-05-24T14:09:52Z</Time>
      <Position>
       <LatitudeDegrees>35.6986915</LatitudeDegrees>
       <LongitudeDegrees>139.7793319</LongitudeDegrees>
      </Position>
      <AltitudeMeters>15</AltitudeMeters>
      <DistanceMeters>974</DistanceMeters>
      <HeartRateBpm>
       <Value>118</Value>
      </HeartRateBpm>
      <Cadence>77</Cadence>
      <Extensions>
       <Speed>6.480000</Speed>
      </Extensions>
     </Trackpoint>
     <Trackpoint>
      <Time>2026-05-24T14:09:53Z</Time>
      <Position>
       <LatitudeDegrees>35.6986925</LatitudeDegrees>
       <LongitudeDegrees>139.7793120</LongitudeDegrees>
      </Position>
      <AltitudeMeters>15</AltitudeMeters>
      <DistanceMeters>975</DistanceMeters>
      <HeartRateBpm>
       <Value>118</Value>
      </HeartRateBpm>
      <Cadence>77</Cadence>
      <Extensions>
       <Speed>6.450000</Speed>
      </Extensions>
     </Trackpoint>
     <Trackpoint>
      <Time>2026-05-24T14:09:54Z</Time>
      <Position>
       <LatitudeDegrees>35.6986950</LatitudeDegrees>
       <LongitudeDegrees>139.7792912</LongitudeDegrees>
      </Position>
      <AltitudeMeters>15</AltitudeMeters>
      <DistanceMeters>978</DistanceMeters>
      <HeartRateBpm>
       <Value>119</Value>
      </HeartRateBpm>
      <Cadence>77</Cadence>
      <Extensions>
       <Speed>6.430000</Speed>
      </Extensions>
     </Trackpoint>
     <Trackpoint>
      <Time>2026-05-24T14:09:55Z</Time>
      <Position>
       <LatitudeDegrees>35.6986976</LatitudeDegrees>
       <LongitudeDegrees>139.7792705</LongitudeDegrees>
      </Position>
      <AltitudeMeters>15</AltitudeMeters>
      <DistanceMeters>980</DistanceMeters>
      <HeartRateBpm>
       <Value>119</Value>
      </HeartRateBpm>
      <Cadence>77</Cadence>
      <Extensions>
       <Speed>6.420000</Speed>
      </Extensions>
     </Trackpoint>
     <Trackpoint>
      <Time>2026-05-24T14:09:56Z</Time>
      <Position>
       <LatitudeDegrees>35.6987013</LatitudeDegrees>
       <LongitudeDegrees>139.7792481</LongitudeDegrees>
      </Position>
      <AltitudeMeters>15</AltitudeMeters>
      <DistanceMeters>982</DistanceMeters>
      <HeartRateBpm>
       <Value>119</Value>
      </HeartRateBpm>
      <Cadence>77</Cadence>
      <Extensions>
       <Speed>6.420000</Speed>
      </Extensions>
     </Trackpoint>
     <Trackpoint>
      <Time>2026-05-24T14:09:57Z</Time>
      <Position>
       <LatitudeDegrees>35.6987051</LatitudeDegrees>
       <LongitudeDegrees>139.7792257</LongitudeDegrees>
      </Position>
      <AltitudeMeters>15</AltitudeMeters>
      <DistanceMeters>984</DistanceMeters>
      <HeartRateBpm>
       <Value>119</Value>
      </HeartRateBpm>
      <Cadence>77</Cadence>
      <Extensions>
       <Speed>6.420000</Speed>
      </Extensions>
     </Trackpoint>
     <Trackpoint>
      <Time>2026-05-24T14:09:58Z</Time>
      <Position>
       <LatitudeDegrees>35.6987102</LatitudeDegrees>
       <LongitudeDegrees>139.7792050</LongitudeDegrees>
      </Position>
      <AltitudeMeters>15</AltitudeMeters>
      <DistanceMeters>986</DistanceMeters>
      <HeartRateBpm>
       <Value>119</Value>
      </HeartRateBpm>
      <Cadence>77</Cadence>
      <Extensions>
       <Speed>6.420000</Speed>
      </Extensions>
     </Trackpoint>
     <Trackpoint>
      <Time>2026-05-24T14:09:59Z</Time>
      <Position>
       <LatitudeDegrees>35.6987154</LatitudeDegrees>
       <LongitudeDegrees>139.7791843</LongitudeDegrees>
      </Position>
      <AltitudeMeters>15</AltitudeMeters>
      <DistanceMeters>987</DistanceMeters>
      <HeartRateBpm>
       <Value>119</Value>
      </HeartRateBpm>
      <Cadence>77</Cadence>
      <Extensions>
       <Speed>6.430000</Speed>
      </Extensions>
     </Trackpoint>
     <Trackpoint>
      <Time>2026-05-24T14:10:00Z</Time>
      <Position>
       <LatitudeDegrees>35.6987195</LatitudeDegrees>
       <LongitudeDegrees>139.7791645</LongitudeDegrees>
      </Position>
      <AltitudeMeters>15</AltitudeMeters>
      <DistanceMeters>989</DistanceMeters>
      <HeartRateBpm>
       <Value>119</Value>
      </HeartRateBpm>
      <Cadence>77</Cadence>
      <Extensions>
       <Speed>6.430000</Speed>
      </Extensions>
     </Trackpoint>
     <Trackpoint>
      <Time>2026-05-24T14:10:01Z</Time>
      <Position>
       <LatitudeDegrees>35.6987237</LatitudeDegrees>
       <LongitudeDegrees>139.7791448</LongitudeDegrees>
      </Position>
      <AltitudeMeters>15</AltitudeMeters>
      <DistanceMeters>991</DistanceMeters>
      <HeartRateBpm>
       <Value>119</Value>
      </HeartRateBpm>
      <Cadence>77</Cadence>
      <Extensions>
       <Speed>6.430000</Speed>
      </Extensions>
     </Trackpoint>
     <Trackpoint>
      <Time>2026-05-24T14:10:02Z</Time>
      <Position>
       <LatitudeDegrees>35.6987223</LatitudeDegrees>
       <LongitudeDegrees>139.7791247</LongitudeDegrees>
      </Position>
      <AltitudeMeters>15</AltitudeMeters>
      <DistanceMeters>993</DistanceMeters>
      <HeartRateBpm>
       <Value>120</Value>
      </HeartRateBpm>
      <Cadence>77</Cadence>
      <Extensions>
       <Speed>6.430000</Speed>
      </Extensions>
     </Trackpoint>
     <Trackpoint>
      <Time>2026-05-24T14:10:03Z</Time>
      <Position>
       <LatitudeDegrees>35.6987210</LatitudeDegrees>
       <LongitudeDegrees>139.7791047</LongitudeDegrees>
      </Position>
      <AltitudeMeters>15</AltitudeMeters>
      <DistanceMeters>995</DistanceMeters>
      <HeartRateBpm>
       <Value>120</Value>
      </HeartRateBpm>
      <Cadence>77</Cadence>
      <Extensions>
       <Speed>6.430000</Speed>
      </Extensions>
     </Trackpoint>
     <Trackpoint>
      <Time>2026-05-24T14:10:04Z</Time>
      <Position>
       <LatitudeDegrees>35.6987152</LatitudeDegrees>
       <LongitudeDegrees>139.7790864</LongitudeDegrees>
      </Position>
      <AltitudeMeters>15</AltitudeMeters>
      <DistanceMeters>996</DistanceMeters>
      <HeartRateBpm>
       <Value>121</Value>
      </HeartRateBpm>
      <Cadence>77</Cadence>
      <Extensions>
       <Speed>6.430000</Speed>
      </Extensions>
     </Trackpoint>
     <Trackpoint>
      <Time>2026-05-24T14:10:05Z</Time>
      <Position>
       <LatitudeDegrees>35.6987095</LatitudeDegrees>
       <LongitudeDegrees>139.7790681</LongitudeDegrees>
      </Position>
      <AltitudeMeters>15</AltitudeMeters>
      <DistanceMeters>998</DistanceMeters>
      <HeartRateBpm>
       <Value>121</Value>
      </HeartRateBpm>
      <Cadence>78</Cadence>
      <Extensions>
       <Speed>6.440000</Speed>
      </Extensions>
     </Trackpoint>
     <Trackpoint>
      <Time>2026-05-24T14:10:06Z</Time>
      <Position>
       <LatitudeDegrees>35.6987049</LatitudeDegrees>
       <LongitudeDegrees>139.7790513</LongitudeDegrees>
      </Position>
      <AltitudeMeters>15</AltitudeMeters>
      <DistanceMeters>1000</DistanceMeters>
      <HeartRateBpm>
       <Value>121</Value>
      </HeartRateBpm>
      <Cadence>78</Cadence>
      <Extensions>
       <Speed>6.440000</Speed>
      </Extensions>
     </Trackpoint>
    </Track>
   </Lap>
   <Lap StartTime="2026-05-24T14:10:06Z">
    <TotalTimeSeconds>539</TotalTimeSeconds>
    <DistanceMeters>1000</DistanceMeters>
    <Intensity>Active</Intensity>
    <TriggerMethod>Manual</TriggerMethod>
    <MaximumHeartRateBpm>
     <Value>132</Value>
    </MaximumHeartRateBpm>
    <AverageHeartRateBpm>
     <Value>124</Value>
    </AverageHeartRateBpm>
    <Track>
     <Trackpoint>
      <Time>2026-05-24T14:10:06Z</Time>
      <Position>
       <LatitudeDegrees>35.6987049</LatitudeDegrees>
       <LongitudeDegrees>139.7790513</LongitudeDegrees>
      </Position>
      <AltitudeMeters>15</AltitudeMeters>
      <DistanceMeters>1000</DistanceMeters>
      <HeartRateBpm>
       <Value>121</Value>
      </HeartRateBpm>
      <Cadence>78</Cadence>
      <Extensions>
       <Speed>6.440000</Speed>
      </Extensions>
     </Trackpoint>
     <Trackpoint>
      <Time>2026-05-24T14:10:07Z</Time>
      <Position>
       <LatitudeDegrees>35.6987003</LatitudeDegrees>
       <LongitudeDegrees>139.7790346</LongitudeDegrees>
      </Position>
      <AltitudeMeters>15</AltitudeMeters>
      <DistanceMeters>1001</DistanceMeters>
      <HeartRateBpm>
       <Value>121</Value>
      </HeartRateBpm>
      <Cadence>78</Cadence>
      <Extensions>
       <Speed>6.440000</Speed>
      </Extensions>
     </Trackpoint>
     <Trackpoint>
      <Time>2026-05-24T14:10:08Z</Time>
      <Position>
       <LatitudeDegrees>35.6986987</LatitudeDegrees>
       <LongitudeDegrees>139.7790175</LongitudeDegrees>
      </Position>
      <AltitudeMeters>15</AltitudeMeters>
      <DistanceMeters>1002</DistanceMeters>
      <HeartRateBpm>
       <Value>121</Value>
      </HeartRateBpm>
      <Cadence>78</Cadence>
      <Extensions>
       <Speed>6.440000</Speed>
      </Extensions>
     </Trackpoint>
     <Trackpoint>
      <Time>2026-05-24T14:10:09Z</Time>
      <Position>
       <LatitudeDegrees>35.6986972</LatitudeDegrees>
       <LongitudeDegrees>139.7790005</LongitudeDegrees>
      </Position>
      <AltitudeMeters>15</AltitudeMeters>
      <DistanceMeters>1004</DistanceMeters>
      <HeartRateBpm>
       <Value>121</Value>
      </HeartRateBpm>
      <Cadence>78</Cadence>
      <Extensions>
       <Speed>6.450000</Speed>
      </Extensions>
     </Trackpoint>
     <Trackpoint>
      <Time>2026-05-24T14:10:10Z</Time>
      <Position>
       <LatitudeDegrees>35.6986980</LatitudeDegrees>
       <LongitudeDegrees>139.7789833</LongitudeDegrees>
      </Position>
      <AltitudeMeters>15</AltitudeMeters>
      <DistanceMeters>1006</DistanceMeters>
      <HeartRateBpm>
       <Value>121</Value>
      </HeartRateBpm>
      <Cadence>78</Cadence>
      <Extensions>
       <Speed>6.450000</Speed>
      </Extensions>
     </Trackpoint>
     <Trackpoint>
      <Time>2026-05-24T14:10:11Z</Time>
      <Position>
       <LatitudeDegrees>35.6986989</LatitudeDegrees>
       <LongitudeDegrees>139.7789662</LongitudeDegrees>
      </Position>
      <AltitudeMeters>15</AltitudeMeters>
      <DistanceMeters>1007</DistanceMeters>
      <HeartRateBpm>
       <Value>121</Value>
      </HeartRateBpm>
      <Cadence>78</Cadence>
      <Extensions>
       <Speed>6.460000</Speed>
      </Extensions>
     </Trackpoint>
     <Trackpoint>
      <Time>2026-05-24T14:10:12Z</Time>
      <Position>
       <LatitudeDegrees>35.6986998</LatitudeDegrees>
       <LongitudeDegrees>139.7789509</LongitudeDegrees>
      </Position>
      <AltitudeMeters>15</AltitudeMeters>
      <DistanceMeters>1008</DistanceMeters>
      <HeartRateBpm>
       <Value>121</Value>
      </HeartRateBpm>
      <Cadence>77</Cadence>
      <Extensions>
       <Speed>6.440000</Speed>
      </Extensions>
     </Trackpoint>
     <Trackpoint>
      <Time>2026-05-24T14:10:13Z</Time>
      <Position>
       <LatitudeDegrees>35.6987008</LatitudeDegrees>
       <LongitudeDegrees>139.7789357</LongitudeDegrees>
      </Position>
      <AltitudeMeters>15</AltitudeMeters>
      <DistanceMeters>1010</DistanceMeters>
      <HeartRateBpm>
       <Value>121</Value>
      </HeartRateBpm>
      <Cadence>77</Cadence>
      <Extensions>
       <Speed>6.430000</Speed>
      </Extensions>
     </Trackpoint>
     <Trackpoint>
      <Time>2026-05-24T14:10:14Z</Time>
      <Position>
       <LatitudeDegrees>35.6987016</LatitudeDegrees>
       <LongitudeDegrees>139.7789199</LongitudeDegrees>
      </Position>
      <AltitudeMeters>15</AltitudeMeters>
      <DistanceMeters>1011</DistanceMeters>
      <HeartRateBpm>
       <Value>121</Value>
      </HeartRateBpm>
      <Cadence>77</Cadence>
      <Extensions>
       <Speed>6.410000</Speed>
      </Extensions>
     </Trackpoint>
     <Trackpoint>
      <Time>2026-05-24T14:10:15Z</Time>
      <Position>
       <LatitudeDegrees>35.6987025</LatitudeDegrees>
       <LongitudeDegrees>139.7789041</LongitudeDegrees>
      </Position>
      <AltitudeMeters>15</AltitudeMeters>
      <DistanceMeters>1012</DistanceMeters>
      <HeartRateBpm>
       <Value>121</Value>
      </HeartRateBpm>
      <Cadence>77</Cadence>
      <Extensions>
       <Speed>6.400000</Speed>
      </Extensions>
     </Trackpoint>
     <Trackpoint>
      <Time>2026-05-24T14:10:16Z</Time>
      <Position>
       <LatitudeDegrees>35.6987040</LatitudeDegrees>
       <LongitudeDegrees>139.7788888</LongitudeDegrees>
      </Position>
      <AltitudeMeters>15</AltitudeMeters>
      <DistanceMeters>1014</DistanceMeters>
      <HeartRateBpm>
       <Value>121</Value>
      </HeartRateBpm>
      <Cadence>76</Cadence>
      <Extensions>
       <Speed>6.350000</Speed>
      </Extensions>
     </Trackpoint>
     <Trackpoint>
      <Time>2026-05-24T14:10:17Z</Time>
      <Position>
       <LatitudeDegrees>35.6987055</LatitudeDegrees>
       <LongitudeDegrees>139.7788736</LongitudeDegrees>
      </Position>
      <AltitudeMeters>15</AltitudeMeters>
      <DistanceMeters>1015</DistanceMeters>
      <HeartRateBpm>
       <Value>121</Value>
      </HeartRateBpm>
      <Cadence>76</Cadence>
      <Extensions>
       <Speed>6.310000</Speed>
      </Extensions>
     </Trackpoint>
     <Trackpoint>
      <Time>2026-05-24T14:10:18Z</Time>
      <Position>
       <LatitudeDegrees>35.6987089</LatitudeDegrees>
       <LongitudeDegrees>139.7788577</LongitudeDegrees>
      </Position>
      <AltitudeMeters>15</AltitudeMeters>
      <DistanceMeters>1016</DistanceMeters>
      <HeartRateBpm>
       <Value>121</Value>
      </HeartRateBpm>
      <Cadence>76</Cadence>
      <Extensions>
       <Speed>6.260000</Speed>
      </Extensions>
     </Trackpoint>
     <Trackpoint>
      <Time>2026-05-24T14:10:19Z</Time>
      <Position>
       <LatitudeDegrees>35.6987123</LatitudeDegrees>
       <LongitudeDegrees>139.7788419</LongitudeDegrees>
      </Position>
      <AltitudeMeters>15</AltitudeMeters>
      <DistanceMeters>1018</DistanceMeters>
      <HeartRateBpm>
       <Value>121</Value>
      </HeartRateBpm>
      <Cadence>76</Cadence>
      <Extensions>
       <Speed>6.220000</Speed>
      </Extensions>
     </Trackpoint>
     <Trackpoint>
      <Time>2026-05-24T14:10:20Z</Time>
      <Position>
       <LatitudeDegrees>35.6987178</LatitudeDegrees>
       <LongitudeDegrees>139.7788266</LongitudeDegrees>
      </Position>
      <AltitudeMeters>15</AltitudeMeters>
      <DistanceMeters>1020</DistanceMeters>
      <HeartRateBpm>
       <Value>120</Value>
      </HeartRateBpm>
      <Cadence>76</Cadence>
      <Extensions>
       <Speed>6.200000</Speed>
      </Extensions>
     </Trackpoint>
     <Trackpoint>
      <Time>2026-05-24T14:10:21Z</Time>
      <Position>
       <LatitudeDegrees>35.6987234</LatitudeDegrees>
       <LongitudeDegrees>139.7788113</LongitudeDegrees>
      </Position>
      <AltitudeMeters>15</AltitudeMeters>
      <DistanceMeters>1021</DistanceMeters>
      <HeartRateBpm>
       <Value>120</Value>
      </HeartRateBpm>
      <Cadence>76</Cadence>
      <Extensions>
       <Speed>6.180000</Speed>
      </Extensions>
     </Trackpoint>
     <Trackpoint>
      <Time>2026-05-24T14:10:22Z</Time>
      <Position>
       <LatitudeDegrees>35.6987288</LatitudeDegrees>
       <LongitudeDegrees>139.7787964</LongitudeDegrees>
      </Position>
      <AltitudeMeters>15</AltitudeMeters>
      <DistanceMeters>1022</DistanceMeters>
      <HeartRateBpm>
       <Value>120</Value>
      </HeartRateBpm>
      <Cadence>76</Cadence>
      <Extensions>
       <Speed>6.160000</Speed>
      </Extensions>
     </Trackpoint>
     <Trackpoint>
      <Time>2026-05-24T14:10:23Z</Time>
      <Position>
       <LatitudeDegrees>35.6987342</LatitudeDegrees>
       <LongitudeDegrees>139.7787816</LongitudeDegrees>
      </Position>
      <AltitudeMeters>15</AltitudeMeters>
      <DistanceMeters>1024</DistanceMeters>
      <HeartRateBpm>
       <Value>120</Value>
      </HeartRateBpm>
      <Cadence>76</Cadence>
      <Extensions>
       <Speed>6.150000</Speed>
      </Extensions>
     </Trackpoint>
     <Trackpoint>
      <Time>2026-05-24T14:10:24Z</Time>
      <Position>
       <LatitudeDegrees>35.6987377</LatitudeDegrees>
       <LongitudeDegrees>139.7787655</LongitudeDegrees>
      </Position>
      <AltitudeMeters>15</AltitudeMeters>
      <DistanceMeters>1026</DistanceMeters>
      <HeartRateBpm>
       <Value>120</Value>
      </HeartRateBpm>
      <Cadence>76</Cadence>
      <Extensions>
       <Speed>6.140000</Speed>
      </Extensions>
     </Trackpoint>
     <Trackpoint>
      <Time>2026-05-24T14:10:25Z</Time>
      <Position>
       <LatitudeDegrees>35.6987413</LatitudeDegrees>
       <LongitudeDegrees>139.7787494</LongitudeDegrees>
      </Position>
      <AltitudeMeters>15</AltitudeMeters>
      <DistanceMeters>1028</DistanceMeters>
      <HeartRateBpm>
       <Value>120</Value>
      </HeartRateBpm>
      <Cadence>77</Cadence>
      <Extensions>
       <Speed>6.130000</Speed>
      </Extensions>
     </Trackpoint>
     <Trackpoint>
      <Time>2026-05-24T14:10:26Z</Time>
      <Position>
       <LatitudeDegrees>35.6987410</LatitudeDegrees>
       <LongitudeDegrees>139.7787326</LongitudeDegrees>
      </Position>
      <AltitudeMeters>15</AltitudeMeters>
      <DistanceMeters>1030</DistanceMeters>
      <HeartRateBpm>
       <Value>119</Value>
      </HeartRateBpm>
      <Cadence>77</Cadence>
      <Extensions>
       <Speed>6.120000</Speed>
      </Extensions>
     </Trackpoint>
     <Trackpoint>
      <Time>2026-05-24T14:10:27Z</Time>
      <Position>
       <LatitudeDegrees>35.6987407</LatitudeDegrees>
       <LongitudeDegrees>139.7787159</LongitudeDegrees>
      </Position>
      <AltitudeMeters>15</AltitudeMeters>
      <DistanceMeters>1031</DistanceMeters>
      <HeartRateBpm>
       <Value>119</Value>
      </HeartRateBpm>
      <Cadence>77</Cadence>
      <Extensions>
       <Speed>6.110000</Speed>
      </Extensions>
     </Trackpoint>
     <Trackpoint>
      <Time>2026-05-24T14:10:28Z</Time>
      <Position>
       <LatitudeDegrees>35.6987397</LatitudeDegrees>
       <LongitudeDegrees>139.7786993</LongitudeDegrees>
      </Position>
      <AltitudeMeters>15</AltitudeMeters>
      <DistanceMeters>1032</DistanceMeters>
      <HeartRateBpm>
       <Value>119</Value>
      </HeartRateBpm>
      <Cadence>77</Cadence>
      <Extensions>
       <Speed>6.100000</Speed>
      </Extensions>
     </Trackpoint>
     <Trackpoint>
      <Time>2026-05-24T14:10:29Z</Time>
      <Position>
       <LatitudeDegrees>35.6987387</LatitudeDegrees>
       <LongitudeDegrees>139.7786827</LongitudeDegrees>
      </Position>
      <AltitudeMeters>15</AltitudeMeters>
      <DistanceMeters>1033</DistanceMeters>
      <HeartRateBpm>
       <Value>119</Value>
      </HeartRateBpm>
      <Cadence>77</Cadence>
      <Extensions>
       <Speed>6.090000</Speed>
      </Extensions>
     </Trackpoint>
     <Trackpoint>
      <Time>2026-05-24T14:10:30Z</Time>
      <Position>
       <LatitudeDegrees>35.6987405</LatitudeDegrees>
       <LongitudeDegrees>139.7786657</LongitudeDegrees>
      </Position>
      <AltitudeMeters>15</AltitudeMeters>
      <DistanceMeters>1035</DistanceMeters>
      <HeartRateBpm>
       <Value>118</Value>
      </HeartRateBpm>
      <Cadence>77</Cadence>
      <Extensions>
       <Speed>6.080000</Speed>
      </Extensions>
     </Trackpoint>
     <Trackpoint>
      <Time>2026-05-24T14:10:31Z</Time>
      <Position>
       <LatitudeDegrees>35.6987423</LatitudeDegrees>
       <LongitudeDegrees>139.7786487</LongitudeDegrees>
      </Position>
      <AltitudeMeters>15</AltitudeMeters>
      <DistanceMeters>1037</DistanceMeters>
      <HeartRateBpm>
       <Value>118</Value>
      </HeartRateBpm>
      <Cadence>77</Cadence>
      <Extensions>
       <Speed>6.080000</Speed>
      </Extensions>
     </Trackpoint>
     <Trackpoint>
      <Time>2026-05-24T14:10:32Z</Time>
      <Position>
       <LatitudeDegrees>35.6987458</LatitudeDegrees>
       <LongitudeDegrees>139.7786316</LongitudeDegrees>
      </Position>
      <AltitudeMeters>15</AltitudeMeters>
      <DistanceMeters>1038</DistanceMeters>
      <HeartRateBpm>
       <Value>118</Value>
      </HeartRateBpm>
      <Cadence>76</Cadence>
      <Extensions>
       <Speed>6.070000</Speed>
      </Extensions>
     </Trackpoint>
     <Trackpoint>
      <Time>2026-05-24T14:10:33Z</Time>
      <Position>
       <LatitudeDegrees>35.6987494</LatitudeDegrees>
       <LongitudeDegrees>139.7786146</LongitudeDegrees>
      </Position>
      <AltitudeMeters>15</AltitudeMeters>
      <DistanceMeters>1040</DistanceMeters>
      <HeartRateBpm>
       <Value>118</Value>
      </HeartRateBpm>
      <Cadence>76</Cadence>
      <Extensions>
       <Speed>6.060000</Speed>
      </Extensions>
     </Trackpoint>
     <Trackpoint>
      <Time>2026-05-24T14:10:34Z</Time>
      <Position>
       <LatitudeDegrees>35.6987529</LatitudeDegrees>
       <LongitudeDegrees>139.7785972</LongitudeDegrees>
      </Position>
      <AltitudeMeters>15</AltitudeMeters>
      <DistanceMeters>1042</DistanceMeters>
      <HeartRateBpm>
       <Value>117</Value>
      </HeartRateBpm>
      <Cadence>76</Cadence>
      <Extensions>
       <Speed>6.050000</Speed>
      </Extensions>
     </Trackpoint>
     <Trackpoint>
      <Time>2026-05-24T14:10:35Z</Time>
      <Position>
       <LatitudeDegrees>35.6987564</LatitudeDegrees>
       <LongitudeDegrees>139.7785799</LongitudeDegrees>
      </Position>
      <AltitudeMeters>15</AltitudeMeters>
      <DistanceMeters>1043</DistanceMeters>
      <HeartRateBpm>
       <Value>117</Value>
      </HeartRateBpm>
      <Cadence>76</Cadence>
      <Extensions>
       <Speed>6.050000</Speed>
      </Extensions>
     </Trackpoint>
     <Trackpoint>
      <Time>2026-05-24T14:10:36Z</Time>
      <Position>
       <LatitudeDegrees>35.6987606</LatitudeDegrees>
       <LongitudeDegrees>139.7785632</LongitudeDegrees>
      </Position>
      <AltitudeMeters>15</AltitudeMeters>
      <DistanceMeters>1044</DistanceMeters>
      <HeartRateBpm>
       <Value>117</Value>
      </HeartRateBpm>
      <Cadence>76</Cadence>
      <Extensions>
       <Speed>6.040000</Speed>
      </Extensions>
     </Trackpoint>
     <Trackpoint>
      <Time>2026-05-24T14:10:37Z</Time>
      <Position>
       <LatitudeDegrees>35.6987649</LatitudeDegrees>
       <LongitudeDegrees>139.7785465</LongitudeDegrees>
      </Position>
      <AltitudeMeters>15</AltitudeMeters>
      <DistanceMeters>1046</DistanceMeters>
      <HeartRateBpm>
       <Value>117</Value>
      </HeartRateBpm>
      <Cadence>76</Cadence>
      <Extensions>
       <Speed>6.030000</Speed>
      </Extensions>
     </Trackpoint>
     <Trackpoint>
      <Time>2026-05-24T14:10:38Z</Time>
      <Position>
       <LatitudeDegrees>35.6987705</LatitudeDegrees>
       <LongitudeDegrees>139.7785309</LongitudeDegrees>
      </Position>
      <AltitudeMeters>15</AltitudeMeters>
      <DistanceMeters>1048</DistanceMeters>
      <HeartRateBpm>
       <Value>117</Value>
      </HeartRateBpm>
      <Cadence>76</Cadence>
      <Extensions>
       <Speed>6.030000</Speed>
      </Extensions>
     </Trackpoint>
     <Trackpoint>
      <Time>2026-05-24T14:10:39Z</Time>
      <Position>
       <LatitudeDegrees>35.6987761</LatitudeDegrees>
       <LongitudeDegrees>139.7785154</LongitudeDegrees>
      </Position>
      <AltitudeMeters>15</AltitudeMeters>
      <DistanceMeters>1049</DistanceMeters>
      <HeartRateBpm>
       <Value>117</Value>
      </HeartRateBpm>
      <Cadence>76</Cadence>
      <Extensions>
       <Speed>6.030000</Speed>
      </Extensions>
     </Trackpoint>
     <Trackpoint>
      <Time>2026-05-24T14:10:40Z</Time>
      <Position>
       <LatitudeDegrees>35.6987811</LatitudeDegrees>
       <LongitudeDegrees>139.7784986</LongitudeDegrees>
      </Position>
      <AltitudeMeters>15</AltitudeMeters>
      <DistanceMeters>1051</DistanceMeters>
      <HeartRateBpm>
       <Value>117</Value>
      </HeartRateBpm>
      <Cadence>76</Cadence>
      <Extensions>
       <Speed>6.020000</Speed>
      </Extensions>
     </Trackpoint>
     <Trackpoint>
      <Time>2026-05-24T14:10:41Z</Time>
      <Position>
       <LatitudeDegrees>35.6987861</LatitudeDegrees>
       <LongitudeDegrees>139.7784818</LongitudeDegrees>
      </Position>
      <AltitudeMeters>15</AltitudeMeters>
      <DistanceMeters>1053</DistanceMeters>
      <HeartRateBpm>
       <Value>117</Value>
      </HeartRateBpm>
      <Cadence>76</Cadence>
      <Extensions>
       <Speed>6.020000</Speed>
      </Extensions>
     </Trackpoint>
     <Trackpoint>
      <Time>2026-05-24T14:10:42Z</Time>
      <Position>
       <LatitudeDegrees>35.6987848</LatitudeDegrees>
       <LongitudeDegrees>139.7784634</LongitudeDegrees>
      </Position>
      <AltitudeMeters>15</AltitudeMeters>
      <DistanceMeters>1055</DistanceMeters>
      <HeartRateBpm>
       <Value>117</Value>
      </HeartRateBpm>
      <Cadence>77</Cadence>
      <Extensions>
       <Speed>6.010000</Speed>
      </Extensions>
     </Trackpoint>
     <Trackpoint>
      <Time>2026-05-24T14:10:43Z</Time>
      <Position>
       <LatitudeDegrees>35.6987835</LatitudeDegrees>
       <LongitudeDegrees>139.7784451</LongitudeDegrees>
      </Position>
      <AltitudeMeters>15</AltitudeMeters>
      <DistanceMeters>1057</DistanceMeters>
      <HeartRateBpm>
       <Value>117</Value>
      </HeartRateBpm>
      <Cadence>77</Cadence>
      <Extensions>
       <Speed>6.010000</Speed>
      </Extensions>
     </Trackpoint>
     <Trackpoint>
      <Time>2026-05-24T14:10:44Z</Time>
      <Position>
       <LatitudeDegrees>35.6987781</LatitudeDegrees>
       <LongitudeDegrees>139.7784258</LongitudeDegrees>
      </Position>
      <AltitudeMeters>15</AltitudeMeters>
      <DistanceMeters>1059</DistanceMeters>
      <HeartRateBpm>
       <Value>117</Value>
      </HeartRateBpm>
      <Cadence>77</Cadence>
      <Extensions>
       <Speed>6.010000</Speed>
      </Extensions>
     </Trackpoint>
     <Trackpoint>
      <Time>2026-05-24T14:10:45Z</Time>
      <Position>
       <LatitudeDegrees>35.6987727</LatitudeDegrees>
       <LongitudeDegrees>139.7784066</LongitudeDegrees>
      </Position>
      <AltitudeMeters>15</AltitudeMeters>
      <DistanceMeters>1061</DistanceMeters>
      <HeartRateBpm>
       <Value>117</Value>
      </HeartRateBpm>
      <Cadence>77</Cadence>
      <Extensions>
       <Speed>6.010000</Speed>
      </Extensions>
     </Trackpoint>
     <Trackpoint>
      <Time>2026-05-24T14:10:46Z</Time>
      <Position>
       <LatitudeDegrees>35.6987655</LatitudeDegrees>
       <LongitudeDegrees>139.7783861</LongitudeDegrees>
      </Position>
      <AltitudeMeters>15</AltitudeMeters>
      <DistanceMeters>1062</DistanceMeters>
      <HeartRateBpm>
       <Value>117</Value>
      </HeartRateBpm>
      <Cadence>76</Cadence>
      <Extensions>
       <Speed>6.020000</Speed>
      </Extensions>
     </Trackpoint>
     <Trackpoint>
      <Time>2026-05-24T14:10:47Z</Time>
      <Position>
       <LatitudeDegrees>35.6987583</LatitudeDegrees>
       <LongitudeDegrees>139.7783656</LongitudeDegrees>
      </Position>
      <AltitudeMeters>15</AltitudeMeters>
      <DistanceMeters>1064</DistanceMeters>
      <HeartRateBpm>
       <Value>117</Value>
      </HeartRateBpm>
      <Cadence>76</Cadence>
      <Extensions>
       <Speed>6.030000</Speed>
      </Extensions>
     </Trackpoint>
     <Trackpoint>
      <Time>2026-05-24T14:10:48Z</Time>
      <Position>
       <LatitudeDegrees>35.6987523</LatitudeDegrees>
       <LongitudeDegrees>139.7783455</LongitudeDegrees>
      </Position>
      <AltitudeMeters>15</AltitudeMeters>
      <DistanceMeters>1066</DistanceMeters>
      <HeartRateBpm>
       <Value>117</Value>
      </HeartRateBpm>
      <Cadence>76</Cadence>
      <Extensions>
       <Speed>6.050000</Speed>
      </Extensions>
     </Trackpoint>
     <Trackpoint>
      <Time>2026-05-24T14:10:49Z</Time>
      <Position>
       <LatitudeDegrees>35.6987463</LatitudeDegrees>
       <LongitudeDegrees>139.7783254</LongitudeDegrees>
      </Position>
      <AltitudeMeters>15</AltitudeMeters>
      <DistanceMeters>1068</DistanceMeters>
      <HeartRateBpm>
       <Value>117</Value>
      </HeartRateBpm>
      <Cadence>76</Cadence>
      <Extensions>
       <Speed>6.080000</Speed>
      </Extensions>
     </Trackpoint>
     <Trackpoint>
      <Time>2026-05-24T14:10:50Z</Time>
      <Position>
       <LatitudeDegrees>35.6987420</LatitudeDegrees>
       <LongitudeDegrees>139.7783058</LongitudeDegrees>
      </Position>
      <AltitudeMeters>15</AltitudeMeters>
      <DistanceMeters>1070</DistanceMeters>
      <HeartRateBpm>
       <Value>117</Value>
      </HeartRateBpm>
      <Cadence>76</Cadence>
      <Extensions>
       <Speed>6.170000</Speed>
      </Extensions>
     </Trackpoint>
     <Trackpoint>
      <Time>2026-05-24T14:10:51Z</Time>
      <Position>
       <LatitudeDegrees>35.6987377</LatitudeDegrees>
       <LongitudeDegrees>139.7782863</LongitudeDegrees>
      </Position>
      <AltitudeMeters>15</AltitudeMeters>
      <DistanceMeters>1071</DistanceMeters>
      <HeartRateBpm>
       <Value>117</Value>
      </HeartRateBpm>
      <Cadence>76</Cadence>
      <Extensions>
       <Speed>6.270000</Speed>
      </Extensions>
     </Trackpoint>
     <Trackpoint>
      <Time>2026-05-24T14:10:52Z</Time>
      <Position>
       <LatitudeDegrees>35.6987346</LatitudeDegrees>
       <LongitudeDegrees>139.7782660</LongitudeDegrees>
      </Position>
      <AltitudeMeters>15</AltitudeMeters>
      <DistanceMeters>1074</DistanceMeters>
      <HeartRateBpm>
       <Value>117</Value>
      </HeartRateBpm>
      <Cadence>76</Cadence>
      <Extensions>
       <Speed>6.320000</Speed>
      </Extensions>
     </Trackpoint>
     <Trackpoint>
      <Time>2026-05-24T14:10:53Z</Time>
      <Position>
       <LatitudeDegrees>35.6987315</LatitudeDegrees>
       <LongitudeDegrees>139.7782457</LongitudeDegrees>
      </Position>
      <AltitudeMeters>15</AltitudeMeters>
      <DistanceMeters>1076</DistanceMeters>
      <HeartRateBpm>
       <Value>117</Value>
      </HeartRateBpm>
      <Cadence>77</Cadence>
      <Extensions>
       <Speed>6.380000</Speed>
      </Extensions>
     </Trackpoint>
     <Trackpoint>
      <Time>2026-05-24T14:10:54Z</Time>
      <Position>
       <LatitudeDegrees>35.6987304</LatitudeDegrees>
       <LongitudeDegrees>139.7782243</LongitudeDegrees>
      </Position>
      <AltitudeMeters>15</AltitudeMeters>
      <DistanceMeters>1078</DistanceMeters>
      <HeartRateBpm>
       <Value>117</Value>
      </HeartRateBpm>
      <Cadence>77</Cadence>
      <Extensions>
       <Speed>6.420000</Speed>
      </Extensions>
     </Trackpoint>
     <Trackpoint>
      <Time>2026-05-24T14:10:55Z</Time>
      <Position>
       <LatitudeDegrees>35.6987293</LatitudeDegrees>
       <LongitudeDegrees>139.7782030</LongitudeDegrees>
      </Position>
      <AltitudeMeters>15</AltitudeMeters>
      <DistanceMeters>1079</DistanceMeters>
      <HeartRateBpm>
       <Value>118</Value>
      </HeartRateBpm>
      <Cadence>78</Cadence>
      <Extensions>
       <Speed>6.470000</Speed>
      </Extensions>
     </Trackpoint>
     <Trackpoint>
      <Time>2026-05-24T14:10:56Z</Time>
      <Position>
       <LatitudeDegrees>35.6987291</LatitudeDegrees>
       <LongitudeDegrees>139.7781863</LongitudeDegrees>
      </Position>
      <AltitudeMeters>15</AltitudeMeters>
      <DistanceMeters>1080</DistanceMeters>
      <HeartRateBpm>
       <Value>118</Value>
      </HeartRateBpm>
      <Cadence>78</Cadence>
      <Extensions>
       <Speed>6.500000</Speed>
      </Extensions>
     </Trackpoint>
     <Trackpoint>
      <Time>2026-05-24T14:10:57Z</Time>
      <Position>
       <LatitudeDegrees>35.6987289</LatitudeDegrees>
       <LongitudeDegrees>139.7781697</LongitudeDegrees>
      </Position>
      <AltitudeMeters>15</AltitudeMeters>
      <DistanceMeters>1081</DistanceMeters>
      <HeartRateBpm>
       <Value>118</Value>
      </HeartRateBpm>
      <Cadence>78</Cadence>
      <Extensions>
       <Speed>6.530000</Speed>
      </Extensions>
     </Trackpoint>
     <Trackpoint>
      <Time>2026-05-24T14:10:58Z</Time>
      <Position>
       <LatitudeDegrees>35.6987307</LatitudeDegrees>
       <LongitudeDegrees>139.7781585</LongitudeDegrees>
      </Position>
      <AltitudeMeters>15</AltitudeMeters>
      <DistanceMeters>1081</DistanceMeters>
      <HeartRateBpm>
       <Value>119</Value>
      </HeartRateBpm>
      <Cadence>78</Cadence>
      <Extensions>
       <Speed>6.520000</Speed>
      </Extensions>
     </Trackpoint>
     <Trackpoint>
      <Time>2026-05-24T14:10:59Z</Time>
      <Position>
       <LatitudeDegrees>35.6987325</LatitudeDegrees>
       <LongitudeDegrees>139.7781474</LongitudeDegrees>
      </Position>
      <AltitudeMeters>15</AltitudeMeters>
      <DistanceMeters>1081</DistanceMeters>
      <HeartRateBpm>
       <Value>120</Value>
      </HeartRateBpm>
      <Cadence>78</Cadence>
      <Extensions>
       <Speed>6.520000</Speed>
      </Extensions>
     </Trackpoint>
     <Trackpoint>
      <Time>2026-05-24T14:11:00Z</Time>
      <Position>
       <LatitudeDegrees>35.6987363</LatitudeDegrees>
       <LongitudeDegrees>139.7781390</LongitudeDegrees>
      </Position>
      <AltitudeMeters>15</AltitudeMeters>
      <DistanceMeters>1082</DistanceMeters>
      <HeartRateBpm>
       <Value>120</Value>
      </HeartRateBpm>
      <Cadence>78</Cadence>
      <Extensions>
       <Speed>6.420000</Speed>
      </Extensions>
     </Trackpoint>
     <Trackpoint>
      <Time>2026-05-24T14:11:01Z</Time>
      <Position>
       <LatitudeDegrees>35.6987402</LatitudeDegrees>
       <LongitudeDegrees>139.7781307</LongitudeDegrees>
      </Position>
      <AltitudeMeters>15</AltitudeMeters>
      <DistanceMeters>1084</DistanceMeters>
      <HeartRateBpm>
       <Value>120</Value>
      </HeartRateBpm>
      <Cadence>77</Cadence>
      <Extensions>
       <Speed>6.330000</Speed>
      </Extensions>
     </Trackpoint>
     <Trackpoint>
      <Time>2026-05-24T14:11:02Z</Time>
      <Position>
       <LatitudeDegrees>35.6987441</LatitudeDegrees>
       <LongitudeDegrees>139.7781218</LongitudeDegrees>
      </Position>
      <AltitudeMeters>15</AltitudeMeters>
      <DistanceMeters>1085</DistanceMeters>
      <HeartRateBpm>
       <Value>120</Value>
      </HeartRateBpm>
      <Cadence>77</Cadence>
      <Extensions>
       <Speed>6.300000</Speed>
      </Extensions>
     </Trackpoint>
     <Trackpoint>
      <Time>2026-05-24T14:11:03Z</Time>
      <Position>
       <LatitudeDegrees>35.6987480</LatitudeDegrees>
       <LongitudeDegrees>139.7781129</LongitudeDegrees>
      </Position>
      <AltitudeMeters>15</AltitudeMeters>
      <DistanceMeters>1086</DistanceMeters>
      <HeartRateBpm>
       <Value>119</Value>
      </HeartRateBpm>
      <Cadence>77</Cadence>
      <Extensions>
       <Speed>6.280000</Speed>
      </Extensions>
     </Trackpoint>
     <Trackpoint>
      <Time>2026-05-24T14:11:04Z</Time>
      <Position>
       <LatitudeDegrees>35.6987508</LatitudeDegrees>
       <LongitudeDegrees>139.7781008</LongitudeDegrees>
      </Position>
      <AltitudeMeters>15</AltitudeMeters>
      <DistanceMeters>1088</DistanceMeters>
      <HeartRateBpm>
       <Value>119</Value>
      </HeartRateBpm>
      <Cadence>77</Cadence>
      <Extensions>
       <Speed>6.200000</Speed>
      </Extensions>
     </Trackpoint>
     <Trackpoint>
      <Time>2026-05-24T14:11:05Z</Time>
      <Position>
       <LatitudeDegrees>35.6987537</LatitudeDegrees>
       <LongitudeDegrees>139.7780887</LongitudeDegrees>
      </Position>
      <AltitudeMeters>15</AltitudeMeters>
      <DistanceMeters>1089</DistanceMeters>
      <HeartRateBpm>
       <Value>119</Value>
      </HeartRateBpm>
      <Cadence>76</Cadence>
      <Extensions>
       <Speed>6.130000</Speed>
      </Extensions>
     </Trackpoint>
     <Trackpoint>
      <Time>2026-05-24T14:11:06Z</Time>
      <Position>
       <LatitudeDegrees>35.6987568</LatitudeDegrees>
       <LongitudeDegrees>139.7780727</LongitudeDegrees>
      </Position>
      <AltitudeMeters>15</AltitudeMeters>
      <DistanceMeters>1091</DistanceMeters>
      <HeartRateBpm>
       <Value>119</Value>
      </HeartRateBpm>
      <Cadence>76</Cadence>
      <Extensions>
       <Speed>6.070000</Speed>
      </Extensions>
     </Trackpoint>
     <Trackpoint>
      <Time>2026-05-24T14:11:07Z</Time>
      <Position>
       <LatitudeDegrees>35.6987599</LatitudeDegrees>
       <LongitudeDegrees>139.7780568</LongitudeDegrees>
      </Position>
      <AltitudeMeters>15</AltitudeMeters>
      <DistanceMeters>1093</DistanceMeters>
      <HeartRateBpm>
       <Value>119</Value>
      </HeartRateBpm>
      <Cadence>76</Cadence>
      <Extensions>
       <Speed>6.020000</Speed>
      </Extensions>
     </Trackpoint>
     <Trackpoint>
      <Time>2026-05-24T14:11:08Z</Time>
      <Position>
       <LatitudeDegrees>35.6987645</LatitudeDegrees>
       <LongitudeDegrees>139.7780400</LongitudeDegrees>
      </Position>
      <AltitudeMeters>15</AltitudeMeters>
      <DistanceMeters>1094</DistanceMeters>
      <HeartRateBpm>
       <Value>119</Value>
      </HeartRateBpm>
      <Cadence>76</Cadence>
      <Extensions>
       <Speed>6.010000</Speed>
      </Extensions>
     </Trackpoint>
     <Trackpoint>
      <Time>2026-05-24T14:11:09Z</Time>
      <Position>
       <LatitudeDegrees>35.6987691</LatitudeDegrees>
       <LongitudeDegrees>139.7780233</LongitudeDegrees>
      </Position>
      <AltitudeMeters>15</AltitudeMeters>
      <DistanceMeters>1096</DistanceMeters>
      <HeartRateBpm>
       <Value>120</Value>
      </HeartRateBpm>
      <Cadence>76</Cadence>
      <Extensions>
       <Speed>6.000000</Speed>
      </Extensions>
     </Trackpoint>
     <Trackpoint>
      <Time>2026-05-24T14:11:10Z</Time>
      <Position>
       <LatitudeDegrees>35.6987741</LatitudeDegrees>
       <LongitudeDegrees>139.7780076</LongitudeDegrees>
      </Position>
      <AltitudeMeters>15</AltitudeMeters>
      <DistanceMeters>1098</DistanceMeters>
      <HeartRateBpm>
       <Value>120</Value>
      </HeartRateBpm>
      <Cadence>76</Cadence>
      <Extensions>
       <Speed>6.000000</Speed>
      </Extensions>
     </Trackpoint>
     <Trackpoint>
      <Time>2026-05-24T14:11:11Z</Time>
      <Position>
       <LatitudeDegrees>35.6987792</LatitudeDegrees>
       <LongitudeDegrees>139.7779920</LongitudeDegrees>
      </Position>
      <AltitudeMeters>15</AltitudeMeters>
      <DistanceMeters>1099</DistanceMeters>
      <HeartRateBpm>
       <Value>120</Value>
      </HeartRateBpm>
      <Cadence>76</Cadence>
      <Extensions>
       <Speed>6.000000</Speed>
      </Extensions>
     </Trackpoint>
     <Trackpoint>
      <Time>2026-05-24T14:11:12Z</Time>
      <Position>
       <LatitudeDegrees>35.6987846</LatitudeDegrees>
       <LongitudeDegrees>139.7779768</LongitudeDegrees>
      </Position>
      <AltitudeMeters>15</AltitudeMeters>
      <DistanceMeters>1100</DistanceMeters>
      <HeartRateBpm>
       <Value>120</Value>
      </HeartRateBpm>
      <Cadence>76</Cadence>
      <Extensions>
       <Speed>6.000000</Speed>
      </Extensions>
     </Trackpoint>
     <Trackpoint>
      <Time>2026-05-24T14:11:13Z</Time>
      <Position>
       <LatitudeDegrees>35.6987901</LatitudeDegrees>
       <LongitudeDegrees>139.7779616</LongitudeDegrees>
      </Position>
      <AltitudeMeters>15</AltitudeMeters>
      <DistanceMeters>1102</DistanceMeters>
      <HeartRateBpm>
       <Value>119</Value>
      </HeartRateBpm>
      <Cadence>76</Cadence>
      <Extensions>
       <Speed>6.000000</Speed>
      </Extensions>
     </Trackpoint>
     <Trackpoint>
      <Time>2026-05-24T14:11:14Z</Time>
      <Position>
       <LatitudeDegrees>35.6987940</LatitudeDegrees>
       <LongitudeDegrees>139.7779450</LongitudeDegrees>
      </Position>
      <AltitudeMeters>15</AltitudeMeters>
      <DistanceMeters>1104</DistanceMeters>
      <HeartRateBpm>
       <Value>119</Value>
      </HeartRateBpm>
      <Cadence>76</Cadence>
      <Extensions>
       <Speed>6.000000</Speed>
      </Extensions>
     </Trackpoint>
     <Trackpoint>
      <Time>2026-05-24T14:11:15Z</Time>
      <Position>
       <LatitudeDegrees>35.6987980</LatitudeDegrees>
       <LongitudeDegrees>139.7779285</LongitudeDegrees>
      </Position>
      <AltitudeMeters>15</AltitudeMeters>
      <DistanceMeters>1105</DistanceMeters>
      <HeartRateBpm>
       <Value>119</Value>
      </HeartRateBpm>
      <Cadence>76</Cadence>
      <Extensions>
       <Speed>6.000000</Speed>
      </Extensions>
     </Trackpoint>
     <Trackpoint>
      <Time>2026-05-24T14:11:16Z</Time>
      <Position>
       <LatitudeDegrees>35.6987998</LatitudeDegrees>
       <LongitudeDegrees>139.7779092</LongitudeDegrees>
      </Position>
      <AltitudeMeters>15</AltitudeMeters>
      <DistanceMeters>1107</DistanceMeters>
      <HeartRateBpm>
       <Value>119</Value>
      </HeartRateBpm>
      <Cadence>76</Cadence>
      <Extensions>
       <Speed>6.000000</Speed>
      </Extensions>
     </Trackpoint>
     <Trackpoint>
      <Time>2026-05-24T14:11:17Z</Time>
      <Position>
       <LatitudeDegrees>35.6988016</LatitudeDegrees>
       <LongitudeDegrees>139.7778899</LongitudeDegrees>
      </Position>
      <AltitudeMeters>15</AltitudeMeters>
      <DistanceMeters>1109</DistanceMeters>
      <HeartRateBpm>
       <Value>119</Value>
      </HeartRateBpm>
      <Cadence>76</Cadence>
      <Extensions>
       <Speed>6.000000</Speed>
      </Extensions>
     </Trackpoint>
     <Trackpoint>
      <Time>2026-05-24T14:11:18Z</Time>
      <Position>
       <LatitudeDegrees>35.6988028</LatitudeDegrees>
       <LongitudeDegrees>139.7778705</LongitudeDegrees>
      </Position>
      <AltitudeMeters>15</AltitudeMeters>
      <DistanceMeters>1110</DistanceMeters>
      <HeartRateBpm>
       <Value>119</Value>
      </HeartRateBpm>
      <Cadence>76</Cadence>
      <Extensions>
       <Speed>6.000000</Speed>
      </Extensions>
     </Trackpoint>
     <Trackpoint>
      <Time>2026-05-24T14:11:19Z</Time>
      <Position>
       <LatitudeDegrees>35.6988041</LatitudeDegrees>
       <LongitudeDegrees>139.7778511</LongitudeDegrees>
      </Position>
      <AltitudeMeters>15</AltitudeMeters>
      <DistanceMeters>1112</DistanceMeters>
      <HeartRateBpm>
       <Value>119</Value>
      </HeartRateBpm>
      <Cadence>76</Cadence>
      <Extensions>
       <Speed>6.000000</Speed>
      </Extensions>
     </Trackpoint>
     <Trackpoint>
      <Time>2026-05-24T14:11:20Z</Time>
      <Position>
       <LatitudeDegrees>35.6988063</LatitudeDegrees>
       <LongitudeDegrees>139.7778344</LongitudeDegrees>
      </Position>
      <AltitudeMeters>15</AltitudeMeters>
      <DistanceMeters>1114</DistanceMeters>
      <HeartRateBpm>
       <Value>119</Value>
      </HeartRateBpm>
      <Cadence>76</Cadence>
      <Extensions>
       <Speed>6.000000</Speed>
      </Extensions>
     </Trackpoint>
     <Trackpoint>
      <Time>2026-05-24T14:11:21Z</Time>
      <Position>
       <LatitudeDegrees>35.6988085</LatitudeDegrees>
       <LongitudeDegrees>139.7778178</LongitudeDegrees>
      </Position>
      <AltitudeMeters>15</AltitudeMeters>
      <DistanceMeters>1115</DistanceMeters>
      <HeartRateBpm>
       <Value>119</Value>
      </HeartRateBpm>
      <Cadence>77</Cadence>
      <Extensions>
       <Speed>6.000000</Speed>
      </Extensions>
     </Trackpoint>
     <Trackpoint>
      <Time>2026-05-24T14:11:22Z</Time>
      <Position>
       <LatitudeDegrees>35.6988117</LatitudeDegrees>
       <LongitudeDegrees>139.7778037</LongitudeDegrees>
      </Position>
      <AltitudeMeters>15</AltitudeMeters>
      <DistanceMeters>1116</DistanceMeters>
      <HeartRateBpm>
       <Value>118</Value>
      </HeartRateBpm>
      <Cadence>77</Cadence>
      <Extensions>
       <Speed>6.000000</Speed>
      </Extensions>
     </Trackpoint>
     <Trackpoint>
      <Time>2026-05-24T14:11:23Z</Time>
      <Position>
       <LatitudeDegrees>35.6988150</LatitudeDegrees>
       <LongitudeDegrees>139.7777897</LongitudeDegrees>
      </Position>
      <AltitudeMeters>15</AltitudeMeters>
      <DistanceMeters>1117</DistanceMeters>
      <HeartRateBpm>
       <Value>118</Value>
      </HeartRateBpm>
      <Cadence>77</Cadence>
      <Extensions>
       <Speed>6.000000</Speed>
      </Extensions>
     </Trackpoint>
     <Trackpoint>
      <Time>2026-05-24T14:11:24Z</Time>
      <Position>
       <LatitudeDegrees>35.6988162</LatitudeDegrees>
       <LongitudeDegrees>139.7777758</LongitudeDegrees>
      </Position>
      <AltitudeMeters>15</AltitudeMeters>
      <DistanceMeters>1118</DistanceMeters>
      <HeartRateBpm>
       <Value>118</Value>
      </HeartRateBpm>
      <Cadence>76</Cadence>
      <Extensions>
       <Speed>5.990000</Speed>
      </Extensions>
     </Trackpoint>
     <Trackpoint>
      <Time>2026-05-24T14:11:25Z</Time>
      <Position>
       <LatitudeDegrees>35.6988174</LatitudeDegrees>
       <LongitudeDegrees>139.7777620</LongitudeDegrees>
      </Position>
      <AltitudeMeters>15</AltitudeMeters>
      <DistanceMeters>1120</DistanceMeters>
      <HeartRateBpm>
       <Value>117</Value>
      </HeartRateBpm>
      <Cadence>76</Cadence>
      <Extensions>
       <Speed>5.990000</Speed>
      </Extensions>
     </Trackpoint>
     <Trackpoint>
      <Time>2026-05-24T14:11:26Z</Time>
      <Position>
       <LatitudeDegrees>35.6988161</LatitudeDegrees>
       <LongitudeDegrees>139.7777464</LongitudeDegrees>
      </Position>
      <AltitudeMeters>15</AltitudeMeters>
      <DistanceMeters>1122</DistanceMeters>
      <HeartRateBpm>
       <Value>116</Value>
      </HeartRateBpm>
      <Cadence>75</Cadence>
      <Extensions>
       <Speed>5.950000</Speed>
      </Extensions>
     </Trackpoint>
     <Trackpoint>
      <Time>2026-05-24T14:11:27Z</Time>
      <Position>
       <LatitudeDegrees>35.6988148</LatitudeDegrees>
       <LongitudeDegrees>139.7777308</LongitudeDegrees>
      </Position>
      <AltitudeMeters>15</AltitudeMeters>
      <DistanceMeters>1123</DistanceMeters>
      <HeartRateBpm>
       <Value>116</Value>
      </HeartRateBpm>
      <Cadence>75</Cadence>
      <Extensions>
       <Speed>5.920000</Speed>
      </Extensions>
     </Trackpoint>
     <Trackpoint>
      <Time>2026-05-24T14:11:28Z</Time>
      <Position>
       <LatitudeDegrees>35.6988128</LatitudeDegrees>
       <LongitudeDegrees>139.7777140</LongitudeDegrees>
      </Position>
      <AltitudeMeters>15</AltitudeMeters>
      <DistanceMeters>1124</DistanceMeters>
      <HeartRateBpm>
       <Value>115</Value>
      </HeartRateBpm>
      <Cadence>75</Cadence>
      <Extensions>
       <Speed>5.830000</Speed>
      </Extensions>
     </Trackpoint>
     <Trackpoint>
      <Time>2026-05-24T14:11:29Z</Time>
      <Position>
       <LatitudeDegrees>35.6988108</LatitudeDegrees>
       <LongitudeDegrees>139.7776972</LongitudeDegrees>
      </Position>
      <AltitudeMeters>15</AltitudeMeters>
      <DistanceMeters>1126</DistanceMeters>
      <HeartRateBpm>
       <Value>116</Value>
      </HeartRateBpm>
      <Cadence>74</Cadence>
      <Extensions>
       <Speed>5.750000</Speed>
      </Extensions>
     </Trackpoint>
     <Trackpoint>
      <Time>2026-05-24T14:11:30Z</Time>
      <Position>
       <LatitudeDegrees>35.6988095</LatitudeDegrees>
       <LongitudeDegrees>139.7776792</LongitudeDegrees>
      </Position>
      <AltitudeMeters>15</AltitudeMeters>
      <DistanceMeters>1128</DistanceMeters>
      <HeartRateBpm>
       <Value>117</Value>
      </HeartRateBpm>
      <Cadence>74</Cadence>
      <Extensions>
       <Speed>5.730000</Speed>
      </Extensions>
     </Trackpoint>
     <Trackpoint>
      <Time>2026-05-24T14:11:31Z</Time>
      <Position>
       <LatitudeDegrees>35.6988082</LatitudeDegrees>
       <LongitudeDegrees>139.7776613</LongitudeDegrees>
      </Position>
      <AltitudeMeters>15</AltitudeMeters>
      <DistanceMeters>1129</DistanceMeters>
      <HeartRateBpm>
       <Value>118</Value>
      </HeartRateBpm>
      <Cadence>74</Cadence>
      <Extensions>
       <Speed>5.710000</Speed>
      </Extensions>
     </Trackpoint>
     <Trackpoint>
      <Time>2026-05-24T14:11:32Z</Time>
      <Position>
       <LatitudeDegrees>35.6988075</LatitudeDegrees>
       <LongitudeDegrees>139.7776439</LongitudeDegrees>
      </Position>
      <AltitudeMeters>15</AltitudeMeters>
      <DistanceMeters>1131</DistanceMeters>
      <HeartRateBpm>
       <Value>118</Value>
      </HeartRateBpm>
      <Cadence>74</Cadence>
      <Extensions>
       <Speed>5.700000</Speed>
      </Extensions>
     </Trackpoint>
     <Trackpoint>
      <Time>2026-05-24T14:11:33Z</Time>
      <Position>
       <LatitudeDegrees>35.6988069</LatitudeDegrees>
       <LongitudeDegrees>139.7776266</LongitudeDegrees>
      </Position>
      <AltitudeMeters>15</AltitudeMeters>
      <DistanceMeters>1133</DistanceMeters>
      <HeartRateBpm>
       <Value>119</Value>
      </HeartRateBpm>
      <Cadence>74</Cadence>
      <Extensions>
       <Speed>5.700000</Speed>
      </Extensions>
     </Trackpoint>
     <Trackpoint>
      <Time>2026-05-24T14:11:34Z</Time>
      <Position>
       <LatitudeDegrees>35.6988071</LatitudeDegrees>
       <LongitudeDegrees>139.7776087</LongitudeDegrees>
      </Position>
      <AltitudeMeters>15</AltitudeMeters>
      <DistanceMeters>1134</DistanceMeters>
      <HeartRateBpm>
       <Value>119</Value>
      </HeartRateBpm>
      <Cadence>74</Cadence>
      <Extensions>
       <Speed>5.700000</Speed>
      </Extensions>
     </Trackpoint>
     <Trackpoint>
      <Time>2026-05-24T14:11:35Z</Time>
      <Position>
       <LatitudeDegrees>35.6988074</LatitudeDegrees>
       <LongitudeDegrees>139.7775908</LongitudeDegrees>
      </Position>
      <AltitudeMeters>15</AltitudeMeters>
      <DistanceMeters>1136</DistanceMeters>
      <HeartRateBpm>
       <Value>119</Value>
      </HeartRateBpm>
      <Cadence>75</Cadence>
      <Extensions>
       <Speed>5.700000</Speed>
      </Extensions>
     </Trackpoint>
     <Trackpoint>
      <Time>2026-05-24T14:11:36Z</Time>
      <Position>
       <LatitudeDegrees>35.6988085</LatitudeDegrees>
       <LongitudeDegrees>139.7775718</LongitudeDegrees>
      </Position>
      <AltitudeMeters>15</AltitudeMeters>
      <DistanceMeters>1138</DistanceMeters>
      <HeartRateBpm>
       <Value>119</Value>
      </HeartRateBpm>
      <Cadence>75</Cadence>
      <Extensions>
       <Speed>5.700000</Speed>
      </Extensions>
     </Trackpoint>
     <Trackpoint>
      <Time>2026-05-24T14:11:37Z</Time>
      <Position>
       <LatitudeDegrees>35.6988096</LatitudeDegrees>
       <LongitudeDegrees>139.7775529</LongitudeDegrees>
      </Position>
      <AltitudeMeters>15</AltitudeMeters>
      <DistanceMeters>1140</DistanceMeters>
      <HeartRateBpm>
       <Value>119</Value>
      </HeartRateBpm>
      <Cadence>76</Cadence>
      <Extensions>
       <Speed>5.700000</Speed>
      </Extensions>
     </Trackpoint>
     <Trackpoint>
      <Time>2026-05-24T14:11:38Z</Time>
      <Position>
       <LatitudeDegrees>35.6988099</LatitudeDegrees>
       <LongitudeDegrees>139.7775320</LongitudeDegrees>
      </Position>
      <AltitudeMeters>15</AltitudeMeters>
      <DistanceMeters>1142</DistanceMeters>
      <HeartRateBpm>
       <Value>119</Value>
      </HeartRateBpm>
      <Cadence>76</Cadence>
      <Extensions>
       <Speed>5.710000</Speed>
      </Extensions>
     </Trackpoint>
     <Trackpoint>
      <Time>2026-05-24T14:11:39Z</Time>
      <Position>
       <LatitudeDegrees>35.6988103</LatitudeDegrees>
       <LongitudeDegrees>139.7775112</LongitudeDegrees>
      </Position>
      <AltitudeMeters>15</AltitudeMeters>
      <DistanceMeters>1144</DistanceMeters>
      <HeartRateBpm>
       <Value>118</Value>
      </HeartRateBpm>
      <Cadence>76</Cadence>
      <Extensions>
       <Speed>5.720000</Speed>
      </Extensions>
     </Trackpoint>
     <Trackpoint>
      <Time>2026-05-24T14:11:40Z</Time>
      <Position>
       <LatitudeDegrees>35.6988099</LatitudeDegrees>
       <LongitudeDegrees>139.7774899</LongitudeDegrees>
      </Position>
      <AltitudeMeters>15</AltitudeMeters>
      <DistanceMeters>1146</DistanceMeters>
      <HeartRateBpm>
       <Value>118</Value>
      </HeartRateBpm>
      <Cadence>76</Cadence>
      <Extensions>
       <Speed>5.760000</Speed>
      </Extensions>
     </Trackpoint>
     <Trackpoint>
      <Time>2026-05-24T14:11:41Z</Time>
      <Position>
       <LatitudeDegrees>35.6988096</LatitudeDegrees>
       <LongitudeDegrees>139.7774687</LongitudeDegrees>
      </Position>
      <AltitudeMeters>15</AltitudeMeters>
      <DistanceMeters>1148</DistanceMeters>
      <HeartRateBpm>
       <Value>118</Value>
      </HeartRateBpm>
      <Cadence>76</Cadence>
      <Extensions>
       <Speed>5.810000</Speed>
      </Extensions>
     </Trackpoint>
     <Trackpoint>
      <Time>2026-05-24T14:11:42Z</Time>
      <Position>
       <LatitudeDegrees>35.6988093</LatitudeDegrees>
       <LongitudeDegrees>139.7774474</LongitudeDegrees>
      </Position>
      <AltitudeMeters>15</AltitudeMeters>
      <DistanceMeters>1150</DistanceMeters>
      <HeartRateBpm>
       <Value>117</Value>
      </HeartRateBpm>
      <Cadence>77</Cadence>
      <Extensions>
       <Speed>5.910000</Speed>
      </Extensions>
     </Trackpoint>
     <Trackpoint>
      <Time>2026-05-24T14:11:43Z</Time>
      <Position>
       <LatitudeDegrees>35.6988091</LatitudeDegrees>
       <LongitudeDegrees>139.7774261</LongitudeDegrees>
      </Position>
      <AltitudeMeters>15</AltitudeMeters>
      <DistanceMeters>1151</DistanceMeters>
      <HeartRateBpm>
       <Value>117</Value>
      </HeartRateBpm>
      <Cadence>77</Cadence>
      <Extensions>
       <Speed>6.010000</Speed>
      </Extensions>
     </Trackpoint>
     <Trackpoint>
      <Time>2026-05-24T14:11:44Z</Time>
      <Position>
       <LatitudeDegrees>35.6988100</LatitudeDegrees>
       <LongitudeDegrees>139.7774053</LongitudeDegrees>
      </Position>
      <AltitudeMeters>15</AltitudeMeters>
      <DistanceMeters>1153</DistanceMeters>
      <HeartRateBpm>
       <Value>117</Value>
      </HeartRateBpm>
      <Cadence>77</Cadence>
      <Extensions>
       <Speed>6.040000</Speed>
      </Extensions>
     </Trackpoint>
     <Trackpoint>
      <Time>2026-05-24T14:11:45Z</Time>
      <Position>
       <LatitudeDegrees>35.6988110</LatitudeDegrees>
       <LongitudeDegrees>139.7773845</LongitudeDegrees>
      </Position>
      <AltitudeMeters>15</AltitudeMeters>
      <DistanceMeters>1155</DistanceMeters>
      <HeartRateBpm>
       <Value>117</Value>
      </HeartRateBpm>
      <Cadence>77</Cadence>
      <Extensions>
       <Speed>6.080000</Speed>
      </Extensions>
     </Trackpoint>
     <Trackpoint>
      <Time>2026-05-24T14:11:46Z</Time>
      <Position>
       <LatitudeDegrees>35.6988124</LatitudeDegrees>
       <LongitudeDegrees>139.7773628</LongitudeDegrees>
      </Position>
      <AltitudeMeters>15</AltitudeMeters>
      <DistanceMeters>1157</DistanceMeters>
      <HeartRateBpm>
       <Value>118</Value>
      </HeartRateBpm>
      <Cadence>78</Cadence>
      <Extensions>
       <Speed>6.170000</Speed>
      </Extensions>
     </Trackpoint>
     <Trackpoint>
      <Time>2026-05-24T14:11:47Z</Time>
      <Position>
       <LatitudeDegrees>35.6988139</LatitudeDegrees>
       <LongitudeDegrees>139.7773412</LongitudeDegrees>
      </Position>
      <AltitudeMeters>15</AltitudeMeters>
      <DistanceMeters>1159</DistanceMeters>
      <HeartRateBpm>
       <Value>118</Value>
      </HeartRateBpm>
      <Cadence>78</Cadence>
      <Extensions>
       <Speed>6.270000</Speed>
      </Extensions>
     </Trackpoint>
     <Trackpoint>
      <Time>2026-05-24T14:11:48Z</Time>
      <Position>
       <LatitudeDegrees>35.6988154</LatitudeDegrees>
       <LongitudeDegrees>139.7773199</LongitudeDegrees>
      </Position>
      <AltitudeMeters>15</AltitudeMeters>
      <DistanceMeters>1161</DistanceMeters>
      <HeartRateBpm>
       <Value>118</Value>
      </HeartRateBpm>
      <Cadence>78</Cadence>
      <Extensions>
       <Speed>6.340000</Speed>
      </Extensions>
     </Trackpoint>
     <Trackpoint>
      <Time>2026-05-24T14:11:49Z</Time>
      <Position>
       <LatitudeDegrees>35.6988169</LatitudeDegrees>
       <LongitudeDegrees>139.7772986</LongitudeDegrees>
      </Position>
      <AltitudeMeters>15</AltitudeMeters>
      <DistanceMeters>1163</DistanceMeters>
      <HeartRateBpm>
       <Value>119</Value>
      </HeartRateBpm>
      <Cadence>79</Cadence>
      <Extensions>
       <Speed>6.410000</Speed>
      </Extensions>
     </Trackpoint>
     <Trackpoint>
      <Time>2026-05-24T14:11:50Z</Time>
      <Position>
       <LatitudeDegrees>35.6988190</LatitudeDegrees>
       <LongitudeDegrees>139.7772772</LongitudeDegrees>
      </Position>
      <AltitudeMeters>15</AltitudeMeters>
      <DistanceMeters>1165</DistanceMeters>
      <HeartRateBpm>
       <Value>119</Value>
      </HeartRateBpm>
      <Cadence>79</Cadence>
      <Extensions>
       <Speed>6.450000</Speed>
      </Extensions>
     </Trackpoint>
     <Trackpoint>
      <Time>2026-05-24T14:11:51Z</Time>
      <Position>
       <LatitudeDegrees>35.6988212</LatitudeDegrees>
       <LongitudeDegrees>139.7772558</LongitudeDegrees>
      </Position>
      <AltitudeMeters>15</AltitudeMeters>
      <DistanceMeters>1167</DistanceMeters>
      <HeartRateBpm>
       <Value>119</Value>
      </HeartRateBpm>
      <Cadence>79</Cadence>
      <Extensions>
       <Speed>6.500000</Speed>
      </Extensions>
     </Trackpoint>
     <Trackpoint>
      <Time>2026-05-24T14:11:52Z</Time>
      <Position>
       <LatitudeDegrees>35.6988214</LatitudeDegrees>
       <LongitudeDegrees>139.7772347</LongitudeDegrees>
      </Position>
      <AltitudeMeters>15</AltitudeMeters>
      <DistanceMeters>1169</DistanceMeters>
      <HeartRateBpm>
       <Value>118</Value>
      </HeartRateBpm>
      <Cadence>79</Cadence>
      <Extensions>
       <Speed>6.560000</Speed>
      </Extensions>
     </Trackpoint>
     <Trackpoint>
      <Time>2026-05-24T14:11:53Z</Time>
      <Position>
       <LatitudeDegrees>35.6988216</LatitudeDegrees>
       <LongitudeDegrees>139.7772137</LongitudeDegrees>
      </Position>
      <AltitudeMeters>15</AltitudeMeters>
      <DistanceMeters>1171</DistanceMeters>
      <HeartRateBpm>
       <Value>118</Value>
      </HeartRateBpm>
      <Cadence>80</Cadence>
      <Extensions>
       <Speed>6.620000</Speed>
      </Extensions>
     </Trackpoint>
     <Trackpoint>
      <Time>2026-05-24T14:11:54Z</Time>
      <Position>
       <LatitudeDegrees>35.6988152</LatitudeDegrees>
       <LongitudeDegrees>139.7771933</LongitudeDegrees>
      </Position>
      <AltitudeMeters>15</AltitudeMeters>
      <DistanceMeters>1173</DistanceMeters>
      <HeartRateBpm>
       <Value>118</Value>
      </HeartRateBpm>
      <Cadence>80</Cadence>
      <Extensions>
       <Speed>6.640000</Speed>
      </Extensions>
     </Trackpoint>
     <Trackpoint>
      <Time>2026-05-24T14:11:55Z</Time>
      <Position>
       <LatitudeDegrees>35.6988089</LatitudeDegrees>
       <LongitudeDegrees>139.7771730</LongitudeDegrees>
      </Position>
      <AltitudeMeters>15</AltitudeMeters>
      <DistanceMeters>1175</DistanceMeters>
      <HeartRateBpm>
       <Value>118</Value>
      </HeartRateBpm>
      <Cadence>80</Cadence>
      <Extensions>
       <Speed>6.670000</Speed>
      </Extensions>
     </Trackpoint>
     <Trackpoint>
      <Time>2026-05-24T14:11:56Z</Time>
      <Position>
       <LatitudeDegrees>35.6987998</LatitudeDegrees>
       <LongitudeDegrees>139.7771542</LongitudeDegrees>
      </Position>
      <AltitudeMeters>15</AltitudeMeters>
      <DistanceMeters>1176</DistanceMeters>
      <HeartRateBpm>
       <Value>119</Value>
      </HeartRateBpm>
      <Cadence>79</Cadence>
      <Extensions>
       <Speed>6.680000</Speed>
      </Extensions>
     </Trackpoint>
     <Trackpoint>
      <Time>2026-05-24T14:11:57Z</Time>
      <Position>
       <LatitudeDegrees>35.6987907</LatitudeDegrees>
       <LongitudeDegrees>139.7771355</LongitudeDegrees>
      </Position>
      <AltitudeMeters>15</AltitudeMeters>
      <DistanceMeters>1178</DistanceMeters>
      <HeartRateBpm>
       <Value>119</Value>
      </HeartRateBpm>
      <Cadence>79</Cadence>
      <Extensions>
       <Speed>6.700000</Speed>
      </Extensions>
     </Trackpoint>
     <Trackpoint>
      <Time>2026-05-24T14:11:58Z</Time>
      <Position>
       <LatitudeDegrees>35.6987840</LatitudeDegrees>
       <LongitudeDegrees>139.7771182</LongitudeDegrees>
      </Position>
      <AltitudeMeters>15</AltitudeMeters>
      <DistanceMeters>1180</DistanceMeters>
      <HeartRateBpm>
       <Value>119</Value>
      </HeartRateBpm>
      <Cadence>79</Cadence>
      <Extensions>
       <Speed>6.710000</Speed>
      </Extensions>
     </Trackpoint>
     <Trackpoint>
      <Time>2026-05-24T14:11:59Z</Time>
      <Position>
       <LatitudeDegrees>35.6987774</LatitudeDegrees>
       <LongitudeDegrees>139.7771010</LongitudeDegrees>
      </Position>
      <AltitudeMeters>15</AltitudeMeters>
      <DistanceMeters>1181</DistanceMeters>
      <HeartRateBpm>
       <Value>120</Value>
      </HeartRateBpm>
      <Cadence>79</Cadence>
      <Extensions>
       <Speed>6.720000</Speed>
      </Extensions>
     </Trackpoint>
     <Trackpoint>
      <Time>2026-05-24T14:12:00Z</Time>
      <Position>
       <LatitudeDegrees>35.6987764</LatitudeDegrees>
       <LongitudeDegrees>139.7770842</LongitudeDegrees>
      </Position>
      <AltitudeMeters>15</AltitudeMeters>
      <DistanceMeters>1183</DistanceMeters>
      <HeartRateBpm>
       <Value>120</Value>
      </HeartRateBpm>
      <Cadence>78</Cadence>
      <Extensions>
       <Speed>6.720000</Speed>
      </Extensions>
     </Trackpoint>
     <Trackpoint>
      <Time>2026-05-24T14:12:01Z</Time>
      <Position>
       <LatitudeDegrees>35.6987755</LatitudeDegrees>
       <LongitudeDegrees>139.7770674</LongitudeDegrees>
      </Position>
      <AltitudeMeters>15</AltitudeMeters>
      <DistanceMeters>1185</DistanceMeters>
      <HeartRateBpm>
       <Value>120</Value>
      </HeartRateBpm>
      <Cadence>78</Cadence>
      <Extensions>
       <Speed>6.730000</Speed>
      </Extensions>
     </Trackpoint>
     <Trackpoint>
      <Time>2026-05-24T14:12:02Z</Time>
      <Position>
       <LatitudeDegrees>35.6987796</LatitudeDegrees>
       <LongitudeDegrees>139.7770497</LongitudeDegrees>
      </Position>
      <AltitudeMeters>15</AltitudeMeters>
      <DistanceMeters>1186</DistanceMeters>
      <HeartRateBpm>
       <Value>120</Value>
      </HeartRateBpm>
      <Cadence>78</Cadence>
      <Extensions>
       <Speed>6.730000</Speed>
      </Extensions>
     </Trackpoint>
     <Trackpoint>
      <Time>2026-05-24T14:12:03Z</Time>
      <Position>
       <LatitudeDegrees>35.6987838</LatitudeDegrees>
       <LongitudeDegrees>139.7770320</LongitudeDegrees>
      </Position>
      <AltitudeMeters>15</AltitudeMeters>
      <DistanceMeters>1188</DistanceMeters>
      <HeartRateBpm>
       <Value>120</Value>
      </HeartRateBpm>
      <Cadence>78</Cadence>
      <Extensions>
       <Speed>6.730000</Speed>
      </Extensions>
     </Trackpoint>
     <Trackpoint>
      <Time>2026-05-24T14:12:04Z</Time>
      <Position>
       <LatitudeDegrees>35.6987891</LatitudeDegrees>
       <LongitudeDegrees>139.7770154</LongitudeDegrees>
      </Position>
      <AltitudeMeters>15</AltitudeMeters>
      <DistanceMeters>1190</DistanceMeters>
      <HeartRateBpm>
       <Value>120</Value>
      </HeartRateBpm>
      <Cadence>78</Cadence>
      <Extensions>
       <Speed>6.740000</Speed>
      </Extensions>
     </Trackpoint>
     <Trackpoint>
      <Time>2026-05-24T14:12:05Z</Time>
      <Position>
       <LatitudeDegrees>35.6987945</LatitudeDegrees>
       <LongitudeDegrees>139.7769988</LongitudeDegrees>
      </Position>
      <AltitudeMeters>15</AltitudeMeters>
      <DistanceMeters>1191</DistanceMeters>
      <HeartRateBpm>
       <Value>120</Value>
      </HeartRateBpm>
      <Cadence>78</Cadence>
      <Extensions>
       <Speed>6.750000</Speed>
      </Extensions>
     </Trackpoint>
     <Trackpoint>
      <Time>2026-05-24T14:12:06Z</Time>
      <Position>
       <LatitudeDegrees>35.6987989</LatitudeDegrees>
       <LongitudeDegrees>139.7769835</LongitudeDegrees>
      </Position>
      <AltitudeMeters>15</AltitudeMeters>
      <DistanceMeters>1192</DistanceMeters>
      <HeartRateBpm>
       <Value>120</Value>
      </HeartRateBpm>
      <Cadence>78</Cadence>
      <Extensions>
       <Speed>6.730000</Speed>
      </Extensions>
     </Trackpoint>
     <Trackpoint>
      <Time>2026-05-24T14:12:07Z</Time>
      <Position>
       <LatitudeDegrees>35.6988033</LatitudeDegrees>
       <LongitudeDegrees>139.7769683</LongitudeDegrees>
      </Position>
      <AltitudeMeters>15</AltitudeMeters>
      <DistanceMeters>1193</DistanceMeters>
      <HeartRateBpm>
       <Value>120</Value>
      </HeartRateBpm>
      <Cadence>78</Cadence>
      <Extensions>
       <Speed>6.720000</Speed>
      </Extensions>
     </Trackpoint>
     <Trackpoint>
      <Time>2026-05-24T14:12:08Z</Time>
      <Position>
       <LatitudeDegrees>35.6988067</LatitudeDegrees>
       <LongitudeDegrees>139.7769519</LongitudeDegrees>
      </Position>
      <AltitudeMeters>15</AltitudeMeters>
      <DistanceMeters>1195</DistanceMeters>
      <HeartRateBpm>
       <Value>121</Value>
      </HeartRateBpm>
      <Cadence>78</Cadence>
      <Extensions>
       <Speed>6.700000</Speed>
      </Extensions>
     </Trackpoint>
     <Trackpoint>
      <Time>2026-05-24T14:12:09Z</Time>
      <Position>
       <LatitudeDegrees>35.6988101</LatitudeDegrees>
       <LongitudeDegrees>139.7769356</LongitudeDegrees>
      </Position>
      <AltitudeMeters>15</AltitudeMeters>
      <DistanceMeters>1197</DistanceMeters>
      <HeartRateBpm>
       <Value>121</Value>
      </HeartRateBpm>
      <Cadence>78</Cadence>
      <Extensions>
       <Speed>6.680000</Speed>
      </Extensions>
     </Trackpoint>
     <Trackpoint>
      <Time>2026-05-24T14:12:10Z</Time>
      <Position>
       <LatitudeDegrees>35.6988123</LatitudeDegrees>
       <LongitudeDegrees>139.7769172</LongitudeDegrees>
      </Position>
      <AltitudeMeters>15</AltitudeMeters>
      <DistanceMeters>1199</DistanceMeters>
      <HeartRateBpm>
       <Value>121</Value>
      </HeartRateBpm>
      <Cadence>78</Cadence>
      <Extensions>
       <Speed>6.660000</Speed>
      </Extensions>
     </Trackpoint>
     <Trackpoint>
      <Time>2026-05-24T14:12:11Z</Time>
      <Position>
       <LatitudeDegrees>35.6988145</LatitudeDegrees>
       <LongitudeDegrees>139.7768989</LongitudeDegrees>
      </Position>
      <AltitudeMeters>15</AltitudeMeters>
      <DistanceMeters>1201</DistanceMeters>
      <HeartRateBpm>
       <Value>122</Value>
      </HeartRateBpm>
      <Cadence>78</Cadence>
      <Extensions>
       <Speed>6.650000</Speed>
      </Extensions>
     </Trackpoint>
     <Trackpoint>
      <Time>2026-05-24T14:12:12Z</Time>
      <Position>
       <LatitudeDegrees>35.6988155</LatitudeDegrees>
       <LongitudeDegrees>139.7768806</LongitudeDegrees>
      </Position>
      <AltitudeMeters>15</AltitudeMeters>
      <DistanceMeters>1202</DistanceMeters>
      <HeartRateBpm>
       <Value>122</Value>
      </HeartRateBpm>
      <Cadence>77</Cadence>
      <Extensions>
       <Speed>6.610000</Speed>
      </Extensions>
     </Trackpoint>
     <Trackpoint>
      <Time>2026-05-24T14:12:13Z</Time>
      <Position>
       <LatitudeDegrees>35.6988165</LatitudeDegrees>
       <LongitudeDegrees>139.7768623</LongitudeDegrees>
      </Position>
      <AltitudeMeters>15</AltitudeMeters>
      <DistanceMeters>1203</DistanceMeters>
      <HeartRateBpm>
       <Value>122</Value>
      </HeartRateBpm>
      <Cadence>77</Cadence>
      <Extensions>
       <Speed>6.580000</Speed>
      </Extensions>
     </Trackpoint>
     <Trackpoint>
      <Time>2026-05-24T14:12:14Z</Time>
      <Position>
       <LatitudeDegrees>35.6988165</LatitudeDegrees>
       <LongitudeDegrees>139.7768421</LongitudeDegrees>
      </Position>
      <AltitudeMeters>15</AltitudeMeters>
      <DistanceMeters>1206</DistanceMeters>
      <HeartRateBpm>
       <Value>122</Value>
      </HeartRateBpm>
      <Cadence>77</Cadence>
      <Extensions>
       <Speed>6.560000</Speed>
      </Extensions>
     </Trackpoint>
     <Trackpoint>
      <Time>2026-05-24T14:12:15Z</Time>
      <Position>
       <LatitudeDegrees>35.6988165</LatitudeDegrees>
       <LongitudeDegrees>139.7768220</LongitudeDegrees>
      </Position>
      <AltitudeMeters>15</AltitudeMeters>
      <DistanceMeters>1208</DistanceMeters>
      <HeartRateBpm>
       <Value>122</Value>
      </HeartRateBpm>
      <Cadence>77</Cadence>
      <Extensions>
       <Speed>6.540000</Speed>
      </Extensions>
     </Trackpoint>
     <Trackpoint>
      <Time>2026-05-24T14:12:16Z</Time>
      <Position>
       <LatitudeDegrees>35.6988163</LatitudeDegrees>
       <LongitudeDegrees>139.7767998</LongitudeDegrees>
      </Position>
      <AltitudeMeters>15</AltitudeMeters>
      <DistanceMeters>1210</DistanceMeters>
      <HeartRateBpm>
       <Value>122</Value>
      </HeartRateBpm>
      <Cadence>77</Cadence>
      <Extensions>
       <Speed>6.510000</Speed>
      </Extensions>
     </Trackpoint>
     <Trackpoint>
      <Time>2026-05-24T14:12:17Z</Time>
      <Position>
       <LatitudeDegrees>35.6988162</LatitudeDegrees>
       <LongitudeDegrees>139.7767776</LongitudeDegrees>
      </Position>
      <AltitudeMeters>15</AltitudeMeters>
      <DistanceMeters>1212</DistanceMeters>
      <HeartRateBpm>
       <Value>122</Value>
      </HeartRateBpm>
      <Cadence>77</Cadence>
      <Extensions>
       <Speed>6.490000</Speed>
      </Extensions>
     </Trackpoint>
     <Trackpoint>
      <Time>2026-05-24T14:12:18Z</Time>
      <Position>
       <LatitudeDegrees>35.6988166</LatitudeDegrees>
       <LongitudeDegrees>139.7767571</LongitudeDegrees>
      </Position>
      <AltitudeMeters>15</AltitudeMeters>
      <DistanceMeters>1214</DistanceMeters>
      <HeartRateBpm>
       <Value>121</Value>
      </HeartRateBpm>
      <Cadence>77</Cadence>
      <Extensions>
       <Speed>6.490000</Speed>
      </Extensions>
     </Trackpoint>
     <Trackpoint>
      <Time>2026-05-24T14:12:19Z</Time>
      <Position>
       <LatitudeDegrees>35.6988170</LatitudeDegrees>
       <LongitudeDegrees>139.7767367</LongitudeDegrees>
      </Position>
      <AltitudeMeters>15</AltitudeMeters>
      <DistanceMeters>1215</DistanceMeters>
      <HeartRateBpm>
       <Value>122</Value>
      </HeartRateBpm>
      <Cadence>77</Cadence>
      <Extensions>
       <Speed>6.500000</Speed>
      </Extensions>
     </Trackpoint>
     <Trackpoint>
      <Time>2026-05-24T14:12:20Z</Time>
      <Position>
       <LatitudeDegrees>35.6988173</LatitudeDegrees>
       <LongitudeDegrees>139.7767189</LongitudeDegrees>
      </Position>
      <AltitudeMeters>15</AltitudeMeters>
      <DistanceMeters>1216</DistanceMeters>
      <HeartRateBpm>
       <Value>122</Value>
      </HeartRateBpm>
      <Cadence>77</Cadence>
      <Extensions>
       <Speed>6.500000</Speed>
      </Extensions>
     </Trackpoint>
     <Trackpoint>
      <Time>2026-05-24T14:12:21Z</Time>
      <Position>
       <LatitudeDegrees>35.6988177</LatitudeDegrees>
       <LongitudeDegrees>139.7767012</LongitudeDegrees>
      </Position>
      <AltitudeMeters>15</AltitudeMeters>
      <DistanceMeters>1218</DistanceMeters>
      <HeartRateBpm>
       <Value>122</Value>
      </HeartRateBpm>
      <Cadence>77</Cadence>
      <Extensions>
       <Speed>6.500000</Speed>
      </Extensions>
     </Trackpoint>
     <Trackpoint>
      <Time>2026-05-24T14:12:22Z</Time>
      <Position>
       <LatitudeDegrees>35.6988182</LatitudeDegrees>
       <LongitudeDegrees>139.7766847</LongitudeDegrees>
      </Position>
      <AltitudeMeters>15</AltitudeMeters>
      <DistanceMeters>1220</DistanceMeters>
      <HeartRateBpm>
       <Value>122</Value>
      </HeartRateBpm>
      <Cadence>77</Cadence>
      <Extensions>
       <Speed>6.490000</Speed>
      </Extensions>
     </Trackpoint>
     <Trackpoint>
      <Time>2026-05-24T14:12:23Z</Time>
      <Position>
       <LatitudeDegrees>35.6988187</LatitudeDegrees>
       <LongitudeDegrees>139.7766682</LongitudeDegrees>
      </Position>
      <AltitudeMeters>15</AltitudeMeters>
      <DistanceMeters>1221</DistanceMeters>
      <HeartRateBpm>
       <Value>121</Value>
      </HeartRateBpm>
      <Cadence>77</Cadence>
      <Extensions>
       <Speed>6.480000</Speed>
      </Extensions>
     </Trackpoint>
     <Trackpoint>
      <Time>2026-05-24T14:12:24Z</Time>
      <Position>
       <LatitudeDegrees>35.6988189</LatitudeDegrees>
       <LongitudeDegrees>139.7766516</LongitudeDegrees>
      </Position>
      <AltitudeMeters>15</AltitudeMeters>
      <DistanceMeters>1222</DistanceMeters>
      <HeartRateBpm>
       <Value>121</Value>
      </HeartRateBpm>
      <Cadence>77</Cadence>
      <Extensions>
       <Speed>6.460000</Speed>
      </Extensions>
     </Trackpoint>
     <Trackpoint>
      <Time>2026-05-24T14:12:25Z</Time>
      <Position>
       <LatitudeDegrees>35.6988192</LatitudeDegrees>
       <LongitudeDegrees>139.7766350</LongitudeDegrees>
      </Position>
      <AltitudeMeters>15</AltitudeMeters>
      <DistanceMeters>1224</DistanceMeters>
      <HeartRateBpm>
       <Value>121</Value>
      </HeartRateBpm>
      <Cadence>78</Cadence>
      <Extensions>
       <Speed>6.450000</Speed>
      </Extensions>
     </Trackpoint>
     <Trackpoint>
      <Time>2026-05-24T14:12:26Z</Time>
      <Position>
       <LatitudeDegrees>35.6988190</LatitudeDegrees>
       <LongitudeDegrees>139.7766172</LongitudeDegrees>
      </Position>
      <AltitudeMeters>15</AltitudeMeters>
      <DistanceMeters>1226</DistanceMeters>
      <HeartRateBpm>
       <Value>121</Value>
      </HeartRateBpm>
      <Cadence>78</Cadence>
      <Extensions>
       <Speed>6.430000</Speed>
      </Extensions>
     </Trackpoint>
     <Trackpoint>
      <Time>2026-05-24T14:12:27Z</Time>
      <Position>
       <LatitudeDegrees>35.6988188</LatitudeDegrees>
       <LongitudeDegrees>139.7765994</LongitudeDegrees>
      </Position>
      <AltitudeMeters>15</AltitudeMeters>
      <DistanceMeters>1228</DistanceMeters>
      <HeartRateBpm>
       <Value>121</Value>
      </HeartRateBpm>
      <Cadence>78</Cadence>
      <Extensions>
       <Speed>6.410000</Speed>
      </Extensions>
     </Trackpoint>
     <Trackpoint>
      <Time>2026-05-24T14:12:28Z</Time>
      <Position>
       <LatitudeDegrees>35.6988194</LatitudeDegrees>
       <LongitudeDegrees>139.7765796</LongitudeDegrees>
      </Position>
      <AltitudeMeters>15</AltitudeMeters>
      <DistanceMeters>1230</DistanceMeters>
      <HeartRateBpm>
       <Value>121</Value>
      </HeartRateBpm>
      <Cadence>78</Cadence>
      <Extensions>
       <Speed>6.400000</Speed>
      </Extensions>
     </Trackpoint>
     <Trackpoint>
      <Time>2026-05-24T14:12:29Z</Time>
      <Position>
       <LatitudeDegrees>35.6988200</LatitudeDegrees>
       <LongitudeDegrees>139.7765599</LongitudeDegrees>
      </Position>
      <AltitudeMeters>15</AltitudeMeters>
      <DistanceMeters>1232</DistanceMeters>
      <HeartRateBpm>
       <Value>121</Value>
      </HeartRateBpm>
      <Cadence>78</Cadence>
      <Extensions>
       <Speed>6.390000</Speed>
      </Extensions>
     </Trackpoint>
     <Trackpoint>
      <Time>2026-05-24T14:12:30Z</Time>
      <Position>
       <LatitudeDegrees>35.6988215</LatitudeDegrees>
       <LongitudeDegrees>139.7765401</LongitudeDegrees>
      </Position>
      <AltitudeMeters>15</AltitudeMeters>
      <DistanceMeters>1234</DistanceMeters>
      <HeartRateBpm>
       <Value>121</Value>
      </HeartRateBpm>
      <Cadence>77</Cadence>
      <Extensions>
       <Speed>6.380000</Speed>
      </Extensions>
     </Trackpoint>
     <Trackpoint>
      <Time>2026-05-24T14:12:31Z</Time>
      <Position>
       <LatitudeDegrees>35.6988230</LatitudeDegrees>
       <LongitudeDegrees>139.7765203</LongitudeDegrees>
      </Position>
      <AltitudeMeters>15</AltitudeMeters>
      <DistanceMeters>1235</DistanceMeters>
      <HeartRateBpm>
       <Value>121</Value>
      </HeartRateBpm>
      <Cadence>77</Cadence>
      <Extensions>
       <Speed>6.380000</Speed>
      </Extensions>
     </Trackpoint>
     <Trackpoint>
      <Time>2026-05-24T14:12:32Z</Time>
      <Position>
       <LatitudeDegrees>35.6988248</LatitudeDegrees>
       <LongitudeDegrees>139.7765004</LongitudeDegrees>
      </Position>
      <AltitudeMeters>15</AltitudeMeters>
      <DistanceMeters>1237</DistanceMeters>
      <HeartRateBpm>
       <Value>121</Value>
      </HeartRateBpm>
      <Cadence>77</Cadence>
      <Extensions>
       <Speed>6.360000</Speed>
      </Extensions>
     </Trackpoint>
     <Trackpoint>
      <Time>2026-05-24T14:12:33Z</Time>
      <Position>
       <LatitudeDegrees>35.6988267</LatitudeDegrees>
       <LongitudeDegrees>139.7764806</LongitudeDegrees>
      </Position>
      <AltitudeMeters>15</AltitudeMeters>
      <DistanceMeters>1239</DistanceMeters>
      <HeartRateBpm>
       <Value>121</Value>
      </HeartRateBpm>
      <Cadence>77</Cadence>
      <Extensions>
       <Speed>6.350000</Speed>
      </Extensions>
     </Trackpoint>
     <Trackpoint>
      <Time>2026-05-24T14:12:34Z</Time>
      <Position>
       <LatitudeDegrees>35.6988293</LatitudeDegrees>
       <LongitudeDegrees>139.7764608</LongitudeDegrees>
      </Position>
      <AltitudeMeters>15</AltitudeMeters>
      <DistanceMeters>1240</DistanceMeters>
      <HeartRateBpm>
       <Value>120</Value>
      </HeartRateBpm>
      <Cadence>77</Cadence>
      <Extensions>
       <Speed>6.340000</Speed>
      </Extensions>
     </Trackpoint>
     <Trackpoint>
      <Time>2026-05-24T14:12:35Z</Time>
      <Position>
       <LatitudeDegrees>35.6988319</LatitudeDegrees>
       <LongitudeDegrees>139.7764410</LongitudeDegrees>
      </Position>
      <AltitudeMeters>15</AltitudeMeters>
      <DistanceMeters>1242</DistanceMeters>
      <HeartRateBpm>
       <Value>120</Value>
      </HeartRateBpm>
      <Cadence>77</Cadence>
      <Extensions>
       <Speed>6.340000</Speed>
      </Extensions>
     </Trackpoint>
     <Trackpoint>
      <Time>2026-05-24T14:12:36Z</Time>
      <Position>
       <LatitudeDegrees>35.6988352</LatitudeDegrees>
       <LongitudeDegrees>139.7764232</LongitudeDegrees>
      </Position>
      <AltitudeMeters>15</AltitudeMeters>
      <DistanceMeters>1244</DistanceMeters>
      <HeartRateBpm>
       <Value>119</Value>
      </HeartRateBpm>
      <Cadence>77</Cadence>
      <Extensions>
       <Speed>6.340000</Speed>
      </Extensions>
     </Trackpoint>
     <Trackpoint>
      <Time>2026-05-24T14:12:37Z</Time>
      <Position>
       <LatitudeDegrees>35.6988385</LatitudeDegrees>
       <LongitudeDegrees>139.7764054</LongitudeDegrees>
      </Position>
      <AltitudeMeters>15</AltitudeMeters>
      <DistanceMeters>1245</DistanceMeters>
      <HeartRateBpm>
       <Value>119</Value>
      </HeartRateBpm>
      <Cadence>77</Cadence>
      <Extensions>
       <Speed>6.340000</Speed>
      </Extensions>
     </Trackpoint>
     <Trackpoint>
      <Time>2026-05-24T14:12:38Z</Time>
      <Position>
       <LatitudeDegrees>35.6988416</LatitudeDegrees>
       <LongitudeDegrees>139.7763896</LongitudeDegrees>
      </Position>
      <AltitudeMeters>15</AltitudeMeters>
      <DistanceMeters>1246</DistanceMeters>
      <HeartRateBpm>
       <Value>118</Value>
      </HeartRateBpm>
      <Cadence>77</Cadence>
      <Extensions>
       <Speed>6.330000</Speed>
      </Extensions>
     </Trackpoint>
     <Trackpoint>
      <Time>2026-05-24T14:12:39Z</Time>
      <Position>
       <LatitudeDegrees>35.6988448</LatitudeDegrees>
       <LongitudeDegrees>139.7763739</LongitudeDegrees>
      </Position>
      <AltitudeMeters>15</AltitudeMeters>
      <DistanceMeters>1248</DistanceMeters>
      <HeartRateBpm>
       <Value>117</Value>
      </HeartRateBpm>
      <Cadence>77</Cadence>
      <Extensions>
       <Speed>6.320000</Speed>
      </Extensions>
     </Trackpoint>
     <Trackpoint>
      <Time>2026-05-24T14:12:40Z</Time>
      <Position>
       <LatitudeDegrees>35.6988474</LatitudeDegrees>
       <LongitudeDegrees>139.7763581</LongitudeDegrees>
      </Position>
      <AltitudeMeters>15</AltitudeMeters>
      <DistanceMeters>1250</DistanceMeters>
      <HeartRateBpm>
       <Value>117</Value>
      </HeartRateBpm>
      <Cadence>77</Cadence>
      <Extensions>
       <Speed>6.310000</Speed>
      </Extensions>
     </Trackpoint>
     <Trackpoint>
      <Time>2026-05-24T14:12:41Z</Time>
      <Position>
       <LatitudeDegrees>35.6988500</LatitudeDegrees>
       <LongitudeDegrees>139.7763423</LongitudeDegrees>
      </Position>
      <AltitudeMeters>15</AltitudeMeters>
      <DistanceMeters>1251</DistanceMeters>
      <HeartRateBpm>
       <Value>117</Value>
      </HeartRateBpm>
      <Cadence>77</Cadence>
      <Extensions>
       <Speed>6.300000</Speed>
      </Extensions>
     </Trackpoint>
     <Trackpoint>
      <Time>2026-05-24T14:12:42Z</Time>
      <Position>
       <LatitudeDegrees>35.6988522</LatitudeDegrees>
       <LongitudeDegrees>139.7763261</LongitudeDegrees>
      </Position>
      <AltitudeMeters>15</AltitudeMeters>
      <DistanceMeters>1252</DistanceMeters>
      <HeartRateBpm>
       <Value>117</Value>
      </HeartRateBpm>
      <Cadence>77</Cadence>
      <Extensions>
       <Speed>6.280000</Speed>
      </Extensions>
     </Trackpoint>
     <Trackpoint>
      <Time>2026-05-24T14:12:43Z</Time>
      <Position>
       <LatitudeDegrees>35.6988545</LatitudeDegrees>
       <LongitudeDegrees>139.7763099</LongitudeDegrees>
      </Position>
      <AltitudeMeters>15</AltitudeMeters>
      <DistanceMeters>1254</DistanceMeters>
      <HeartRateBpm>
       <Value>116</Value>
      </HeartRateBpm>
      <Cadence>77</Cadence>
      <Extensions>
       <Speed>6.260000</Speed>
      </Extensions>
     </Trackpoint>
     <Trackpoint>
      <Time>2026-05-24T14:12:44Z</Time>
      <Position>
       <LatitudeDegrees>35.6988557</LatitudeDegrees>
       <LongitudeDegrees>139.7762931</LongitudeDegrees>
      </Position>
      <AltitudeMeters>16</AltitudeMeters>
      <DistanceMeters>1256</DistanceMeters>
      <HeartRateBpm>
       <Value>116</Value>
      </HeartRateBpm>
      <Cadence>76</Cadence>
      <Extensions>
       <Speed>6.220000</Speed>
      </Extensions>
     </Trackpoint>
     <Trackpoint>
      <Time>2026-05-24T14:12:45Z</Time>
      <Position>
       <LatitudeDegrees>35.6988570</LatitudeDegrees>
       <LongitudeDegrees>139.7762764</LongitudeDegrees>
      </Position>
      <AltitudeMeters>16</AltitudeMeters>
      <DistanceMeters>1257</DistanceMeters>
      <HeartRateBpm>
       <Value>115</Value>
      </HeartRateBpm>
      <Cadence>76</Cadence>
      <Extensions>
       <Speed>6.190000</Speed>
      </Extensions>
     </Trackpoint>
     <Trackpoint>
      <Time>2026-05-24T14:12:46Z</Time>
      <Position>
       <LatitudeDegrees>35.6988568</LatitudeDegrees>
       <LongitudeDegrees>139.7762586</LongitudeDegrees>
      </Position>
      <AltitudeMeters>16</AltitudeMeters>
      <DistanceMeters>1258</DistanceMeters>
      <HeartRateBpm>
       <Value>115</Value>
      </HeartRateBpm>
      <Cadence>76</Cadence>
      <Extensions>
       <Speed>6.170000</Speed>
      </Extensions>
     </Trackpoint>
     <Trackpoint>
      <Time>2026-05-24T14:12:47Z</Time>
      <Position>
       <LatitudeDegrees>35.6988566</LatitudeDegrees>
       <LongitudeDegrees>139.7762408</LongitudeDegrees>
      </Position>
      <AltitudeMeters>16</AltitudeMeters>
      <DistanceMeters>1260</DistanceMeters>
      <HeartRateBpm>
       <Value>115</Value>
      </HeartRateBpm>
      <Cadence>76</Cadence>
      <Extensions>
       <Speed>6.150000</Speed>
      </Extensions>
     </Trackpoint>
     <Trackpoint>
      <Time>2026-05-24T14:12:48Z</Time>
      <Position>
       <LatitudeDegrees>35.6988557</LatitudeDegrees>
       <LongitudeDegrees>139.7762231</LongitudeDegrees>
      </Position>
      <AltitudeMeters>16</AltitudeMeters>
      <DistanceMeters>1262</DistanceMeters>
      <HeartRateBpm>
       <Value>115</Value>
      </HeartRateBpm>
      <Cadence>76</Cadence>
      <Extensions>
       <Speed>6.140000</Speed>
      </Extensions>
     </Trackpoint>
     <Trackpoint>
      <Time>2026-05-24T14:12:49Z</Time>
      <Position>
       <LatitudeDegrees>35.6988549</LatitudeDegrees>
       <LongitudeDegrees>139.7762054</LongitudeDegrees>
      </Position>
      <AltitudeMeters>16</AltitudeMeters>
      <DistanceMeters>1264</DistanceMeters>
      <HeartRateBpm>
       <Value>114</Value>
      </HeartRateBpm>
      <Cadence>76</Cadence>
      <Extensions>
       <Speed>6.140000</Speed>
      </Extensions>
     </Trackpoint>
     <Trackpoint>
      <Time>2026-05-24T14:12:50Z</Time>
      <Position>
       <LatitudeDegrees>35.6988537</LatitudeDegrees>
       <LongitudeDegrees>139.7761875</LongitudeDegrees>
      </Position>
      <AltitudeMeters>16</AltitudeMeters>
      <DistanceMeters>1266</DistanceMeters>
      <HeartRateBpm>
       <Value>114</Value>
      </HeartRateBpm>
      <Cadence>75</Cadence>
      <Extensions>
       <Speed>6.110000</Speed>
      </Extensions>
     </Trackpoint>
     <Trackpoint>
      <Time>2026-05-24T14:12:51Z</Time>
      <Position>
       <LatitudeDegrees>35.6988525</LatitudeDegrees>
       <LongitudeDegrees>139.7761696</LongitudeDegrees>
      </Position>
      <AltitudeMeters>16</AltitudeMeters>
      <DistanceMeters>1267</DistanceMeters>
      <HeartRateBpm>
       <Value>114</Value>
      </HeartRateBpm>
      <Cadence>75</Cadence>
      <Extensions>
       <Speed>6.080000</Speed>
      </Extensions>
     </Trackpoint>
     <Trackpoint>
      <Time>2026-05-24T14:12:52Z</Time>
      <Position>
       <LatitudeDegrees>35.6988507</LatitudeDegrees>
       <LongitudeDegrees>139.7761526</LongitudeDegrees>
      </Position>
      <AltitudeMeters>16</AltitudeMeters>
      <DistanceMeters>1268</DistanceMeters>
      <HeartRateBpm>
       <Value>114</Value>
      </HeartRateBpm>
      <Cadence>74</Cadence>
      <Extensions>
       <Speed>6.060000</Speed>
      </Extensions>
     </Trackpoint>
     <Trackpoint>
      <Time>2026-05-24T14:12:53Z</Time>
      <Position>
       <LatitudeDegrees>35.6988489</LatitudeDegrees>
       <LongitudeDegrees>139.7761356</LongitudeDegrees>
      </Position>
      <AltitudeMeters>16</AltitudeMeters>
      <DistanceMeters>1270</DistanceMeters>
      <HeartRateBpm>
       <Value>114</Value>
      </HeartRateBpm>
      <Cadence>73</Cadence>
      <Extensions>
       <Speed>6.050000</Speed>
      </Extensions>
     </Trackpoint>
     <Trackpoint>
      <Time>2026-05-24T14:12:54Z</Time>
      <Position>
       <LatitudeDegrees>35.6988464</LatitudeDegrees>
       <LongitudeDegrees>139.7761173</LongitudeDegrees>
      </Position>
      <AltitudeMeters>16</AltitudeMeters>
      <DistanceMeters>1272</DistanceMeters>
      <HeartRateBpm>
       <Value>114</Value>
      </HeartRateBpm>
      <Cadence>73</Cadence>
      <Extensions>
       <Speed>6.020000</Speed>
      </Extensions>
     </Trackpoint>
     <Trackpoint>
      <Time>2026-05-24T14:12:55Z</Time>
      <Position>
       <LatitudeDegrees>35.6988439</LatitudeDegrees>
       <LongitudeDegrees>139.7760991</LongitudeDegrees>
      </Position>
      <AltitudeMeters>16</AltitudeMeters>
      <DistanceMeters>1274</DistanceMeters>
      <HeartRateBpm>
       <Value>113</Value>
      </HeartRateBpm>
      <Cadence>73</Cadence>
      <Extensions>
       <Speed>6.000000</Speed>
      </Extensions>
     </Trackpoint>
     <Trackpoint>
      <Time>2026-05-24T14:12:56Z</Time>
      <Position>
       <LatitudeDegrees>35.6988411</LatitudeDegrees>
       <LongitudeDegrees>139.7760773</LongitudeDegrees>
      </Position>
      <AltitudeMeters>16</AltitudeMeters>
      <DistanceMeters>1276</DistanceMeters>
      <HeartRateBpm>
       <Value>113</Value>
      </HeartRateBpm>
      <Cadence>72</Cadence>
      <Extensions>
       <Speed>5.990000</Speed>
      </Extensions>
     </Trackpoint>
     <Trackpoint>
      <Time>2026-05-24T14:12:57Z</Time>
      <Position>
       <LatitudeDegrees>35.6988383</LatitudeDegrees>
       <LongitudeDegrees>139.7760555</LongitudeDegrees>
      </Position>
      <AltitudeMeters>16</AltitudeMeters>
      <DistanceMeters>1279</DistanceMeters>
      <HeartRateBpm>
       <Value>113</Value>
      </HeartRateBpm>
      <Cadence>72</Cadence>
      <Extensions>
       <Speed>5.980000</Speed>
      </Extensions>
     </Trackpoint>
     <Trackpoint>
      <Time>2026-05-24T14:12:58Z</Time>
      <Position>
       <LatitudeDegrees>35.6988363</LatitudeDegrees>
       <LongitudeDegrees>139.7760316</LongitudeDegrees>
      </Position>
      <AltitudeMeters>16</AltitudeMeters>
      <DistanceMeters>1280</DistanceMeters>
      <HeartRateBpm>
       <Value>113</Value>
      </HeartRateBpm>
      <Cadence>71</Cadence>
      <Extensions>
       <Speed>5.980000</Speed>
      </Extensions>
     </Trackpoint>
     <Trackpoint>
      <Time>2026-05-24T14:12:59Z</Time>
      <Position>
       <LatitudeDegrees>35.6988344</LatitudeDegrees>
       <LongitudeDegrees>139.7760077</LongitudeDegrees>
      </Position>
      <AltitudeMeters>16</AltitudeMeters>
      <DistanceMeters>1282</DistanceMeters>
      <HeartRateBpm>
       <Value>113</Value>
      </HeartRateBpm>
      <Cadence>71</Cadence>
      <Extensions>
       <Speed>5.990000</Speed>
      </Extensions>
     </Trackpoint>
     <Trackpoint>
      <Time>2026-05-24T14:13:00Z</Time>
      <Position>
       <LatitudeDegrees>35.6988338</LatitudeDegrees>
       <LongitudeDegrees>139.7759863</LongitudeDegrees>
      </Position>
      <AltitudeMeters>16</AltitudeMeters>
      <DistanceMeters>1284</DistanceMeters>
      <HeartRateBpm>
       <Value>113</Value>
      </HeartRateBpm>
      <Cadence>71</Cadence>
      <Extensions>
       <Speed>6.000000</Speed>
      </Extensions>
     </Trackpoint>
     <Trackpoint>
      <Time>2026-05-24T14:13:01Z</Time>
      <Position>
       <LatitudeDegrees>35.6988332</LatitudeDegrees>
       <LongitudeDegrees>139.7759650</LongitudeDegrees>
      </Position>
      <AltitudeMeters>16</AltitudeMeters>
      <DistanceMeters>1285</DistanceMeters>
      <HeartRateBpm>
       <Value>114</Value>
      </HeartRateBpm>
      <Cadence>70</Cadence>
      <Extensions>
       <Speed>6.010000</Speed>
      </Extensions>
     </Trackpoint>
     <Trackpoint>
      <Time>2026-05-24T14:13:02Z</Time>
      <Position>
       <LatitudeDegrees>35.6988340</LatitudeDegrees>
       <LongitudeDegrees>139.7759472</LongitudeDegrees>
      </Position>
      <AltitudeMeters>16</AltitudeMeters>
      <DistanceMeters>1286</DistanceMeters>
      <HeartRateBpm>
       <Value>116</Value>
      </HeartRateBpm>
      <Cadence>70</Cadence>
      <Extensions>
       <Speed>6.010000</Speed>
      </Extensions>
     </Trackpoint>
     <Trackpoint>
      <Time>2026-05-24T14:13:03Z</Time>
      <Position>
       <LatitudeDegrees>35.6988349</LatitudeDegrees>
       <LongitudeDegrees>139.7759295</LongitudeDegrees>
      </Position>
      <AltitudeMeters>16</AltitudeMeters>
      <DistanceMeters>1288</DistanceMeters>
      <HeartRateBpm>
       <Value>118</Value>
      </HeartRateBpm>
      <Cadence>71</Cadence>
      <Extensions>
       <Speed>6.020000</Speed>
      </Extensions>
     </Trackpoint>
     <Trackpoint>
      <Time>2026-05-24T14:13:04Z</Time>
      <Position>
       <LatitudeDegrees>35.6988366</LatitudeDegrees>
       <LongitudeDegrees>139.7759131</LongitudeDegrees>
      </Position>
      <AltitudeMeters>16</AltitudeMeters>
      <DistanceMeters>1290</DistanceMeters>
      <HeartRateBpm>
       <Value>120</Value>
      </HeartRateBpm>
      <Cadence>71</Cadence>
      <Extensions>
       <Speed>6.020000</Speed>
      </Extensions>
     </Trackpoint>
     <Trackpoint>
      <Time>2026-05-24T14:13:05Z</Time>
      <Position>
       <LatitudeDegrees>35.6988384</LatitudeDegrees>
       <LongitudeDegrees>139.7758967</LongitudeDegrees>
      </Position>
      <AltitudeMeters>16</AltitudeMeters>
      <DistanceMeters>1291</DistanceMeters>
      <HeartRateBpm>
       <Value>121</Value>
      </HeartRateBpm>
      <Cadence>72</Cadence>
      <Extensions>
       <Speed>6.030000</Speed>
      </Extensions>
     </Trackpoint>
     <Trackpoint>
      <Time>2026-05-24T14:13:06Z</Time>
      <Position>
       <LatitudeDegrees>35.6988390</LatitudeDegrees>
       <LongitudeDegrees>139.7758811</LongitudeDegrees>
      </Position>
      <AltitudeMeters>16</AltitudeMeters>
      <DistanceMeters>1292</DistanceMeters>
      <HeartRateBpm>
       <Value>121</Value>
      </HeartRateBpm>
      <Cadence>72</Cadence>
      <Extensions>
       <Speed>6.020000</Speed>
      </Extensions>
     </Trackpoint>
     <Trackpoint>
      <Time>2026-05-24T14:13:07Z</Time>
      <Position>
       <LatitudeDegrees>35.6988396</LatitudeDegrees>
       <LongitudeDegrees>139.7758655</LongitudeDegrees>
      </Position>
      <AltitudeMeters>16</AltitudeMeters>
      <DistanceMeters>1294</DistanceMeters>
      <HeartRateBpm>
       <Value>122</Value>
      </HeartRateBpm>
      <Cadence>72</Cadence>
      <Extensions>
       <Speed>6.010000</Speed>
      </Extensions>
     </Trackpoint>
     <Trackpoint>
      <Time>2026-05-24T14:13:08Z</Time>
      <Position>
       <LatitudeDegrees>35.6988395</LatitudeDegrees>
       <LongitudeDegrees>139.7758498</LongitudeDegrees>
      </Position>
      <AltitudeMeters>16</AltitudeMeters>
      <DistanceMeters>1296</DistanceMeters>
      <HeartRateBpm>
       <Value>122</Value>
      </HeartRateBpm>
      <Cadence>72</Cadence>
      <Extensions>
       <Speed>6.000000</Speed>
      </Extensions>
     </Trackpoint>
     <Trackpoint>
      <Time>2026-05-24T14:13:09Z</Time>
      <Position>
       <LatitudeDegrees>35.6988394</LatitudeDegrees>
       <LongitudeDegrees>139.7758342</LongitudeDegrees>
      </Position>
      <AltitudeMeters>16</AltitudeMeters>
      <DistanceMeters>1297</DistanceMeters>
      <HeartRateBpm>
       <Value>122</Value>
      </HeartRateBpm>
      <Cadence>73</Cadence>
      <Extensions>
       <Speed>6.000000</Speed>
      </Extensions>
     </Trackpoint>
     <Trackpoint>
      <Time>2026-05-24T14:13:10Z</Time>
      <Position>
       <LatitudeDegrees>35.6988385</LatitudeDegrees>
       <LongitudeDegrees>139.7758177</LongitudeDegrees>
      </Position>
      <AltitudeMeters>16</AltitudeMeters>
      <DistanceMeters>1298</DistanceMeters>
      <HeartRateBpm>
       <Value>122</Value>
      </HeartRateBpm>
      <Cadence>75</Cadence>
      <Extensions>
       <Speed>5.990000</Speed>
      </Extensions>
     </Trackpoint>
     <Trackpoint>
      <Time>2026-05-24T14:13:11Z</Time>
      <Position>
       <LatitudeDegrees>35.6988376</LatitudeDegrees>
       <LongitudeDegrees>139.7758013</LongitudeDegrees>
      </Position>
      <AltitudeMeters>16</AltitudeMeters>
      <DistanceMeters>1300</DistanceMeters>
      <HeartRateBpm>
       <Value>123</Value>
      </HeartRateBpm>
      <Cadence>76</Cadence>
      <Extensions>
       <Speed>5.990000</Speed>
      </Extensions>
     </Trackpoint>
     <Trackpoint>
      <Time>2026-05-24T14:13:12Z</Time>
      <Position>
       <LatitudeDegrees>35.6988363</LatitudeDegrees>
       <LongitudeDegrees>139.7757837</LongitudeDegrees>
      </Position>
      <AltitudeMeters>16</AltitudeMeters>
      <DistanceMeters>1302</DistanceMeters>
      <HeartRateBpm>
       <Value>123</Value>
      </HeartRateBpm>
      <Cadence>77</Cadence>
      <Extensions>
       <Speed>5.980000</Speed>
      </Extensions>
     </Trackpoint>
     <Trackpoint>
      <Time>2026-05-24T14:13:13Z</Time>
      <Position>
       <LatitudeDegrees>35.6988350</LatitudeDegrees>
       <LongitudeDegrees>139.7757661</LongitudeDegrees>
      </Position>
      <AltitudeMeters>16</AltitudeMeters>
      <DistanceMeters>1303</DistanceMeters>
      <HeartRateBpm>
       <Value>123</Value>
      </HeartRateBpm>
      <Cadence>77</Cadence>
      <Extensions>
       <Speed>5.980000</Speed>
      </Extensions>
     </Trackpoint>
     <Trackpoint>
      <Time>2026-05-24T14:13:14Z</Time>
      <Position>
       <LatitudeDegrees>35.6988331</LatitudeDegrees>
       <LongitudeDegrees>139.7757461</LongitudeDegrees>
      </Position>
      <AltitudeMeters>16</AltitudeMeters>
      <DistanceMeters>1306</DistanceMeters>
      <HeartRateBpm>
       <Value>123</Value>
      </HeartRateBpm>
      <Cadence>77</Cadence>
      <Extensions>
       <Speed>5.980000</Speed>
      </Extensions>
     </Trackpoint>
     <Trackpoint>
      <Time>2026-05-24T14:13:15Z</Time>
      <Position>
       <LatitudeDegrees>35.6988312</LatitudeDegrees>
       <LongitudeDegrees>139.7757261</LongitudeDegrees>
      </Position>
      <AltitudeMeters>16</AltitudeMeters>
      <DistanceMeters>1308</DistanceMeters>
      <HeartRateBpm>
       <Value>122</Value>
      </HeartRateBpm>
      <Cadence>78</Cadence>
      <Extensions>
       <Speed>5.980000</Speed>
      </Extensions>
     </Trackpoint>
     <Trackpoint>
      <Time>2026-05-24T14:13:16Z</Time>
      <Position>
       <LatitudeDegrees>35.6988281</LatitudeDegrees>
       <LongitudeDegrees>139.7757046</LongitudeDegrees>
      </Position>
      <AltitudeMeters>16</AltitudeMeters>
      <DistanceMeters>1310</DistanceMeters>
      <HeartRateBpm>
       <Value>122</Value>
      </HeartRateBpm>
      <Cadence>78</Cadence>
      <Extensions>
       <Speed>5.980000</Speed>
      </Extensions>
     </Trackpoint>
     <Trackpoint>
      <Time>2026-05-24T14:13:17Z</Time>
      <Position>
       <LatitudeDegrees>35.6988250</LatitudeDegrees>
       <LongitudeDegrees>139.7756831</LongitudeDegrees>
      </Position>
      <AltitudeMeters>16</AltitudeMeters>
      <DistanceMeters>1312</DistanceMeters>
      <HeartRateBpm>
       <Value>122</Value>
      </HeartRateBpm>
      <Cadence>78</Cadence>
      <Extensions>
       <Speed>5.990000</Speed>
      </Extensions>
     </Trackpoint>
     <Trackpoint>
      <Time>2026-05-24T14:13:18Z</Time>
      <Position>
       <LatitudeDegrees>35.6988181</LatitudeDegrees>
       <LongitudeDegrees>139.7756618</LongitudeDegrees>
      </Position>
      <AltitudeMeters>16</AltitudeMeters>
      <DistanceMeters>1314</DistanceMeters>
      <HeartRateBpm>
       <Value>123</Value>
      </HeartRateBpm>
      <Cadence>77</Cadence>
      <Extensions>
       <Speed>6.000000</Speed>
      </Extensions>
     </Trackpoint>
     <Trackpoint>
      <Time>2026-05-24T14:13:19Z</Time>
      <Position>
       <LatitudeDegrees>35.6988113</LatitudeDegrees>
       <LongitudeDegrees>139.7756406</LongitudeDegrees>
      </Position>
      <AltitudeMeters>16</AltitudeMeters>
      <DistanceMeters>1316</DistanceMeters>
      <HeartRateBpm>
       <Value>123</Value>
      </HeartRateBpm>
      <Cadence>77</Cadence>
      <Extensions>
       <Speed>6.020000</Speed>
      </Extensions>
     </Trackpoint>
     <Trackpoint>
      <Time>2026-05-24T14:13:20Z</Time>
      <Position>
       <LatitudeDegrees>35.6988023</LatitudeDegrees>
       <LongitudeDegrees>139.7756212</LongitudeDegrees>
      </Position>
      <AltitudeMeters>16</AltitudeMeters>
      <DistanceMeters>1318</DistanceMeters>
      <HeartRateBpm>
       <Value>123</Value>
      </HeartRateBpm>
      <Cadence>77</Cadence>
      <Extensions>
       <Speed>6.030000</Speed>
      </Extensions>
     </Trackpoint>
     <Trackpoint>
      <Time>2026-05-24T14:13:21Z</Time>
      <Position>
       <LatitudeDegrees>35.6987934</LatitudeDegrees>
       <LongitudeDegrees>139.7756018</LongitudeDegrees>
      </Position>
      <AltitudeMeters>16</AltitudeMeters>
      <DistanceMeters>1320</DistanceMeters>
      <HeartRateBpm>
       <Value>124</Value>
      </HeartRateBpm>
      <Cadence>77</Cadence>
      <Extensions>
       <Speed>6.050000</Speed>
      </Extensions>
     </Trackpoint>
     <Trackpoint>
      <Time>2026-05-24T14:13:22Z</Time>
      <Position>
       <LatitudeDegrees>35.6987837</LatitudeDegrees>
       <LongitudeDegrees>139.7755867</LongitudeDegrees>
      </Position>
      <AltitudeMeters>16</AltitudeMeters>
      <DistanceMeters>1321</DistanceMeters>
      <HeartRateBpm>
       <Value>124</Value>
      </HeartRateBpm>
      <Cadence>77</Cadence>
      <Extensions>
       <Speed>6.070000</Speed>
      </Extensions>
     </Trackpoint>
     <Trackpoint>
      <Time>2026-05-24T14:13:23Z</Time>
      <Position>
       <LatitudeDegrees>35.6987740</LatitudeDegrees>
       <LongitudeDegrees>139.7755717</LongitudeDegrees>
      </Position>
      <AltitudeMeters>16</AltitudeMeters>
      <DistanceMeters>1322</DistanceMeters>
      <HeartRateBpm>
       <Value>124</Value>
      </HeartRateBpm>
      <Cadence>77</Cadence>
      <Extensions>
       <Speed>6.090000</Speed>
      </Extensions>
     </Trackpoint>
     <Trackpoint>
      <Time>2026-05-24T14:13:24Z</Time>
      <Position>
       <LatitudeDegrees>35.6987633</LatitudeDegrees>
       <LongitudeDegrees>139.7755635</LongitudeDegrees>
      </Position>
      <AltitudeMeters>16</AltitudeMeters>
      <DistanceMeters>1324</DistanceMeters>
      <HeartRateBpm>
       <Value>124</Value>
      </HeartRateBpm>
      <Cadence>77</Cadence>
      <Extensions>
       <Speed>6.100000</Speed>
      </Extensions>
     </Trackpoint>
     <Trackpoint>
      <Time>2026-05-24T14:13:25Z</Time>
      <Position>
       <LatitudeDegrees>35.6987526</LatitudeDegrees>
       <LongitudeDegrees>139.7755553</LongitudeDegrees>
      </Position>
      <AltitudeMeters>16</AltitudeMeters>
      <DistanceMeters>1325</DistanceMeters>
      <HeartRateBpm>
       <Value>124</Value>
      </HeartRateBpm>
      <Cadence>77</Cadence>
      <Extensions>
       <Speed>6.120000</Speed>
      </Extensions>
     </Trackpoint>
     <Trackpoint>
      <Time>2026-05-24T14:13:26Z</Time>
      <Position>
       <LatitudeDegrees>35.6987413</LatitudeDegrees>
       <LongitudeDegrees>139.7755533</LongitudeDegrees>
      </Position>
      <AltitudeMeters>16</AltitudeMeters>
      <DistanceMeters>1326</DistanceMeters>
      <HeartRateBpm>
       <Value>124</Value>
      </HeartRateBpm>
      <Cadence>77</Cadence>
      <Extensions>
       <Speed>6.130000</Speed>
      </Extensions>
     </Trackpoint>
     <Trackpoint>
      <Time>2026-05-24T14:13:27Z</Time>
      <Position>
       <LatitudeDegrees>35.6987301</LatitudeDegrees>
       <LongitudeDegrees>139.7755514</LongitudeDegrees>
      </Position>
      <AltitudeMeters>16</AltitudeMeters>
      <DistanceMeters>1328</DistanceMeters>
      <HeartRateBpm>
       <Value>124</Value>
      </HeartRateBpm>
      <Cadence>77</Cadence>
      <Extensions>
       <Speed>6.150000</Speed>
      </Extensions>
     </Trackpoint>
     <Trackpoint>
      <Time>2026-05-24T14:13:28Z</Time>
      <Position>
       <LatitudeDegrees>35.6987178</LatitudeDegrees>
       <LongitudeDegrees>139.7755519</LongitudeDegrees>
      </Position>
      <AltitudeMeters>16</AltitudeMeters>
      <DistanceMeters>1330</DistanceMeters>
      <HeartRateBpm>
       <Value>124</Value>
      </HeartRateBpm>
      <Cadence>77</Cadence>
      <Extensions>
       <Speed>6.160000</Speed>
      </Extensions>
     </Trackpoint>
     <Trackpoint>
      <Time>2026-05-24T14:13:29Z</Time>
      <Position>
       <LatitudeDegrees>35.6987055</LatitudeDegrees>
       <LongitudeDegrees>139.7755525</LongitudeDegrees>
      </Position>
      <AltitudeMeters>16</AltitudeMeters>
      <DistanceMeters>1331</DistanceMeters>
      <HeartRateBpm>
       <Value>124</Value>
      </HeartRateBpm>
      <Cadence>77</Cadence>
      <Extensions>
       <Speed>6.170000</Speed>
      </Extensions>
     </Trackpoint>
     <Trackpoint>
      <Time>2026-05-24T14:13:30Z</Time>
      <Position>
       <LatitudeDegrees>35.6986920</LatitudeDegrees>
       <LongitudeDegrees>139.7755522</LongitudeDegrees>
      </Position>
      <AltitudeMeters>16</AltitudeMeters>
      <DistanceMeters>1332</DistanceMeters>
      <HeartRateBpm>
       <Value>124</Value>
      </HeartRateBpm>
      <Cadence>77</Cadence>
      <Extensions>
       <Speed>6.170000</Speed>
      </Extensions>
     </Trackpoint>
     <Trackpoint>
      <Time>2026-05-24T14:13:31Z</Time>
      <Position>
       <LatitudeDegrees>35.6986785</LatitudeDegrees>
       <LongitudeDegrees>139.7755520</LongitudeDegrees>
      </Position>
      <AltitudeMeters>16</AltitudeMeters>
      <DistanceMeters>1334</DistanceMeters>
      <HeartRateBpm>
       <Value>124</Value>
      </HeartRateBpm>
      <Cadence>77</Cadence>
      <Extensions>
       <Speed>6.180000</Speed>
      </Extensions>
     </Trackpoint>
     <Trackpoint>
      <Time>2026-05-24T14:13:32Z</Time>
      <Position>
       <LatitudeDegrees>35.6986646</LatitudeDegrees>
       <LongitudeDegrees>139.7755501</LongitudeDegrees>
      </Position>
      <AltitudeMeters>16</AltitudeMeters>
      <DistanceMeters>1336</DistanceMeters>
      <HeartRateBpm>
       <Value>124</Value>
      </HeartRateBpm>
      <Cadence>77</Cadence>
      <Extensions>
       <Speed>6.180000</Speed>
      </Extensions>
     </Trackpoint>
     <Trackpoint>
      <Time>2026-05-24T14:13:33Z</Time>
      <Position>
       <LatitudeDegrees>35.6986507</LatitudeDegrees>
       <LongitudeDegrees>139.7755483</LongitudeDegrees>
      </Position>
      <AltitudeMeters>16</AltitudeMeters>
      <DistanceMeters>1337</DistanceMeters>
      <HeartRateBpm>
       <Value>123</Value>
      </HeartRateBpm>
      <Cadence>77</Cadence>
      <Extensions>
       <Speed>6.190000</Speed>
      </Extensions>
     </Trackpoint>
     <Trackpoint>
      <Time>2026-05-24T14:13:34Z</Time>
      <Position>
       <LatitudeDegrees>35.6986358</LatitudeDegrees>
       <LongitudeDegrees>139.7755467</LongitudeDegrees>
      </Position>
      <AltitudeMeters>16</AltitudeMeters>
      <DistanceMeters>1338</DistanceMeters>
      <HeartRateBpm>
       <Value>123</Value>
      </HeartRateBpm>
      <Cadence>77</Cadence>
      <Extensions>
       <Speed>6.190000</Speed>
      </Extensions>
     </Trackpoint>
     <Trackpoint>
      <Time>2026-05-24T14:13:35Z</Time>
      <Position>
       <LatitudeDegrees>35.6986210</LatitudeDegrees>
       <LongitudeDegrees>139.7755451</LongitudeDegrees>
      </Position>
      <AltitudeMeters>16</AltitudeMeters>
      <DistanceMeters>1340</DistanceMeters>
      <HeartRateBpm>
       <Value>123</Value>
      </HeartRateBpm>
      <Cadence>77</Cadence>
      <Extensions>
       <Speed>6.200000</Speed>
      </Extensions>
     </Trackpoint>
     <Trackpoint>
      <Time>2026-05-24T14:13:36Z</Time>
      <Position>
       <LatitudeDegrees>35.6986055</LatitudeDegrees>
       <LongitudeDegrees>139.7755441</LongitudeDegrees>
      </Position>
      <AltitudeMeters>16</AltitudeMeters>
      <DistanceMeters>1342</DistanceMeters>
      <HeartRateBpm>
       <Value>123</Value>
      </HeartRateBpm>
      <Cadence>76</Cadence>
      <Extensions>
       <Speed>6.200000</Speed>
      </Extensions>
     </Trackpoint>
     <Trackpoint>
      <Time>2026-05-24T14:13:37Z</Time>
      <Position>
       <LatitudeDegrees>35.6985900</LatitudeDegrees>
       <LongitudeDegrees>139.7755431</LongitudeDegrees>
      </Position>
      <AltitudeMeters>16</AltitudeMeters>
      <DistanceMeters>1344</DistanceMeters>
      <HeartRateBpm>
       <Value>123</Value>
      </HeartRateBpm>
      <Cadence>76</Cadence>
      <Extensions>
       <Speed>6.210000</Speed>
      </Extensions>
     </Trackpoint>
     <Trackpoint>
      <Time>2026-05-24T14:13:38Z</Time>
      <Position>
       <LatitudeDegrees>35.6985743</LatitudeDegrees>
       <LongitudeDegrees>139.7755424</LongitudeDegrees>
      </Position>
      <AltitudeMeters>16</AltitudeMeters>
      <DistanceMeters>1346</DistanceMeters>
      <HeartRateBpm>
       <Value>123</Value>
      </HeartRateBpm>
      <Cadence>76</Cadence>
      <Extensions>
       <Speed>6.220000</Speed>
      </Extensions>
     </Trackpoint>
     <Trackpoint>
      <Time>2026-05-24T14:13:39Z</Time>
      <Position>
       <LatitudeDegrees>35.6985586</LatitudeDegrees>
       <LongitudeDegrees>139.7755418</LongitudeDegrees>
      </Position>
      <AltitudeMeters>16</AltitudeMeters>
      <DistanceMeters>1347</DistanceMeters>
      <HeartRateBpm>
       <Value>123</Value>
      </HeartRateBpm>
      <Cadence>77</Cadence>
      <Extensions>
       <Speed>6.230000</Speed>
      </Extensions>
     </Trackpoint>
     <Trackpoint>
      <Time>2026-05-24T14:13:40Z</Time>
      <Position>
       <LatitudeDegrees>35.6985428</LatitudeDegrees>
       <LongitudeDegrees>139.7755432</LongitudeDegrees>
      </Position>
      <AltitudeMeters>16</AltitudeMeters>
      <DistanceMeters>1349</DistanceMeters>
      <HeartRateBpm>
       <Value>124</Value>
      </HeartRateBpm>
      <Cadence>77</Cadence>
      <Extensions>
       <Speed>6.230000</Speed>
      </Extensions>
     </Trackpoint>
     <Trackpoint>
      <Time>2026-05-24T14:13:41Z</Time>
      <Position>
       <LatitudeDegrees>35.6985270</LatitudeDegrees>
       <LongitudeDegrees>139.7755447</LongitudeDegrees>
      </Position>
      <AltitudeMeters>16</AltitudeMeters>
      <DistanceMeters>1351</DistanceMeters>
      <HeartRateBpm>
       <Value>123</Value>
      </HeartRateBpm>
      <Cadence>77</Cadence>
      <Extensions>
       <Speed>6.240000</Speed>
      </Extensions>
     </Trackpoint>
     <Trackpoint>
      <Time>2026-05-24T14:13:42Z</Time>
      <Position>
       <LatitudeDegrees>35.6985114</LatitudeDegrees>
       <LongitudeDegrees>139.7755470</LongitudeDegrees>
      </Position>
      <AltitudeMeters>16</AltitudeMeters>
      <DistanceMeters>1352</DistanceMeters>
      <HeartRateBpm>
       <Value>123</Value>
      </HeartRateBpm>
      <Cadence>77</Cadence>
      <Extensions>
       <Speed>6.240000</Speed>
      </Extensions>
     </Trackpoint>
     <Trackpoint>
      <Time>2026-05-24T14:13:43Z</Time>
      <Position>
       <LatitudeDegrees>35.6984959</LatitudeDegrees>
       <LongitudeDegrees>139.7755493</LongitudeDegrees>
      </Position>
      <AltitudeMeters>16</AltitudeMeters>
      <DistanceMeters>1354</DistanceMeters>
      <HeartRateBpm>
       <Value>123</Value>
      </HeartRateBpm>
      <Cadence>77</Cadence>
      <Extensions>
       <Speed>6.250000</Speed>
      </Extensions>
     </Trackpoint>
     <Trackpoint>
      <Time>2026-05-24T14:13:44Z</Time>
      <Position>
       <LatitudeDegrees>35.6984817</LatitudeDegrees>
       <LongitudeDegrees>139.7755504</LongitudeDegrees>
      </Position>
      <AltitudeMeters>16</AltitudeMeters>
      <DistanceMeters>1356</DistanceMeters>
      <HeartRateBpm>
       <Value>123</Value>
      </HeartRateBpm>
      <Cadence>77</Cadence>
      <Extensions>
       <Speed>6.250000</Speed>
      </Extensions>
     </Trackpoint>
     <Trackpoint>
      <Time>2026-05-24T14:13:45Z</Time>
      <Position>
       <LatitudeDegrees>35.6984676</LatitudeDegrees>
       <LongitudeDegrees>139.7755516</LongitudeDegrees>
      </Position>
      <AltitudeMeters>16</AltitudeMeters>
      <DistanceMeters>1357</DistanceMeters>
      <HeartRateBpm>
       <Value>123</Value>
      </HeartRateBpm>
      <Cadence>77</Cadence>
      <Extensions>
       <Speed>6.260000</Speed>
      </Extensions>
     </Trackpoint>
     <Trackpoint>
      <Time>2026-05-24T14:13:46Z</Time>
      <Position>
       <LatitudeDegrees>35.6984543</LatitudeDegrees>
       <LongitudeDegrees>139.7755518</LongitudeDegrees>
      </Position>
      <AltitudeMeters>16</AltitudeMeters>
      <DistanceMeters>1358</DistanceMeters>
      <HeartRateBpm>
       <Value>123</Value>
      </HeartRateBpm>
      <Cadence>77</Cadence>
      <Extensions>
       <Speed>6.260000</Speed>
      </Extensions>
     </Trackpoint>
     <Trackpoint>
      <Time>2026-05-24T14:13:47Z</Time>
      <Position>
       <LatitudeDegrees>35.6984411</LatitudeDegrees>
       <LongitudeDegrees>139.7755521</LongitudeDegrees>
      </Position>
      <AltitudeMeters>16</AltitudeMeters>
      <DistanceMeters>1360</DistanceMeters>
      <HeartRateBpm>
       <Value>123</Value>
      </HeartRateBpm>
      <Cadence>77</Cadence>
      <Extensions>
       <Speed>6.270000</Speed>
      </Extensions>
     </Trackpoint>
     <Trackpoint>
      <Time>2026-05-24T14:13:48Z</Time>
      <Position>
       <LatitudeDegrees>35.6984269</LatitudeDegrees>
       <LongitudeDegrees>139.7755514</LongitudeDegrees>
      </Position>
      <AltitudeMeters>16</AltitudeMeters>
      <DistanceMeters>1362</DistanceMeters>
      <HeartRateBpm>
       <Value>122</Value>
      </HeartRateBpm>
      <Cadence>77</Cadence>
      <Extensions>
       <Speed>6.270000</Speed>
      </Extensions>
     </Trackpoint>
     <Trackpoint>
      <Time>2026-05-24T14:13:49Z</Time>
      <Position>
       <LatitudeDegrees>35.6984128</LatitudeDegrees>
       <LongitudeDegrees>139.7755508</LongitudeDegrees>
      </Position>
      <AltitudeMeters>16</AltitudeMeters>
      <DistanceMeters>1364</DistanceMeters>
      <HeartRateBpm>
       <Value>122</Value>
      </HeartRateBpm>
      <Cadence>77</Cadence>
      <Extensions>
       <Speed>6.280000</Speed>
      </Extensions>
     </Trackpoint>
     <Trackpoint>
      <Time>2026-05-24T14:13:50Z</Time>
      <Position>
       <LatitudeDegrees>35.6983972</LatitudeDegrees>
       <LongitudeDegrees>139.7755513</LongitudeDegrees>
      </Position>
      <AltitudeMeters>16</AltitudeMeters>
      <DistanceMeters>1366</DistanceMeters>
      <HeartRateBpm>
       <Value>122</Value>
      </HeartRateBpm>
      <Cadence>77</Cadence>
      <Extensions>
       <Speed>6.270000</Speed>
      </Extensions>
     </Trackpoint>
     <Trackpoint>
      <Time>2026-05-24T14:13:51Z</Time>
      <Position>
       <LatitudeDegrees>35.6983817</LatitudeDegrees>
       <LongitudeDegrees>139.7755518</LongitudeDegrees>
      </Position>
      <AltitudeMeters>16</AltitudeMeters>
      <DistanceMeters>1367</DistanceMeters>
      <HeartRateBpm>
       <Value>122</Value>
      </HeartRateBpm>
      <Cadence>77</Cadence>
      <Extensions>
       <Speed>6.270000</Speed>
      </Extensions>
     </Trackpoint>
     <Trackpoint>
      <Time>2026-05-24T14:13:52Z</Time>
      <Position>
       <LatitudeDegrees>35.6983665</LatitudeDegrees>
       <LongitudeDegrees>139.7755548</LongitudeDegrees>
      </Position>
      <AltitudeMeters>16</AltitudeMeters>
      <DistanceMeters>1368</DistanceMeters>
      <HeartRateBpm>
       <Value>122</Value>
      </HeartRateBpm>
      <Cadence>77</Cadence>
      <Extensions>
       <Speed>6.270000</Speed>
      </Extensions>
     </Trackpoint>
     <Trackpoint>
      <Time>2026-05-24T14:13:53Z</Time>
      <Position>
       <LatitudeDegrees>35.6983513</LatitudeDegrees>
       <LongitudeDegrees>139.7755579</LongitudeDegrees>
      </Position>
      <AltitudeMeters>16</AltitudeMeters>
      <DistanceMeters>1370</DistanceMeters>
      <HeartRateBpm>
       <Value>122</Value>
      </HeartRateBpm>
      <Cadence>77</Cadence>
      <Extensions>
       <Speed>6.270000</Speed>
      </Extensions>
     </Trackpoint>
     <Trackpoint>
      <Time>2026-05-24T14:13:54Z</Time>
      <Position>
       <LatitudeDegrees>35.6983373</LatitudeDegrees>
       <LongitudeDegrees>139.7755617</LongitudeDegrees>
      </Position>
      <AltitudeMeters>16</AltitudeMeters>
      <DistanceMeters>1372</DistanceMeters>
      <HeartRateBpm>
       <Value>122</Value>
      </HeartRateBpm>
      <Cadence>77</Cadence>
      <Extensions>
       <Speed>6.260000</Speed>
      </Extensions>
     </Trackpoint>
     <Trackpoint>
      <Time>2026-05-24T14:13:55Z</Time>
      <Position>
       <LatitudeDegrees>35.6983233</LatitudeDegrees>
       <LongitudeDegrees>139.7755656</LongitudeDegrees>
      </Position>
      <AltitudeMeters>16</AltitudeMeters>
      <DistanceMeters>1373</DistanceMeters>
      <HeartRateBpm>
       <Value>122</Value>
      </HeartRateBpm>
      <Cadence>78</Cadence>
      <Extensions>
       <Speed>6.260000</Speed>
      </Extensions>
     </Trackpoint>
     <Trackpoint>
      <Time>2026-05-24T14:13:56Z</Time>
      <Position>
       <LatitudeDegrees>35.6983091</LatitudeDegrees>
       <LongitudeDegrees>139.7755670</LongitudeDegrees>
      </Position>
      <AltitudeMeters>16</AltitudeMeters>
      <DistanceMeters>1375</DistanceMeters>
      <HeartRateBpm>
       <Value>122</Value>
      </HeartRateBpm>
      <Cadence>78</Cadence>
      <Extensions>
       <Speed>6.240000</Speed>
      </Extensions>
     </Trackpoint>
     <Trackpoint>
      <Time>2026-05-24T14:13:57Z</Time>
      <Position>
       <LatitudeDegrees>35.6982949</LatitudeDegrees>
       <LongitudeDegrees>139.7755685</LongitudeDegrees>
      </Position>
      <AltitudeMeters>16</AltitudeMeters>
      <DistanceMeters>1377</DistanceMeters>
      <HeartRateBpm>
       <Value>122</Value>
      </HeartRateBpm>
      <Cadence>78</Cadence>
      <Extensions>
       <Speed>6.230000</Speed>
      </Extensions>
     </Trackpoint>
     <Trackpoint>
      <Time>2026-05-24T14:13:58Z</Time>
      <Position>
       <LatitudeDegrees>35.6982828</LatitudeDegrees>
       <LongitudeDegrees>139.7755645</LongitudeDegrees>
      </Position>
      <AltitudeMeters>16</AltitudeMeters>
      <DistanceMeters>1378</DistanceMeters>
      <HeartRateBpm>
       <Value>122</Value>
      </HeartRateBpm>
      <Cadence>78</Cadence>
      <Extensions>
       <Speed>6.220000</Speed>
      </Extensions>
     </Trackpoint>
     <Trackpoint>
      <Time>2026-05-24T14:13:59Z</Time>
      <Position>
       <LatitudeDegrees>35.6982708</LatitudeDegrees>
       <LongitudeDegrees>139.7755605</LongitudeDegrees>
      </Position>
      <AltitudeMeters>16</AltitudeMeters>
      <DistanceMeters>1379</DistanceMeters>
      <HeartRateBpm>
       <Value>122</Value>
      </HeartRateBpm>
      <Cadence>79</Cadence>
      <Extensions>
       <Speed>6.210000</Speed>
      </Extensions>
     </Trackpoint>
     <Trackpoint>
      <Time>2026-05-24T14:14:00Z</Time>
      <Position>
       <LatitudeDegrees>35.6982606</LatitudeDegrees>
       <LongitudeDegrees>139.7755527</LongitudeDegrees>
      </Position>
      <AltitudeMeters>16</AltitudeMeters>
      <DistanceMeters>1380</DistanceMeters>
      <HeartRateBpm>
       <Value>122</Value>
      </HeartRateBpm>
      <Cadence>79</Cadence>
      <Extensions>
       <Speed>6.190000</Speed>
      </Extensions>
     </Trackpoint>
     <Trackpoint>
      <Time>2026-05-24T14:14:01Z</Time>
      <Position>
       <LatitudeDegrees>35.6982504</LatitudeDegrees>
       <LongitudeDegrees>139.7755450</LongitudeDegrees>
      </Position>
      <AltitudeMeters>16</AltitudeMeters>
      <DistanceMeters>1382</DistanceMeters>
      <HeartRateBpm>
       <Value>123</Value>
      </HeartRateBpm>
      <Cadence>80</Cadence>
      <Extensions>
       <Speed>6.180000</Speed>
      </Extensions>
     </Trackpoint>
     <Trackpoint>
      <Time>2026-05-24T14:14:02Z</Time>
      <Position>
       <LatitudeDegrees>35.6982478</LatitudeDegrees>
       <LongitudeDegrees>139.7755449</LongitudeDegrees>
      </Position>
      <AltitudeMeters>16</AltitudeMeters>
      <DistanceMeters>1382</DistanceMeters>
      <HeartRateBpm>
       <Value>123</Value>
      </HeartRateBpm>
      <Cadence>80</Cadence>
      <Extensions>
       <Speed>6.190000</Speed>
      </Extensions>
     </Trackpoint>
     <Trackpoint>
      <Time>2026-05-24T14:14:03Z</Time>
      <Position>
       <LatitudeDegrees>35.6982452</LatitudeDegrees>
       <LongitudeDegrees>139.7755449</LongitudeDegrees>
      </Position>
      <AltitudeMeters>16</AltitudeMeters>
      <DistanceMeters>1382</DistanceMeters>
      <HeartRateBpm>
       <Value>123</Value>
      </HeartRateBpm>
      <Cadence>80</Cadence>
      <Extensions>
       <Speed>6.210000</Speed>
      </Extensions>
     </Trackpoint>
     <Trackpoint>
      <Time>2026-05-24T14:14:04Z</Time>
      <Position>
       <LatitudeDegrees>35.6982426</LatitudeDegrees>
       <LongitudeDegrees>139.7755449</LongitudeDegrees>
      </Position>
      <AltitudeMeters>17</AltitudeMeters>
      <DistanceMeters>1382</DistanceMeters>
      <HeartRateBpm>
       <Value>124</Value>
      </HeartRateBpm>
      <Cadence>80</Cadence>
      <Extensions>
       <Speed>6.220000</Speed>
      </Extensions>
     </Trackpoint>
     <Trackpoint>
      <Time>2026-05-24T14:14:05Z</Time>
      <Position>
       <LatitudeDegrees>35.6982401</LatitudeDegrees>
       <LongitudeDegrees>139.7755449</LongitudeDegrees>
      </Position>
      <AltitudeMeters>17</AltitudeMeters>
      <DistanceMeters>1382</DistanceMeters>
      <HeartRateBpm>
       <Value>124</Value>
      </HeartRateBpm>
      <Cadence>81</Cadence>
      <Extensions>
       <Speed>6.230000</Speed>
      </Extensions>
     </Trackpoint>
     <Trackpoint>
      <Time>2026-05-24T14:14:06Z</Time>
      <Position>
       <LatitudeDegrees>35.6982339</LatitudeDegrees>
       <LongitudeDegrees>139.7755378</LongitudeDegrees>
      </Position>
      <AltitudeMeters>17</AltitudeMeters>
      <DistanceMeters>1382</DistanceMeters>
      <HeartRateBpm>
       <Value>125</Value>
      </HeartRateBpm>
      <Cadence>81</Cadence>
      <Extensions>
       <Speed>6.230000</Speed>
      </Extensions>
     </Trackpoint>
     <Trackpoint>
      <Time>2026-05-24T14:14:07Z</Time>
      <Position>
       <LatitudeDegrees>35.6982278</LatitudeDegrees>
       <LongitudeDegrees>139.7755307</LongitudeDegrees>
      </Position>
      <AltitudeMeters>17</AltitudeMeters>
      <DistanceMeters>1382</DistanceMeters>
      <HeartRateBpm>
       <Value>125</Value>
      </HeartRateBpm>
      <Cadence>81</Cadence>
      <Extensions>
       <Speed>6.230000</Speed>
      </Extensions>
     </Trackpoint>
     <Trackpoint>
      <Time>2026-05-24T14:14:08Z</Time>
      <Position>
       <LatitudeDegrees>35.6982242</LatitudeDegrees>
       <LongitudeDegrees>139.7755127</LongitudeDegrees>
      </Position>
      <AltitudeMeters>17</AltitudeMeters>
      <DistanceMeters>1386</DistanceMeters>
      <HeartRateBpm>
       <Value>126</Value>
      </HeartRateBpm>
      <Cadence>81</Cadence>
      <Extensions>
       <Speed>6.530000</Speed>
      </Extensions>
     </Trackpoint>
     <Trackpoint>
      <Time>2026-05-24T14:14:09Z</Time>
      <Position>
       <LatitudeDegrees>35.6982207</LatitudeDegrees>
       <LongitudeDegrees>139.7754947</LongitudeDegrees>
      </Position>
      <AltitudeMeters>17</AltitudeMeters>
      <DistanceMeters>1390</DistanceMeters>
      <HeartRateBpm>
       <Value>126</Value>
      </HeartRateBpm>
      <Cadence>81</Cadence>
      <Extensions>
       <Speed>6.830000</Speed>
      </Extensions>
     </Trackpoint>
     <Trackpoint>
      <Time>2026-05-24T14:14:10Z</Time>
      <Position>
       <LatitudeDegrees>35.6982127</LatitudeDegrees>
       <LongitudeDegrees>139.7754862</LongitudeDegrees>
      </Position>
      <AltitudeMeters>17</AltitudeMeters>
      <DistanceMeters>1390</DistanceMeters>
      <HeartRateBpm>
       <Value>126</Value>
      </HeartRateBpm>
      <Cadence>80</Cadence>
      <Extensions>
       <Speed>6.830000</Speed>
      </Extensions>
     </Trackpoint>
     <Trackpoint>
      <Time>2026-05-24T14:14:11Z</Time>
      <Position>
       <LatitudeDegrees>35.6982048</LatitudeDegrees>
       <LongitudeDegrees>139.7754778</LongitudeDegrees>
      </Position>
      <AltitudeMeters>17</AltitudeMeters>
      <DistanceMeters>1390</DistanceMeters>
      <HeartRateBpm>
       <Value>126</Value>
      </HeartRateBpm>
      <Cadence>80</Cadence>
      <Extensions>
       <Speed>6.830000</Speed>
      </Extensions>
     </Trackpoint>
     <Trackpoint>
      <Time>2026-05-24T14:14:12Z</Time>
      <Position>
       <LatitudeDegrees>35.6981976</LatitudeDegrees>
       <LongitudeDegrees>139.7754716</LongitudeDegrees>
      </Position>
      <AltitudeMeters>17</AltitudeMeters>
      <DistanceMeters>1390</DistanceMeters>
      <HeartRateBpm>
       <Value>126</Value>
      </HeartRateBpm>
      <Cadence>80</Cadence>
      <Extensions>
       <Speed>6.750000</Speed>
      </Extensions>
     </Trackpoint>
     <Trackpoint>
      <Time>2026-05-24T14:14:13Z</Time>
      <Position>
       <LatitudeDegrees>35.6981904</LatitudeDegrees>
       <LongitudeDegrees>139.7754654</LongitudeDegrees>
      </Position>
      <AltitudeMeters>17</AltitudeMeters>
      <DistanceMeters>1391</DistanceMeters>
      <HeartRateBpm>
       <Value>126</Value>
      </HeartRateBpm>
      <Cadence>79</Cadence>
      <Extensions>
       <Speed>6.680000</Speed>
      </Extensions>
     </Trackpoint>
     <Trackpoint>
      <Time>2026-05-24T14:14:14Z</Time>
      <Position>
       <LatitudeDegrees>35.6981906</LatitudeDegrees>
       <LongitudeDegrees>139.7754545</LongitudeDegrees>
      </Position>
      <AltitudeMeters>17</AltitudeMeters>
      <DistanceMeters>1393</DistanceMeters>
      <HeartRateBpm>
       <Value>125</Value>
      </HeartRateBpm>
      <Cadence>79</Cadence>
      <Extensions>
       <Speed>6.630000</Speed>
      </Extensions>
     </Trackpoint>
     <Trackpoint>
      <Time>2026-05-24T14:14:15Z</Time>
      <Position>
       <LatitudeDegrees>35.6981908</LatitudeDegrees>
       <LongitudeDegrees>139.7754437</LongitudeDegrees>
      </Position>
      <AltitudeMeters>16</AltitudeMeters>
      <DistanceMeters>1395</DistanceMeters>
      <HeartRateBpm>
       <Value>125</Value>
      </HeartRateBpm>
      <Cadence>79</Cadence>
      <Extensions>
       <Speed>6.580000</Speed>
      </Extensions>
     </Trackpoint>
     <Trackpoint>
      <Time>2026-05-24T14:14:16Z</Time>
      <Position>
       <LatitudeDegrees>35.6981960</LatitudeDegrees>
       <LongitudeDegrees>139.7754286</LongitudeDegrees>
      </Position>
      <AltitudeMeters>16</AltitudeMeters>
      <DistanceMeters>1397</DistanceMeters>
      <HeartRateBpm>
       <Value>125</Value>
      </HeartRateBpm>
      <Cadence>79</Cadence>
      <Extensions>
       <Speed>6.520000</Speed>
      </Extensions>
     </Trackpoint>
     <Trackpoint>
      <Time>2026-05-24T14:14:17Z</Time>
      <Position>
       <LatitudeDegrees>35.6982013</LatitudeDegrees>
       <LongitudeDegrees>139.7754136</LongitudeDegrees>
      </Position>
      <AltitudeMeters>16</AltitudeMeters>
      <DistanceMeters>1399</DistanceMeters>
      <HeartRateBpm>
       <Value>125</Value>
      </HeartRateBpm>
      <Cadence>79</Cadence>
      <Extensions>
       <Speed>6.470000</Speed>
      </Extensions>
     </Trackpoint>
     <Trackpoint>
      <Time>2026-05-24T14:14:18Z</Time>
      <Position>
       <LatitudeDegrees>35.6982090</LatitudeDegrees>
       <LongitudeDegrees>139.7753955</LongitudeDegrees>
      </Position>
      <AltitudeMeters>16</AltitudeMeters>
      <DistanceMeters>1401</DistanceMeters>
      <HeartRateBpm>
       <Value>126</Value>
      </HeartRateBpm>
      <Cadence>79</Cadence>
      <Extensions>
       <Speed>6.460000</Speed>
      </Extensions>
     </Trackpoint>
     <Trackpoint>
      <Time>2026-05-24T14:14:19Z</Time>
      <Position>
       <LatitudeDegrees>35.6982168</LatitudeDegrees>
       <LongitudeDegrees>139.7753774</LongitudeDegrees>
      </Position>
      <AltitudeMeters>16</AltitudeMeters>
      <DistanceMeters>1403</DistanceMeters>
      <HeartRateBpm>
       <Value>126</Value>
      </HeartRateBpm>
      <Cadence>79</Cadence>
      <Extensions>
       <Speed>6.450000</Speed>
      </Extensions>
     </Trackpoint>
     <Trackpoint>
      <Time>2026-05-24T14:14:20Z</Time>
      <Position>
       <LatitudeDegrees>35.6982203</LatitudeDegrees>
       <LongitudeDegrees>139.7753547</LongitudeDegrees>
      </Position>
      <AltitudeMeters>16</AltitudeMeters>
      <DistanceMeters>1405</DistanceMeters>
      <HeartRateBpm>
       <Value>126</Value>
      </HeartRateBpm>
      <Cadence>79</Cadence>
      <Extensions>
       <Speed>6.420000</Speed>
      </Extensions>
     </Trackpoint>
     <Trackpoint>
      <Time>2026-05-24T14:14:21Z</Time>
      <Position>
       <LatitudeDegrees>35.6982239</LatitudeDegrees>
       <LongitudeDegrees>139.7753321</LongitudeDegrees>
      </Position>
      <AltitudeMeters>16</AltitudeMeters>
      <DistanceMeters>1407</DistanceMeters>
      <HeartRateBpm>
       <Value>126</Value>
      </HeartRateBpm>
      <Cadence>79</Cadence>
      <Extensions>
       <Speed>6.400000</Speed>
      </Extensions>
     </Trackpoint>
     <Trackpoint>
      <Time>2026-05-24T14:14:22Z</Time>
      <Position>
       <LatitudeDegrees>35.6982223</LatitudeDegrees>
       <LongitudeDegrees>139.7753071</LongitudeDegrees>
      </Position>
      <AltitudeMeters>16</AltitudeMeters>
      <DistanceMeters>1410</DistanceMeters>
      <HeartRateBpm>
       <Value>127</Value>
      </HeartRateBpm>
      <Cadence>78</Cadence>
      <Extensions>
       <Speed>6.400000</Speed>
      </Extensions>
     </Trackpoint>
     <Trackpoint>
      <Time>2026-05-24T14:14:23Z</Time>
      <Position>
       <LatitudeDegrees>35.6982207</LatitudeDegrees>
       <LongitudeDegrees>139.7752822</LongitudeDegrees>
      </Position>
      <AltitudeMeters>16</AltitudeMeters>
      <DistanceMeters>1412</DistanceMeters>
      <HeartRateBpm>
       <Value>127</Value>
      </HeartRateBpm>
      <Cadence>78</Cadence>
      <Extensions>
       <Speed>6.400000</Speed>
      </Extensions>
     </Trackpoint>
     <Trackpoint>
      <Time>2026-05-24T14:14:24Z</Time>
      <Position>
       <LatitudeDegrees>35.6982173</LatitudeDegrees>
       <LongitudeDegrees>139.7752576</LongitudeDegrees>
      </Position>
      <AltitudeMeters>17</AltitudeMeters>
      <DistanceMeters>1414</DistanceMeters>
      <HeartRateBpm>
       <Value>127</Value>
      </HeartRateBpm>
      <Cadence>78</Cadence>
      <Extensions>
       <Speed>6.420000</Speed>
      </Extensions>
     </Trackpoint>
     <Trackpoint>
      <Time>2026-05-24T14:14:25Z</Time>
      <Position>
       <LatitudeDegrees>35.6982140</LatitudeDegrees>
       <LongitudeDegrees>139.7752330</LongitudeDegrees>
      </Position>
      <AltitudeMeters>17</AltitudeMeters>
      <DistanceMeters>1416</DistanceMeters>
      <HeartRateBpm>
       <Value>127</Value>
      </HeartRateBpm>
      <Cadence>78</Cadence>
      <Extensions>
       <Speed>6.450000</Speed>
      </Extensions>
     </Trackpoint>
     <Trackpoint>
      <Time>2026-05-24T14:14:26Z</Time>
      <Position>
       <LatitudeDegrees>35.6982060</LatitudeDegrees>
       <LongitudeDegrees>139.7752056</LongitudeDegrees>
      </Position>
      <AltitudeMeters>17</AltitudeMeters>
      <DistanceMeters>1420</DistanceMeters>
      <HeartRateBpm>
       <Value>127</Value>
      </HeartRateBpm>
      <Cadence>78</Cadence>
      <Extensions>
       <Speed>6.470000</Speed>
      </Extensions>
     </Trackpoint>
     <Trackpoint>
      <Time>2026-05-24T14:14:27Z</Time>
      <Position>
       <LatitudeDegrees>35.6981980</LatitudeDegrees>
       <LongitudeDegrees>139.7751783</LongitudeDegrees>
      </Position>
      <AltitudeMeters>17</AltitudeMeters>
      <DistanceMeters>1423</DistanceMeters>
      <HeartRateBpm>
       <Value>127</Value>
      </HeartRateBpm>
      <Cadence>78</Cadence>
      <Extensions>
       <Speed>6.500000</Speed>
      </Extensions>
     </Trackpoint>
     <Trackpoint>
      <Time>2026-05-24T14:14:28Z</Time>
      <Position>
       <LatitudeDegrees>35.6981856</LatitudeDegrees>
       <LongitudeDegrees>139.7751483</LongitudeDegrees>
      </Position>
      <AltitudeMeters>17</AltitudeMeters>
      <DistanceMeters>1426</DistanceMeters>
      <HeartRateBpm>
       <Value>128</Value>
      </HeartRateBpm>
      <Cadence>78</Cadence>
      <Extensions>
       <Speed>6.530000</Speed>
      </Extensions>
     </Trackpoint>
     <Trackpoint>
      <Time>2026-05-24T14:14:29Z</Time>
      <Position>
       <LatitudeDegrees>35.6981732</LatitudeDegrees>
       <LongitudeDegrees>139.7751184</LongitudeDegrees>
      </Position>
      <AltitudeMeters>17</AltitudeMeters>
      <DistanceMeters>1429</DistanceMeters>
      <HeartRateBpm>
       <Value>128</Value>
      </HeartRateBpm>
      <Cadence>78</Cadence>
      <Extensions>
       <Speed>6.570000</Speed>
      </Extensions>
     </Trackpoint>
     <Trackpoint>
      <Time>2026-05-24T14:14:30Z</Time>
      <Position>
       <LatitudeDegrees>35.6981580</LatitudeDegrees>
       <LongitudeDegrees>139.7750852</LongitudeDegrees>
      </Position>
      <AltitudeMeters>17</AltitudeMeters>
      <DistanceMeters>1434</DistanceMeters>
      <HeartRateBpm>
       <Value>128</Value>
      </HeartRateBpm>
      <Cadence>78</Cadence>
      <Extensions>
       <Speed>6.590000</Speed>
      </Extensions>
     </Trackpoint>
     <Trackpoint>
      <Time>2026-05-24T14:14:31Z</Time>
      <Position>
       <LatitudeDegrees>35.6981429</LatitudeDegrees>
       <LongitudeDegrees>139.7750521</LongitudeDegrees>
      </Position>
      <AltitudeMeters>17</AltitudeMeters>
      <DistanceMeters>1438</DistanceMeters>
      <HeartRateBpm>
       <Value>128</Value>
      </HeartRateBpm>
      <Cadence>78</Cadence>
      <Extensions>
       <Speed>6.620000</Speed>
      </Extensions>
     </Trackpoint>
     <Trackpoint>
      <Time>2026-05-24T14:14:32Z</Time>
      <Position>
       <LatitudeDegrees>35.6981229</LatitudeDegrees>
       <LongitudeDegrees>139.7750113</LongitudeDegrees>
      </Position>
      <AltitudeMeters>17</AltitudeMeters>
      <DistanceMeters>1442</DistanceMeters>
      <HeartRateBpm>
       <Value>128</Value>
      </HeartRateBpm>
      <Cadence>78</Cadence>
      <Extensions>
       <Speed>6.630000</Speed>
      </Extensions>
     </Trackpoint>
     <Trackpoint>
      <Time>2026-05-24T14:14:33Z</Time>
      <Position>
       <LatitudeDegrees>35.6981030</LatitudeDegrees>
       <LongitudeDegrees>139.7749705</LongitudeDegrees>
      </Position>
      <AltitudeMeters>17</AltitudeMeters>
      <DistanceMeters>1447</DistanceMeters>
      <HeartRateBpm>
       <Value>128</Value>
      </HeartRateBpm>
      <Cadence>78</Cadence>
      <Extensions>
       <Speed>6.650000</Speed>
      </Extensions>
     </Trackpoint>
     <Trackpoint>
      <Time>2026-05-24T14:14:34Z</Time>
      <Position>
       <LatitudeDegrees>35.6980814</LatitudeDegrees>
       <LongitudeDegrees>139.7749367</LongitudeDegrees>
      </Position>
      <AltitudeMeters>17</AltitudeMeters>
      <DistanceMeters>1450</DistanceMeters>
      <HeartRateBpm>
       <Value>127</Value>
      </HeartRateBpm>
      <Cadence>78</Cadence>
      <Extensions>
       <Speed>6.650000</Speed>
      </Extensions>
     </Trackpoint>
     <Trackpoint>
      <Time>2026-05-24T14:14:35Z</Time>
      <Position>
       <LatitudeDegrees>35.6980598</LatitudeDegrees>
       <LongitudeDegrees>139.7749030</LongitudeDegrees>
      </Position>
      <AltitudeMeters>17</AltitudeMeters>
      <DistanceMeters>1452</DistanceMeters>
      <HeartRateBpm>
       <Value>127</Value>
      </HeartRateBpm>
      <Cadence>78</Cadence>
      <Extensions>
       <Speed>6.660000</Speed>
      </Extensions>
     </Trackpoint>
     <Trackpoint>
      <Time>2026-05-24T14:14:36Z</Time>
      <Position>
       <LatitudeDegrees>35.6980392</LatitudeDegrees>
       <LongitudeDegrees>139.7748849</LongitudeDegrees>
      </Position>
      <AltitudeMeters>17</AltitudeMeters>
      <DistanceMeters>1454</DistanceMeters>
      <HeartRateBpm>
       <Value>127</Value>
      </HeartRateBpm>
      <Cadence>78</Cadence>
      <Extensions>
       <Speed>6.660000</Speed>
      </Extensions>
     </Trackpoint>
     <Trackpoint>
      <Time>2026-05-24T14:14:37Z</Time>
      <Position>
       <LatitudeDegrees>35.6980186</LatitudeDegrees>
       <LongitudeDegrees>139.7748669</LongitudeDegrees>
      </Position>
      <AltitudeMeters>17</AltitudeMeters>
      <DistanceMeters>1456</DistanceMeters>
      <HeartRateBpm>
       <Value>126</Value>
      </HeartRateBpm>
      <Cadence>78</Cadence>
      <Extensions>
       <Speed>6.670000</Speed>
      </Extensions>
     </Trackpoint>
     <Trackpoint>
      <Time>2026-05-24T14:14:38Z</Time>
      <Position>
       <LatitudeDegrees>35.6980000</LatitudeDegrees>
       <LongitudeDegrees>139.7748602</LongitudeDegrees>
      </Position>
      <AltitudeMeters>17</AltitudeMeters>
      <DistanceMeters>1458</DistanceMeters>
      <HeartRateBpm>
       <Value>126</Value>
      </HeartRateBpm>
      <Cadence>78</Cadence>
      <Extensions>
       <Speed>6.830000</Speed>
      </Extensions>
     </Trackpoint>
     <Trackpoint>
      <Time>2026-05-24T14:14:39Z</Time>
      <Position>
       <LatitudeDegrees>35.6979815</LatitudeDegrees>
       <LongitudeDegrees>139.7748535</LongitudeDegrees>
      </Position>
      <AltitudeMeters>17</AltitudeMeters>
      <DistanceMeters>1460</DistanceMeters>
      <HeartRateBpm>
       <Value>126</Value>
      </HeartRateBpm>
      <Cadence>79</Cadence>
      <Extensions>
       <Speed>6.990000</Speed>
      </Extensions>
     </Trackpoint>
     <Trackpoint>
      <Time>2026-05-24T14:14:40Z</Time>
      <Position>
       <LatitudeDegrees>35.6979650</LatitudeDegrees>
       <LongitudeDegrees>139.7748539</LongitudeDegrees>
      </Position>
      <AltitudeMeters>17</AltitudeMeters>
      <DistanceMeters>1462</DistanceMeters>
      <HeartRateBpm>
       <Value>126</Value>
      </HeartRateBpm>
      <Cadence>79</Cadence>
      <Extensions>
       <Speed>7.030000</Speed>
      </Extensions>
     </Trackpoint>
     <Trackpoint>
      <Time>2026-05-24T14:14:41Z</Time>
      <Position>
       <LatitudeDegrees>35.6979486</LatitudeDegrees>
       <LongitudeDegrees>139.7748544</LongitudeDegrees>
      </Position>
      <AltitudeMeters>17</AltitudeMeters>
      <DistanceMeters>1463</DistanceMeters>
      <HeartRateBpm>
       <Value>126</Value>
      </HeartRateBpm>
      <Cadence>79</Cadence>
      <Extensions>
       <Speed>7.080000</Speed>
      </Extensions>
     </Trackpoint>
     <Trackpoint>
      <Time>2026-05-24T14:14:42Z</Time>
      <Position>
       <LatitudeDegrees>35.6979342</LatitudeDegrees>
       <LongitudeDegrees>139.7748571</LongitudeDegrees>
      </Position>
      <AltitudeMeters>17</AltitudeMeters>
      <DistanceMeters>1464</DistanceMeters>
      <HeartRateBpm>
       <Value>127</Value>
      </HeartRateBpm>
      <Cadence>79</Cadence>
      <Extensions>
       <Speed>7.100000</Speed>
      </Extensions>
     </Trackpoint>
     <Trackpoint>
      <Time>2026-05-24T14:14:43Z</Time>
      <Position>
       <LatitudeDegrees>35.6979199</LatitudeDegrees>
       <LongitudeDegrees>139.7748598</LongitudeDegrees>
      </Position>
      <AltitudeMeters>17</AltitudeMeters>
      <DistanceMeters>1466</DistanceMeters>
      <HeartRateBpm>
       <Value>127</Value>
      </HeartRateBpm>
      <Cadence>79</Cadence>
      <Extensions>
       <Speed>7.120000</Speed>
      </Extensions>
     </Trackpoint>
     <Trackpoint>
      <Time>2026-05-24T14:14:44Z</Time>
      <Position>
       <LatitudeDegrees>35.6979071</LatitudeDegrees>
       <LongitudeDegrees>139.7748581</LongitudeDegrees>
      </Position>
      <AltitudeMeters>17</AltitudeMeters>
      <DistanceMeters>1468</DistanceMeters>
      <HeartRateBpm>
       <Value>127</Value>
      </HeartRateBpm>
      <Cadence>78</Cadence>
      <Extensions>
       <Speed>7.120000</Speed>
      </Extensions>
     </Trackpoint>
     <Trackpoint>
      <Time>2026-05-24T14:14:45Z</Time>
      <Position>
       <LatitudeDegrees>35.6978944</LatitudeDegrees>
       <LongitudeDegrees>139.7748565</LongitudeDegrees>
      </Position>
      <AltitudeMeters>17</AltitudeMeters>
      <DistanceMeters>1469</DistanceMeters>
      <HeartRateBpm>
       <Value>128</Value>
      </HeartRateBpm>
      <Cadence>78</Cadence>
      <Extensions>
       <Speed>7.130000</Speed>
      </Extensions>
     </Trackpoint>
     <Trackpoint>
      <Time>2026-05-24T14:14:46Z</Time>
      <Position>
       <LatitudeDegrees>35.6978824</LatitudeDegrees>
       <LongitudeDegrees>139.7748490</LongitudeDegrees>
      </Position>
      <AltitudeMeters>17</AltitudeMeters>
      <DistanceMeters>1470</DistanceMeters>
      <HeartRateBpm>
       <Value>127</Value>
      </HeartRateBpm>
      <Cadence>78</Cadence>
      <Extensions>
       <Speed>7.190000</Speed>
      </Extensions>
     </Trackpoint>
     <Trackpoint>
      <Time>2026-05-24T14:14:47Z</Time>
      <Position>
       <LatitudeDegrees>35.6978705</LatitudeDegrees>
       <LongitudeDegrees>139.7748415</LongitudeDegrees>
      </Position>
      <AltitudeMeters>17</AltitudeMeters>
      <DistanceMeters>1472</DistanceMeters>
      <HeartRateBpm>
       <Value>127</Value>
      </HeartRateBpm>
      <Cadence>78</Cadence>
      <Extensions>
       <Speed>7.250000</Speed>
      </Extensions>
     </Trackpoint>
     <Trackpoint>
      <Time>2026-05-24T14:14:48Z</Time>
      <Position>
       <LatitudeDegrees>35.6978597</LatitudeDegrees>
       <LongitudeDegrees>139.7748323</LongitudeDegrees>
      </Position>
      <AltitudeMeters>17</AltitudeMeters>
      <DistanceMeters>1474</DistanceMeters>
      <HeartRateBpm>
       <Value>127</Value>
      </HeartRateBpm>
      <Cadence>78</Cadence>
      <Extensions>
       <Speed>7.200000</Speed>
      </Extensions>
     </Trackpoint>
     <Trackpoint>
      <Time>2026-05-24T14:14:49Z</Time>
      <Position>
       <LatitudeDegrees>35.6978489</LatitudeDegrees>
       <LongitudeDegrees>139.7748231</LongitudeDegrees>
      </Position>
      <AltitudeMeters>17</AltitudeMeters>
      <DistanceMeters>1475</DistanceMeters>
      <HeartRateBpm>
       <Value>127</Value>
      </HeartRateBpm>
      <Cadence>78</Cadence>
      <Extensions>
       <Speed>7.150000</Speed>
      </Extensions>
     </Trackpoint>
     <Trackpoint>
      <Time>2026-05-24T14:14:50Z</Time>
      <Position>
       <LatitudeDegrees>35.6978381</LatitudeDegrees>
       <LongitudeDegrees>139.7748159</LongitudeDegrees>
      </Position>
      <AltitudeMeters>17</AltitudeMeters>
      <DistanceMeters>1476</DistanceMeters>
      <HeartRateBpm>
       <Value>127</Value>
      </HeartRateBpm>
      <Cadence>78</Cadence>
      <Extensions>
       <Speed>7.100000</Speed>
      </Extensions>
     </Trackpoint>
     <Trackpoint>
      <Time>2026-05-24T14:14:51Z</Time>
      <Position>
       <LatitudeDegrees>35.6978273</LatitudeDegrees>
       <LongitudeDegrees>139.7748087</LongitudeDegrees>
      </Position>
      <AltitudeMeters>17</AltitudeMeters>
      <DistanceMeters>1477</DistanceMeters>
      <HeartRateBpm>
       <Value>127</Value>
      </HeartRateBpm>
      <Cadence>78</Cadence>
      <Extensions>
       <Speed>7.050000</Speed>
      </Extensions>
     </Trackpoint>
     <Trackpoint>
      <Time>2026-05-24T14:14:52Z</Time>
      <Position>
       <LatitudeDegrees>35.6978149</LatitudeDegrees>
       <LongitudeDegrees>139.7748053</LongitudeDegrees>
      </Position>
      <AltitudeMeters>17</AltitudeMeters>
      <DistanceMeters>1479</DistanceMeters>
      <HeartRateBpm>
       <Value>127</Value>
      </HeartRateBpm>
      <Cadence>78</Cadence>
      <Extensions>
       <Speed>7.000000</Speed>
      </Extensions>
     </Trackpoint>
     <Trackpoint>
      <Time>2026-05-24T14:14:53Z</Time>
      <Position>
       <LatitudeDegrees>35.6978026</LatitudeDegrees>
       <LongitudeDegrees>139.7748019</LongitudeDegrees>
      </Position>
      <AltitudeMeters>17</AltitudeMeters>
      <DistanceMeters>1481</DistanceMeters>
      <HeartRateBpm>
       <Value>127</Value>
      </HeartRateBpm>
      <Cadence>78</Cadence>
      <Extensions>
       <Speed>6.960000</Speed>
      </Extensions>
     </Trackpoint>
     <Trackpoint>
      <Time>2026-05-24T14:14:54Z</Time>
      <Position>
       <LatitudeDegrees>35.6977861</LatitudeDegrees>
       <LongitudeDegrees>139.7747955</LongitudeDegrees>
      </Position>
      <AltitudeMeters>17</AltitudeMeters>
      <DistanceMeters>1484</DistanceMeters>
      <HeartRateBpm>
       <Value>127</Value>
      </HeartRateBpm>
      <Cadence>78</Cadence>
      <Extensions>
       <Speed>6.920000</Speed>
      </Extensions>
     </Trackpoint>
     <Trackpoint>
      <Time>2026-05-24T14:14:55Z</Time>
      <Position>
       <LatitudeDegrees>35.6977697</LatitudeDegrees>
       <LongitudeDegrees>139.7747891</LongitudeDegrees>
      </Position>
      <AltitudeMeters>17</AltitudeMeters>
      <DistanceMeters>1486</DistanceMeters>
      <HeartRateBpm>
       <Value>127</Value>
      </HeartRateBpm>
      <Cadence>78</Cadence>
      <Extensions>
       <Speed>6.890000</Speed>
      </Extensions>
     </Trackpoint>
     <Trackpoint>
      <Time>2026-05-24T14:14:56Z</Time>
      <Position>
       <LatitudeDegrees>35.6977525</LatitudeDegrees>
       <LongitudeDegrees>139.7747760</LongitudeDegrees>
      </Position>
      <AltitudeMeters>17</AltitudeMeters>
      <DistanceMeters>1488</DistanceMeters>
      <HeartRateBpm>
       <Value>127</Value>
      </HeartRateBpm>
      <Cadence>77</Cadence>
      <Extensions>
       <Speed>6.840000</Speed>
      </Extensions>
     </Trackpoint>
     <Trackpoint>
      <Time>2026-05-24T14:14:57Z</Time>
      <Position>
       <LatitudeDegrees>35.6977353</LatitudeDegrees>
       <LongitudeDegrees>139.7747629</LongitudeDegrees>
      </Position>
      <AltitudeMeters>17</AltitudeMeters>
      <DistanceMeters>1491</DistanceMeters>
      <HeartRateBpm>
       <Value>127</Value>
      </HeartRateBpm>
      <Cadence>77</Cadence>
      <Extensions>
       <Speed>6.800000</Speed>
      </Extensions>
     </Trackpoint>
     <Trackpoint>
      <Time>2026-05-24T14:14:58Z</Time>
      <Position>
       <LatitudeDegrees>35.6977206</LatitudeDegrees>
       <LongitudeDegrees>139.7747434</LongitudeDegrees>
      </Position>
      <AltitudeMeters>17</AltitudeMeters>
      <DistanceMeters>1494</DistanceMeters>
      <HeartRateBpm>
       <Value>127</Value>
      </HeartRateBpm>
      <Cadence>77</Cadence>
      <Extensions>
       <Speed>6.830000</Speed>
      </Extensions>
     </Trackpoint>
     <Trackpoint>
      <Time>2026-05-24T14:14:59Z</Time>
      <Position>
       <LatitudeDegrees>35.6977060</LatitudeDegrees>
       <LongitudeDegrees>139.7747240</LongitudeDegrees>
      </Position>
      <AltitudeMeters>17</AltitudeMeters>
      <DistanceMeters>1496</DistanceMeters>
      <HeartRateBpm>
       <Value>127</Value>
      </HeartRateBpm>
      <Cadence>77</Cadence>
      <Extensions>
       <Speed>6.870000</Speed>
      </Extensions>
     </Trackpoint>
     <Trackpoint>
      <Time>2026-05-24T14:15:00Z</Time>
      <Position>
       <LatitudeDegrees>35.6976931</LatitudeDegrees>
       <LongitudeDegrees>139.7747055</LongitudeDegrees>
      </Position>
      <AltitudeMeters>17</AltitudeMeters>
      <DistanceMeters>1497</DistanceMeters>
      <HeartRateBpm>
       <Value>127</Value>
      </HeartRateBpm>
      <Cadence>77</Cadence>
      <Extensions>
       <Speed>6.960000</Speed>
      </Extensions>
     </Trackpoint>
     <Trackpoint>
      <Time>2026-05-24T14:15:01Z</Time>
      <Position>
       <LatitudeDegrees>35.6976802</LatitudeDegrees>
       <LongitudeDegrees>139.7746870</LongitudeDegrees>
      </Position>
      <AltitudeMeters>17</AltitudeMeters>
      <DistanceMeters>1498</DistanceMeters>
      <HeartRateBpm>
       <Value>127</Value>
      </HeartRateBpm>
      <Cadence>77</Cadence>
      <Extensions>
       <Speed>7.050000</Speed>
      </Extensions>
     </Trackpoint>
     <Trackpoint>
      <Time>2026-05-24T14:15:02Z</Time>
      <Position>
       <LatitudeDegrees>35.6976678</LatitudeDegrees>
       <LongitudeDegrees>139.7746765</LongitudeDegrees>
      </Position>
      <AltitudeMeters>17</AltitudeMeters>
      <DistanceMeters>1500</DistanceMeters>
      <HeartRateBpm>
       <Value>127</Value>
      </HeartRateBpm>
      <Cadence>77</Cadence>
      <Extensions>
       <Speed>7.110000</Speed>
      </Extensions>
     </Trackpoint>
     <Trackpoint>
      <Time>2026-05-24T14:15:03Z</Time>
      <Position>
       <LatitudeDegrees>35.6976554</LatitudeDegrees>
       <LongitudeDegrees>139.7746660</LongitudeDegrees>
      </Position>
      <AltitudeMeters>17</AltitudeMeters>
      <DistanceMeters>1501</DistanceMeters>
      <HeartRateBpm>
       <Value>127</Value>
      </HeartRateBpm>
      <Cadence>77</Cadence>
      <Extensions>
       <Speed>7.180000</Speed>
      </Extensions>
     </Trackpoint>
     <Trackpoint>
      <Time>2026-05-24T14:15:04Z</Time>
      <Position>
       <LatitudeDegrees>35.6976429</LatitudeDegrees>
       <LongitudeDegrees>139.7746597</LongitudeDegrees>
      </Position>
      <AltitudeMeters>17</AltitudeMeters>
      <DistanceMeters>1502</DistanceMeters>
      <HeartRateBpm>
       <Value>127</Value>
      </HeartRateBpm>
      <Cadence>77</Cadence>
      <Extensions>
       <Speed>7.220000</Speed>
      </Extensions>
     </Trackpoint>
     <Trackpoint>
      <Time>2026-05-24T14:15:05Z</Time>
      <Position>
       <LatitudeDegrees>35.6976305</LatitudeDegrees>
       <LongitudeDegrees>139.7746535</LongitudeDegrees>
      </Position>
      <AltitudeMeters>17</AltitudeMeters>
      <DistanceMeters>1504</DistanceMeters>
      <HeartRateBpm>
       <Value>127</Value>
      </HeartRateBpm>
      <Cadence>78</Cadence>
      <Extensions>
       <Speed>7.260000</Speed>
      </Extensions>
     </Trackpoint>
     <Trackpoint>
      <Time>2026-05-24T14:15:06Z</Time>
      <Position>
       <LatitudeDegrees>35.6976194</LatitudeDegrees>
       <LongitudeDegrees>139.7746450</LongitudeDegrees>
      </Position>
      <AltitudeMeters>17</AltitudeMeters>
      <DistanceMeters>1506</DistanceMeters>
      <HeartRateBpm>
       <Value>127</Value>
      </HeartRateBpm>
      <Cadence>78</Cadence>
      <Extensions>
       <Speed>7.300000</Speed>
      </Extensions>
     </Trackpoint>
     <Trackpoint>
      <Time>2026-05-24T14:15:07Z</Time>
      <Position>
       <LatitudeDegrees>35.6976084</LatitudeDegrees>
       <LongitudeDegrees>139.7746366</LongitudeDegrees>
      </Position>
      <AltitudeMeters>17</AltitudeMeters>
      <DistanceMeters>1507</DistanceMeters>
      <HeartRateBpm>
       <Value>127</Value>
      </HeartRateBpm>
      <Cadence>79</Cadence>
      <Extensions>
       <Speed>7.340000</Speed>
      </Extensions>
     </Trackpoint>
     <Trackpoint>
      <Time>2026-05-24T14:15:08Z</Time>
      <Position>
       <LatitudeDegrees>35.6975987</LatitudeDegrees>
       <LongitudeDegrees>139.7746233</LongitudeDegrees>
      </Position>
      <AltitudeMeters>17</AltitudeMeters>
      <DistanceMeters>1509</DistanceMeters>
      <HeartRateBpm>
       <Value>127</Value>
      </HeartRateBpm>
      <Cadence>79</Cadence>
      <Extensions>
       <Speed>7.330000</Speed>
      </Extensions>
     </Trackpoint>
     <Trackpoint>
      <Time>2026-05-24T14:15:09Z</Time>
      <Position>
       <LatitudeDegrees>35.6975891</LatitudeDegrees>
       <LongitudeDegrees>139.7746100</LongitudeDegrees>
      </Position>
      <AltitudeMeters>17</AltitudeMeters>
      <DistanceMeters>1511</DistanceMeters>
      <HeartRateBpm>
       <Value>128</Value>
      </HeartRateBpm>
      <Cadence>79</Cadence>
      <Extensions>
       <Speed>7.330000</Speed>
      </Extensions>
     </Trackpoint>
     <Trackpoint>
      <Time>2026-05-24T14:15:10Z</Time>
      <Position>
       <LatitudeDegrees>35.6975803</LatitudeDegrees>
       <LongitudeDegrees>139.7745959</LongitudeDegrees>
      </Position>
      <AltitudeMeters>17</AltitudeMeters>
      <DistanceMeters>1512</DistanceMeters>
      <HeartRateBpm>
       <Value>128</Value>
      </HeartRateBpm>
      <Cadence>79</Cadence>
      <Extensions>
       <Speed>7.330000</Speed>
      </Extensions>
     </Trackpoint>
     <Trackpoint>
      <Time>2026-05-24T14:15:11Z</Time>
      <Position>
       <LatitudeDegrees>35.6975715</LatitudeDegrees>
       <LongitudeDegrees>139.7745818</LongitudeDegrees>
      </Position>
      <AltitudeMeters>17</AltitudeMeters>
      <DistanceMeters>1514</DistanceMeters>
      <HeartRateBpm>
       <Value>128</Value>
      </HeartRateBpm>
      <Cadence>79</Cadence>
      <Extensions>
       <Speed>7.330000</Speed>
      </Extensions>
     </Trackpoint>
     <Trackpoint>
      <Time>2026-05-24T14:15:12Z</Time>
      <Position>
       <LatitudeDegrees>35.6975667</LatitudeDegrees>
       <LongitudeDegrees>139.7745664</LongitudeDegrees>
      </Position>
      <AltitudeMeters>17</AltitudeMeters>
      <DistanceMeters>1516</DistanceMeters>
      <HeartRateBpm>
       <Value>128</Value>
      </HeartRateBpm>
      <Cadence>79</Cadence>
      <Extensions>
       <Speed>7.330000</Speed>
      </Extensions>
     </Trackpoint>
     <Trackpoint>
      <Time>2026-05-24T14:15:13Z</Time>
      <Position>
       <LatitudeDegrees>35.6975620</LatitudeDegrees>
       <LongitudeDegrees>139.7745510</LongitudeDegrees>
      </Position>
      <AltitudeMeters>17</AltitudeMeters>
      <DistanceMeters>1517</DistanceMeters>
      <HeartRateBpm>
       <Value>128</Value>
      </HeartRateBpm>
      <Cadence>79</Cadence>
      <Extensions>
       <Speed>7.330000</Speed>
      </Extensions>
     </Trackpoint>
     <Trackpoint>
      <Time>2026-05-24T14:15:14Z</Time>
      <Position>
       <LatitudeDegrees>35.6975632</LatitudeDegrees>
       <LongitudeDegrees>139.7745318</LongitudeDegrees>
      </Position>
      <AltitudeMeters>17</AltitudeMeters>
      <DistanceMeters>1520</DistanceMeters>
      <HeartRateBpm>
       <Value>128</Value>
      </HeartRateBpm>
      <Cadence>78</Cadence>
      <Extensions>
       <Speed>7.330000</Speed>
      </Extensions>
     </Trackpoint>
     <Trackpoint>
      <Time>2026-05-24T14:15:15Z</Time>
      <Position>
       <LatitudeDegrees>35.6975644</LatitudeDegrees>
       <LongitudeDegrees>139.7745126</LongitudeDegrees>
      </Position>
      <AltitudeMeters>17</AltitudeMeters>
      <DistanceMeters>1522</DistanceMeters>
      <HeartRateBpm>
       <Value>129</Value>
      </HeartRateBpm>
      <Cadence>78</Cadence>
      <Extensions>
       <Speed>7.340000</Speed>
      </Extensions>
     </Trackpoint>
     <Trackpoint>
      <Time>2026-05-24T14:15:16Z</Time>
      <Position>
       <LatitudeDegrees>35.6975696</LatitudeDegrees>
       <LongitudeDegrees>139.7744921</LongitudeDegrees>
      </Position>
      <AltitudeMeters>17</AltitudeMeters>
      <DistanceMeters>1524</DistanceMeters>
      <HeartRateBpm>
       <Value>128</Value>
      </HeartRateBpm>
      <Cadence>78</Cadence>
      <Extensions>
       <Speed>7.340000</Speed>
      </Extensions>
     </Trackpoint>
     <Trackpoint>
      <Time>2026-05-24T14:15:17Z</Time>
      <Position>
       <LatitudeDegrees>35.6975749</LatitudeDegrees>
       <LongitudeDegrees>139.7744716</LongitudeDegrees>
      </Position>
      <AltitudeMeters>17</AltitudeMeters>
      <DistanceMeters>1525</DistanceMeters>
      <HeartRateBpm>
       <Value>129</Value>
      </HeartRateBpm>
      <Cadence>78</Cadence>
      <Extensions>
       <Speed>7.340000</Speed>
      </Extensions>
     </Trackpoint>
     <Trackpoint>
      <Time>2026-05-24T14:15:18Z</Time>
      <Position>
       <LatitudeDegrees>35.6975820</LatitudeDegrees>
       <LongitudeDegrees>139.7744515</LongitudeDegrees>
      </Position>
      <AltitudeMeters>17</AltitudeMeters>
      <DistanceMeters>1527</DistanceMeters>
      <HeartRateBpm>
       <Value>129</Value>
      </HeartRateBpm>
      <Cadence>78</Cadence>
      <Extensions>
       <Speed>7.340000</Speed>
      </Extensions>
     </Trackpoint>
     <Trackpoint>
      <Time>2026-05-24T14:15:19Z</Time>
      <Position>
       <LatitudeDegrees>35.6975891</LatitudeDegrees>
       <LongitudeDegrees>139.7744315</LongitudeDegrees>
      </Position>
      <AltitudeMeters>17</AltitudeMeters>
      <DistanceMeters>1529</DistanceMeters>
      <HeartRateBpm>
       <Value>129</Value>
      </HeartRateBpm>
      <Cadence>78</Cadence>
      <Extensions>
       <Speed>7.340000</Speed>
      </Extensions>
     </Trackpoint>
     <Trackpoint>
      <Time>2026-05-24T14:15:20Z</Time>
      <Position>
       <LatitudeDegrees>35.6975909</LatitudeDegrees>
       <LongitudeDegrees>139.7744099</LongitudeDegrees>
      </Position>
      <AltitudeMeters>16</AltitudeMeters>
      <DistanceMeters>1531</DistanceMeters>
      <HeartRateBpm>
       <Value>130</Value>
      </HeartRateBpm>
      <Cadence>78</Cadence>
      <Extensions>
       <Speed>7.370000</Speed>
      </Extensions>
     </Trackpoint>
     <Trackpoint>
      <Time>2026-05-24T14:15:21Z</Time>
      <Position>
       <LatitudeDegrees>35.6975927</LatitudeDegrees>
       <LongitudeDegrees>139.7743884</LongitudeDegrees>
      </Position>
      <AltitudeMeters>16</AltitudeMeters>
      <DistanceMeters>1533</DistanceMeters>
      <HeartRateBpm>
       <Value>129</Value>
      </HeartRateBpm>
      <Cadence>78</Cadence>
      <Extensions>
       <Speed>7.400000</Speed>
      </Extensions>
     </Trackpoint>
     <Trackpoint>
      <Time>2026-05-24T14:15:22Z</Time>
      <Position>
       <LatitudeDegrees>35.6975896</LatitudeDegrees>
       <LongitudeDegrees>139.7743684</LongitudeDegrees>
      </Position>
      <AltitudeMeters>16</AltitudeMeters>
      <DistanceMeters>1534</DistanceMeters>
      <HeartRateBpm>
       <Value>128</Value>
      </HeartRateBpm>
      <Cadence>78</Cadence>
      <Extensions>
       <Speed>7.420000</Speed>
      </Extensions>
     </Trackpoint>
     <Trackpoint>
      <Time>2026-05-24T14:15:23Z</Time>
      <Position>
       <LatitudeDegrees>35.6975865</LatitudeDegrees>
       <LongitudeDegrees>139.7743484</LongitudeDegrees>
      </Position>
      <AltitudeMeters>16</AltitudeMeters>
      <DistanceMeters>1536</DistanceMeters>
      <HeartRateBpm>
       <Value>129</Value>
      </HeartRateBpm>
      <Cadence>78</Cadence>
      <Extensions>
       <Speed>7.440000</Speed>
      </Extensions>
     </Trackpoint>
     <Trackpoint>
      <Time>2026-05-24T14:15:24Z</Time>
      <Position>
       <LatitudeDegrees>35.6975811</LatitudeDegrees>
       <LongitudeDegrees>139.7743289</LongitudeDegrees>
      </Position>
      <AltitudeMeters>16</AltitudeMeters>
      <DistanceMeters>1538</DistanceMeters>
      <HeartRateBpm>
       <Value>129</Value>
      </HeartRateBpm>
      <Cadence>78</Cadence>
      <Extensions>
       <Speed>7.440000</Speed>
      </Extensions>
     </Trackpoint>
     <Trackpoint>
      <Time>2026-05-24T14:15:25Z</Time>
      <Position>
       <LatitudeDegrees>35.6975757</LatitudeDegrees>
       <LongitudeDegrees>139.7743095</LongitudeDegrees>
      </Position>
      <AltitudeMeters>16</AltitudeMeters>
      <DistanceMeters>1540</DistanceMeters>
      <HeartRateBpm>
       <Value>129</Value>
      </HeartRateBpm>
      <Cadence>78</Cadence>
      <Extensions>
       <Speed>7.440000</Speed>
      </Extensions>
     </Trackpoint>
     <Trackpoint>
      <Time>2026-05-24T14:15:26Z</Time>
      <Position>
       <LatitudeDegrees>35.6975704</LatitudeDegrees>
       <LongitudeDegrees>139.7742905</LongitudeDegrees>
      </Position>
      <AltitudeMeters>16</AltitudeMeters>
      <DistanceMeters>1542</DistanceMeters>
      <HeartRateBpm>
       <Value>128</Value>
      </HeartRateBpm>
      <Cadence>78</Cadence>
      <Extensions>
       <Speed>7.440000</Speed>
      </Extensions>
     </Trackpoint>
     <Trackpoint>
      <Time>2026-05-24T14:15:27Z</Time>
      <Position>
       <LatitudeDegrees>35.6975651</LatitudeDegrees>
       <LongitudeDegrees>139.7742716</LongitudeDegrees>
      </Position>
      <AltitudeMeters>16</AltitudeMeters>
      <DistanceMeters>1543</DistanceMeters>
      <HeartRateBpm>
       <Value>128</Value>
      </HeartRateBpm>
      <Cadence>78</Cadence>
      <Extensions>
       <Speed>7.450000</Speed>
      </Extensions>
     </Trackpoint>
     <Trackpoint>
      <Time>2026-05-24T14:15:28Z</Time>
      <Position>
       <LatitudeDegrees>35.6975618</LatitudeDegrees>
       <LongitudeDegrees>139.7742552</LongitudeDegrees>
      </Position>
      <AltitudeMeters>16</AltitudeMeters>
      <DistanceMeters>1544</DistanceMeters>
      <HeartRateBpm>
       <Value>127</Value>
      </HeartRateBpm>
      <Cadence>78</Cadence>
      <Extensions>
       <Speed>7.440000</Speed>
      </Extensions>
     </Trackpoint>
     <Trackpoint>
      <Time>2026-05-24T14:15:29Z</Time>
      <Position>
       <LatitudeDegrees>35.6975586</LatitudeDegrees>
       <LongitudeDegrees>139.7742389</LongitudeDegrees>
      </Position>
      <AltitudeMeters>16</AltitudeMeters>
      <DistanceMeters>1546</DistanceMeters>
      <HeartRateBpm>
       <Value>127</Value>
      </HeartRateBpm>
      <Cadence>78</Cadence>
      <Extensions>
       <Speed>7.440000</Speed>
      </Extensions>
     </Trackpoint>
     <Trackpoint>
      <Time>2026-05-24T14:15:30Z</Time>
      <Position>
       <LatitudeDegrees>35.6975586</LatitudeDegrees>
       <LongitudeDegrees>139.7742233</LongitudeDegrees>
      </Position>
      <AltitudeMeters>16</AltitudeMeters>
      <DistanceMeters>1548</DistanceMeters>
      <HeartRateBpm>
       <Value>127</Value>
      </HeartRateBpm>
      <Cadence>78</Cadence>
      <Extensions>
       <Speed>7.430000</Speed>
      </Extensions>
     </Trackpoint>
     <Trackpoint>
      <Time>2026-05-24T14:15:31Z</Time>
      <Position>
       <LatitudeDegrees>35.6975587</LatitudeDegrees>
       <LongitudeDegrees>139.7742078</LongitudeDegrees>
      </Position>
      <AltitudeMeters>16</AltitudeMeters>
      <DistanceMeters>1549</DistanceMeters>
      <HeartRateBpm>
       <Value>127</Value>
      </HeartRateBpm>
      <Cadence>78</Cadence>
      <Extensions>
       <Speed>7.430000</Speed>
      </Extensions>
     </Trackpoint>
     <Trackpoint>
      <Time>2026-05-24T14:15:32Z</Time>
      <Position>
       <LatitudeDegrees>35.6975611</LatitudeDegrees>
       <LongitudeDegrees>139.7741906</LongitudeDegrees>
      </Position>
      <AltitudeMeters>16</AltitudeMeters>
      <DistanceMeters>1551</DistanceMeters>
      <HeartRateBpm>
       <Value>126</Value>
      </HeartRateBpm>
      <Cadence>78</Cadence>
      <Extensions>
       <Speed>7.420000</Speed>
      </Extensions>
     </Trackpoint>
     <Trackpoint>
      <Time>2026-05-24T14:15:33Z</Time>
      <Position>
       <LatitudeDegrees>35.6975636</LatitudeDegrees>
       <LongitudeDegrees>139.7741734</LongitudeDegrees>
      </Position>
      <AltitudeMeters>16</AltitudeMeters>
      <DistanceMeters>1553</DistanceMeters>
      <HeartRateBpm>
       <Value>126</Value>
      </HeartRateBpm>
      <Cadence>78</Cadence>
      <Extensions>
       <Speed>7.420000</Speed>
      </Extensions>
     </Trackpoint>
     <Trackpoint>
      <Time>2026-05-24T14:15:34Z</Time>
      <Position>
       <LatitudeDegrees>35.6975653</LatitudeDegrees>
       <LongitudeDegrees>139.7741531</LongitudeDegrees>
      </Position>
      <AltitudeMeters>16</AltitudeMeters>
      <DistanceMeters>1555</DistanceMeters>
      <HeartRateBpm>
       <Value>126</Value>
      </HeartRateBpm>
      <Cadence>78</Cadence>
      <Extensions>
       <Speed>7.410000</Speed>
      </Extensions>
     </Trackpoint>
     <Trackpoint>
      <Time>2026-05-24T14:15:35Z</Time>
      <Position>
       <LatitudeDegrees>35.6975670</LatitudeDegrees>
       <LongitudeDegrees>139.7741329</LongitudeDegrees>
      </Position>
      <AltitudeMeters>16</AltitudeMeters>
      <DistanceMeters>1557</DistanceMeters>
      <HeartRateBpm>
       <Value>126</Value>
      </HeartRateBpm>
      <Cadence>78</Cadence>
      <Extensions>
       <Speed>7.400000</Speed>
      </Extensions>
     </Trackpoint>
     <Trackpoint>
      <Time>2026-05-24T14:15:36Z</Time>
      <Position>
       <LatitudeDegrees>35.6975653</LatitudeDegrees>
       <LongitudeDegrees>139.7741115</LongitudeDegrees>
      </Position>
      <AltitudeMeters>16</AltitudeMeters>
      <DistanceMeters>1559</DistanceMeters>
      <HeartRateBpm>
       <Value>125</Value>
      </HeartRateBpm>
      <Cadence>78</Cadence>
      <Extensions>
       <Speed>7.390000</Speed>
      </Extensions>
     </Trackpoint>
     <Trackpoint>
      <Time>2026-05-24T14:15:37Z</Time>
      <Position>
       <LatitudeDegrees>35.6975636</LatitudeDegrees>
       <LongitudeDegrees>139.7740901</LongitudeDegrees>
      </Position>
      <AltitudeMeters>16</AltitudeMeters>
      <DistanceMeters>1561</DistanceMeters>
      <HeartRateBpm>
       <Value>125</Value>
      </HeartRateBpm>
      <Cadence>79</Cadence>
      <Extensions>
       <Speed>7.390000</Speed>
      </Extensions>
     </Trackpoint>
     <Trackpoint>
      <Time>2026-05-24T14:15:38Z</Time>
      <Position>
       <LatitudeDegrees>35.6975594</LatitudeDegrees>
       <LongitudeDegrees>139.7740679</LongitudeDegrees>
      </Position>
      <AltitudeMeters>16</AltitudeMeters>
      <DistanceMeters>1563</DistanceMeters>
      <HeartRateBpm>
       <Value>125</Value>
      </HeartRateBpm>
      <Cadence>79</Cadence>
      <Extensions>
       <Speed>7.390000</Speed>
      </Extensions>
     </Trackpoint>
     <Trackpoint>
      <Time>2026-05-24T14:15:39Z</Time>
      <Position>
       <LatitudeDegrees>35.6975553</LatitudeDegrees>
       <LongitudeDegrees>139.7740457</LongitudeDegrees>
      </Position>
      <AltitudeMeters>16</AltitudeMeters>
      <DistanceMeters>1565</DistanceMeters>
      <HeartRateBpm>
       <Value>125</Value>
      </HeartRateBpm>
      <Cadence>79</Cadence>
      <Extensions>
       <Speed>7.390000</Speed>
      </Extensions>
     </Trackpoint>
     <Trackpoint>
      <Time>2026-05-24T14:15:40Z</Time>
      <Position>
       <LatitudeDegrees>35.6975537</LatitudeDegrees>
       <LongitudeDegrees>139.7740219</LongitudeDegrees>
      </Position>
      <AltitudeMeters>16</AltitudeMeters>
      <DistanceMeters>1567</DistanceMeters>
      <HeartRateBpm>
       <Value>125</Value>
      </HeartRateBpm>
      <Cadence>78</Cadence>
      <Extensions>
       <Speed>7.370000</Speed>
      </Extensions>
     </Trackpoint>
     <Trackpoint>
      <Time>2026-05-24T14:15:41Z</Time>
      <Position>
       <LatitudeDegrees>35.6975521</LatitudeDegrees>
       <LongitudeDegrees>139.7739982</LongitudeDegrees>
      </Position>
      <AltitudeMeters>16</AltitudeMeters>
      <DistanceMeters>1569</DistanceMeters>
      <HeartRateBpm>
       <Value>125</Value>
      </HeartRateBpm>
      <Cadence>78</Cadence>
      <Extensions>
       <Speed>7.360000</Speed>
      </Extensions>
     </Trackpoint>
     <Trackpoint>
      <Time>2026-05-24T14:15:42Z</Time>
      <Position>
       <LatitudeDegrees>35.6975552</LatitudeDegrees>
       <LongitudeDegrees>139.7739754</LongitudeDegrees>
      </Position>
      <AltitudeMeters>16</AltitudeMeters>
      <DistanceMeters>1571</DistanceMeters>
      <HeartRateBpm>
       <Value>125</Value>
      </HeartRateBpm>
      <Cadence>78</Cadence>
      <Extensions>
       <Speed>7.340000</Speed>
      </Extensions>
     </Trackpoint>
     <Trackpoint>
      <Time>2026-05-24T14:15:43Z</Time>
      <Position>
       <LatitudeDegrees>35.6975583</LatitudeDegrees>
       <LongitudeDegrees>139.7739527</LongitudeDegrees>
      </Position>
      <AltitudeMeters>16</AltitudeMeters>
      <DistanceMeters>1573</DistanceMeters>
      <HeartRateBpm>
       <Value>125</Value>
      </HeartRateBpm>
      <Cadence>78</Cadence>
      <Extensions>
       <Speed>7.330000</Speed>
      </Extensions>
     </Trackpoint>
     <Trackpoint>
      <Time>2026-05-24T14:15:44Z</Time>
      <Position>
       <LatitudeDegrees>35.6975613</LatitudeDegrees>
       <LongitudeDegrees>139.7739332</LongitudeDegrees>
      </Position>
      <AltitudeMeters>16</AltitudeMeters>
      <DistanceMeters>1574</DistanceMeters>
      <HeartRateBpm>
       <Value>125</Value>
      </HeartRateBpm>
      <Cadence>78</Cadence>
      <Extensions>
       <Speed>7.320000</Speed>
      </Extensions>
     </Trackpoint>
     <Trackpoint>
      <Time>2026-05-24T14:15:45Z</Time>
      <Position>
       <LatitudeDegrees>35.6975643</LatitudeDegrees>
       <LongitudeDegrees>139.7739137</LongitudeDegrees>
      </Position>
      <AltitudeMeters>16</AltitudeMeters>
      <DistanceMeters>1576</DistanceMeters>
      <HeartRateBpm>
       <Value>125</Value>
      </HeartRateBpm>
      <Cadence>78</Cadence>
      <Extensions>
       <Speed>7.310000</Speed>
      </Extensions>
     </Trackpoint>
     <Trackpoint>
      <Time>2026-05-24T14:15:46Z</Time>
      <Position>
       <LatitudeDegrees>35.6975680</LatitudeDegrees>
       <LongitudeDegrees>139.7738939</LongitudeDegrees>
      </Position>
      <AltitudeMeters>16</AltitudeMeters>
      <DistanceMeters>1578</DistanceMeters>
      <HeartRateBpm>
       <Value>125</Value>
      </HeartRateBpm>
      <Cadence>78</Cadence>
      <Extensions>
       <Speed>7.310000</Speed>
      </Extensions>
     </Trackpoint>
     <Trackpoint>
      <Time>2026-05-24T14:15:47Z</Time>
      <Position>
       <LatitudeDegrees>35.6975717</LatitudeDegrees>
       <LongitudeDegrees>139.7738742</LongitudeDegrees>
      </Position>
      <AltitudeMeters>16</AltitudeMeters>
      <DistanceMeters>1581</DistanceMeters>
      <HeartRateBpm>
       <Value>125</Value>
      </HeartRateBpm>
      <Cadence>78</Cadence>
      <Extensions>
       <Speed>7.310000</Speed>
      </Extensions>
     </Trackpoint>
     <Trackpoint>
      <Time>2026-05-24T14:15:48Z</Time>
      <Position>
       <LatitudeDegrees>35.6975793</LatitudeDegrees>
       <LongitudeDegrees>139.7738525</LongitudeDegrees>
      </Position>
      <AltitudeMeters>16</AltitudeMeters>
      <DistanceMeters>1583</DistanceMeters>
      <HeartRateBpm>
       <Value>126</Value>
      </HeartRateBpm>
      <Cadence>79</Cadence>
      <Extensions>
       <Speed>7.310000</Speed>
      </Extensions>
     </Trackpoint>
     <Trackpoint>
      <Time>2026-05-24T14:15:49Z</Time>
      <Position>
       <LatitudeDegrees>35.6975869</LatitudeDegrees>
       <LongitudeDegrees>139.7738309</LongitudeDegrees>
      </Position>
      <AltitudeMeters>17</AltitudeMeters>
      <DistanceMeters>1585</DistanceMeters>
      <HeartRateBpm>
       <Value>126</Value>
      </HeartRateBpm>
      <Cadence>79</Cadence>
      <Extensions>
       <Speed>7.310000</Speed>
      </Extensions>
     </Trackpoint>
     <Trackpoint>
      <Time>2026-05-24T14:15:50Z</Time>
      <Position>
       <LatitudeDegrees>35.6975924</LatitudeDegrees>
       <LongitudeDegrees>139.7738034</LongitudeDegrees>
      </Position>
      <AltitudeMeters>17</AltitudeMeters>
      <DistanceMeters>1588</DistanceMeters>
      <HeartRateBpm>
       <Value>126</Value>
      </HeartRateBpm>
      <Cadence>80</Cadence>
      <Extensions>
       <Speed>7.310000</Speed>
      </Extensions>
     </Trackpoint>
     <Trackpoint>
      <Time>2026-05-24T14:15:51Z</Time>
      <Position>
       <LatitudeDegrees>35.6975979</LatitudeDegrees>
       <LongitudeDegrees>139.7737760</LongitudeDegrees>
      </Position>
      <AltitudeMeters>17</AltitudeMeters>
      <DistanceMeters>1592</DistanceMeters>
      <HeartRateBpm>
       <Value>127</Value>
      </HeartRateBpm>
      <Cadence>81</Cadence>
      <Extensions>
       <Speed>7.320000</Speed>
      </Extensions>
     </Trackpoint>
     <Trackpoint>
      <Time>2026-05-24T14:15:52Z</Time>
      <Position>
       <LatitudeDegrees>35.6976019</LatitudeDegrees>
       <LongitudeDegrees>139.7737447</LongitudeDegrees>
      </Position>
      <AltitudeMeters>17</AltitudeMeters>
      <DistanceMeters>1595</DistanceMeters>
      <HeartRateBpm>
       <Value>127</Value>
      </HeartRateBpm>
      <Cadence>82</Cadence>
      <Extensions>
       <Speed>7.450000</Speed>
      </Extensions>
     </Trackpoint>
     <Trackpoint>
      <Time>2026-05-24T14:15:53Z</Time>
      <Position>
       <LatitudeDegrees>35.6976059</LatitudeDegrees>
       <LongitudeDegrees>139.7737134</LongitudeDegrees>
      </Position>
      <AltitudeMeters>17</AltitudeMeters>
      <DistanceMeters>1598</DistanceMeters>
      <HeartRateBpm>
       <Value>127</Value>
      </HeartRateBpm>
      <Cadence>84</Cadence>
      <Extensions>
       <Speed>7.590000</Speed>
      </Extensions>
     </Trackpoint>
     <Trackpoint>
      <Time>2026-05-24T14:15:54Z</Time>
      <Position>
       <LatitudeDegrees>35.6976123</LatitudeDegrees>
       <LongitudeDegrees>139.7736817</LongitudeDegrees>
      </Position>
      <AltitudeMeters>17</AltitudeMeters>
      <DistanceMeters>1600</DistanceMeters>
      <HeartRateBpm>
       <Value>127</Value>
      </HeartRateBpm>
      <Cadence>84</Cadence>
      <Extensions>
       <Speed>7.670000</Speed>
      </Extensions>
     </Trackpoint>
     <Trackpoint>
      <Time>2026-05-24T14:15:55Z</Time>
      <Position>
       <LatitudeDegrees>35.6976188</LatitudeDegrees>
       <LongitudeDegrees>139.7736501</LongitudeDegrees>
      </Position>
      <AltitudeMeters>17</AltitudeMeters>
      <DistanceMeters>1603</DistanceMeters>
      <HeartRateBpm>
       <Value>126</Value>
      </HeartRateBpm>
      <Cadence>84</Cadence>
      <Extensions>
       <Speed>7.760000</Speed>
      </Extensions>
     </Trackpoint>
     <Trackpoint>
      <Time>2026-05-24T14:15:56Z</Time>
      <Position>
       <LatitudeDegrees>35.6976258</LatitudeDegrees>
       <LongitudeDegrees>139.7736221</LongitudeDegrees>
      </Position>
      <AltitudeMeters>17</AltitudeMeters>
      <DistanceMeters>1605</DistanceMeters>
      <HeartRateBpm>
       <Value>127</Value>
      </HeartRateBpm>
      <Cadence>85</Cadence>
      <Extensions>
       <Speed>8.100000</Speed>
      </Extensions>
     </Trackpoint>
     <Trackpoint>
      <Time>2026-05-24T14:15:57Z</Time>
      <Position>
       <LatitudeDegrees>35.6976328</LatitudeDegrees>
       <LongitudeDegrees>139.7735942</LongitudeDegrees>
      </Position>
      <AltitudeMeters>17</AltitudeMeters>
      <DistanceMeters>1607</DistanceMeters>
      <HeartRateBpm>
       <Value>127</Value>
      </HeartRateBpm>
      <Cadence>87</Cadence>
      <Extensions>
       <Speed>8.440000</Speed>
      </Extensions>
     </Trackpoint>
     <Trackpoint>
      <Time>2026-05-24T14:15:58Z</Time>
      <Position>
       <LatitudeDegrees>35.6976358</LatitudeDegrees>
       <LongitudeDegrees>139.7735696</LongitudeDegrees>
      </Position>
      <AltitudeMeters>17</AltitudeMeters>
      <DistanceMeters>1610</DistanceMeters>
      <HeartRateBpm>
       <Value>127</Value>
      </HeartRateBpm>
      <Cadence>87</Cadence>
      <Extensions>
       <Speed>8.590000</Speed>
      </Extensions>
     </Trackpoint>
     <Trackpoint>
      <Time>2026-05-24T14:15:59Z</Time>
      <Position>
       <LatitudeDegrees>35.6976388</LatitudeDegrees>
       <LongitudeDegrees>139.7735451</LongitudeDegrees>
      </Position>
      <AltitudeMeters>17</AltitudeMeters>
      <DistanceMeters>1612</DistanceMeters>
      <HeartRateBpm>
       <Value>127</Value>
      </HeartRateBpm>
      <Cadence>88</Cadence>
      <Extensions>
       <Speed>8.740000</Speed>
      </Extensions>
     </Trackpoint>
     <Trackpoint>
      <Time>2026-05-24T14:16:00Z</Time>
      <Position>
       <LatitudeDegrees>35.6976403</LatitudeDegrees>
       <LongitudeDegrees>139.7735221</LongitudeDegrees>
      </Position>
      <AltitudeMeters>17</AltitudeMeters>
      <DistanceMeters>1614</DistanceMeters>
      <HeartRateBpm>
       <Value>127</Value>
      </HeartRateBpm>
      <Cadence>87</Cadence>
      <Extensions>
       <Speed>8.760000</Speed>
      </Extensions>
     </Trackpoint>
     <Trackpoint>
      <Time>2026-05-24T14:16:01Z</Time>
      <Position>
       <LatitudeDegrees>35.6976418</LatitudeDegrees>
       <LongitudeDegrees>139.7734992</LongitudeDegrees>
      </Position>
      <AltitudeMeters>17</AltitudeMeters>
      <DistanceMeters>1615</DistanceMeters>
      <HeartRateBpm>
       <Value>127</Value>
      </HeartRateBpm>
      <Cadence>86</Cadence>
      <Extensions>
       <Speed>8.780000</Speed>
      </Extensions>
     </Trackpoint>
     <Trackpoint>
      <Time>2026-05-24T14:16:02Z</Time>
      <Position>
       <LatitudeDegrees>35.6976409</LatitudeDegrees>
       <LongitudeDegrees>139.7734766</LongitudeDegrees>
      </Position>
      <AltitudeMeters>17</AltitudeMeters>
      <DistanceMeters>1618</DistanceMeters>
      <HeartRateBpm>
       <Value>127</Value>
      </HeartRateBpm>
      <Cadence>85</Cadence>
      <Extensions>
       <Speed>8.710000</Speed>
      </Extensions>
     </Trackpoint>
     <Trackpoint>
      <Time>2026-05-24T14:16:03Z</Time>
      <Position>
       <LatitudeDegrees>35.6976401</LatitudeDegrees>
       <LongitudeDegrees>139.7734541</LongitudeDegrees>
      </Position>
      <AltitudeMeters>17</AltitudeMeters>
      <DistanceMeters>1620</DistanceMeters>
      <HeartRateBpm>
       <Value>127</Value>
      </HeartRateBpm>
      <Cadence>85</Cadence>
      <Extensions>
       <Speed>8.640000</Speed>
      </Extensions>
     </Trackpoint>
     <Trackpoint>
      <Time>2026-05-24T14:16:04Z</Time>
      <Position>
       <LatitudeDegrees>35.6976366</LatitudeDegrees>
       <LongitudeDegrees>139.7734298</LongitudeDegrees>
      </Position>
      <AltitudeMeters>17</AltitudeMeters>
      <DistanceMeters>1622</DistanceMeters>
      <HeartRateBpm>
       <Value>127</Value>
      </HeartRateBpm>
      <Cadence>84</Cadence>
      <Extensions>
       <Speed>8.570000</Speed>
      </Extensions>
     </Trackpoint>
     <Trackpoint>
      <Time>2026-05-24T14:16:05Z</Time>
      <Position>
       <LatitudeDegrees>35.6976332</LatitudeDegrees>
       <LongitudeDegrees>139.7734056</LongitudeDegrees>
      </Position>
      <AltitudeMeters>17</AltitudeMeters>
      <DistanceMeters>1625</DistanceMeters>
      <HeartRateBpm>
       <Value>127</Value>
      </HeartRateBpm>
      <Cadence>84</Cadence>
      <Extensions>
       <Speed>8.500000</Speed>
      </Extensions>
     </Trackpoint>
     <Trackpoint>
      <Time>2026-05-24T14:16:06Z</Time>
      <Position>
       <LatitudeDegrees>35.6976275</LatitudeDegrees>
       <LongitudeDegrees>139.7733807</LongitudeDegrees>
      </Position>
      <AltitudeMeters>17</AltitudeMeters>
      <DistanceMeters>1627</DistanceMeters>
      <HeartRateBpm>
       <Value>127</Value>
      </HeartRateBpm>
      <Cadence>83</Cadence>
      <Extensions>
       <Speed>8.460000</Speed>
      </Extensions>
     </Trackpoint>
     <Trackpoint>
      <Time>2026-05-24T14:16:07Z</Time>
      <Position>
       <LatitudeDegrees>35.6976218</LatitudeDegrees>
       <LongitudeDegrees>139.7733558</LongitudeDegrees>
      </Position>
      <AltitudeMeters>17</AltitudeMeters>
      <DistanceMeters>1629</DistanceMeters>
      <HeartRateBpm>
       <Value>127</Value>
      </HeartRateBpm>
      <Cadence>82</Cadence>
      <Extensions>
       <Speed>8.430000</Speed>
      </Extensions>
     </Trackpoint>
     <Trackpoint>
      <Time>2026-05-24T14:16:08Z</Time>
      <Position>
       <LatitudeDegrees>35.6976165</LatitudeDegrees>
       <LongitudeDegrees>139.7733311</LongitudeDegrees>
      </Position>
      <AltitudeMeters>17</AltitudeMeters>
      <DistanceMeters>1631</DistanceMeters>
      <HeartRateBpm>
       <Value>127</Value>
      </HeartRateBpm>
      <Cadence>82</Cadence>
      <Extensions>
       <Speed>8.420000</Speed>
      </Extensions>
     </Trackpoint>
     <Trackpoint>
      <Time>2026-05-24T14:16:09Z</Time>
      <Position>
       <LatitudeDegrees>35.6976112</LatitudeDegrees>
       <LongitudeDegrees>139.7733064</LongitudeDegrees>
      </Position>
      <AltitudeMeters>17</AltitudeMeters>
      <DistanceMeters>1633</DistanceMeters>
      <HeartRateBpm>
       <Value>128</Value>
      </HeartRateBpm>
      <Cadence>82</Cadence>
      <Extensions>
       <Speed>8.420000</Speed>
      </Extensions>
     </Trackpoint>
     <Trackpoint>
      <Time>2026-05-24T14:16:10Z</Time>
      <Position>
       <LatitudeDegrees>35.6976091</LatitudeDegrees>
       <LongitudeDegrees>139.7732849</LongitudeDegrees>
      </Position>
      <AltitudeMeters>17</AltitudeMeters>
      <DistanceMeters>1634</DistanceMeters>
      <HeartRateBpm>
       <Value>128</Value>
      </HeartRateBpm>
      <Cadence>81</Cadence>
      <Extensions>
       <Speed>8.410000</Speed>
      </Extensions>
     </Trackpoint>
     <Trackpoint>
      <Time>2026-05-24T14:16:11Z</Time>
      <Position>
       <LatitudeDegrees>35.6976070</LatitudeDegrees>
       <LongitudeDegrees>139.7732634</LongitudeDegrees>
      </Position>
      <AltitudeMeters>17</AltitudeMeters>
      <DistanceMeters>1636</DistanceMeters>
      <HeartRateBpm>
       <Value>128</Value>
      </HeartRateBpm>
      <Cadence>81</Cadence>
      <Extensions>
       <Speed>8.410000</Speed>
      </Extensions>
     </Trackpoint>
     <Trackpoint>
      <Time>2026-05-24T14:16:12Z</Time>
      <Position>
       <LatitudeDegrees>35.6976078</LatitudeDegrees>
       <LongitudeDegrees>139.7732442</LongitudeDegrees>
      </Position>
      <AltitudeMeters>17</AltitudeMeters>
      <DistanceMeters>1638</DistanceMeters>
      <HeartRateBpm>
       <Value>128</Value>
      </HeartRateBpm>
      <Cadence>80</Cadence>
      <Extensions>
       <Speed>8.370000</Speed>
      </Extensions>
     </Trackpoint>
     <Trackpoint>
      <Time>2026-05-24T14:16:13Z</Time>
      <Position>
       <LatitudeDegrees>35.6976086</LatitudeDegrees>
       <LongitudeDegrees>139.7732250</LongitudeDegrees>
      </Position>
      <AltitudeMeters>17</AltitudeMeters>
      <DistanceMeters>1640</DistanceMeters>
      <HeartRateBpm>
       <Value>128</Value>
      </HeartRateBpm>
      <Cadence>80</Cadence>
      <Extensions>
       <Speed>8.340000</Speed>
      </Extensions>
     </Trackpoint>
     <Trackpoint>
      <Time>2026-05-24T14:16:14Z</Time>
      <Position>
       <LatitudeDegrees>35.6976105</LatitudeDegrees>
       <LongitudeDegrees>139.7732059</LongitudeDegrees>
      </Position>
      <AltitudeMeters>17</AltitudeMeters>
      <DistanceMeters>1642</DistanceMeters>
      <HeartRateBpm>
       <Value>128</Value>
      </HeartRateBpm>
      <Cadence>80</Cadence>
      <Extensions>
       <Speed>8.260000</Speed>
      </Extensions>
     </Trackpoint>
     <Trackpoint>
      <Time>2026-05-24T14:16:15Z</Time>
      <Position>
       <LatitudeDegrees>35.6976124</LatitudeDegrees>
       <LongitudeDegrees>139.7731869</LongitudeDegrees>
      </Position>
      <AltitudeMeters>17</AltitudeMeters>
      <DistanceMeters>1644</DistanceMeters>
      <HeartRateBpm>
       <Value>128</Value>
      </HeartRateBpm>
      <Cadence>80</Cadence>
      <Extensions>
       <Speed>8.180000</Speed>
      </Extensions>
     </Trackpoint>
     <Trackpoint>
      <Time>2026-05-24T14:16:16Z</Time>
      <Position>
       <LatitudeDegrees>35.6976161</LatitudeDegrees>
       <LongitudeDegrees>139.7731651</LongitudeDegrees>
      </Position>
      <AltitudeMeters>17</AltitudeMeters>
      <DistanceMeters>1646</DistanceMeters>
      <HeartRateBpm>
       <Value>129</Value>
      </HeartRateBpm>
      <Cadence>79</Cadence>
      <Extensions>
       <Speed>8.120000</Speed>
      </Extensions>
     </Trackpoint>
     <Trackpoint>
      <Time>2026-05-24T14:16:17Z</Time>
      <Position>
       <LatitudeDegrees>35.6976199</LatitudeDegrees>
       <LongitudeDegrees>139.7731434</LongitudeDegrees>
      </Position>
      <AltitudeMeters>17</AltitudeMeters>
      <DistanceMeters>1649</DistanceMeters>
      <HeartRateBpm>
       <Value>129</Value>
      </HeartRateBpm>
      <Cadence>79</Cadence>
      <Extensions>
       <Speed>8.060000</Speed>
      </Extensions>
     </Trackpoint>
     <Trackpoint>
      <Time>2026-05-24T14:16:18Z</Time>
      <Position>
       <LatitudeDegrees>35.6976224</LatitudeDegrees>
       <LongitudeDegrees>139.7731228</LongitudeDegrees>
      </Position>
      <AltitudeMeters>17</AltitudeMeters>
      <DistanceMeters>1650</DistanceMeters>
      <HeartRateBpm>
       <Value>130</Value>
      </HeartRateBpm>
      <Cadence>79</Cadence>
      <Extensions>
       <Speed>8.040000</Speed>
      </Extensions>
     </Trackpoint>
     <Trackpoint>
      <Time>2026-05-24T14:16:19Z</Time>
      <Position>
       <LatitudeDegrees>35.6976250</LatitudeDegrees>
       <LongitudeDegrees>139.7731023</LongitudeDegrees>
      </Position>
      <AltitudeMeters>17</AltitudeMeters>
      <DistanceMeters>1652</DistanceMeters>
      <HeartRateBpm>
       <Value>130</Value>
      </HeartRateBpm>
      <Cadence>79</Cadence>
      <Extensions>
       <Speed>8.020000</Speed>
      </Extensions>
     </Trackpoint>
     <Trackpoint>
      <Time>2026-05-24T14:16:20Z</Time>
      <Position>
       <LatitudeDegrees>35.6976204</LatitudeDegrees>
       <LongitudeDegrees>139.7730828</LongitudeDegrees>
      </Position>
      <AltitudeMeters>17</AltitudeMeters>
      <DistanceMeters>1654</DistanceMeters>
      <HeartRateBpm>
       <Value>130</Value>
      </HeartRateBpm>
      <Cadence>79</Cadence>
      <Extensions>
       <Speed>8.010000</Speed>
      </Extensions>
     </Trackpoint>
     <Trackpoint>
      <Time>2026-05-24T14:16:21Z</Time>
      <Position>
       <LatitudeDegrees>35.6976158</LatitudeDegrees>
       <LongitudeDegrees>139.7730633</LongitudeDegrees>
      </Position>
      <AltitudeMeters>17</AltitudeMeters>
      <DistanceMeters>1655</DistanceMeters>
      <HeartRateBpm>
       <Value>131</Value>
      </HeartRateBpm>
      <Cadence>79</Cadence>
      <Extensions>
       <Speed>8.010000</Speed>
      </Extensions>
     </Trackpoint>
     <Trackpoint>
      <Time>2026-05-24T14:16:22Z</Time>
      <Position>
       <LatitudeDegrees>35.6976139</LatitudeDegrees>
       <LongitudeDegrees>139.7730588</LongitudeDegrees>
      </Position>
      <AltitudeMeters>17</AltitudeMeters>
      <DistanceMeters>1655</DistanceMeters>
      <HeartRateBpm>
       <Value>131</Value>
      </HeartRateBpm>
      <Cadence>80</Cadence>
      <Extensions>
       <Speed>8.000000</Speed>
      </Extensions>
     </Trackpoint>
     <Trackpoint>
      <Time>2026-05-24T14:16:23Z</Time>
      <Position>
       <LatitudeDegrees>35.6976121</LatitudeDegrees>
       <LongitudeDegrees>139.7730544</LongitudeDegrees>
      </Position>
      <AltitudeMeters>17</AltitudeMeters>
      <DistanceMeters>1655</DistanceMeters>
      <HeartRateBpm>
       <Value>131</Value>
      </HeartRateBpm>
      <Cadence>80</Cadence>
      <Extensions>
       <Speed>7.990000</Speed>
      </Extensions>
     </Trackpoint>
     <Trackpoint>
      <Time>2026-05-24T14:16:24Z</Time>
      <Position>
       <LatitudeDegrees>35.6976156</LatitudeDegrees>
       <LongitudeDegrees>139.7730634</LongitudeDegrees>
      </Position>
      <AltitudeMeters>17</AltitudeMeters>
      <DistanceMeters>1656</DistanceMeters>
      <HeartRateBpm>
       <Value>131</Value>
      </HeartRateBpm>
      <Cadence>80</Cadence>
      <Extensions>
       <Speed>7.960000</Speed>
      </Extensions>
     </Trackpoint>
     <Trackpoint>
      <Time>2026-05-24T14:16:25Z</Time>
      <Position>
       <LatitudeDegrees>35.6976191</LatitudeDegrees>
       <LongitudeDegrees>139.7730724</LongitudeDegrees>
      </Position>
      <AltitudeMeters>17</AltitudeMeters>
      <DistanceMeters>1658</DistanceMeters>
      <HeartRateBpm>
       <Value>131</Value>
      </HeartRateBpm>
      <Cadence>81</Cadence>
      <Extensions>
       <Speed>7.930000</Speed>
      </Extensions>
     </Trackpoint>
     <Trackpoint>
      <Time>2026-05-24T14:16:26Z</Time>
      <Position>
       <LatitudeDegrees>35.6976201</LatitudeDegrees>
       <LongitudeDegrees>139.7730778</LongitudeDegrees>
      </Position>
      <AltitudeMeters>17</AltitudeMeters>
      <DistanceMeters>1658</DistanceMeters>
      <HeartRateBpm>
       <Value>130</Value>
      </HeartRateBpm>
      <Cadence>81</Cadence>
      <Extensions>
       <Speed>7.930000</Speed>
      </Extensions>
     </Trackpoint>
     <Trackpoint>
      <Time>2026-05-24T14:16:27Z</Time>
      <Position>
       <LatitudeDegrees>35.6976212</LatitudeDegrees>
       <LongitudeDegrees>139.7730832</LongitudeDegrees>
      </Position>
      <AltitudeMeters>17</AltitudeMeters>
      <DistanceMeters>1658</DistanceMeters>
      <HeartRateBpm>
       <Value>130</Value>
      </HeartRateBpm>
      <Cadence>81</Cadence>
      <Extensions>
       <Speed>7.940000</Speed>
      </Extensions>
     </Trackpoint>
     <Trackpoint>
      <Time>2026-05-24T14:16:28Z</Time>
      <Position>
       <LatitudeDegrees>35.6976222</LatitudeDegrees>
       <LongitudeDegrees>139.7730886</LongitudeDegrees>
      </Position>
      <AltitudeMeters>17</AltitudeMeters>
      <DistanceMeters>1658</DistanceMeters>
      <HeartRateBpm>
       <Value>129</Value>
      </HeartRateBpm>
      <Cadence>80</Cadence>
      <Extensions>
       <Speed>7.940000</Speed>
      </Extensions>
     </Trackpoint>
     <Trackpoint>
      <Time>2026-05-24T14:16:29Z</Time>
      <Position>
       <LatitudeDegrees>35.6976233</LatitudeDegrees>
       <LongitudeDegrees>139.7730940</LongitudeDegrees>
      </Position>
      <AltitudeMeters>17</AltitudeMeters>
      <DistanceMeters>1658</DistanceMeters>
      <HeartRateBpm>
       <Value>129</Value>
      </HeartRateBpm>
      <Cadence>80</Cadence>
      <Extensions>
       <Speed>7.950000</Speed>
      </Extensions>
     </Trackpoint>
     <Trackpoint>
      <Time>2026-05-24T14:16:30Z</Time>
      <Position>
       <LatitudeDegrees>35.6976264</LatitudeDegrees>
       <LongitudeDegrees>139.7731060</LongitudeDegrees>
      </Position>
      <AltitudeMeters>17</AltitudeMeters>
      <DistanceMeters>1658</DistanceMeters>
      <HeartRateBpm>
       <Value>129</Value>
      </HeartRateBpm>
      <Cadence>80</Cadence>
      <Extensions>
       <Speed>7.940000</Speed>
      </Extensions>
     </Trackpoint>
     <Trackpoint>
      <Time>2026-05-24T14:16:31Z</Time>
      <Position>
       <LatitudeDegrees>35.6976296</LatitudeDegrees>
       <LongitudeDegrees>139.7731181</LongitudeDegrees>
      </Position>
      <AltitudeMeters>17</AltitudeMeters>
      <DistanceMeters>1658</DistanceMeters>
      <HeartRateBpm>
       <Value>128</Value>
      </HeartRateBpm>
      <Cadence>80</Cadence>
      <Extensions>
       <Speed>7.930000</Speed>
      </Extensions>
     </Trackpoint>
     <Trackpoint>
      <Time>2026-05-24T14:16:32Z</Time>
      <Position>
       <LatitudeDegrees>35.6976309</LatitudeDegrees>
       <LongitudeDegrees>139.7731162</LongitudeDegrees>
      </Position>
      <AltitudeMeters>17</AltitudeMeters>
      <DistanceMeters>1661</DistanceMeters>
      <HeartRateBpm>
       <Value>128</Value>
      </HeartRateBpm>
      <Cadence>80</Cadence>
      <Extensions>
       <Speed>6.680000</Speed>
      </Extensions>
     </Trackpoint>
     <Trackpoint>
      <Time>2026-05-24T14:16:33Z</Time>
      <Position>
       <LatitudeDegrees>35.6976322</LatitudeDegrees>
       <LongitudeDegrees>139.7731143</LongitudeDegrees>
      </Position>
      <AltitudeMeters>17</AltitudeMeters>
      <DistanceMeters>1664</DistanceMeters>
      <HeartRateBpm>
       <Value>129</Value>
      </HeartRateBpm>
      <Cadence>80</Cadence>
      <Extensions>
       <Speed>5.440000</Speed>
      </Extensions>
     </Trackpoint>
     <Trackpoint>
      <Time>2026-05-24T14:16:34Z</Time>
      <Position>
       <LatitudeDegrees>35.6976335</LatitudeDegrees>
       <LongitudeDegrees>139.7730963</LongitudeDegrees>
      </Position>
      <AltitudeMeters>17</AltitudeMeters>
      <DistanceMeters>1666</DistanceMeters>
      <HeartRateBpm>
       <Value>129</Value>
      </HeartRateBpm>
      <Cadence>80</Cadence>
      <Extensions>
       <Speed>5.160000</Speed>
      </Extensions>
     </Trackpoint>
     <Trackpoint>
      <Time>2026-05-24T14:16:35Z</Time>
      <Position>
       <LatitudeDegrees>35.6976349</LatitudeDegrees>
       <LongitudeDegrees>139.7730784</LongitudeDegrees>
      </Position>
      <AltitudeMeters>17</AltitudeMeters>
      <DistanceMeters>1668</DistanceMeters>
      <HeartRateBpm>
       <Value>129</Value>
      </HeartRateBpm>
      <Cadence>80</Cadence>
      <Extensions>
       <Speed>4.880000</Speed>
      </Extensions>
     </Trackpoint>
     <Trackpoint>
      <Time>2026-05-24T14:16:36Z</Time>
      <Position>
       <LatitudeDegrees>35.6976389</LatitudeDegrees>
       <LongitudeDegrees>139.7730515</LongitudeDegrees>
      </Position>
      <AltitudeMeters>17</AltitudeMeters>
      <DistanceMeters>1672</DistanceMeters>
      <HeartRateBpm>
       <Value>128</Value>
      </HeartRateBpm>
      <Cadence>80</Cadence>
      <Extensions>
       <Speed>4.800000</Speed>
      </Extensions>
     </Trackpoint>
     <Trackpoint>
      <Time>2026-05-24T14:16:37Z</Time>
      <Position>
       <LatitudeDegrees>35.6976429</LatitudeDegrees>
       <LongitudeDegrees>139.7730246</LongitudeDegrees>
      </Position>
      <AltitudeMeters>17</AltitudeMeters>
      <DistanceMeters>1675</DistanceMeters>
      <HeartRateBpm>
       <Value>128</Value>
      </HeartRateBpm>
      <Cadence>80</Cadence>
      <Extensions>
       <Speed>4.730000</Speed>
      </Extensions>
     </Trackpoint>
     <Trackpoint>
      <Time>2026-05-24T14:16:38Z</Time>
      <Position>
       <LatitudeDegrees>35.6976522</LatitudeDegrees>
       <LongitudeDegrees>139.7729832</LongitudeDegrees>
      </Position>
      <AltitudeMeters>17</AltitudeMeters>
      <DistanceMeters>1680</DistanceMeters>
      <HeartRateBpm>
       <Value>128</Value>
      </HeartRateBpm>
      <Cadence>80</Cadence>
      <Extensions>
       <Speed>4.850000</Speed>
      </Extensions>
     </Trackpoint>
     <Trackpoint>
      <Time>2026-05-24T14:16:39Z</Time>
      <Position>
       <LatitudeDegrees>35.6976615</LatitudeDegrees>
       <LongitudeDegrees>139.7729419</LongitudeDegrees>
      </Position>
      <AltitudeMeters>17</AltitudeMeters>
      <DistanceMeters>1685</DistanceMeters>
      <HeartRateBpm>
       <Value>128</Value>
      </HeartRateBpm>
      <Cadence>80</Cadence>
      <Extensions>
       <Speed>4.980000</Speed>
      </Extensions>
     </Trackpoint>
     <Trackpoint>
      <Time>2026-05-24T14:16:40Z</Time>
      <Position>
       <LatitudeDegrees>35.6976671</LatitudeDegrees>
       <LongitudeDegrees>139.7729112</LongitudeDegrees>
      </Position>
      <AltitudeMeters>17</AltitudeMeters>
      <DistanceMeters>1685</DistanceMeters>
      <HeartRateBpm>
       <Value>128</Value>
      </HeartRateBpm>
      <Cadence>80</Cadence>
      <Extensions>
       <Speed>5.040000</Speed>
      </Extensions>
     </Trackpoint>
     <Trackpoint>
      <Time>2026-05-24T14:16:41Z</Time>
      <Position>
       <LatitudeDegrees>35.6976727</LatitudeDegrees>
       <LongitudeDegrees>139.7728805</LongitudeDegrees>
      </Position>
      <AltitudeMeters>17</AltitudeMeters>
      <DistanceMeters>1685</DistanceMeters>
      <HeartRateBpm>
       <Value>128</Value>
      </HeartRateBpm>
      <Cadence>80</Cadence>
      <Extensions>
       <Speed>5.100000</Speed>
      </Extensions>
     </Trackpoint>
     <Trackpoint>
      <Time>2026-05-24T14:16:42Z</Time>
      <Position>
       <LatitudeDegrees>35.6976725</LatitudeDegrees>
       <LongitudeDegrees>139.7728684</LongitudeDegrees>
      </Position>
      <AltitudeMeters>17</AltitudeMeters>
      <DistanceMeters>1685</DistanceMeters>
      <HeartRateBpm>
       <Value>128</Value>
      </HeartRateBpm>
      <Cadence>80</Cadence>
      <Extensions>
       <Speed>5.140000</Speed>
      </Extensions>
     </Trackpoint>
     <Trackpoint>
      <Time>2026-05-24T14:16:43Z</Time>
      <Position>
       <LatitudeDegrees>35.6976723</LatitudeDegrees>
       <LongitudeDegrees>139.7728563</LongitudeDegrees>
      </Position>
      <AltitudeMeters>17</AltitudeMeters>
      <DistanceMeters>1685</DistanceMeters>
      <HeartRateBpm>
       <Value>128</Value>
      </HeartRateBpm>
      <Cadence>80</Cadence>
      <Extensions>
       <Speed>5.190000</Speed>
      </Extensions>
     </Trackpoint>
     <Trackpoint>
      <Time>2026-05-24T14:16:44Z</Time>
      <Position>
       <LatitudeDegrees>35.6976703</LatitudeDegrees>
       <LongitudeDegrees>139.7728365</LongitudeDegrees>
      </Position>
      <AltitudeMeters>17</AltitudeMeters>
      <DistanceMeters>1689</DistanceMeters>
      <HeartRateBpm>
       <Value>128</Value>
      </HeartRateBpm>
      <Cadence>80</Cadence>
      <Extensions>
       <Speed>5.180000</Speed>
      </Extensions>
     </Trackpoint>
     <Trackpoint>
      <Time>2026-05-24T14:16:45Z</Time>
      <Position>
       <LatitudeDegrees>35.6976683</LatitudeDegrees>
       <LongitudeDegrees>139.7728168</LongitudeDegrees>
      </Position>
      <AltitudeMeters>17</AltitudeMeters>
      <DistanceMeters>1693</DistanceMeters>
      <HeartRateBpm>
       <Value>128</Value>
      </HeartRateBpm>
      <Cadence>80</Cadence>
      <Extensions>
       <Speed>5.180000</Speed>
      </Extensions>
     </Trackpoint>
     <Trackpoint>
      <Time>2026-05-24T14:16:46Z</Time>
      <Position>
       <LatitudeDegrees>35.6976636</LatitudeDegrees>
       <LongitudeDegrees>139.7727869</LongitudeDegrees>
      </Position>
      <AltitudeMeters>17</AltitudeMeters>
      <DistanceMeters>1696</DistanceMeters>
      <HeartRateBpm>
       <Value>128</Value>
      </HeartRateBpm>
      <Cadence>80</Cadence>
      <Extensions>
       <Speed>5.170000</Speed>
      </Extensions>
     </Trackpoint>
     <Trackpoint>
      <Time>2026-05-24T14:16:47Z</Time>
      <Position>
       <LatitudeDegrees>35.6976589</LatitudeDegrees>
       <LongitudeDegrees>139.7727571</LongitudeDegrees>
      </Position>
      <AltitudeMeters>17</AltitudeMeters>
      <DistanceMeters>1699</DistanceMeters>
      <HeartRateBpm>
       <Value>127</Value>
      </HeartRateBpm>
      <Cadence>80</Cadence>
      <Extensions>
       <Speed>5.170000</Speed>
      </Extensions>
     </Trackpoint>
     <Trackpoint>
      <Time>2026-05-24T14:16:48Z</Time>
      <Position>
       <LatitudeDegrees>35.6976530</LatitudeDegrees>
       <LongitudeDegrees>139.7727253</LongitudeDegrees>
      </Position>
      <AltitudeMeters>17</AltitudeMeters>
      <DistanceMeters>1702</DistanceMeters>
      <HeartRateBpm>
       <Value>127</Value>
      </HeartRateBpm>
      <Cadence>79</Cadence>
      <Extensions>
       <Speed>5.250000</Speed>
      </Extensions>
     </Trackpoint>
     <Trackpoint>
      <Time>2026-05-24T14:16:49Z</Time>
      <Position>
       <LatitudeDegrees>35.6976471</LatitudeDegrees>
       <LongitudeDegrees>139.7726936</LongitudeDegrees>
      </Position>
      <AltitudeMeters>17</AltitudeMeters>
      <DistanceMeters>1704</DistanceMeters>
      <HeartRateBpm>
       <Value>127</Value>
      </HeartRateBpm>
      <Cadence>79</Cadence>
      <Extensions>
       <Speed>5.340000</Speed>
      </Extensions>
     </Trackpoint>
     <Trackpoint>
      <Time>2026-05-24T14:16:50Z</Time>
      <Position>
       <LatitudeDegrees>35.6976415</LatitudeDegrees>
       <LongitudeDegrees>139.7726607</LongitudeDegrees>
      </Position>
      <AltitudeMeters>17</AltitudeMeters>
      <DistanceMeters>1708</DistanceMeters>
      <HeartRateBpm>
       <Value>127</Value>
      </HeartRateBpm>
      <Cadence>79</Cadence>
      <Extensions>
       <Speed>5.580000</Speed>
      </Extensions>
     </Trackpoint>
     <Trackpoint>
      <Time>2026-05-24T14:16:51Z</Time>
      <Position>
       <LatitudeDegrees>35.6976360</LatitudeDegrees>
       <LongitudeDegrees>139.7726279</LongitudeDegrees>
      </Position>
      <AltitudeMeters>17</AltitudeMeters>
      <DistanceMeters>1711</DistanceMeters>
      <HeartRateBpm>
       <Value>127</Value>
      </HeartRateBpm>
      <Cadence>79</Cadence>
      <Extensions>
       <Speed>5.820000</Speed>
      </Extensions>
     </Trackpoint>
     <Trackpoint>
      <Time>2026-05-24T14:16:52Z</Time>
      <Position>
       <LatitudeDegrees>35.6976301</LatitudeDegrees>
       <LongitudeDegrees>139.7725936</LongitudeDegrees>
      </Position>
      <AltitudeMeters>17</AltitudeMeters>
      <DistanceMeters>1714</DistanceMeters>
      <HeartRateBpm>
       <Value>127</Value>
      </HeartRateBpm>
      <Cadence>79</Cadence>
      <Extensions>
       <Speed>6.250000</Speed>
      </Extensions>
     </Trackpoint>
     <Trackpoint>
      <Time>2026-05-24T14:16:53Z</Time>
      <Position>
       <LatitudeDegrees>35.6976242</LatitudeDegrees>
       <LongitudeDegrees>139.7725593</LongitudeDegrees>
      </Position>
      <AltitudeMeters>17</AltitudeMeters>
      <DistanceMeters>1717</DistanceMeters>
      <HeartRateBpm>
       <Value>127</Value>
      </HeartRateBpm>
      <Cadence>79</Cadence>
      <Extensions>
       <Speed>6.680000</Speed>
      </Extensions>
     </Trackpoint>
     <Trackpoint>
      <Time>2026-05-24T14:16:54Z</Time>
      <Position>
       <LatitudeDegrees>35.6976175</LatitudeDegrees>
       <LongitudeDegrees>139.7725260</LongitudeDegrees>
      </Position>
      <AltitudeMeters>17</AltitudeMeters>
      <DistanceMeters>1720</DistanceMeters>
      <HeartRateBpm>
       <Value>127</Value>
      </HeartRateBpm>
      <Cadence>79</Cadence>
      <Extensions>
       <Speed>6.860000</Speed>
      </Extensions>
     </Trackpoint>
     <Trackpoint>
      <Time>2026-05-24T14:16:55Z</Time>
      <Position>
       <LatitudeDegrees>35.6976108</LatitudeDegrees>
       <LongitudeDegrees>139.7724928</LongitudeDegrees>
      </Position>
      <AltitudeMeters>17</AltitudeMeters>
      <DistanceMeters>1723</DistanceMeters>
      <HeartRateBpm>
       <Value>127</Value>
      </HeartRateBpm>
      <Cadence>79</Cadence>
      <Extensions>
       <Speed>7.040000</Speed>
      </Extensions>
     </Trackpoint>
     <Trackpoint>
      <Time>2026-05-24T14:16:56Z</Time>
      <Position>
       <LatitudeDegrees>35.6976081</LatitudeDegrees>
       <LongitudeDegrees>139.7724670</LongitudeDegrees>
      </Position>
      <AltitudeMeters>17</AltitudeMeters>
      <DistanceMeters>1724</DistanceMeters>
      <HeartRateBpm>
       <Value>127</Value>
      </HeartRateBpm>
      <Cadence>79</Cadence>
      <Extensions>
       <Speed>7.220000</Speed>
      </Extensions>
     </Trackpoint>
     <Trackpoint>
      <Time>2026-05-24T14:16:57Z</Time>
      <Position>
       <LatitudeDegrees>35.6976055</LatitudeDegrees>
       <LongitudeDegrees>139.7724412</LongitudeDegrees>
      </Position>
      <AltitudeMeters>17</AltitudeMeters>
      <DistanceMeters>1725</DistanceMeters>
      <HeartRateBpm>
       <Value>127</Value>
      </HeartRateBpm>
      <Cadence>79</Cadence>
      <Extensions>
       <Speed>7.400000</Speed>
      </Extensions>
     </Trackpoint>
     <Trackpoint>
      <Time>2026-05-24T14:16:58Z</Time>
      <Position>
       <LatitudeDegrees>35.6976117</LatitudeDegrees>
       <LongitudeDegrees>139.7724259</LongitudeDegrees>
      </Position>
      <AltitudeMeters>17</AltitudeMeters>
      <DistanceMeters>1727</DistanceMeters>
      <HeartRateBpm>
       <Value>127</Value>
      </HeartRateBpm>
      <Cadence>79</Cadence>
      <Extensions>
       <Speed>7.530000</Speed>
      </Extensions>
     </Trackpoint>
     <Trackpoint>
      <Time>2026-05-24T14:16:59Z</Time>
      <Position>
       <LatitudeDegrees>35.6976179</LatitudeDegrees>
       <LongitudeDegrees>139.7724107</LongitudeDegrees>
      </Position>
      <AltitudeMeters>17</AltitudeMeters>
      <DistanceMeters>1729</DistanceMeters>
      <HeartRateBpm>
       <Value>127</Value>
      </HeartRateBpm>
      <Cadence>79</Cadence>
      <Extensions>
       <Speed>7.660000</Speed>
      </Extensions>
     </Trackpoint>
     <Trackpoint>
      <Time>2026-05-24T14:17:00Z</Time>
      <Position>
       <LatitudeDegrees>35.6976319</LatitudeDegrees>
       <LongitudeDegrees>139.7724041</LongitudeDegrees>
      </Position>
      <AltitudeMeters>17</AltitudeMeters>
      <DistanceMeters>1731</DistanceMeters>
      <HeartRateBpm>
       <Value>127</Value>
      </HeartRateBpm>
      <Cadence>79</Cadence>
      <Extensions>
       <Speed>7.810000</Speed>
      </Extensions>
     </Trackpoint>
     <Trackpoint>
      <Time>2026-05-24T14:17:01Z</Time>
      <Position>
       <LatitudeDegrees>35.6976459</LatitudeDegrees>
       <LongitudeDegrees>139.7723975</LongitudeDegrees>
      </Position>
      <AltitudeMeters>17</AltitudeMeters>
      <DistanceMeters>1733</DistanceMeters>
      <HeartRateBpm>
       <Value>127</Value>
      </HeartRateBpm>
      <Cadence>79</Cadence>
      <Extensions>
       <Speed>7.960000</Speed>
      </Extensions>
     </Trackpoint>
     <Trackpoint>
      <Time>2026-05-24T14:17:02Z</Time>
      <Position>
       <LatitudeDegrees>35.6976652</LatitudeDegrees>
       <LongitudeDegrees>139.7723978</LongitudeDegrees>
      </Position>
      <AltitudeMeters>17</AltitudeMeters>
      <DistanceMeters>1736</DistanceMeters>
      <HeartRateBpm>
       <Value>126</Value>
      </HeartRateBpm>
      <Cadence>79</Cadence>
      <Extensions>
       <Speed>8.030000</Speed>
      </Extensions>
     </Trackpoint>
     <Trackpoint>
      <Time>2026-05-24T14:17:03Z</Time>
      <Position>
       <LatitudeDegrees>35.6976846</LatitudeDegrees>
       <LongitudeDegrees>139.7723981</LongitudeDegrees>
      </Position>
      <AltitudeMeters>17</AltitudeMeters>
      <DistanceMeters>1738</DistanceMeters>
      <HeartRateBpm>
       <Value>126</Value>
      </HeartRateBpm>
      <Cadence>79</Cadence>
      <Extensions>
       <Speed>8.110000</Speed>
      </Extensions>
     </Trackpoint>
     <Trackpoint>
      <Time>2026-05-24T14:17:04Z</Time>
      <Position>
       <LatitudeDegrees>35.6977069</LatitudeDegrees>
       <LongitudeDegrees>139.7724038</LongitudeDegrees>
      </Position>
      <AltitudeMeters>17</AltitudeMeters>
      <DistanceMeters>1740</DistanceMeters>
      <HeartRateBpm>
       <Value>126</Value>
      </HeartRateBpm>
      <Cadence>79</Cadence>
      <Extensions>
       <Speed>8.360000</Speed>
      </Extensions>
     </Trackpoint>
     <Trackpoint>
      <Time>2026-05-24T14:17:05Z</Time>
      <Position>
       <LatitudeDegrees>35.6977293</LatitudeDegrees>
       <LongitudeDegrees>139.7724095</LongitudeDegrees>
      </Position>
      <AltitudeMeters>17</AltitudeMeters>
      <DistanceMeters>1743</DistanceMeters>
      <HeartRateBpm>
       <Value>126</Value>
      </HeartRateBpm>
      <Cadence>79</Cadence>
      <Extensions>
       <Speed>8.610000</Speed>
      </Extensions>
     </Trackpoint>
     <Trackpoint>
      <Time>2026-05-24T14:17:06Z</Time>
      <Position>
       <LatitudeDegrees>35.6977521</LatitudeDegrees>
       <LongitudeDegrees>139.7724177</LongitudeDegrees>
      </Position>
      <AltitudeMeters>17</AltitudeMeters>
      <DistanceMeters>1746</DistanceMeters>
      <HeartRateBpm>
       <Value>127</Value>
      </HeartRateBpm>
      <Cadence>79</Cadence>
      <Extensions>
       <Speed>8.670000</Speed>
      </Extensions>
     </Trackpoint>
     <Trackpoint>
      <Time>2026-05-24T14:17:07Z</Time>
      <Position>
       <LatitudeDegrees>35.6977749</LatitudeDegrees>
       <LongitudeDegrees>139.7724260</LongitudeDegrees>
      </Position>
      <AltitudeMeters>17</AltitudeMeters>
      <DistanceMeters>1748</DistanceMeters>
      <HeartRateBpm>
       <Value>127</Value>
      </HeartRateBpm>
      <Cadence>79</Cadence>
      <Extensions>
       <Speed>8.730000</Speed>
      </Extensions>
     </Trackpoint>
     <Trackpoint>
      <Time>2026-05-24T14:17:08Z</Time>
      <Position>
       <LatitudeDegrees>35.6977968</LatitudeDegrees>
       <LongitudeDegrees>139.7724341</LongitudeDegrees>
      </Position>
      <AltitudeMeters>17</AltitudeMeters>
      <DistanceMeters>1750</DistanceMeters>
      <HeartRateBpm>
       <Value>127</Value>
      </HeartRateBpm>
      <Cadence>79</Cadence>
      <Extensions>
       <Speed>8.760000</Speed>
      </Extensions>
     </Trackpoint>
     <Trackpoint>
      <Time>2026-05-24T14:17:09Z</Time>
      <Position>
       <LatitudeDegrees>35.6978188</LatitudeDegrees>
       <LongitudeDegrees>139.7724423</LongitudeDegrees>
      </Position>
      <AltitudeMeters>17</AltitudeMeters>
      <DistanceMeters>1753</DistanceMeters>
      <HeartRateBpm>
       <Value>128</Value>
      </HeartRateBpm>
      <Cadence>79</Cadence>
      <Extensions>
       <Speed>8.790000</Speed>
      </Extensions>
     </Trackpoint>
     <Trackpoint>
      <Time>2026-05-24T14:17:10Z</Time>
      <Position>
       <LatitudeDegrees>35.6978394</LatitudeDegrees>
       <LongitudeDegrees>139.7724489</LongitudeDegrees>
      </Position>
      <AltitudeMeters>17</AltitudeMeters>
      <DistanceMeters>1755</DistanceMeters>
      <HeartRateBpm>
       <Value>128</Value>
      </HeartRateBpm>
      <Cadence>79</Cadence>
      <Extensions>
       <Speed>8.810000</Speed>
      </Extensions>
     </Trackpoint>
     <Trackpoint>
      <Time>2026-05-24T14:17:11Z</Time>
      <Position>
       <LatitudeDegrees>35.6978600</LatitudeDegrees>
       <LongitudeDegrees>139.7724555</LongitudeDegrees>
      </Position>
      <AltitudeMeters>17</AltitudeMeters>
      <DistanceMeters>1757</DistanceMeters>
      <HeartRateBpm>
       <Value>128</Value>
      </HeartRateBpm>
      <Cadence>79</Cadence>
      <Extensions>
       <Speed>8.830000</Speed>
      </Extensions>
     </Trackpoint>
     <Trackpoint>
      <Time>2026-05-24T14:17:12Z</Time>
      <Position>
       <LatitudeDegrees>35.6978804</LatitudeDegrees>
       <LongitudeDegrees>139.7724614</LongitudeDegrees>
      </Position>
      <AltitudeMeters>17</AltitudeMeters>
      <DistanceMeters>1760</DistanceMeters>
      <HeartRateBpm>
       <Value>129</Value>
      </HeartRateBpm>
      <Cadence>79</Cadence>
      <Extensions>
       <Speed>8.890000</Speed>
      </Extensions>
     </Trackpoint>
     <Trackpoint>
      <Time>2026-05-24T14:17:13Z</Time>
      <Position>
       <LatitudeDegrees>35.6979008</LatitudeDegrees>
       <LongitudeDegrees>139.7724674</LongitudeDegrees>
      </Position>
      <AltitudeMeters>17</AltitudeMeters>
      <DistanceMeters>1762</DistanceMeters>
      <HeartRateBpm>
       <Value>129</Value>
      </HeartRateBpm>
      <Cadence>79</Cadence>
      <Extensions>
       <Speed>8.960000</Speed>
      </Extensions>
     </Trackpoint>
     <Trackpoint>
      <Time>2026-05-24T14:17:14Z</Time>
      <Position>
       <LatitudeDegrees>35.6979223</LatitudeDegrees>
       <LongitudeDegrees>139.7724740</LongitudeDegrees>
      </Position>
      <AltitudeMeters>17</AltitudeMeters>
      <DistanceMeters>1764</DistanceMeters>
      <HeartRateBpm>
       <Value>129</Value>
      </HeartRateBpm>
      <Cadence>79</Cadence>
      <Extensions>
       <Speed>9.010000</Speed>
      </Extensions>
     </Trackpoint>
     <Trackpoint>
      <Time>2026-05-24T14:17:15Z</Time>
      <Position>
       <LatitudeDegrees>35.6979439</LatitudeDegrees>
       <LongitudeDegrees>139.7724806</LongitudeDegrees>
      </Position>
      <AltitudeMeters>17</AltitudeMeters>
      <DistanceMeters>1767</DistanceMeters>
      <HeartRateBpm>
       <Value>129</Value>
      </HeartRateBpm>
      <Cadence>79</Cadence>
      <Extensions>
       <Speed>9.060000</Speed>
      </Extensions>
     </Trackpoint>
     <Trackpoint>
      <Time>2026-05-24T14:17:16Z</Time>
      <Position>
       <LatitudeDegrees>35.6979642</LatitudeDegrees>
       <LongitudeDegrees>139.7724858</LongitudeDegrees>
      </Position>
      <AltitudeMeters>17</AltitudeMeters>
      <DistanceMeters>1770</DistanceMeters>
      <HeartRateBpm>
       <Value>129</Value>
      </HeartRateBpm>
      <Cadence>79</Cadence>
      <Extensions>
       <Speed>9.050000</Speed>
      </Extensions>
     </Trackpoint>
     <Trackpoint>
      <Time>2026-05-24T14:17:17Z</Time>
      <Position>
       <LatitudeDegrees>35.6979845</LatitudeDegrees>
       <LongitudeDegrees>139.7724911</LongitudeDegrees>
      </Position>
      <AltitudeMeters>17</AltitudeMeters>
      <DistanceMeters>1772</DistanceMeters>
      <HeartRateBpm>
       <Value>129</Value>
      </HeartRateBpm>
      <Cadence>79</Cadence>
      <Extensions>
       <Speed>9.050000</Speed>
      </Extensions>
     </Trackpoint>
     <Trackpoint>
      <Time>2026-05-24T14:17:18Z</Time>
      <Position>
       <LatitudeDegrees>35.6980058</LatitudeDegrees>
       <LongitudeDegrees>139.7724948</LongitudeDegrees>
      </Position>
      <AltitudeMeters>17</AltitudeMeters>
      <DistanceMeters>1774</DistanceMeters>
      <HeartRateBpm>
       <Value>128</Value>
      </HeartRateBpm>
      <Cadence>79</Cadence>
      <Extensions>
       <Speed>9.030000</Speed>
      </Extensions>
     </Trackpoint>
     <Trackpoint>
      <Time>2026-05-24T14:17:19Z</Time>
      <Position>
       <LatitudeDegrees>35.6980272</LatitudeDegrees>
       <LongitudeDegrees>139.7724986</LongitudeDegrees>
      </Position>
      <AltitudeMeters>18</AltitudeMeters>
      <DistanceMeters>1777</DistanceMeters>
      <HeartRateBpm>
       <Value>128</Value>
      </HeartRateBpm>
      <Cadence>79</Cadence>
      <Extensions>
       <Speed>9.010000</Speed>
      </Extensions>
     </Trackpoint>
     <Trackpoint>
      <Time>2026-05-24T14:17:20Z</Time>
      <Position>
       <LatitudeDegrees>35.6980498</LatitudeDegrees>
       <LongitudeDegrees>139.7724999</LongitudeDegrees>
      </Position>
      <AltitudeMeters>18</AltitudeMeters>
      <DistanceMeters>1780</DistanceMeters>
      <HeartRateBpm>
       <Value>128</Value>
      </HeartRateBpm>
      <Cadence>79</Cadence>
      <Extensions>
       <Speed>8.990000</Speed>
      </Extensions>
     </Trackpoint>
     <Trackpoint>
      <Time>2026-05-24T14:17:21Z</Time>
      <Position>
       <LatitudeDegrees>35.6980725</LatitudeDegrees>
       <LongitudeDegrees>139.7725013</LongitudeDegrees>
      </Position>
      <AltitudeMeters>18</AltitudeMeters>
      <DistanceMeters>1782</DistanceMeters>
      <HeartRateBpm>
       <Value>128</Value>
      </HeartRateBpm>
      <Cadence>79</Cadence>
      <Extensions>
       <Speed>8.970000</Speed>
      </Extensions>
     </Trackpoint>
     <Trackpoint>
      <Time>2026-05-24T14:17:22Z</Time>
      <Position>
       <LatitudeDegrees>35.6980953</LatitudeDegrees>
       <LongitudeDegrees>139.7724956</LongitudeDegrees>
      </Position>
      <AltitudeMeters>18</AltitudeMeters>
      <DistanceMeters>1784</DistanceMeters>
      <HeartRateBpm>
       <Value>128</Value>
      </HeartRateBpm>
      <Cadence>79</Cadence>
      <Extensions>
       <Speed>8.950000</Speed>
      </Extensions>
     </Trackpoint>
     <Trackpoint>
      <Time>2026-05-24T14:17:23Z</Time>
      <Position>
       <LatitudeDegrees>35.6981181</LatitudeDegrees>
       <LongitudeDegrees>139.7724900</LongitudeDegrees>
      </Position>
      <AltitudeMeters>18</AltitudeMeters>
      <DistanceMeters>1787</DistanceMeters>
      <HeartRateBpm>
       <Value>128</Value>
      </HeartRateBpm>
      <Cadence>79</Cadence>
      <Extensions>
       <Speed>8.930000</Speed>
      </Extensions>
     </Trackpoint>
     <Trackpoint>
      <Time>2026-05-24T14:17:24Z</Time>
      <Position>
       <LatitudeDegrees>35.6981381</LatitudeDegrees>
       <LongitudeDegrees>139.7724755</LongitudeDegrees>
      </Position>
      <AltitudeMeters>18</AltitudeMeters>
      <DistanceMeters>1790</DistanceMeters>
      <HeartRateBpm>
       <Value>129</Value>
      </HeartRateBpm>
      <Cadence>79</Cadence>
      <Extensions>
       <Speed>8.930000</Speed>
      </Extensions>
     </Trackpoint>
     <Trackpoint>
      <Time>2026-05-24T14:17:25Z</Time>
      <Position>
       <LatitudeDegrees>35.6981582</LatitudeDegrees>
       <LongitudeDegrees>139.7724610</LongitudeDegrees>
      </Position>
      <AltitudeMeters>18</AltitudeMeters>
      <DistanceMeters>1793</DistanceMeters>
      <HeartRateBpm>
       <Value>129</Value>
      </HeartRateBpm>
      <Cadence>79</Cadence>
      <Extensions>
       <Speed>8.940000</Speed>
      </Extensions>
     </Trackpoint>
     <Trackpoint>
      <Time>2026-05-24T14:17:26Z</Time>
      <Position>
       <LatitudeDegrees>35.6981757</LatitudeDegrees>
       <LongitudeDegrees>139.7724405</LongitudeDegrees>
      </Position>
      <AltitudeMeters>18</AltitudeMeters>
      <DistanceMeters>1796</DistanceMeters>
      <HeartRateBpm>
       <Value>129</Value>
      </HeartRateBpm>
      <Cadence>79</Cadence>
      <Extensions>
       <Speed>8.950000</Speed>
      </Extensions>
     </Trackpoint>
     <Trackpoint>
      <Time>2026-05-24T14:17:27Z</Time>
      <Position>
       <LatitudeDegrees>35.6981933</LatitudeDegrees>
       <LongitudeDegrees>139.7724200</LongitudeDegrees>
      </Position>
      <AltitudeMeters>18</AltitudeMeters>
      <DistanceMeters>1798</DistanceMeters>
      <HeartRateBpm>
       <Value>130</Value>
      </HeartRateBpm>
      <Cadence>79</Cadence>
      <Extensions>
       <Speed>8.970000</Speed>
      </Extensions>
     </Trackpoint>
     <Trackpoint>
      <Time>2026-05-24T14:17:28Z</Time>
      <Position>
       <LatitudeDegrees>35.6982031</LatitudeDegrees>
       <LongitudeDegrees>139.7723937</LongitudeDegrees>
      </Position>
      <AltitudeMeters>18</AltitudeMeters>
      <DistanceMeters>1801</DistanceMeters>
      <HeartRateBpm>
       <Value>130</Value>
      </HeartRateBpm>
      <Cadence>79</Cadence>
      <Extensions>
       <Speed>9.010000</Speed>
      </Extensions>
     </Trackpoint>
     <Trackpoint>
      <Time>2026-05-24T14:17:29Z</Time>
      <Position>
       <LatitudeDegrees>35.6982129</LatitudeDegrees>
       <LongitudeDegrees>139.7723674</LongitudeDegrees>
      </Position>
      <AltitudeMeters>18</AltitudeMeters>
      <DistanceMeters>1804</DistanceMeters>
      <HeartRateBpm>
       <Value>130</Value>
      </HeartRateBpm>
      <Cadence>79</Cadence>
      <Extensions>
       <Speed>9.060000</Speed>
      </Extensions>
     </Trackpoint>
     <Trackpoint>
      <Time>2026-05-24T14:17:30Z</Time>
      <Position>
       <LatitudeDegrees>35.6982138</LatitudeDegrees>
       <LongitudeDegrees>139.7723346</LongitudeDegrees>
      </Position>
      <AltitudeMeters>18</AltitudeMeters>
      <DistanceMeters>1808</DistanceMeters>
      <HeartRateBpm>
       <Value>130</Value>
      </HeartRateBpm>
      <Cadence>80</Cadence>
      <Extensions>
       <Speed>9.120000</Speed>
      </Extensions>
     </Trackpoint>
     <Trackpoint>
      <Time>2026-05-24T14:17:31Z</Time>
      <Position>
       <LatitudeDegrees>35.6982148</LatitudeDegrees>
       <LongitudeDegrees>139.7723019</LongitudeDegrees>
      </Position>
      <AltitudeMeters>18</AltitudeMeters>
      <DistanceMeters>1811</DistanceMeters>
      <HeartRateBpm>
       <Value>130</Value>
      </HeartRateBpm>
      <Cadence>80</Cadence>
      <Extensions>
       <Speed>9.180000</Speed>
      </Extensions>
     </Trackpoint>
     <Trackpoint>
      <Time>2026-05-24T14:17:32Z</Time>
      <Position>
       <LatitudeDegrees>35.6982128</LatitudeDegrees>
       <LongitudeDegrees>139.7722643</LongitudeDegrees>
      </Position>
      <AltitudeMeters>18</AltitudeMeters>
      <DistanceMeters>1814</DistanceMeters>
      <HeartRateBpm>
       <Value>130</Value>
      </HeartRateBpm>
      <Cadence>80</Cadence>
      <Extensions>
       <Speed>9.200000</Speed>
      </Extensions>
     </Trackpoint>
     <Trackpoint>
      <Time>2026-05-24T14:17:33Z</Time>
      <Position>
       <LatitudeDegrees>35.6982108</LatitudeDegrees>
       <LongitudeDegrees>139.7722267</LongitudeDegrees>
      </Position>
      <AltitudeMeters>18</AltitudeMeters>
      <DistanceMeters>1818</DistanceMeters>
      <HeartRateBpm>
       <Value>130</Value>
      </HeartRateBpm>
      <Cadence>80</Cadence>
      <Extensions>
       <Speed>9.230000</Speed>
      </Extensions>
     </Trackpoint>
     <Trackpoint>
      <Time>2026-05-24T14:17:34Z</Time>
      <Position>
       <LatitudeDegrees>35.6982096</LatitudeDegrees>
       <LongitudeDegrees>139.7721875</LongitudeDegrees>
      </Position>
      <AltitudeMeters>18</AltitudeMeters>
      <DistanceMeters>1822</DistanceMeters>
      <HeartRateBpm>
       <Value>131</Value>
      </HeartRateBpm>
      <Cadence>80</Cadence>
      <Extensions>
       <Speed>9.240000</Speed>
      </Extensions>
     </Trackpoint>
     <Trackpoint>
      <Time>2026-05-24T14:17:35Z</Time>
      <Position>
       <LatitudeDegrees>35.6982085</LatitudeDegrees>
       <LongitudeDegrees>139.7721484</LongitudeDegrees>
      </Position>
      <AltitudeMeters>18</AltitudeMeters>
      <DistanceMeters>1825</DistanceMeters>
      <HeartRateBpm>
       <Value>131</Value>
      </HeartRateBpm>
      <Cadence>80</Cadence>
      <Extensions>
       <Speed>9.250000</Speed>
      </Extensions>
     </Trackpoint>
     <Trackpoint>
      <Time>2026-05-24T14:17:36Z</Time>
      <Position>
       <LatitudeDegrees>35.6982060</LatitudeDegrees>
       <LongitudeDegrees>139.7721135</LongitudeDegrees>
      </Position>
      <AltitudeMeters>18</AltitudeMeters>
      <DistanceMeters>1827</DistanceMeters>
      <HeartRateBpm>
       <Value>131</Value>
      </HeartRateBpm>
      <Cadence>80</Cadence>
      <Extensions>
       <Speed>9.250000</Speed>
      </Extensions>
     </Trackpoint>
     <Trackpoint>
      <Time>2026-05-24T14:17:37Z</Time>
      <Position>
       <LatitudeDegrees>35.6982036</LatitudeDegrees>
       <LongitudeDegrees>139.7720786</LongitudeDegrees>
      </Position>
      <AltitudeMeters>18</AltitudeMeters>
      <DistanceMeters>1829</DistanceMeters>
      <HeartRateBpm>
       <Value>132</Value>
      </HeartRateBpm>
      <Cadence>80</Cadence>
      <Extensions>
       <Speed>9.260000</Speed>
      </Extensions>
     </Trackpoint>
     <Trackpoint>
      <Time>2026-05-24T14:17:38Z</Time>
      <Position>
       <LatitudeDegrees>35.6981999</LatitudeDegrees>
       <LongitudeDegrees>139.7720510</LongitudeDegrees>
      </Position>
      <AltitudeMeters>18</AltitudeMeters>
      <DistanceMeters>1831</DistanceMeters>
      <HeartRateBpm>
       <Value>132</Value>
      </HeartRateBpm>
      <Cadence>80</Cadence>
      <Extensions>
       <Speed>9.260000</Speed>
      </Extensions>
     </Trackpoint>
     <Trackpoint>
      <Time>2026-05-24T14:17:39Z</Time>
      <Position>
       <LatitudeDegrees>35.6981963</LatitudeDegrees>
       <LongitudeDegrees>139.7720235</LongitudeDegrees>
      </Position>
      <AltitudeMeters>18</AltitudeMeters>
      <DistanceMeters>1833</DistanceMeters>
      <HeartRateBpm>
       <Value>132</Value>
      </HeartRateBpm>
      <Cadence>80</Cadence>
      <Extensions>
       <Speed>9.260000</Speed>
      </Extensions>
     </Trackpoint>
     <Trackpoint>
      <Time>2026-05-24T14:17:40Z</Time>
      <Position>
       <LatitudeDegrees>35.6981923</LatitudeDegrees>
       <LongitudeDegrees>139.7720029</LongitudeDegrees>
      </Position>
      <AltitudeMeters>18</AltitudeMeters>
      <DistanceMeters>1834</DistanceMeters>
      <HeartRateBpm>
       <Value>132</Value>
      </HeartRateBpm>
      <Cadence>80</Cadence>
      <Extensions>
       <Speed>9.260000</Speed>
      </Extensions>
     </Trackpoint>
     <Trackpoint>
      <Time>2026-05-24T14:17:41Z</Time>
      <Position>
       <LatitudeDegrees>35.6981883</LatitudeDegrees>
       <LongitudeDegrees>139.7719824</LongitudeDegrees>
      </Position>
      <AltitudeMeters>18</AltitudeMeters>
      <DistanceMeters>1836</DistanceMeters>
      <HeartRateBpm>
       <Value>132</Value>
      </HeartRateBpm>
      <Cadence>80</Cadence>
      <Extensions>
       <Speed>9.260000</Speed>
      </Extensions>
     </Trackpoint>
     <Trackpoint>
      <Time>2026-05-24T14:17:42Z</Time>
      <Position>
       <LatitudeDegrees>35.6981857</LatitudeDegrees>
       <LongitudeDegrees>139.7719646</LongitudeDegrees>
      </Position>
      <AltitudeMeters>18</AltitudeMeters>
      <DistanceMeters>1838</DistanceMeters>
      <HeartRateBpm>
       <Value>131</Value>
      </HeartRateBpm>
      <Cadence>80</Cadence>
      <Extensions>
       <Speed>9.250000</Speed>
      </Extensions>
     </Trackpoint>
     <Trackpoint>
      <Time>2026-05-24T14:17:43Z</Time>
      <Position>
       <LatitudeDegrees>35.6981832</LatitudeDegrees>
       <LongitudeDegrees>139.7719468</LongitudeDegrees>
      </Position>
      <AltitudeMeters>18</AltitudeMeters>
      <DistanceMeters>1839</DistanceMeters>
      <HeartRateBpm>
       <Value>131</Value>
      </HeartRateBpm>
      <Cadence>80</Cadence>
      <Extensions>
       <Speed>9.240000</Speed>
      </Extensions>
     </Trackpoint>
     <Trackpoint>
      <Time>2026-05-24T14:17:44Z</Time>
      <Position>
       <LatitudeDegrees>35.6981822</LatitudeDegrees>
       <LongitudeDegrees>139.7719295</LongitudeDegrees>
      </Position>
      <AltitudeMeters>18</AltitudeMeters>
      <DistanceMeters>1840</DistanceMeters>
      <HeartRateBpm>
       <Value>131</Value>
      </HeartRateBpm>
      <Cadence>80</Cadence>
      <Extensions>
       <Speed>9.220000</Speed>
      </Extensions>
     </Trackpoint>
     <Trackpoint>
      <Time>2026-05-24T14:17:45Z</Time>
      <Position>
       <LatitudeDegrees>35.6981813</LatitudeDegrees>
       <LongitudeDegrees>139.7719122</LongitudeDegrees>
      </Position>
      <AltitudeMeters>18</AltitudeMeters>
      <DistanceMeters>1842</DistanceMeters>
      <HeartRateBpm>
       <Value>130</Value>
      </HeartRateBpm>
      <Cadence>80</Cadence>
      <Extensions>
       <Speed>9.210000</Speed>
      </Extensions>
     </Trackpoint>
     <Trackpoint>
      <Time>2026-05-24T14:17:46Z</Time>
      <Position>
       <LatitudeDegrees>35.6981798</LatitudeDegrees>
       <LongitudeDegrees>139.7718950</LongitudeDegrees>
      </Position>
      <AltitudeMeters>18</AltitudeMeters>
      <DistanceMeters>1844</DistanceMeters>
      <HeartRateBpm>
       <Value>130</Value>
      </HeartRateBpm>
      <Cadence>80</Cadence>
      <Extensions>
       <Speed>9.120000</Speed>
      </Extensions>
     </Trackpoint>
     <Trackpoint>
      <Time>2026-05-24T14:17:47Z</Time>
      <Position>
       <LatitudeDegrees>35.6981784</LatitudeDegrees>
       <LongitudeDegrees>139.7718778</LongitudeDegrees>
      </Position>
      <AltitudeMeters>18</AltitudeMeters>
      <DistanceMeters>1846</DistanceMeters>
      <HeartRateBpm>
       <Value>130</Value>
      </HeartRateBpm>
      <Cadence>80</Cadence>
      <Extensions>
       <Speed>9.040000</Speed>
      </Extensions>
     </Trackpoint>
     <Trackpoint>
      <Time>2026-05-24T14:17:48Z</Time>
      <Position>
       <LatitudeDegrees>35.6981770</LatitudeDegrees>
       <LongitudeDegrees>139.7718584</LongitudeDegrees>
      </Position>
      <AltitudeMeters>18</AltitudeMeters>
      <DistanceMeters>1848</DistanceMeters>
      <HeartRateBpm>
       <Value>130</Value>
      </HeartRateBpm>
      <Cadence>79</Cadence>
      <Extensions>
       <Speed>8.950000</Speed>
      </Extensions>
     </Trackpoint>
     <Trackpoint>
      <Time>2026-05-24T14:17:49Z</Time>
      <Position>
       <LatitudeDegrees>35.6981756</LatitudeDegrees>
       <LongitudeDegrees>139.7718390</LongitudeDegrees>
      </Position>
      <AltitudeMeters>18</AltitudeMeters>
      <DistanceMeters>1850</DistanceMeters>
      <HeartRateBpm>
       <Value>130</Value>
      </HeartRateBpm>
      <Cadence>79</Cadence>
      <Extensions>
       <Speed>8.860000</Speed>
      </Extensions>
     </Trackpoint>
     <Trackpoint>
      <Time>2026-05-24T14:17:50Z</Time>
      <Position>
       <LatitudeDegrees>35.6981764</LatitudeDegrees>
       <LongitudeDegrees>139.7718183</LongitudeDegrees>
      </Position>
      <AltitudeMeters>18</AltitudeMeters>
      <DistanceMeters>1852</DistanceMeters>
      <HeartRateBpm>
       <Value>130</Value>
      </HeartRateBpm>
      <Cadence>78</Cadence>
      <Extensions>
       <Speed>8.810000</Speed>
      </Extensions>
     </Trackpoint>
     <Trackpoint>
      <Time>2026-05-24T14:17:51Z</Time>
      <Position>
       <LatitudeDegrees>35.6981772</LatitudeDegrees>
       <LongitudeDegrees>139.7717977</LongitudeDegrees>
      </Position>
      <AltitudeMeters>18</AltitudeMeters>
      <DistanceMeters>1853</DistanceMeters>
      <HeartRateBpm>
       <Value>130</Value>
      </HeartRateBpm>
      <Cadence>78</Cadence>
      <Extensions>
       <Speed>8.770000</Speed>
      </Extensions>
     </Trackpoint>
     <Trackpoint>
      <Time>2026-05-24T14:17:52Z</Time>
      <Position>
       <LatitudeDegrees>35.6981790</LatitudeDegrees>
       <LongitudeDegrees>139.7717797</LongitudeDegrees>
      </Position>
      <AltitudeMeters>18</AltitudeMeters>
      <DistanceMeters>1854</DistanceMeters>
      <HeartRateBpm>
       <Value>130</Value>
      </HeartRateBpm>
      <Cadence>78</Cadence>
      <Extensions>
       <Speed>8.680000</Speed>
      </Extensions>
     </Trackpoint>
     <Trackpoint>
      <Time>2026-05-24T14:17:53Z</Time>
      <Position>
       <LatitudeDegrees>35.6981809</LatitudeDegrees>
       <LongitudeDegrees>139.7717617</LongitudeDegrees>
      </Position>
      <AltitudeMeters>18</AltitudeMeters>
      <DistanceMeters>1856</DistanceMeters>
      <HeartRateBpm>
       <Value>130</Value>
      </HeartRateBpm>
      <Cadence>78</Cadence>
      <Extensions>
       <Speed>8.600000</Speed>
      </Extensions>
     </Trackpoint>
     <Trackpoint>
      <Time>2026-05-24T14:17:54Z</Time>
      <Position>
       <LatitudeDegrees>35.6981832</LatitudeDegrees>
       <LongitudeDegrees>139.7717436</LongitudeDegrees>
      </Position>
      <AltitudeMeters>18</AltitudeMeters>
      <DistanceMeters>1858</DistanceMeters>
      <HeartRateBpm>
       <Value>130</Value>
      </HeartRateBpm>
      <Cadence>78</Cadence>
      <Extensions>
       <Speed>8.600000</Speed>
      </Extensions>
     </Trackpoint>
     <Trackpoint>
      <Time>2026-05-24T14:17:55Z</Time>
      <Position>
       <LatitudeDegrees>35.6981856</LatitudeDegrees>
       <LongitudeDegrees>139.7717256</LongitudeDegrees>
      </Position>
      <AltitudeMeters>18</AltitudeMeters>
      <DistanceMeters>1860</DistanceMeters>
      <HeartRateBpm>
       <Value>130</Value>
      </HeartRateBpm>
      <Cadence>78</Cadence>
      <Extensions>
       <Speed>8.600000</Speed>
      </Extensions>
     </Trackpoint>
     <Trackpoint>
      <Time>2026-05-24T14:17:56Z</Time>
      <Position>
       <LatitudeDegrees>35.6981864</LatitudeDegrees>
       <LongitudeDegrees>139.7717060</LongitudeDegrees>
      </Position>
      <AltitudeMeters>18</AltitudeMeters>
      <DistanceMeters>1862</DistanceMeters>
      <HeartRateBpm>
       <Value>130</Value>
      </HeartRateBpm>
      <Cadence>78</Cadence>
      <Extensions>
       <Speed>8.600000</Speed>
      </Extensions>
     </Trackpoint>
     <Trackpoint>
      <Time>2026-05-24T14:17:57Z</Time>
      <Position>
       <LatitudeDegrees>35.6981873</LatitudeDegrees>
       <LongitudeDegrees>139.7716865</LongitudeDegrees>
      </Position>
      <AltitudeMeters>18</AltitudeMeters>
      <DistanceMeters>1864</DistanceMeters>
      <HeartRateBpm>
       <Value>130</Value>
      </HeartRateBpm>
      <Cadence>79</Cadence>
      <Extensions>
       <Speed>8.600000</Speed>
      </Extensions>
     </Trackpoint>
     <Trackpoint>
      <Time>2026-05-24T14:17:58Z</Time>
      <Position>
       <LatitudeDegrees>35.6981870</LatitudeDegrees>
       <LongitudeDegrees>139.7716645</LongitudeDegrees>
      </Position>
      <AltitudeMeters>18</AltitudeMeters>
      <DistanceMeters>1866</DistanceMeters>
      <HeartRateBpm>
       <Value>130</Value>
      </HeartRateBpm>
      <Cadence>79</Cadence>
      <Extensions>
       <Speed>8.600000</Speed>
      </Extensions>
     </Trackpoint>
     <Trackpoint>
      <Time>2026-05-24T14:17:59Z</Time>
      <Position>
       <LatitudeDegrees>35.6981867</LatitudeDegrees>
       <LongitudeDegrees>139.7716425</LongitudeDegrees>
      </Position>
      <AltitudeMeters>18</AltitudeMeters>
      <DistanceMeters>1868</DistanceMeters>
      <HeartRateBpm>
       <Value>130</Value>
      </HeartRateBpm>
      <Cadence>79</Cadence>
      <Extensions>
       <Speed>8.600000</Speed>
      </Extensions>
     </Trackpoint>
     <Trackpoint>
      <Time>2026-05-24T14:18:00Z</Time>
      <Position>
       <LatitudeDegrees>35.6981862</LatitudeDegrees>
       <LongitudeDegrees>139.7716188</LongitudeDegrees>
      </Position>
      <AltitudeMeters>18</AltitudeMeters>
      <DistanceMeters>1870</DistanceMeters>
      <HeartRateBpm>
       <Value>130</Value>
      </HeartRateBpm>
      <Cadence>79</Cadence>
      <Extensions>
       <Speed>8.600000</Speed>
      </Extensions>
     </Trackpoint>
     <Trackpoint>
      <Time>2026-05-24T14:18:01Z</Time>
      <Position>
       <LatitudeDegrees>35.6981858</LatitudeDegrees>
       <LongitudeDegrees>139.7715952</LongitudeDegrees>
      </Position>
      <AltitudeMeters>18</AltitudeMeters>
      <DistanceMeters>1873</DistanceMeters>
      <HeartRateBpm>
       <Value>130</Value>
      </HeartRateBpm>
      <Cadence>79</Cadence>
      <Extensions>
       <Speed>8.600000</Speed>
      </Extensions>
     </Trackpoint>
     <Trackpoint>
      <Time>2026-05-24T14:18:02Z</Time>
      <Position>
       <LatitudeDegrees>35.6981869</LatitudeDegrees>
       <LongitudeDegrees>139.7715711</LongitudeDegrees>
      </Position>
      <AltitudeMeters>18</AltitudeMeters>
      <DistanceMeters>1875</DistanceMeters>
      <HeartRateBpm>
       <Value>130</Value>
      </HeartRateBpm>
      <Cadence>79</Cadence>
      <Extensions>
       <Speed>8.530000</Speed>
      </Extensions>
     </Trackpoint>
     <Trackpoint>
      <Time>2026-05-24T14:18:03Z</Time>
      <Position>
       <LatitudeDegrees>35.6981880</LatitudeDegrees>
       <LongitudeDegrees>139.7715470</LongitudeDegrees>
      </Position>
      <AltitudeMeters>18</AltitudeMeters>
      <DistanceMeters>1877</DistanceMeters>
      <HeartRateBpm>
       <Value>130</Value>
      </HeartRateBpm>
      <Cadence>80</Cadence>
      <Extensions>
       <Speed>8.470000</Speed>
      </Extensions>
     </Trackpoint>
     <Trackpoint>
      <Time>2026-05-24T14:18:04Z</Time>
      <Position>
       <LatitudeDegrees>35.6981915</LatitudeDegrees>
       <LongitudeDegrees>139.7715219</LongitudeDegrees>
      </Position>
      <AltitudeMeters>18</AltitudeMeters>
      <DistanceMeters>1880</DistanceMeters>
      <HeartRateBpm>
       <Value>130</Value>
      </HeartRateBpm>
      <Cadence>80</Cadence>
      <Extensions>
       <Speed>8.380000</Speed>
      </Extensions>
     </Trackpoint>
     <Trackpoint>
      <Time>2026-05-24T14:18:05Z</Time>
      <Position>
       <LatitudeDegrees>35.6981950</LatitudeDegrees>
       <LongitudeDegrees>139.7714969</LongitudeDegrees>
      </Position>
      <AltitudeMeters>18</AltitudeMeters>
      <DistanceMeters>1882</DistanceMeters>
      <HeartRateBpm>
       <Value>130</Value>
      </HeartRateBpm>
      <Cadence>80</Cadence>
      <Extensions>
       <Speed>8.300000</Speed>
      </Extensions>
     </Trackpoint>
     <Trackpoint>
      <Time>2026-05-24T14:18:06Z</Time>
      <Position>
       <LatitudeDegrees>35.6981994</LatitudeDegrees>
       <LongitudeDegrees>139.7714710</LongitudeDegrees>
      </Position>
      <AltitudeMeters>18</AltitudeMeters>
      <DistanceMeters>1884</DistanceMeters>
      <HeartRateBpm>
       <Value>130</Value>
      </HeartRateBpm>
      <Cadence>80</Cadence>
      <Extensions>
       <Speed>8.220000</Speed>
      </Extensions>
     </Trackpoint>
     <Trackpoint>
      <Time>2026-05-24T14:18:07Z</Time>
      <Position>
       <LatitudeDegrees>35.6982038</LatitudeDegrees>
       <LongitudeDegrees>139.7714451</LongitudeDegrees>
      </Position>
      <AltitudeMeters>18</AltitudeMeters>
      <DistanceMeters>1886</DistanceMeters>
      <HeartRateBpm>
       <Value>130</Value>
      </HeartRateBpm>
      <Cadence>80</Cadence>
      <Extensions>
       <Speed>8.150000</Speed>
      </Extensions>
     </Trackpoint>
     <Trackpoint>
      <Time>2026-05-24T14:18:08Z</Time>
      <Position>
       <LatitudeDegrees>35.6982066</LatitudeDegrees>
       <LongitudeDegrees>139.7714211</LongitudeDegrees>
      </Position>
      <AltitudeMeters>18</AltitudeMeters>
      <DistanceMeters>1888</DistanceMeters>
      <HeartRateBpm>
       <Value>130</Value>
      </HeartRateBpm>
      <Cadence>79</Cadence>
      <Extensions>
       <Speed>8.090000</Speed>
      </Extensions>
     </Trackpoint>
     <Trackpoint>
      <Time>2026-05-24T14:18:09Z</Time>
      <Position>
       <LatitudeDegrees>35.6982094</LatitudeDegrees>
       <LongitudeDegrees>139.7713971</LongitudeDegrees>
      </Position>
      <AltitudeMeters>18</AltitudeMeters>
      <DistanceMeters>1890</DistanceMeters>
      <HeartRateBpm>
       <Value>130</Value>
      </HeartRateBpm>
      <Cadence>79</Cadence>
      <Extensions>
       <Speed>8.030000</Speed>
      </Extensions>
     </Trackpoint>
     <Trackpoint>
      <Time>2026-05-24T14:18:10Z</Time>
      <Position>
       <LatitudeDegrees>35.6982108</LatitudeDegrees>
       <LongitudeDegrees>139.7713741</LongitudeDegrees>
      </Position>
      <AltitudeMeters>18</AltitudeMeters>
      <DistanceMeters>1892</DistanceMeters>
      <HeartRateBpm>
       <Value>130</Value>
      </HeartRateBpm>
      <Cadence>79</Cadence>
      <Extensions>
       <Speed>7.980000</Speed>
      </Extensions>
     </Trackpoint>
     <Trackpoint>
      <Time>2026-05-24T14:18:11Z</Time>
      <Position>
       <LatitudeDegrees>35.6982122</LatitudeDegrees>
       <LongitudeDegrees>139.7713512</LongitudeDegrees>
      </Position>
      <AltitudeMeters>18</AltitudeMeters>
      <DistanceMeters>1895</DistanceMeters>
      <HeartRateBpm>
       <Value>130</Value>
      </HeartRateBpm>
      <Cadence>80</Cadence>
      <Extensions>
       <Speed>7.930000</Speed>
      </Extensions>
     </Trackpoint>
     <Trackpoint>
      <Time>2026-05-24T14:18:12Z</Time>
      <Position>
       <LatitudeDegrees>35.6982132</LatitudeDegrees>
       <LongitudeDegrees>139.7713280</LongitudeDegrees>
      </Position>
      <AltitudeMeters>18</AltitudeMeters>
      <DistanceMeters>1897</DistanceMeters>
      <HeartRateBpm>
       <Value>130</Value>
      </HeartRateBpm>
      <Cadence>79</Cadence>
      <Extensions>
       <Speed>7.890000</Speed>
      </Extensions>
     </Trackpoint>
     <Trackpoint>
      <Time>2026-05-24T14:18:13Z</Time>
      <Position>
       <LatitudeDegrees>35.6982143</LatitudeDegrees>
       <LongitudeDegrees>139.7713048</LongitudeDegrees>
      </Position>
      <AltitudeMeters>18</AltitudeMeters>
      <DistanceMeters>1899</DistanceMeters>
      <HeartRateBpm>
       <Value>130</Value>
      </HeartRateBpm>
      <Cadence>79</Cadence>
      <Extensions>
       <Speed>7.850000</Speed>
      </Extensions>
     </Trackpoint>
     <Trackpoint>
      <Time>2026-05-24T14:18:14Z</Time>
      <Position>
       <LatitudeDegrees>35.6982194</LatitudeDegrees>
       <LongitudeDegrees>139.7712856</LongitudeDegrees>
      </Position>
      <AltitudeMeters>18</AltitudeMeters>
      <DistanceMeters>1900</DistanceMeters>
      <HeartRateBpm>
       <Value>129</Value>
      </HeartRateBpm>
      <Cadence>79</Cadence>
      <Extensions>
       <Speed>7.820000</Speed>
      </Extensions>
     </Trackpoint>
     <Trackpoint>
      <Time>2026-05-24T14:18:15Z</Time>
      <Position>
       <LatitudeDegrees>35.6982245</LatitudeDegrees>
       <LongitudeDegrees>139.7712665</LongitudeDegrees>
      </Position>
      <AltitudeMeters>18</AltitudeMeters>
      <DistanceMeters>1902</DistanceMeters>
      <HeartRateBpm>
       <Value>129</Value>
      </HeartRateBpm>
      <Cadence>79</Cadence>
      <Extensions>
       <Speed>7.790000</Speed>
      </Extensions>
     </Trackpoint>
     <Trackpoint>
      <Time>2026-05-24T14:18:16Z</Time>
      <Position>
       <LatitudeDegrees>35.6982340</LatitudeDegrees>
       <LongitudeDegrees>139.7712541</LongitudeDegrees>
      </Position>
      <AltitudeMeters>18</AltitudeMeters>
      <DistanceMeters>1904</DistanceMeters>
      <HeartRateBpm>
       <Value>129</Value>
      </HeartRateBpm>
      <Cadence>79</Cadence>
      <Extensions>
       <Speed>7.760000</Speed>
      </Extensions>
     </Trackpoint>
     <Trackpoint>
      <Time>2026-05-24T14:18:17Z</Time>
      <Position>
       <LatitudeDegrees>35.6982435</LatitudeDegrees>
       <LongitudeDegrees>139.7712417</LongitudeDegrees>
      </Position>
      <AltitudeMeters>18</AltitudeMeters>
      <DistanceMeters>1905</DistanceMeters>
      <HeartRateBpm>
       <Value>129</Value>
      </HeartRateBpm>
      <Cadence>79</Cadence>
      <Extensions>
       <Speed>7.740000</Speed>
      </Extensions>
     </Trackpoint>
     <Trackpoint>
      <Time>2026-05-24T14:18:18Z</Time>
      <Position>
       <LatitudeDegrees>35.6982607</LatitudeDegrees>
       <LongitudeDegrees>139.7712393</LongitudeDegrees>
      </Position>
      <AltitudeMeters>18</AltitudeMeters>
      <DistanceMeters>1908</DistanceMeters>
      <HeartRateBpm>
       <Value>128</Value>
      </HeartRateBpm>
      <Cadence>79</Cadence>
      <Extensions>
       <Speed>7.710000</Speed>
      </Extensions>
     </Trackpoint>
     <Trackpoint>
      <Time>2026-05-24T14:18:19Z</Time>
      <Position>
       <LatitudeDegrees>35.6982779</LatitudeDegrees>
       <LongitudeDegrees>139.7712369</LongitudeDegrees>
      </Position>
      <AltitudeMeters>18</AltitudeMeters>
      <DistanceMeters>1911</DistanceMeters>
      <HeartRateBpm>
       <Value>128</Value>
      </HeartRateBpm>
      <Cadence>79</Cadence>
      <Extensions>
       <Speed>7.680000</Speed>
      </Extensions>
     </Trackpoint>
     <Trackpoint>
      <Time>2026-05-24T14:18:20Z</Time>
      <Position>
       <LatitudeDegrees>35.6983015</LatitudeDegrees>
       <LongitudeDegrees>139.7712417</LongitudeDegrees>
      </Position>
      <AltitudeMeters>18</AltitudeMeters>
      <DistanceMeters>1914</DistanceMeters>
      <HeartRateBpm>
       <Value>128</Value>
      </HeartRateBpm>
      <Cadence>79</Cadence>
      <Extensions>
       <Speed>7.660000</Speed>
      </Extensions>
     </Trackpoint>
     <Trackpoint>
      <Time>2026-05-24T14:18:21Z</Time>
      <Position>
       <LatitudeDegrees>35.6983252</LatitudeDegrees>
       <LongitudeDegrees>139.7712466</LongitudeDegrees>
      </Position>
      <AltitudeMeters>18</AltitudeMeters>
      <DistanceMeters>1917</DistanceMeters>
      <HeartRateBpm>
       <Value>128</Value>
      </HeartRateBpm>
      <Cadence>80</Cadence>
      <Extensions>
       <Speed>7.650000</Speed>
      </Extensions>
     </Trackpoint>
     <Trackpoint>
      <Time>2026-05-24T14:18:22Z</Time>
      <Position>
       <LatitudeDegrees>35.6983518</LatitudeDegrees>
       <LongitudeDegrees>139.7712549</LongitudeDegrees>
      </Position>
      <AltitudeMeters>18</AltitudeMeters>
      <DistanceMeters>1920</DistanceMeters>
      <HeartRateBpm>
       <Value>128</Value>
      </HeartRateBpm>
      <Cadence>80</Cadence>
      <Extensions>
       <Speed>7.610000</Speed>
      </Extensions>
     </Trackpoint>
     <Trackpoint>
      <Time>2026-05-24T14:18:23Z</Time>
      <Position>
       <LatitudeDegrees>35.6983784</LatitudeDegrees>
       <LongitudeDegrees>139.7712633</LongitudeDegrees>
      </Position>
      <AltitudeMeters>18</AltitudeMeters>
      <DistanceMeters>1923</DistanceMeters>
      <HeartRateBpm>
       <Value>128</Value>
      </HeartRateBpm>
      <Cadence>80</Cadence>
      <Extensions>
       <Speed>7.580000</Speed>
      </Extensions>
     </Trackpoint>
     <Trackpoint>
      <Time>2026-05-24T14:18:24Z</Time>
      <Position>
       <LatitudeDegrees>35.6984009</LatitudeDegrees>
       <LongitudeDegrees>139.7712695</LongitudeDegrees>
      </Position>
      <AltitudeMeters>18</AltitudeMeters>
      <DistanceMeters>1924</DistanceMeters>
      <HeartRateBpm>
       <Value>128</Value>
      </HeartRateBpm>
      <Cadence>79</Cadence>
      <Extensions>
       <Speed>7.560000</Speed>
      </Extensions>
     </Trackpoint>
     <Trackpoint>
      <Time>2026-05-24T14:18:25Z</Time>
      <Position>
       <LatitudeDegrees>35.6984234</LatitudeDegrees>
       <LongitudeDegrees>139.7712757</LongitudeDegrees>
      </Position>
      <AltitudeMeters>18</AltitudeMeters>
      <DistanceMeters>1925</DistanceMeters>
      <HeartRateBpm>
       <Value>128</Value>
      </HeartRateBpm>
      <Cadence>79</Cadence>
      <Extensions>
       <Speed>7.540000</Speed>
      </Extensions>
     </Trackpoint>
     <Trackpoint>
      <Time>2026-05-24T14:18:26Z</Time>
      <Position>
       <LatitudeDegrees>35.6984394</LatitudeDegrees>
       <LongitudeDegrees>139.7712795</LongitudeDegrees>
      </Position>
      <AltitudeMeters>18</AltitudeMeters>
      <DistanceMeters>1926</DistanceMeters>
      <HeartRateBpm>
       <Value>128</Value>
      </HeartRateBpm>
      <Cadence>79</Cadence>
      <Extensions>
       <Speed>7.530000</Speed>
      </Extensions>
     </Trackpoint>
     <Trackpoint>
      <Time>2026-05-24T14:18:27Z</Time>
      <Position>
       <LatitudeDegrees>35.6984555</LatitudeDegrees>
       <LongitudeDegrees>139.7712833</LongitudeDegrees>
      </Position>
      <AltitudeMeters>18</AltitudeMeters>
      <DistanceMeters>1928</DistanceMeters>
      <HeartRateBpm>
       <Value>128</Value>
      </HeartRateBpm>
      <Cadence>79</Cadence>
      <Extensions>
       <Speed>7.530000</Speed>
      </Extensions>
     </Trackpoint>
     <Trackpoint>
      <Time>2026-05-24T14:18:28Z</Time>
      <Position>
       <LatitudeDegrees>35.6984722</LatitudeDegrees>
       <LongitudeDegrees>139.7712886</LongitudeDegrees>
      </Position>
      <AltitudeMeters>18</AltitudeMeters>
      <DistanceMeters>1931</DistanceMeters>
      <HeartRateBpm>
       <Value>128</Value>
      </HeartRateBpm>
      <Cadence>78</Cadence>
      <Extensions>
       <Speed>7.520000</Speed>
      </Extensions>
     </Trackpoint>
     <Trackpoint>
      <Time>2026-05-24T14:18:29Z</Time>
      <Position>
       <LatitudeDegrees>35.6984890</LatitudeDegrees>
       <LongitudeDegrees>139.7712939</LongitudeDegrees>
      </Position>
      <AltitudeMeters>18</AltitudeMeters>
      <DistanceMeters>1934</DistanceMeters>
      <HeartRateBpm>
       <Value>128</Value>
      </HeartRateBpm>
      <Cadence>78</Cadence>
      <Extensions>
       <Speed>7.520000</Speed>
      </Extensions>
     </Trackpoint>
     <Trackpoint>
      <Time>2026-05-24T14:18:30Z</Time>
      <Position>
       <LatitudeDegrees>35.6985092</LatitudeDegrees>
       <LongitudeDegrees>139.7713001</LongitudeDegrees>
      </Position>
      <AltitudeMeters>18</AltitudeMeters>
      <DistanceMeters>1936</DistanceMeters>
      <HeartRateBpm>
       <Value>128</Value>
      </HeartRateBpm>
      <Cadence>78</Cadence>
      <Extensions>
       <Speed>7.510000</Speed>
      </Extensions>
     </Trackpoint>
     <Trackpoint>
      <Time>2026-05-24T14:18:31Z</Time>
      <Position>
       <LatitudeDegrees>35.6985294</LatitudeDegrees>
       <LongitudeDegrees>139.7713064</LongitudeDegrees>
      </Position>
      <AltitudeMeters>18</AltitudeMeters>
      <DistanceMeters>1939</DistanceMeters>
      <HeartRateBpm>
       <Value>128</Value>
      </HeartRateBpm>
      <Cadence>78</Cadence>
      <Extensions>
       <Speed>7.510000</Speed>
      </Extensions>
     </Trackpoint>
     <Trackpoint>
      <Time>2026-05-24T14:18:32Z</Time>
      <Position>
       <LatitudeDegrees>35.6985495</LatitudeDegrees>
       <LongitudeDegrees>139.7713122</LongitudeDegrees>
      </Position>
      <AltitudeMeters>18</AltitudeMeters>
      <DistanceMeters>1941</DistanceMeters>
      <HeartRateBpm>
       <Value>128</Value>
      </HeartRateBpm>
      <Cadence>78</Cadence>
      <Extensions>
       <Speed>7.520000</Speed>
      </Extensions>
     </Trackpoint>
     <Trackpoint>
      <Time>2026-05-24T14:18:33Z</Time>
      <Position>
       <LatitudeDegrees>35.6985697</LatitudeDegrees>
       <LongitudeDegrees>139.7713181</LongitudeDegrees>
      </Position>
      <AltitudeMeters>18</AltitudeMeters>
      <DistanceMeters>1943</DistanceMeters>
      <HeartRateBpm>
       <Value>128</Value>
      </HeartRateBpm>
      <Cadence>79</Cadence>
      <Extensions>
       <Speed>7.540000</Speed>
      </Extensions>
     </Trackpoint>
     <Trackpoint>
      <Time>2026-05-24T14:18:34Z</Time>
      <Position>
       <LatitudeDegrees>35.6985897</LatitudeDegrees>
       <LongitudeDegrees>139.7713214</LongitudeDegrees>
      </Position>
      <AltitudeMeters>18</AltitudeMeters>
      <DistanceMeters>1946</DistanceMeters>
      <HeartRateBpm>
       <Value>128</Value>
      </HeartRateBpm>
      <Cadence>79</Cadence>
      <Extensions>
       <Speed>7.570000</Speed>
      </Extensions>
     </Trackpoint>
     <Trackpoint>
      <Time>2026-05-24T14:18:35Z</Time>
      <Position>
       <LatitudeDegrees>35.6986098</LatitudeDegrees>
       <LongitudeDegrees>139.7713248</LongitudeDegrees>
      </Position>
      <AltitudeMeters>18</AltitudeMeters>
      <DistanceMeters>1948</DistanceMeters>
      <HeartRateBpm>
       <Value>127</Value>
      </HeartRateBpm>
      <Cadence>80</Cadence>
      <Extensions>
       <Speed>7.610000</Speed>
      </Extensions>
     </Trackpoint>
     <Trackpoint>
      <Time>2026-05-24T14:18:36Z</Time>
      <Position>
       <LatitudeDegrees>35.6986297</LatitudeDegrees>
       <LongitudeDegrees>139.7713263</LongitudeDegrees>
      </Position>
      <AltitudeMeters>18</AltitudeMeters>
      <DistanceMeters>1950</DistanceMeters>
      <HeartRateBpm>
       <Value>127</Value>
      </HeartRateBpm>
      <Cadence>80</Cadence>
      <Extensions>
       <Speed>7.620000</Speed>
      </Extensions>
     </Trackpoint>
     <Trackpoint>
      <Time>2026-05-24T14:18:37Z</Time>
      <Position>
       <LatitudeDegrees>35.6986497</LatitudeDegrees>
       <LongitudeDegrees>139.7713279</LongitudeDegrees>
      </Position>
      <AltitudeMeters>18</AltitudeMeters>
      <DistanceMeters>1951</DistanceMeters>
      <HeartRateBpm>
       <Value>128</Value>
      </HeartRateBpm>
      <Cadence>80</Cadence>
      <Extensions>
       <Speed>7.640000</Speed>
      </Extensions>
     </Trackpoint>
     <Trackpoint>
      <Time>2026-05-24T14:18:38Z</Time>
      <Position>
       <LatitudeDegrees>35.6986655</LatitudeDegrees>
       <LongitudeDegrees>139.7713277</LongitudeDegrees>
      </Position>
      <AltitudeMeters>18</AltitudeMeters>
      <DistanceMeters>1952</DistanceMeters>
      <HeartRateBpm>
       <Value>128</Value>
      </HeartRateBpm>
      <Cadence>79</Cadence>
      <Extensions>
       <Speed>7.640000</Speed>
      </Extensions>
     </Trackpoint>
     <Trackpoint>
      <Time>2026-05-24T14:18:39Z</Time>
      <Position>
       <LatitudeDegrees>35.6986814</LatitudeDegrees>
       <LongitudeDegrees>139.7713276</LongitudeDegrees>
      </Position>
      <AltitudeMeters>18</AltitudeMeters>
      <DistanceMeters>1954</DistanceMeters>
      <HeartRateBpm>
       <Value>128</Value>
      </HeartRateBpm>
      <Cadence>79</Cadence>
      <Extensions>
       <Speed>7.650000</Speed>
      </Extensions>
     </Trackpoint>
     <Trackpoint>
      <Time>2026-05-24T14:18:40Z</Time>
      <Position>
       <LatitudeDegrees>35.6986941</LatitudeDegrees>
       <LongitudeDegrees>139.7713252</LongitudeDegrees>
      </Position>
      <AltitudeMeters>18</AltitudeMeters>
      <DistanceMeters>1956</DistanceMeters>
      <HeartRateBpm>
       <Value>127</Value>
      </HeartRateBpm>
      <Cadence>79</Cadence>
      <Extensions>
       <Speed>7.650000</Speed>
      </Extensions>
     </Trackpoint>
     <Trackpoint>
      <Time>2026-05-24T14:18:41Z</Time>
      <Position>
       <LatitudeDegrees>35.6987068</LatitudeDegrees>
       <LongitudeDegrees>139.7713228</LongitudeDegrees>
      </Position>
      <AltitudeMeters>18</AltitudeMeters>
      <DistanceMeters>1957</DistanceMeters>
      <HeartRateBpm>
       <Value>128</Value>
      </HeartRateBpm>
      <Cadence>79</Cadence>
      <Extensions>
       <Speed>7.650000</Speed>
      </Extensions>
     </Trackpoint>
     <Trackpoint>
      <Time>2026-05-24T14:18:42Z</Time>
      <Position>
       <LatitudeDegrees>35.6987179</LatitudeDegrees>
       <LongitudeDegrees>139.7713182</LongitudeDegrees>
      </Position>
      <AltitudeMeters>18</AltitudeMeters>
      <DistanceMeters>1958</DistanceMeters>
      <HeartRateBpm>
       <Value>128</Value>
      </HeartRateBpm>
      <Cadence>79</Cadence>
      <Extensions>
       <Speed>7.650000</Speed>
      </Extensions>
     </Trackpoint>
     <Trackpoint>
      <Time>2026-05-24T14:18:43Z</Time>
      <Position>
       <LatitudeDegrees>35.6987290</LatitudeDegrees>
       <LongitudeDegrees>139.7713137</LongitudeDegrees>
      </Position>
      <AltitudeMeters>18</AltitudeMeters>
      <DistanceMeters>1959</DistanceMeters>
      <HeartRateBpm>
       <Value>128</Value>
      </HeartRateBpm>
      <Cadence>79</Cadence>
      <Extensions>
       <Speed>7.650000</Speed>
      </Extensions>
     </Trackpoint>
     <Trackpoint>
      <Time>2026-05-24T14:18:44Z</Time>
      <Position>
       <LatitudeDegrees>35.6987443</LatitudeDegrees>
       <LongitudeDegrees>139.7713145</LongitudeDegrees>
      </Position>
      <AltitudeMeters>18</AltitudeMeters>
      <DistanceMeters>1962</DistanceMeters>
      <HeartRateBpm>
       <Value>128</Value>
      </HeartRateBpm>
      <Cadence>79</Cadence>
      <Extensions>
       <Speed>7.620000</Speed>
      </Extensions>
     </Trackpoint>
     <Trackpoint>
      <Time>2026-05-24T14:18:45Z</Time>
      <Position>
       <LatitudeDegrees>35.6987597</LatitudeDegrees>
       <LongitudeDegrees>139.7713153</LongitudeDegrees>
      </Position>
      <AltitudeMeters>18</AltitudeMeters>
      <DistanceMeters>1965</DistanceMeters>
      <HeartRateBpm>
       <Value>128</Value>
      </HeartRateBpm>
      <Cadence>79</Cadence>
      <Extensions>
       <Speed>7.590000</Speed>
      </Extensions>
     </Trackpoint>
     <Trackpoint>
      <Time>2026-05-24T14:18:46Z</Time>
      <Position>
       <LatitudeDegrees>35.6987795</LatitudeDegrees>
       <LongitudeDegrees>139.7713220</LongitudeDegrees>
      </Position>
      <AltitudeMeters>18</AltitudeMeters>
      <DistanceMeters>1968</DistanceMeters>
      <HeartRateBpm>
       <Value>127</Value>
      </HeartRateBpm>
      <Cadence>79</Cadence>
      <Extensions>
       <Speed>7.570000</Speed>
      </Extensions>
     </Trackpoint>
     <Trackpoint>
      <Time>2026-05-24T14:18:47Z</Time>
      <Position>
       <LatitudeDegrees>35.6987993</LatitudeDegrees>
       <LongitudeDegrees>139.7713287</LongitudeDegrees>
      </Position>
      <AltitudeMeters>18</AltitudeMeters>
      <DistanceMeters>1970</DistanceMeters>
      <HeartRateBpm>
       <Value>128</Value>
      </HeartRateBpm>
      <Cadence>79</Cadence>
      <Extensions>
       <Speed>7.560000</Speed>
      </Extensions>
     </Trackpoint>
     <Trackpoint>
      <Time>2026-05-24T14:18:48Z</Time>
      <Position>
       <LatitudeDegrees>35.6988201</LatitudeDegrees>
       <LongitudeDegrees>139.7713367</LongitudeDegrees>
      </Position>
      <AltitudeMeters>18</AltitudeMeters>
      <DistanceMeters>1972</DistanceMeters>
      <HeartRateBpm>
       <Value>128</Value>
      </HeartRateBpm>
      <Cadence>79</Cadence>
      <Extensions>
       <Speed>7.550000</Speed>
      </Extensions>
     </Trackpoint>
     <Trackpoint>
      <Time>2026-05-24T14:18:49Z</Time>
      <Position>
       <LatitudeDegrees>35.6988410</LatitudeDegrees>
       <LongitudeDegrees>139.7713447</LongitudeDegrees>
      </Position>
      <AltitudeMeters>18</AltitudeMeters>
      <DistanceMeters>1974</DistanceMeters>
      <HeartRateBpm>
       <Value>129</Value>
      </HeartRateBpm>
      <Cadence>79</Cadence>
      <Extensions>
       <Speed>7.550000</Speed>
      </Extensions>
     </Trackpoint>
     <Trackpoint>
      <Time>2026-05-24T14:18:50Z</Time>
      <Position>
       <LatitudeDegrees>35.6988585</LatitudeDegrees>
       <LongitudeDegrees>139.7713485</LongitudeDegrees>
      </Position>
      <AltitudeMeters>18</AltitudeMeters>
      <DistanceMeters>1975</DistanceMeters>
      <HeartRateBpm>
       <Value>129</Value>
      </HeartRateBpm>
      <Cadence>78</Cadence>
      <Extensions>
       <Speed>7.480000</Speed>
      </Extensions>
     </Trackpoint>
     <Trackpoint>
      <Time>2026-05-24T14:18:51Z</Time>
      <Position>
       <LatitudeDegrees>35.6988761</LatitudeDegrees>
       <LongitudeDegrees>139.7713524</LongitudeDegrees>
      </Position>
      <AltitudeMeters>18</AltitudeMeters>
      <DistanceMeters>1976</DistanceMeters>
      <HeartRateBpm>
       <Value>129</Value>
      </HeartRateBpm>
      <Cadence>78</Cadence>
      <Extensions>
       <Speed>7.420000</Speed>
      </Extensions>
     </Trackpoint>
     <Trackpoint>
      <Time>2026-05-24T14:18:52Z</Time>
      <Position>
       <LatitudeDegrees>35.6988895</LatitudeDegrees>
       <LongitudeDegrees>139.7713505</LongitudeDegrees>
      </Position>
      <AltitudeMeters>18</AltitudeMeters>
      <DistanceMeters>1978</DistanceMeters>
      <HeartRateBpm>
       <Value>129</Value>
      </HeartRateBpm>
      <Cadence>78</Cadence>
      <Extensions>
       <Speed>7.390000</Speed>
      </Extensions>
     </Trackpoint>
     <Trackpoint>
      <Time>2026-05-24T14:18:53Z</Time>
      <Position>
       <LatitudeDegrees>35.6989030</LatitudeDegrees>
       <LongitudeDegrees>139.7713486</LongitudeDegrees>
      </Position>
      <AltitudeMeters>18</AltitudeMeters>
      <DistanceMeters>1979</DistanceMeters>
      <HeartRateBpm>
       <Value>129</Value>
      </HeartRateBpm>
      <Cadence>78</Cadence>
      <Extensions>
       <Speed>7.360000</Speed>
      </Extensions>
     </Trackpoint>
     <Trackpoint>
      <Time>2026-05-24T14:18:54Z</Time>
      <Position>
       <LatitudeDegrees>35.6989138</LatitudeDegrees>
       <LongitudeDegrees>139.7713420</LongitudeDegrees>
      </Position>
      <AltitudeMeters>18</AltitudeMeters>
      <DistanceMeters>1980</DistanceMeters>
      <HeartRateBpm>
       <Value>129</Value>
      </HeartRateBpm>
      <Cadence>78</Cadence>
      <Extensions>
       <Speed>7.330000</Speed>
      </Extensions>
     </Trackpoint>
     <Trackpoint>
      <Time>2026-05-24T14:18:55Z</Time>
      <Position>
       <LatitudeDegrees>35.6989246</LatitudeDegrees>
       <LongitudeDegrees>139.7713355</LongitudeDegrees>
      </Position>
      <AltitudeMeters>18</AltitudeMeters>
      <DistanceMeters>1982</DistanceMeters>
      <HeartRateBpm>
       <Value>129</Value>
      </HeartRateBpm>
      <Cadence>79</Cadence>
      <Extensions>
       <Speed>7.310000</Speed>
      </Extensions>
     </Trackpoint>
     <Trackpoint>
      <Time>2026-05-24T14:18:56Z</Time>
      <Position>
       <LatitudeDegrees>35.6989343</LatitudeDegrees>
       <LongitudeDegrees>139.7713286</LongitudeDegrees>
      </Position>
      <AltitudeMeters>18</AltitudeMeters>
      <DistanceMeters>1983</DistanceMeters>
      <HeartRateBpm>
       <Value>129</Value>
      </HeartRateBpm>
      <Cadence>79</Cadence>
      <Extensions>
       <Speed>7.280000</Speed>
      </Extensions>
     </Trackpoint>
     <Trackpoint>
      <Time>2026-05-24T14:18:57Z</Time>
      <Position>
       <LatitudeDegrees>35.6989441</LatitudeDegrees>
       <LongitudeDegrees>139.7713218</LongitudeDegrees>
      </Position>
      <AltitudeMeters>18</AltitudeMeters>
      <DistanceMeters>1984</DistanceMeters>
      <HeartRateBpm>
       <Value>129</Value>
      </HeartRateBpm>
      <Cadence>79</Cadence>
      <Extensions>
       <Speed>7.260000</Speed>
      </Extensions>
     </Trackpoint>
     <Trackpoint>
      <Time>2026-05-24T14:18:58Z</Time>
      <Position>
       <LatitudeDegrees>35.6989531</LatitudeDegrees>
       <LongitudeDegrees>139.7713175</LongitudeDegrees>
      </Position>
      <AltitudeMeters>18</AltitudeMeters>
      <DistanceMeters>1985</DistanceMeters>
      <HeartRateBpm>
       <Value>129</Value>
      </HeartRateBpm>
      <Cadence>78</Cadence>
      <Extensions>
       <Speed>7.220000</Speed>
      </Extensions>
     </Trackpoint>
     <Trackpoint>
      <Time>2026-05-24T14:18:59Z</Time>
      <Position>
       <LatitudeDegrees>35.6989622</LatitudeDegrees>
       <LongitudeDegrees>139.7713132</LongitudeDegrees>
      </Position>
      <AltitudeMeters>18</AltitudeMeters>
      <DistanceMeters>1986</DistanceMeters>
      <HeartRateBpm>
       <Value>129</Value>
      </HeartRateBpm>
      <Cadence>78</Cadence>
      <Extensions>
       <Speed>7.180000</Speed>
      </Extensions>
     </Trackpoint>
     <Trackpoint>
      <Time>2026-05-24T14:19:00Z</Time>
      <Position>
       <LatitudeDegrees>35.6989727</LatitudeDegrees>
       <LongitudeDegrees>139.7713105</LongitudeDegrees>
      </Position>
      <AltitudeMeters>18</AltitudeMeters>
      <DistanceMeters>1988</DistanceMeters>
      <HeartRateBpm>
       <Value>129</Value>
      </HeartRateBpm>
      <Cadence>78</Cadence>
      <Extensions>
       <Speed>7.130000</Speed>
      </Extensions>
     </Trackpoint>
     <Trackpoint>
      <Time>2026-05-24T14:19:01Z</Time>
      <Position>
       <LatitudeDegrees>35.6989833</LatitudeDegrees>
       <LongitudeDegrees>139.7713078</LongitudeDegrees>
      </Position>
      <AltitudeMeters>18</AltitudeMeters>
      <DistanceMeters>1989</DistanceMeters>
      <HeartRateBpm>
       <Value>128</Value>
      </HeartRateBpm>
      <Cadence>79</Cadence>
      <Extensions>
       <Speed>7.080000</Speed>
      </Extensions>
     </Trackpoint>
     <Trackpoint>
      <Time>2026-05-24T14:19:02Z</Time>
      <Position>
       <LatitudeDegrees>35.6989958</LatitudeDegrees>
       <LongitudeDegrees>139.7713059</LongitudeDegrees>
      </Position>
      <AltitudeMeters>18</AltitudeMeters>
      <DistanceMeters>1990</DistanceMeters>
      <HeartRateBpm>
       <Value>128</Value>
      </HeartRateBpm>
      <Cadence>79</Cadence>
      <Extensions>
       <Speed>7.020000</Speed>
      </Extensions>
     </Trackpoint>
     <Trackpoint>
      <Time>2026-05-24T14:19:03Z</Time>
      <Position>
       <LatitudeDegrees>35.6990084</LatitudeDegrees>
       <LongitudeDegrees>139.7713040</LongitudeDegrees>
      </Position>
      <AltitudeMeters>18</AltitudeMeters>
      <DistanceMeters>1992</DistanceMeters>
      <HeartRateBpm>
       <Value>127</Value>
      </HeartRateBpm>
      <Cadence>79</Cadence>
      <Extensions>
       <Speed>6.970000</Speed>
      </Extensions>
     </Trackpoint>
     <Trackpoint>
      <Time>2026-05-24T14:19:04Z</Time>
      <Position>
       <LatitudeDegrees>35.6990220</LatitudeDegrees>
       <LongitudeDegrees>139.7713023</LongitudeDegrees>
      </Position>
      <AltitudeMeters>18</AltitudeMeters>
      <DistanceMeters>1994</DistanceMeters>
      <HeartRateBpm>
       <Value>126</Value>
      </HeartRateBpm>
      <Cadence>79</Cadence>
      <Extensions>
       <Speed>6.920000</Speed>
      </Extensions>
     </Trackpoint>
     <Trackpoint>
      <Time>2026-05-24T14:19:05Z</Time>
      <Position>
       <LatitudeDegrees>35.6990356</LatitudeDegrees>
       <LongitudeDegrees>139.7713006</LongitudeDegrees>
      </Position>
      <AltitudeMeters>18</AltitudeMeters>
      <DistanceMeters>1995</DistanceMeters>
      <HeartRateBpm>
       <Value>125</Value>
      </HeartRateBpm>
      <Cadence>79</Cadence>
      <Extensions>
       <Speed>6.870000</Speed>
      </Extensions>
     </Trackpoint>
    </Track>
   </Lap>
   <Lap StartTime="2026-05-24T14:19:05Z">
    <TotalTimeSeconds>521</TotalTimeSeconds>
    <DistanceMeters>1000</DistanceMeters>
    <Intensity>Active</Intensity>
    <TriggerMethod>Manual</TriggerMethod>
    <MaximumHeartRateBpm>
     <Value>134</Value>
    </MaximumHeartRateBpm>
    <AverageHeartRateBpm>
     <Value>127</Value>
    </AverageHeartRateBpm>
    <Track>
     <Trackpoint>
      <Time>2026-05-24T14:19:05Z</Time>
      <Position>
       <LatitudeDegrees>35.6990356</LatitudeDegrees>
       <LongitudeDegrees>139.7713006</LongitudeDegrees>
      </Position>
      <AltitudeMeters>18</AltitudeMeters>
      <DistanceMeters>1995</DistanceMeters>
      <HeartRateBpm>
       <Value>125</Value>
      </HeartRateBpm>
      <Cadence>79</Cadence>
      <Extensions>
       <Speed>6.870000</Speed>
      </Extensions>
     </Trackpoint>
     <Trackpoint>
      <Time>2026-05-24T14:19:06Z</Time>
      <Position>
       <LatitudeDegrees>35.6990523</LatitudeDegrees>
       <LongitudeDegrees>139.7713075</LongitudeDegrees>
      </Position>
      <AltitudeMeters>18</AltitudeMeters>
      <DistanceMeters>1998</DistanceMeters>
      <HeartRateBpm>
       <Value>124</Value>
      </HeartRateBpm>
      <Cadence>79</Cadence>
      <Extensions>
       <Speed>6.830000</Speed>
      </Extensions>
     </Trackpoint>
     <Trackpoint>
      <Time>2026-05-24T14:19:07Z</Time>
      <Position>
       <LatitudeDegrees>35.6990690</LatitudeDegrees>
       <LongitudeDegrees>139.7713144</LongitudeDegrees>
      </Position>
      <AltitudeMeters>18</AltitudeMeters>
      <DistanceMeters>2002</DistanceMeters>
      <HeartRateBpm>
       <Value>123</Value>
      </HeartRateBpm>
      <Cadence>79</Cadence>
      <Extensions>
       <Speed>6.800000</Speed>
      </Extensions>
     </Trackpoint>
     <Trackpoint>
      <Time>2026-05-24T14:19:08Z</Time>
      <Position>
       <LatitudeDegrees>35.6990909</LatitudeDegrees>
       <LongitudeDegrees>139.7713301</LongitudeDegrees>
      </Position>
      <AltitudeMeters>18</AltitudeMeters>
      <DistanceMeters>2006</DistanceMeters>
      <HeartRateBpm>
       <Value>121</Value>
      </HeartRateBpm>
      <Cadence>79</Cadence>
      <Extensions>
       <Speed>6.780000</Speed>
      </Extensions>
     </Trackpoint>
     <Trackpoint>
      <Time>2026-05-24T14:19:09Z</Time>
      <Position>
       <LatitudeDegrees>35.6991128</LatitudeDegrees>
       <LongitudeDegrees>139.7713459</LongitudeDegrees>
      </Position>
      <AltitudeMeters>18</AltitudeMeters>
      <DistanceMeters>2009</DistanceMeters>
      <HeartRateBpm>
       <Value>121</Value>
      </HeartRateBpm>
      <Cadence>79</Cadence>
      <Extensions>
       <Speed>6.760000</Speed>
      </Extensions>
     </Trackpoint>
     <Trackpoint>
      <Time>2026-05-24T14:19:10Z</Time>
      <Position>
       <LatitudeDegrees>35.6991371</LatitudeDegrees>
       <LongitudeDegrees>139.7713643</LongitudeDegrees>
      </Position>
      <AltitudeMeters>18</AltitudeMeters>
      <DistanceMeters>2012</DistanceMeters>
      <HeartRateBpm>
       <Value>121</Value>
      </HeartRateBpm>
      <Cadence>78</Cadence>
      <Extensions>
       <Speed>6.730000</Speed>
      </Extensions>
     </Trackpoint>
     <Trackpoint>
      <Time>2026-05-24T14:19:11Z</Time>
      <Position>
       <LatitudeDegrees>35.6991614</LatitudeDegrees>
       <LongitudeDegrees>139.7713828</LongitudeDegrees>
      </Position>
      <AltitudeMeters>18</AltitudeMeters>
      <DistanceMeters>2014</DistanceMeters>
      <HeartRateBpm>
       <Value>121</Value>
      </HeartRateBpm>
      <Cadence>78</Cadence>
      <Extensions>
       <Speed>6.700000</Speed>
      </Extensions>
     </Trackpoint>
     <Trackpoint>
      <Time>2026-05-24T14:19:12Z</Time>
      <Position>
       <LatitudeDegrees>35.6991831</LatitudeDegrees>
       <LongitudeDegrees>139.7713941</LongitudeDegrees>
      </Position>
      <AltitudeMeters>18</AltitudeMeters>
      <DistanceMeters>2016</DistanceMeters>
      <HeartRateBpm>
       <Value>122</Value>
      </HeartRateBpm>
      <Cadence>78</Cadence>
      <Extensions>
       <Speed>6.810000</Speed>
      </Extensions>
     </Trackpoint>
     <Trackpoint>
      <Time>2026-05-24T14:19:13Z</Time>
      <Position>
       <LatitudeDegrees>35.6992048</LatitudeDegrees>
       <LongitudeDegrees>139.7714054</LongitudeDegrees>
      </Position>
      <AltitudeMeters>18</AltitudeMeters>
      <DistanceMeters>2017</DistanceMeters>
      <HeartRateBpm>
       <Value>123</Value>
      </HeartRateBpm>
      <Cadence>78</Cadence>
      <Extensions>
       <Speed>6.930000</Speed>
      </Extensions>
     </Trackpoint>
     <Trackpoint>
      <Time>2026-05-24T14:19:14Z</Time>
      <Position>
       <LatitudeDegrees>35.6992244</LatitudeDegrees>
       <LongitudeDegrees>139.7714102</LongitudeDegrees>
      </Position>
      <AltitudeMeters>18</AltitudeMeters>
      <DistanceMeters>2020</DistanceMeters>
      <HeartRateBpm>
       <Value>124</Value>
      </HeartRateBpm>
      <Cadence>78</Cadence>
      <Extensions>
       <Speed>7.020000</Speed>
      </Extensions>
     </Trackpoint>
     <Trackpoint>
      <Time>2026-05-24T14:19:15Z</Time>
      <Position>
       <LatitudeDegrees>35.6992440</LatitudeDegrees>
       <LongitudeDegrees>139.7714150</LongitudeDegrees>
      </Position>
      <AltitudeMeters>18</AltitudeMeters>
      <DistanceMeters>2022</DistanceMeters>
      <HeartRateBpm>
       <Value>124</Value>
      </HeartRateBpm>
      <Cadence>78</Cadence>
      <Extensions>
       <Speed>7.110000</Speed>
      </Extensions>
     </Trackpoint>
     <Trackpoint>
      <Time>2026-05-24T14:19:16Z</Time>
      <Position>
       <LatitudeDegrees>35.6992620</LatitudeDegrees>
       <LongitudeDegrees>139.7714180</LongitudeDegrees>
      </Position>
      <AltitudeMeters>18</AltitudeMeters>
      <DistanceMeters>2024</DistanceMeters>
      <HeartRateBpm>
       <Value>125</Value>
      </HeartRateBpm>
      <Cadence>78</Cadence>
      <Extensions>
       <Speed>7.150000</Speed>
      </Extensions>
     </Trackpoint>
     <Trackpoint>
      <Time>2026-05-24T14:19:17Z</Time>
      <Position>
       <LatitudeDegrees>35.6992801</LatitudeDegrees>
       <LongitudeDegrees>139.7714211</LongitudeDegrees>
      </Position>
      <AltitudeMeters>18</AltitudeMeters>
      <DistanceMeters>2025</DistanceMeters>
      <HeartRateBpm>
       <Value>125</Value>
      </HeartRateBpm>
      <Cadence>78</Cadence>
      <Extensions>
       <Speed>7.190000</Speed>
      </Extensions>
     </Trackpoint>
     <Trackpoint>
      <Time>2026-05-24T14:19:18Z</Time>
      <Position>
       <LatitudeDegrees>35.6992939</LatitudeDegrees>
       <LongitudeDegrees>139.7714211</LongitudeDegrees>
      </Position>
      <AltitudeMeters>18</AltitudeMeters>
      <DistanceMeters>2026</DistanceMeters>
      <HeartRateBpm>
       <Value>125</Value>
      </HeartRateBpm>
      <Cadence>78</Cadence>
      <Extensions>
       <Speed>7.230000</Speed>
      </Extensions>
     </Trackpoint>
     <Trackpoint>
      <Time>2026-05-24T14:19:19Z</Time>
      <Position>
       <LatitudeDegrees>35.6993078</LatitudeDegrees>
       <LongitudeDegrees>139.7714212</LongitudeDegrees>
      </Position>
      <AltitudeMeters>18</AltitudeMeters>
      <DistanceMeters>2027</DistanceMeters>
      <HeartRateBpm>
       <Value>125</Value>
      </HeartRateBpm>
      <Cadence>79</Cadence>
      <Extensions>
       <Speed>7.270000</Speed>
      </Extensions>
     </Trackpoint>
     <Trackpoint>
      <Time>2026-05-24T14:19:20Z</Time>
      <Position>
       <LatitudeDegrees>35.6993181</LatitudeDegrees>
       <LongitudeDegrees>139.7714164</LongitudeDegrees>
      </Position>
      <AltitudeMeters>18</AltitudeMeters>
      <DistanceMeters>2028</DistanceMeters>
      <HeartRateBpm>
       <Value>125</Value>
      </HeartRateBpm>
      <Cadence>79</Cadence>
      <Extensions>
       <Speed>7.190000</Speed>
      </Extensions>
     </Trackpoint>
     <Trackpoint>
      <Time>2026-05-24T14:19:21Z</Time>
      <Position>
       <LatitudeDegrees>35.6993284</LatitudeDegrees>
       <LongitudeDegrees>139.7714117</LongitudeDegrees>
      </Position>
      <AltitudeMeters>18</AltitudeMeters>
      <DistanceMeters>2030</DistanceMeters>
      <HeartRateBpm>
       <Value>125</Value>
      </HeartRateBpm>
      <Cadence>79</Cadence>
      <Extensions>
       <Speed>7.120000</Speed>
      </Extensions>
     </Trackpoint>
     <Trackpoint>
      <Time>2026-05-24T14:19:22Z</Time>
      <Position>
       <LatitudeDegrees>35.6993383</LatitudeDegrees>
       <LongitudeDegrees>139.7714043</LongitudeDegrees>
      </Position>
      <AltitudeMeters>18</AltitudeMeters>
      <DistanceMeters>2032</DistanceMeters>
      <HeartRateBpm>
       <Value>125</Value>
      </HeartRateBpm>
      <Cadence>79</Cadence>
      <Extensions>
       <Speed>7.020000</Speed>
      </Extensions>
     </Trackpoint>
     <Trackpoint>
      <Time>2026-05-24T14:19:23Z</Time>
      <Position>
       <LatitudeDegrees>35.6993482</LatitudeDegrees>
       <LongitudeDegrees>139.7713969</LongitudeDegrees>
      </Position>
      <AltitudeMeters>18</AltitudeMeters>
      <DistanceMeters>2033</DistanceMeters>
      <HeartRateBpm>
       <Value>125</Value>
      </HeartRateBpm>
      <Cadence>79</Cadence>
      <Extensions>
       <Speed>6.930000</Speed>
      </Extensions>
     </Trackpoint>
     <Trackpoint>
      <Time>2026-05-24T14:19:24Z</Time>
      <Position>
       <LatitudeDegrees>35.6993592</LatitudeDegrees>
       <LongitudeDegrees>139.7713894</LongitudeDegrees>
      </Position>
      <AltitudeMeters>18</AltitudeMeters>
      <DistanceMeters>2034</DistanceMeters>
      <HeartRateBpm>
       <Value>126</Value>
      </HeartRateBpm>
      <Cadence>79</Cadence>
      <Extensions>
       <Speed>6.860000</Speed>
      </Extensions>
     </Trackpoint>
     <Trackpoint>
      <Time>2026-05-24T14:19:25Z</Time>
      <Position>
       <LatitudeDegrees>35.6993703</LatitudeDegrees>
       <LongitudeDegrees>139.7713819</LongitudeDegrees>
      </Position>
      <AltitudeMeters>18</AltitudeMeters>
      <DistanceMeters>2036</DistanceMeters>
      <HeartRateBpm>
       <Value>126</Value>
      </HeartRateBpm>
      <Cadence>79</Cadence>
      <Extensions>
       <Speed>6.790000</Speed>
      </Extensions>
     </Trackpoint>
     <Trackpoint>
      <Time>2026-05-24T14:19:26Z</Time>
      <Position>
       <LatitudeDegrees>35.6993845</LatitudeDegrees>
       <LongitudeDegrees>139.7713790</LongitudeDegrees>
      </Position>
      <AltitudeMeters>18</AltitudeMeters>
      <DistanceMeters>2038</DistanceMeters>
      <HeartRateBpm>
       <Value>127</Value>
      </HeartRateBpm>
      <Cadence>79</Cadence>
      <Extensions>
       <Speed>6.750000</Speed>
      </Extensions>
     </Trackpoint>
     <Trackpoint>
      <Time>2026-05-24T14:19:27Z</Time>
      <Position>
       <LatitudeDegrees>35.6993987</LatitudeDegrees>
       <LongitudeDegrees>139.7713762</LongitudeDegrees>
      </Position>
      <AltitudeMeters>18</AltitudeMeters>
      <DistanceMeters>2040</DistanceMeters>
      <HeartRateBpm>
       <Value>128</Value>
      </HeartRateBpm>
      <Cadence>79</Cadence>
      <Extensions>
       <Speed>6.710000</Speed>
      </Extensions>
     </Trackpoint>
     <Trackpoint>
      <Time>2026-05-24T14:19:28Z</Time>
      <Position>
       <LatitudeDegrees>35.6994182</LatitudeDegrees>
       <LongitudeDegrees>139.7713801</LongitudeDegrees>
      </Position>
      <AltitudeMeters>18</AltitudeMeters>
      <DistanceMeters>2043</DistanceMeters>
      <HeartRateBpm>
       <Value>128</Value>
      </HeartRateBpm>
      <Cadence>79</Cadence>
      <Extensions>
       <Speed>6.670000</Speed>
      </Extensions>
     </Trackpoint>
     <Trackpoint>
      <Time>2026-05-24T14:19:29Z</Time>
      <Position>
       <LatitudeDegrees>35.6994378</LatitudeDegrees>
       <LongitudeDegrees>139.7713840</LongitudeDegrees>
      </Position>
      <AltitudeMeters>18</AltitudeMeters>
      <DistanceMeters>2046</DistanceMeters>
      <HeartRateBpm>
       <Value>128</Value>
      </HeartRateBpm>
      <Cadence>79</Cadence>
      <Extensions>
       <Speed>6.640000</Speed>
      </Extensions>
     </Trackpoint>
     <Trackpoint>
      <Time>2026-05-24T14:19:30Z</Time>
      <Position>
       <LatitudeDegrees>35.6994614</LatitudeDegrees>
       <LongitudeDegrees>139.7713910</LongitudeDegrees>
      </Position>
      <AltitudeMeters>18</AltitudeMeters>
      <DistanceMeters>2049</DistanceMeters>
      <HeartRateBpm>
       <Value>129</Value>
      </HeartRateBpm>
      <Cadence>79</Cadence>
      <Extensions>
       <Speed>6.700000</Speed>
      </Extensions>
     </Trackpoint>
     <Trackpoint>
      <Time>2026-05-24T14:19:31Z</Time>
      <Position>
       <LatitudeDegrees>35.6994850</LatitudeDegrees>
       <LongitudeDegrees>139.7713980</LongitudeDegrees>
      </Position>
      <AltitudeMeters>18</AltitudeMeters>
      <DistanceMeters>2052</DistanceMeters>
      <HeartRateBpm>
       <Value>129</Value>
      </HeartRateBpm>
      <Cadence>79</Cadence>
      <Extensions>
       <Speed>6.770000</Speed>
      </Extensions>
     </Trackpoint>
     <Trackpoint>
      <Time>2026-05-24T14:19:32Z</Time>
      <Position>
       <LatitudeDegrees>35.6995096</LatitudeDegrees>
       <LongitudeDegrees>139.7714045</LongitudeDegrees>
      </Position>
      <AltitudeMeters>18</AltitudeMeters>
      <DistanceMeters>2054</DistanceMeters>
      <HeartRateBpm>
       <Value>129</Value>
      </HeartRateBpm>
      <Cadence>79</Cadence>
      <Extensions>
       <Speed>6.870000</Speed>
      </Extensions>
     </Trackpoint>
     <Trackpoint>
      <Time>2026-05-24T14:19:33Z</Time>
      <Position>
       <LatitudeDegrees>35.6995342</LatitudeDegrees>
       <LongitudeDegrees>139.7714111</LongitudeDegrees>
      </Position>
      <AltitudeMeters>18</AltitudeMeters>
      <DistanceMeters>2057</DistanceMeters>
      <HeartRateBpm>
       <Value>129</Value>
      </HeartRateBpm>
      <Cadence>79</Cadence>
      <Extensions>
       <Speed>6.980000</Speed>
      </Extensions>
     </Trackpoint>
     <Trackpoint>
      <Time>2026-05-24T14:19:34Z</Time>
      <Position>
       <LatitudeDegrees>35.6995578</LatitudeDegrees>
       <LongitudeDegrees>139.7714183</LongitudeDegrees>
      </Position>
      <AltitudeMeters>18</AltitudeMeters>
      <DistanceMeters>2060</DistanceMeters>
      <HeartRateBpm>
       <Value>130</Value>
      </HeartRateBpm>
      <Cadence>78</Cadence>
      <Extensions>
       <Speed>7.070000</Speed>
      </Extensions>
     </Trackpoint>
     <Trackpoint>
      <Time>2026-05-24T14:19:35Z</Time>
      <Position>
       <LatitudeDegrees>35.6995814</LatitudeDegrees>
       <LongitudeDegrees>139.7714256</LongitudeDegrees>
      </Position>
      <AltitudeMeters>18</AltitudeMeters>
      <DistanceMeters>2062</DistanceMeters>
      <HeartRateBpm>
       <Value>130</Value>
      </HeartRateBpm>
      <Cadence>78</Cadence>
      <Extensions>
       <Speed>7.160000</Speed>
      </Extensions>
     </Trackpoint>
     <Trackpoint>
      <Time>2026-05-24T14:19:36Z</Time>
      <Position>
       <LatitudeDegrees>35.6996013</LatitudeDegrees>
       <LongitudeDegrees>139.7714332</LongitudeDegrees>
      </Position>
      <AltitudeMeters>18</AltitudeMeters>
      <DistanceMeters>2064</DistanceMeters>
      <HeartRateBpm>
       <Value>130</Value>
      </HeartRateBpm>
      <Cadence>78</Cadence>
      <Extensions>
       <Speed>7.220000</Speed>
      </Extensions>
     </Trackpoint>
     <Trackpoint>
      <Time>2026-05-24T14:19:37Z</Time>
      <Position>
       <LatitudeDegrees>35.6996212</LatitudeDegrees>
       <LongitudeDegrees>139.7714408</LongitudeDegrees>
      </Position>
      <AltitudeMeters>18</AltitudeMeters>
      <DistanceMeters>2065</DistanceMeters>
      <HeartRateBpm>
       <Value>130</Value>
      </HeartRateBpm>
      <Cadence>78</Cadence>
      <Extensions>
       <Speed>7.280000</Speed>
      </Extensions>
     </Trackpoint>
     <Trackpoint>
      <Time>2026-05-24T14:19:38Z</Time>
      <Position>
       <LatitudeDegrees>35.6996360</LatitudeDegrees>
       <LongitudeDegrees>139.7714460</LongitudeDegrees>
      </Position>
      <AltitudeMeters>18</AltitudeMeters>
      <DistanceMeters>2066</DistanceMeters>
      <HeartRateBpm>
       <Value>131</Value>
      </HeartRateBpm>
      <Cadence>78</Cadence>
      <Extensions>
       <Speed>7.300000</Speed>
      </Extensions>
     </Trackpoint>
     <Trackpoint>
      <Time>2026-05-24T14:19:39Z</Time>
      <Position>
       <LatitudeDegrees>35.6996508</LatitudeDegrees>
       <LongitudeDegrees>139.7714513</LongitudeDegrees>
      </Position>
      <AltitudeMeters>18</AltitudeMeters>
      <DistanceMeters>2067</DistanceMeters>
      <HeartRateBpm>
       <Value>131</Value>
      </HeartRateBpm>
      <Cadence>79</Cadence>
      <Extensions>
       <Speed>7.330000</Speed>
      </Extensions>
     </Trackpoint>
     <Trackpoint>
      <Time>2026-05-24T14:19:40Z</Time>
      <Position>
       <LatitudeDegrees>35.6996618</LatitudeDegrees>
       <LongitudeDegrees>139.7714518</LongitudeDegrees>
      </Position>
      <AltitudeMeters>18</AltitudeMeters>
      <DistanceMeters>2068</DistanceMeters>
      <HeartRateBpm>
       <Value>131</Value>
      </HeartRateBpm>
      <Cadence>79</Cadence>
      <Extensions>
       <Speed>7.340000</Speed>
      </Extensions>
     </Trackpoint>
     <Trackpoint>
      <Time>2026-05-24T14:19:41Z</Time>
      <Position>
       <LatitudeDegrees>35.6996728</LatitudeDegrees>
       <LongitudeDegrees>139.7714524</LongitudeDegrees>
      </Position>
      <AltitudeMeters>18</AltitudeMeters>
      <DistanceMeters>2070</DistanceMeters>
      <HeartRateBpm>
       <Value>131</Value>
      </HeartRateBpm>
      <Cadence>79</Cadence>
      <Extensions>
       <Speed>7.350000</Speed>
      </Extensions>
     </Trackpoint>
     <Trackpoint>
      <Time>2026-05-24T14:19:42Z</Time>
      <Position>
       <LatitudeDegrees>35.6996849</LatitudeDegrees>
       <LongitudeDegrees>139.7714502</LongitudeDegrees>
      </Position>
      <AltitudeMeters>18</AltitudeMeters>
      <DistanceMeters>2072</DistanceMeters>
      <HeartRateBpm>
       <Value>130</Value>
      </HeartRateBpm>
      <Cadence>79</Cadence>
      <Extensions>
       <Speed>7.430000</Speed>
      </Extensions>
     </Trackpoint>
     <Trackpoint>
      <Time>2026-05-24T14:19:43Z</Time>
      <Position>
       <LatitudeDegrees>35.6996971</LatitudeDegrees>
       <LongitudeDegrees>139.7714481</LongitudeDegrees>
      </Position>
      <AltitudeMeters>18</AltitudeMeters>
      <DistanceMeters>2073</DistanceMeters>
      <HeartRateBpm>
       <Value>130</Value>
      </HeartRateBpm>
      <Cadence>80</Cadence>
      <Extensions>
       <Speed>7.510000</Speed>
      </Extensions>
     </Trackpoint>
     <Trackpoint>
      <Time>2026-05-24T14:19:44Z</Time>
      <Position>
       <LatitudeDegrees>35.6997124</LatitudeDegrees>
       <LongitudeDegrees>139.7714452</LongitudeDegrees>
      </Position>
      <AltitudeMeters>18</AltitudeMeters>
      <DistanceMeters>2076</DistanceMeters>
      <HeartRateBpm>
       <Value>130</Value>
      </HeartRateBpm>
      <Cadence>80</Cadence>
      <Extensions>
       <Speed>7.510000</Speed>
      </Extensions>
     </Trackpoint>
     <Trackpoint>
      <Time>2026-05-24T14:19:45Z</Time>
      <Position>
       <LatitudeDegrees>35.6997278</LatitudeDegrees>
       <LongitudeDegrees>139.7714423</LongitudeDegrees>
      </Position>
      <AltitudeMeters>18</AltitudeMeters>
      <DistanceMeters>2078</DistanceMeters>
      <HeartRateBpm>
       <Value>129</Value>
      </HeartRateBpm>
      <Cadence>80</Cadence>
      <Extensions>
       <Speed>7.520000</Speed>
      </Extensions>
     </Trackpoint>
     <Trackpoint>
      <Time>2026-05-24T14:19:46Z</Time>
      <Position>
       <LatitudeDegrees>35.6997461</LatitudeDegrees>
       <LongitudeDegrees>139.7714382</LongitudeDegrees>
      </Position>
      <AltitudeMeters>18</AltitudeMeters>
      <DistanceMeters>2080</DistanceMeters>
      <HeartRateBpm>
       <Value>129</Value>
      </HeartRateBpm>
      <Cadence>80</Cadence>
      <Extensions>
       <Speed>7.490000</Speed>
      </Extensions>
     </Trackpoint>
     <Trackpoint>
      <Time>2026-05-24T14:19:47Z</Time>
      <Position>
       <LatitudeDegrees>35.6997644</LatitudeDegrees>
       <LongitudeDegrees>139.7714342</LongitudeDegrees>
      </Position>
      <AltitudeMeters>18</AltitudeMeters>
      <DistanceMeters>2082</DistanceMeters>
      <HeartRateBpm>
       <Value>129</Value>
      </HeartRateBpm>
      <Cadence>80</Cadence>
      <Extensions>
       <Speed>7.460000</Speed>
      </Extensions>
     </Trackpoint>
     <Trackpoint>
      <Time>2026-05-24T14:19:48Z</Time>
      <Position>
       <LatitudeDegrees>35.6997839</LatitudeDegrees>
       <LongitudeDegrees>139.7714301</LongitudeDegrees>
      </Position>
      <AltitudeMeters>18</AltitudeMeters>
      <DistanceMeters>2084</DistanceMeters>
      <HeartRateBpm>
       <Value>129</Value>
      </HeartRateBpm>
      <Cadence>80</Cadence>
      <Extensions>
       <Speed>7.430000</Speed>
      </Extensions>
     </Trackpoint>
     <Trackpoint>
      <Time>2026-05-24T14:19:49Z</Time>
      <Position>
       <LatitudeDegrees>35.6998035</LatitudeDegrees>
       <LongitudeDegrees>139.7714260</LongitudeDegrees>
      </Position>
      <AltitudeMeters>18</AltitudeMeters>
      <DistanceMeters>2086</DistanceMeters>
      <HeartRateBpm>
       <Value>129</Value>
      </HeartRateBpm>
      <Cadence>80</Cadence>
      <Extensions>
       <Speed>7.410000</Speed>
      </Extensions>
     </Trackpoint>
     <Trackpoint>
      <Time>2026-05-24T14:19:50Z</Time>
      <Position>
       <LatitudeDegrees>35.6998234</LatitudeDegrees>
       <LongitudeDegrees>139.7714238</LongitudeDegrees>
      </Position>
      <AltitudeMeters>18</AltitudeMeters>
      <DistanceMeters>2088</DistanceMeters>
      <HeartRateBpm>
       <Value>129</Value>
      </HeartRateBpm>
      <Cadence>80</Cadence>
      <Extensions>
       <Speed>7.400000</Speed>
      </Extensions>
     </Trackpoint>
     <Trackpoint>
      <Time>2026-05-24T14:19:51Z</Time>
      <Position>
       <LatitudeDegrees>35.6998434</LatitudeDegrees>
       <LongitudeDegrees>139.7714216</LongitudeDegrees>
      </Position>
      <AltitudeMeters>18</AltitudeMeters>
      <DistanceMeters>2091</DistanceMeters>
      <HeartRateBpm>
       <Value>129</Value>
      </HeartRateBpm>
      <Cadence>80</Cadence>
      <Extensions>
       <Speed>7.390000</Speed>
      </Extensions>
     </Trackpoint>
     <Trackpoint>
      <Time>2026-05-24T14:19:52Z</Time>
      <Position>
       <LatitudeDegrees>35.6998612</LatitudeDegrees>
       <LongitudeDegrees>139.7714194</LongitudeDegrees>
      </Position>
      <AltitudeMeters>18</AltitudeMeters>
      <DistanceMeters>2092</DistanceMeters>
      <HeartRateBpm>
       <Value>129</Value>
      </HeartRateBpm>
      <Cadence>80</Cadence>
      <Extensions>
       <Speed>7.380000</Speed>
      </Extensions>
     </Trackpoint>
     <Trackpoint>
      <Time>2026-05-24T14:19:53Z</Time>
      <Position>
       <LatitudeDegrees>35.6998790</LatitudeDegrees>
       <LongitudeDegrees>139.7714173</LongitudeDegrees>
      </Position>
      <AltitudeMeters>18</AltitudeMeters>
      <DistanceMeters>2094</DistanceMeters>
      <HeartRateBpm>
       <Value>129</Value>
      </HeartRateBpm>
      <Cadence>80</Cadence>
      <Extensions>
       <Speed>7.370000</Speed>
      </Extensions>
     </Trackpoint>
     <Trackpoint>
      <Time>2026-05-24T14:19:54Z</Time>
      <Position>
       <LatitudeDegrees>35.6998939</LatitudeDegrees>
       <LongitudeDegrees>139.7714125</LongitudeDegrees>
      </Position>
      <AltitudeMeters>18</AltitudeMeters>
      <DistanceMeters>2096</DistanceMeters>
      <HeartRateBpm>
       <Value>129</Value>
      </HeartRateBpm>
      <Cadence>79</Cadence>
      <Extensions>
       <Speed>7.340000</Speed>
      </Extensions>
     </Trackpoint>
     <Trackpoint>
      <Time>2026-05-24T14:19:55Z</Time>
      <Position>
       <LatitudeDegrees>35.6999088</LatitudeDegrees>
       <LongitudeDegrees>139.7714078</LongitudeDegrees>
      </Position>
      <AltitudeMeters>18</AltitudeMeters>
      <DistanceMeters>2097</DistanceMeters>
      <HeartRateBpm>
       <Value>129</Value>
      </HeartRateBpm>
      <Cadence>79</Cadence>
      <Extensions>
       <Speed>7.310000</Speed>
      </Extensions>
     </Trackpoint>
     <Trackpoint>
      <Time>2026-05-24T14:19:56Z</Time>
      <Position>
       <LatitudeDegrees>35.6999199</LatitudeDegrees>
       <LongitudeDegrees>139.7713960</LongitudeDegrees>
      </Position>
      <AltitudeMeters>18</AltitudeMeters>
      <DistanceMeters>2099</DistanceMeters>
      <HeartRateBpm>
       <Value>128</Value>
      </HeartRateBpm>
      <Cadence>80</Cadence>
      <Extensions>
       <Speed>7.280000</Speed>
      </Extensions>
     </Trackpoint>
     <Trackpoint>
      <Time>2026-05-24T14:19:57Z</Time>
      <Position>
       <LatitudeDegrees>35.6999310</LatitudeDegrees>
       <LongitudeDegrees>139.7713842</LongitudeDegrees>
      </Position>
      <AltitudeMeters>18</AltitudeMeters>
      <DistanceMeters>2101</DistanceMeters>
      <HeartRateBpm>
       <Value>128</Value>
      </HeartRateBpm>
      <Cadence>80</Cadence>
      <Extensions>
       <Speed>7.260000</Speed>
      </Extensions>
     </Trackpoint>
     <Trackpoint>
      <Time>2026-05-24T14:19:58Z</Time>
      <Position>
       <LatitudeDegrees>35.6999399</LatitudeDegrees>
       <LongitudeDegrees>139.7713666</LongitudeDegrees>
      </Position>
      <AltitudeMeters>18</AltitudeMeters>
      <DistanceMeters>2103</DistanceMeters>
      <HeartRateBpm>
       <Value>128</Value>
      </HeartRateBpm>
      <Cadence>81</Cadence>
      <Extensions>
       <Speed>7.240000</Speed>
      </Extensions>
     </Trackpoint>
     <Trackpoint>
      <Time>2026-05-24T14:19:59Z</Time>
      <Position>
       <LatitudeDegrees>35.6999489</LatitudeDegrees>
       <LongitudeDegrees>139.7713490</LongitudeDegrees>
      </Position>
      <AltitudeMeters>18</AltitudeMeters>
      <DistanceMeters>2105</DistanceMeters>
      <HeartRateBpm>
       <Value>128</Value>
      </HeartRateBpm>
      <Cadence>82</Cadence>
      <Extensions>
       <Speed>7.220000</Speed>
      </Extensions>
     </Trackpoint>
     <Trackpoint>
      <Time>2026-05-24T14:20:00Z</Time>
      <Position>
       <LatitudeDegrees>35.6999587</LatitudeDegrees>
       <LongitudeDegrees>139.7713309</LongitudeDegrees>
      </Position>
      <AltitudeMeters>18</AltitudeMeters>
      <DistanceMeters>2107</DistanceMeters>
      <HeartRateBpm>
       <Value>128</Value>
      </HeartRateBpm>
      <Cadence>82</Cadence>
      <Extensions>
       <Speed>7.210000</Speed>
      </Extensions>
     </Trackpoint>
     <Trackpoint>
      <Time>2026-05-24T14:20:01Z</Time>
      <Position>
       <LatitudeDegrees>35.6999686</LatitudeDegrees>
       <LongitudeDegrees>139.7713128</LongitudeDegrees>
      </Position>
      <AltitudeMeters>18</AltitudeMeters>
      <DistanceMeters>2109</DistanceMeters>
      <HeartRateBpm>
       <Value>128</Value>
      </HeartRateBpm>
      <Cadence>82</Cadence>
      <Extensions>
       <Speed>7.200000</Speed>
      </Extensions>
     </Trackpoint>
     <Trackpoint>
      <Time>2026-05-24T14:20:02Z</Time>
      <Position>
       <LatitudeDegrees>35.6999822</LatitudeDegrees>
       <LongitudeDegrees>139.7712976</LongitudeDegrees>
      </Position>
      <AltitudeMeters>18</AltitudeMeters>
      <DistanceMeters>2111</DistanceMeters>
      <HeartRateBpm>
       <Value>127</Value>
      </HeartRateBpm>
      <Cadence>83</Cadence>
      <Extensions>
       <Speed>7.190000</Speed>
      </Extensions>
     </Trackpoint>
     <Trackpoint>
      <Time>2026-05-24T14:20:03Z</Time>
      <Position>
       <LatitudeDegrees>35.6999959</LatitudeDegrees>
       <LongitudeDegrees>139.7712825</LongitudeDegrees>
      </Position>
      <AltitudeMeters>18</AltitudeMeters>
      <DistanceMeters>2113</DistanceMeters>
      <HeartRateBpm>
       <Value>127</Value>
      </HeartRateBpm>
      <Cadence>83</Cadence>
      <Extensions>
       <Speed>7.190000</Speed>
      </Extensions>
     </Trackpoint>
     <Trackpoint>
      <Time>2026-05-24T14:20:04Z</Time>
      <Position>
       <LatitudeDegrees>35.7000126</LatitudeDegrees>
       <LongitudeDegrees>139.7712725</LongitudeDegrees>
      </Position>
      <AltitudeMeters>18</AltitudeMeters>
      <DistanceMeters>2116</DistanceMeters>
      <HeartRateBpm>
       <Value>127</Value>
      </HeartRateBpm>
      <Cadence>83</Cadence>
      <Extensions>
       <Speed>7.170000</Speed>
      </Extensions>
     </Trackpoint>
     <Trackpoint>
      <Time>2026-05-24T14:20:05Z</Time>
      <Position>
       <LatitudeDegrees>35.7000293</LatitudeDegrees>
       <LongitudeDegrees>139.7712625</LongitudeDegrees>
      </Position>
      <AltitudeMeters>18</AltitudeMeters>
      <DistanceMeters>2118</DistanceMeters>
      <HeartRateBpm>
       <Value>127</Value>
      </HeartRateBpm>
      <Cadence>83</Cadence>
      <Extensions>
       <Speed>7.160000</Speed>
      </Extensions>
     </Trackpoint>
     <Trackpoint>
      <Time>2026-05-24T14:20:06Z</Time>
      <Position>
       <LatitudeDegrees>35.7000469</LatitudeDegrees>
       <LongitudeDegrees>139.7712548</LongitudeDegrees>
      </Position>
      <AltitudeMeters>18</AltitudeMeters>
      <DistanceMeters>2120</DistanceMeters>
      <HeartRateBpm>
       <Value>126</Value>
      </HeartRateBpm>
      <Cadence>82</Cadence>
      <Extensions>
       <Speed>7.160000</Speed>
      </Extensions>
     </Trackpoint>
     <Trackpoint>
      <Time>2026-05-24T14:20:07Z</Time>
      <Position>
       <LatitudeDegrees>35.7000645</LatitudeDegrees>
       <LongitudeDegrees>139.7712472</LongitudeDegrees>
      </Position>
      <AltitudeMeters>18</AltitudeMeters>
      <DistanceMeters>2121</DistanceMeters>
      <HeartRateBpm>
       <Value>126</Value>
      </HeartRateBpm>
      <Cadence>82</Cadence>
      <Extensions>
       <Speed>7.170000</Speed>
      </Extensions>
     </Trackpoint>
     <Trackpoint>
      <Time>2026-05-24T14:20:08Z</Time>
      <Position>
       <LatitudeDegrees>35.7000834</LatitudeDegrees>
       <LongitudeDegrees>139.7712430</LongitudeDegrees>
      </Position>
      <AltitudeMeters>18</AltitudeMeters>
      <DistanceMeters>2124</DistanceMeters>
      <HeartRateBpm>
       <Value>125</Value>
      </HeartRateBpm>
      <Cadence>81</Cadence>
      <Extensions>
       <Speed>7.170000</Speed>
      </Extensions>
     </Trackpoint>
     <Trackpoint>
      <Time>2026-05-24T14:20:09Z</Time>
      <Position>
       <LatitudeDegrees>35.7001023</LatitudeDegrees>
       <LongitudeDegrees>139.7712388</LongitudeDegrees>
      </Position>
      <AltitudeMeters>18</AltitudeMeters>
      <DistanceMeters>2127</DistanceMeters>
      <HeartRateBpm>
       <Value>126</Value>
      </HeartRateBpm>
      <Cadence>81</Cadence>
      <Extensions>
       <Speed>7.180000</Speed>
      </Extensions>
     </Trackpoint>
     <Trackpoint>
      <Time>2026-05-24T14:20:10Z</Time>
      <Position>
       <LatitudeDegrees>35.7001233</LatitudeDegrees>
       <LongitudeDegrees>139.7712378</LongitudeDegrees>
      </Position>
      <AltitudeMeters>18</AltitudeMeters>
      <DistanceMeters>2129</DistanceMeters>
      <HeartRateBpm>
       <Value>126</Value>
      </HeartRateBpm>
      <Cadence>81</Cadence>
      <Extensions>
       <Speed>7.170000</Speed>
      </Extensions>
     </Trackpoint>
     <Trackpoint>
      <Time>2026-05-24T14:20:11Z</Time>
      <Position>
       <LatitudeDegrees>35.7001443</LatitudeDegrees>
       <LongitudeDegrees>139.7712368</LongitudeDegrees>
      </Position>
      <AltitudeMeters>18</AltitudeMeters>
      <DistanceMeters>2131</DistanceMeters>
      <HeartRateBpm>
       <Value>126</Value>
      </HeartRateBpm>
      <Cadence>81</Cadence>
      <Extensions>
       <Speed>7.170000</Speed>
      </Extensions>
     </Trackpoint>
     <Trackpoint>
      <Time>2026-05-24T14:20:12Z</Time>
      <Position>
       <LatitudeDegrees>35.7001665</LatitudeDegrees>
       <LongitudeDegrees>139.7712358</LongitudeDegrees>
      </Position>
      <AltitudeMeters>18</AltitudeMeters>
      <DistanceMeters>2134</DistanceMeters>
      <HeartRateBpm>
       <Value>126</Value>
      </HeartRateBpm>
      <Cadence>81</Cadence>
      <Extensions>
       <Speed>7.170000</Speed>
      </Extensions>
     </Trackpoint>
     <Trackpoint>
      <Time>2026-05-24T14:20:13Z</Time>
      <Position>
       <LatitudeDegrees>35.7001887</LatitudeDegrees>
       <LongitudeDegrees>139.7712349</LongitudeDegrees>
      </Position>
      <AltitudeMeters>18</AltitudeMeters>
      <DistanceMeters>2137</DistanceMeters>
      <HeartRateBpm>
       <Value>126</Value>
      </HeartRateBpm>
      <Cadence>81</Cadence>
      <Extensions>
       <Speed>7.170000</Speed>
      </Extensions>
     </Trackpoint>
     <Trackpoint>
      <Time>2026-05-24T14:20:14Z</Time>
      <Position>
       <LatitudeDegrees>35.7002124</LatitudeDegrees>
       <LongitudeDegrees>139.7712352</LongitudeDegrees>
      </Position>
      <AltitudeMeters>18</AltitudeMeters>
      <DistanceMeters>2140</DistanceMeters>
      <HeartRateBpm>
       <Value>126</Value>
      </HeartRateBpm>
      <Cadence>81</Cadence>
      <Extensions>
       <Speed>7.170000</Speed>
      </Extensions>
     </Trackpoint>
     <Trackpoint>
      <Time>2026-05-24T14:20:15Z</Time>
      <Position>
       <LatitudeDegrees>35.7002362</LatitudeDegrees>
       <LongitudeDegrees>139.7712356</LongitudeDegrees>
      </Position>
      <AltitudeMeters>18</AltitudeMeters>
      <DistanceMeters>2142</DistanceMeters>
      <HeartRateBpm>
       <Value>126</Value>
      </HeartRateBpm>
      <Cadence>81</Cadence>
      <Extensions>
       <Speed>7.180000</Speed>
      </Extensions>
     </Trackpoint>
     <Trackpoint>
      <Time>2026-05-24T14:20:16Z</Time>
      <Position>
       <LatitudeDegrees>35.7002584</LatitudeDegrees>
       <LongitudeDegrees>139.7712377</LongitudeDegrees>
      </Position>
      <AltitudeMeters>18</AltitudeMeters>
      <DistanceMeters>2144</DistanceMeters>
      <HeartRateBpm>
       <Value>126</Value>
      </HeartRateBpm>
      <Cadence>81</Cadence>
      <Extensions>
       <Speed>7.180000</Speed>
      </Extensions>
     </Trackpoint>
     <Trackpoint>
      <Time>2026-05-24T14:20:17Z</Time>
      <Position>
       <LatitudeDegrees>35.7002806</LatitudeDegrees>
       <LongitudeDegrees>139.7712398</LongitudeDegrees>
      </Position>
      <AltitudeMeters>18</AltitudeMeters>
      <DistanceMeters>2146</DistanceMeters>
      <HeartRateBpm>
       <Value>126</Value>
      </HeartRateBpm>
      <Cadence>81</Cadence>
      <Extensions>
       <Speed>7.180000</Speed>
      </Extensions>
     </Trackpoint>
     <Trackpoint>
      <Time>2026-05-24T14:20:18Z</Time>
      <Position>
       <LatitudeDegrees>35.7003015</LatitudeDegrees>
       <LongitudeDegrees>139.7712431</LongitudeDegrees>
      </Position>
      <AltitudeMeters>18</AltitudeMeters>
      <DistanceMeters>2148</DistanceMeters>
      <HeartRateBpm>
       <Value>126</Value>
      </HeartRateBpm>
      <Cadence>81</Cadence>
      <Extensions>
       <Speed>7.200000</Speed>
      </Extensions>
     </Trackpoint>
     <Trackpoint>
      <Time>2026-05-24T14:20:19Z</Time>
      <Position>
       <LatitudeDegrees>35.7003225</LatitudeDegrees>
       <LongitudeDegrees>139.7712465</LongitudeDegrees>
      </Position>
      <AltitudeMeters>18</AltitudeMeters>
      <DistanceMeters>2151</DistanceMeters>
      <HeartRateBpm>
       <Value>125</Value>
      </HeartRateBpm>
      <Cadence>81</Cadence>
      <Extensions>
       <Speed>7.230000</Speed>
      </Extensions>
     </Trackpoint>
     <Trackpoint>
      <Time>2026-05-24T14:20:20Z</Time>
      <Position>
       <LatitudeDegrees>35.7003412</LatitudeDegrees>
       <LongitudeDegrees>139.7712508</LongitudeDegrees>
      </Position>
      <AltitudeMeters>18</AltitudeMeters>
      <DistanceMeters>2152</DistanceMeters>
      <HeartRateBpm>
       <Value>125</Value>
      </HeartRateBpm>
      <Cadence>80</Cadence>
      <Extensions>
       <Speed>7.240000</Speed>
      </Extensions>
     </Trackpoint>
     <Trackpoint>
      <Time>2026-05-24T14:20:21Z</Time>
      <Position>
       <LatitudeDegrees>35.7003600</LatitudeDegrees>
       <LongitudeDegrees>139.7712551</LongitudeDegrees>
      </Position>
      <AltitudeMeters>18</AltitudeMeters>
      <DistanceMeters>2154</DistanceMeters>
      <HeartRateBpm>
       <Value>124</Value>
      </HeartRateBpm>
      <Cadence>80</Cadence>
      <Extensions>
       <Speed>7.250000</Speed>
      </Extensions>
     </Trackpoint>
     <Trackpoint>
      <Time>2026-05-24T14:20:22Z</Time>
      <Position>
       <LatitudeDegrees>35.7003756</LatitudeDegrees>
       <LongitudeDegrees>139.7712608</LongitudeDegrees>
      </Position>
      <AltitudeMeters>18</AltitudeMeters>
      <DistanceMeters>2156</DistanceMeters>
      <HeartRateBpm>
       <Value>124</Value>
      </HeartRateBpm>
      <Cadence>80</Cadence>
      <Extensions>
       <Speed>7.250000</Speed>
      </Extensions>
     </Trackpoint>
     <Trackpoint>
      <Time>2026-05-24T14:20:23Z</Time>
      <Position>
       <LatitudeDegrees>35.7003913</LatitudeDegrees>
       <LongitudeDegrees>139.7712666</LongitudeDegrees>
      </Position>
      <AltitudeMeters>18</AltitudeMeters>
      <DistanceMeters>2157</DistanceMeters>
      <HeartRateBpm>
       <Value>125</Value>
      </HeartRateBpm>
      <Cadence>80</Cadence>
      <Extensions>
       <Speed>7.250000</Speed>
      </Extensions>
     </Trackpoint>
     <Trackpoint>
      <Time>2026-05-24T14:20:24Z</Time>
      <Position>
       <LatitudeDegrees>35.7004057</LatitudeDegrees>
       <LongitudeDegrees>139.7712715</LongitudeDegrees>
      </Position>
      <AltitudeMeters>18</AltitudeMeters>
      <DistanceMeters>2158</DistanceMeters>
      <HeartRateBpm>
       <Value>125</Value>
      </HeartRateBpm>
      <Cadence>80</Cadence>
      <Extensions>
       <Speed>7.260000</Speed>
      </Extensions>
     </Trackpoint>
     <Trackpoint>
      <Time>2026-05-24T14:20:25Z</Time>
      <Position>
       <LatitudeDegrees>35.7004202</LatitudeDegrees>
       <LongitudeDegrees>139.7712764</LongitudeDegrees>
      </Position>
      <AltitudeMeters>18</AltitudeMeters>
      <DistanceMeters>2160</DistanceMeters>
      <HeartRateBpm>
       <Value>123</Value>
      </HeartRateBpm>
      <Cadence>80</Cadence>
      <Extensions>
       <Speed>7.280000</Speed>
      </Extensions>
     </Trackpoint>
     <Trackpoint>
      <Time>2026-05-24T14:20:26Z</Time>
      <Position>
       <LatitudeDegrees>35.7004347</LatitudeDegrees>
       <LongitudeDegrees>139.7712798</LongitudeDegrees>
      </Position>
      <AltitudeMeters>18</AltitudeMeters>
      <DistanceMeters>2162</DistanceMeters>
      <HeartRateBpm>
       <Value>122</Value>
      </HeartRateBpm>
      <Cadence>80</Cadence>
      <Extensions>
       <Speed>7.260000</Speed>
      </Extensions>
     </Trackpoint>
     <Trackpoint>
      <Time>2026-05-24T14:20:27Z</Time>
      <Position>
       <LatitudeDegrees>35.7004493</LatitudeDegrees>
       <LongitudeDegrees>139.7712832</LongitudeDegrees>
      </Position>
      <AltitudeMeters>18</AltitudeMeters>
      <DistanceMeters>2164</DistanceMeters>
      <HeartRateBpm>
       <Value>121</Value>
      </HeartRateBpm>
      <Cadence>80</Cadence>
      <Extensions>
       <Speed>7.240000</Speed>
      </Extensions>
     </Trackpoint>
     <Trackpoint>
      <Time>2026-05-24T14:20:28Z</Time>
      <Position>
       <LatitudeDegrees>35.7004643</LatitudeDegrees>
       <LongitudeDegrees>139.7712852</LongitudeDegrees>
      </Position>
      <AltitudeMeters>18</AltitudeMeters>
      <DistanceMeters>2166</DistanceMeters>
      <HeartRateBpm>
       <Value>121</Value>
      </HeartRateBpm>
      <Cadence>80</Cadence>
      <Extensions>
       <Speed>7.220000</Speed>
      </Extensions>
     </Trackpoint>
     <Trackpoint>
      <Time>2026-05-24T14:20:29Z</Time>
      <Position>
       <LatitudeDegrees>35.7004794</LatitudeDegrees>
       <LongitudeDegrees>139.7712872</LongitudeDegrees>
      </Position>
      <AltitudeMeters>18</AltitudeMeters>
      <DistanceMeters>2168</DistanceMeters>
      <HeartRateBpm>
       <Value>121</Value>
      </HeartRateBpm>
      <Cadence>80</Cadence>
      <Extensions>
       <Speed>7.200000</Speed>
      </Extensions>
     </Trackpoint>
     <Trackpoint>
      <Time>2026-05-24T14:20:30Z</Time>
      <Position>
       <LatitudeDegrees>35.7004954</LatitudeDegrees>
       <LongitudeDegrees>139.7712894</LongitudeDegrees>
      </Position>
      <AltitudeMeters>18</AltitudeMeters>
      <DistanceMeters>2170</DistanceMeters>
      <HeartRateBpm>
       <Value>120</Value>
      </HeartRateBpm>
      <Cadence>80</Cadence>
      <Extensions>
       <Speed>7.190000</Speed>
      </Extensions>
     </Trackpoint>
     <Trackpoint>
      <Time>2026-05-24T14:20:31Z</Time>
      <Position>
       <LatitudeDegrees>35.7005115</LatitudeDegrees>
       <LongitudeDegrees>139.7712916</LongitudeDegrees>
      </Position>
      <AltitudeMeters>18</AltitudeMeters>
      <DistanceMeters>2171</DistanceMeters>
      <HeartRateBpm>
       <Value>120</Value>
      </HeartRateBpm>
      <Cadence>80</Cadence>
      <Extensions>
       <Speed>7.190000</Speed>
      </Extensions>
     </Trackpoint>
     <Trackpoint>
      <Time>2026-05-24T14:20:32Z</Time>
      <Position>
       <LatitudeDegrees>35.7005285</LatitudeDegrees>
       <LongitudeDegrees>139.7712916</LongitudeDegrees>
      </Position>
      <AltitudeMeters>18</AltitudeMeters>
      <DistanceMeters>2174</DistanceMeters>
      <HeartRateBpm>
       <Value>120</Value>
      </HeartRateBpm>
      <Cadence>79</Cadence>
      <Extensions>
       <Speed>7.140000</Speed>
      </Extensions>
     </Trackpoint>
     <Trackpoint>
      <Time>2026-05-24T14:20:33Z</Time>
      <Position>
       <LatitudeDegrees>35.7005456</LatitudeDegrees>
       <LongitudeDegrees>139.7712916</LongitudeDegrees>
      </Position>
      <AltitudeMeters>18</AltitudeMeters>
      <DistanceMeters>2176</DistanceMeters>
      <HeartRateBpm>
       <Value>120</Value>
      </HeartRateBpm>
      <Cadence>79</Cadence>
      <Extensions>
       <Speed>7.100000</Speed>
      </Extensions>
     </Trackpoint>
     <Trackpoint>
      <Time>2026-05-24T14:20:34Z</Time>
      <Position>
       <LatitudeDegrees>35.7005639</LatitudeDegrees>
       <LongitudeDegrees>139.7712892</LongitudeDegrees>
      </Position>
      <AltitudeMeters>18</AltitudeMeters>
      <DistanceMeters>2178</DistanceMeters>
      <HeartRateBpm>
       <Value>120</Value>
      </HeartRateBpm>
      <Cadence>79</Cadence>
      <Extensions>
       <Speed>7.090000</Speed>
      </Extensions>
     </Trackpoint>
     <Trackpoint>
      <Time>2026-05-24T14:20:35Z</Time>
      <Position>
       <LatitudeDegrees>35.7005822</LatitudeDegrees>
       <LongitudeDegrees>139.7712869</LongitudeDegrees>
      </Position>
      <AltitudeMeters>18</AltitudeMeters>
      <DistanceMeters>2180</DistanceMeters>
      <HeartRateBpm>
       <Value>120</Value>
      </HeartRateBpm>
      <Cadence>79</Cadence>
      <Extensions>
       <Speed>7.080000</Speed>
      </Extensions>
     </Trackpoint>
     <Trackpoint>
      <Time>2026-05-24T14:20:36Z</Time>
      <Position>
       <LatitudeDegrees>35.7005991</LatitudeDegrees>
       <LongitudeDegrees>139.7712829</LongitudeDegrees>
      </Position>
      <AltitudeMeters>18</AltitudeMeters>
      <DistanceMeters>2182</DistanceMeters>
      <HeartRateBpm>
       <Value>120</Value>
      </HeartRateBpm>
      <Cadence>79</Cadence>
      <Extensions>
       <Speed>7.080000</Speed>
      </Extensions>
     </Trackpoint>
     <Trackpoint>
      <Time>2026-05-24T14:20:37Z</Time>
      <Position>
       <LatitudeDegrees>35.7006160</LatitudeDegrees>
       <LongitudeDegrees>139.7712790</LongitudeDegrees>
      </Position>
      <AltitudeMeters>18</AltitudeMeters>
      <DistanceMeters>2183</DistanceMeters>
      <HeartRateBpm>
       <Value>121</Value>
      </HeartRateBpm>
      <Cadence>80</Cadence>
      <Extensions>
       <Speed>7.080000</Speed>
      </Extensions>
     </Trackpoint>
     <Trackpoint>
      <Time>2026-05-24T14:20:38Z</Time>
      <Position>
       <LatitudeDegrees>35.7006313</LatitudeDegrees>
       <LongitudeDegrees>139.7712723</LongitudeDegrees>
      </Position>
      <AltitudeMeters>18</AltitudeMeters>
      <DistanceMeters>2183</DistanceMeters>
      <HeartRateBpm>
       <Value>121</Value>
      </HeartRateBpm>
      <Cadence>80</Cadence>
      <Extensions>
       <Speed>7.080000</Speed>
      </Extensions>
     </Trackpoint>
     <Trackpoint>
      <Time>2026-05-24T14:20:39Z</Time>
      <Position>
       <LatitudeDegrees>35.7006466</LatitudeDegrees>
       <LongitudeDegrees>139.7712657</LongitudeDegrees>
      </Position>
      <AltitudeMeters>18</AltitudeMeters>
      <DistanceMeters>2183</DistanceMeters>
      <HeartRateBpm>
       <Value>121</Value>
      </HeartRateBpm>
      <Cadence>80</Cadence>
      <Extensions>
       <Speed>7.080000</Speed>
      </Extensions>
     </Trackpoint>
     <Trackpoint>
      <Time>2026-05-24T14:20:40Z</Time>
      <Position>
       <LatitudeDegrees>35.7006619</LatitudeDegrees>
       <LongitudeDegrees>139.7712580</LongitudeDegrees>
      </Position>
      <AltitudeMeters>18</AltitudeMeters>
      <DistanceMeters>2186</DistanceMeters>
      <HeartRateBpm>
       <Value>121</Value>
      </HeartRateBpm>
      <Cadence>80</Cadence>
      <Extensions>
       <Speed>7.080000</Speed>
      </Extensions>
     </Trackpoint>
     <Trackpoint>
      <Time>2026-05-24T14:20:41Z</Time>
      <Position>
       <LatitudeDegrees>35.7006772</LatitudeDegrees>
       <LongitudeDegrees>139.7712504</LongitudeDegrees>
      </Position>
      <AltitudeMeters>18</AltitudeMeters>
      <DistanceMeters>2190</DistanceMeters>
      <HeartRateBpm>
       <Value>122</Value>
      </HeartRateBpm>
      <Cadence>80</Cadence>
      <Extensions>
       <Speed>7.080000</Speed>
      </Extensions>
     </Trackpoint>
     <Trackpoint>
      <Time>2026-05-24T14:20:42Z</Time>
      <Position>
       <LatitudeDegrees>35.7006935</LatitudeDegrees>
       <LongitudeDegrees>139.7712454</LongitudeDegrees>
      </Position>
      <AltitudeMeters>18</AltitudeMeters>
      <DistanceMeters>2192</DistanceMeters>
      <HeartRateBpm>
       <Value>123</Value>
      </HeartRateBpm>
      <Cadence>80</Cadence>
      <Extensions>
       <Speed>7.080000</Speed>
      </Extensions>
     </Trackpoint>
     <Trackpoint>
      <Time>2026-05-24T14:20:43Z</Time>
      <Position>
       <LatitudeDegrees>35.7007098</LatitudeDegrees>
       <LongitudeDegrees>139.7712405</LongitudeDegrees>
      </Position>
      <AltitudeMeters>18</AltitudeMeters>
      <DistanceMeters>2194</DistanceMeters>
      <HeartRateBpm>
       <Value>125</Value>
      </HeartRateBpm>
      <Cadence>81</Cadence>
      <Extensions>
       <Speed>7.080000</Speed>
      </Extensions>
     </Trackpoint>
     <Trackpoint>
      <Time>2026-05-24T14:20:44Z</Time>
      <Position>
       <LatitudeDegrees>35.7007282</LatitudeDegrees>
       <LongitudeDegrees>139.7712372</LongitudeDegrees>
      </Position>
      <AltitudeMeters>18</AltitudeMeters>
      <DistanceMeters>2196</DistanceMeters>
      <HeartRateBpm>
       <Value>127</Value>
      </HeartRateBpm>
      <Cadence>81</Cadence>
      <Extensions>
       <Speed>7.080000</Speed>
      </Extensions>
     </Trackpoint>
     <Trackpoint>
      <Time>2026-05-24T14:20:45Z</Time>
      <Position>
       <LatitudeDegrees>35.7007466</LatitudeDegrees>
       <LongitudeDegrees>139.7712339</LongitudeDegrees>
      </Position>
      <AltitudeMeters>18</AltitudeMeters>
      <DistanceMeters>2199</DistanceMeters>
      <HeartRateBpm>
       <Value>129</Value>
      </HeartRateBpm>
      <Cadence>81</Cadence>
      <Extensions>
       <Speed>7.080000</Speed>
      </Extensions>
     </Trackpoint>
     <Trackpoint>
      <Time>2026-05-24T14:20:46Z</Time>
      <Position>
       <LatitudeDegrees>35.7007647</LatitudeDegrees>
       <LongitudeDegrees>139.7712357</LongitudeDegrees>
      </Position>
      <AltitudeMeters>18</AltitudeMeters>
      <DistanceMeters>2201</DistanceMeters>
      <HeartRateBpm>
       <Value>129</Value>
      </HeartRateBpm>
      <Cadence>81</Cadence>
      <Extensions>
       <Speed>7.080000</Speed>
      </Extensions>
     </Trackpoint>
     <Trackpoint>
      <Time>2026-05-24T14:20:47Z</Time>
      <Position>
       <LatitudeDegrees>35.7007829</LatitudeDegrees>
       <LongitudeDegrees>139.7712376</LongitudeDegrees>
      </Position>
      <AltitudeMeters>18</AltitudeMeters>
      <DistanceMeters>2203</DistanceMeters>
      <HeartRateBpm>
       <Value>130</Value>
      </HeartRateBpm>
      <Cadence>81</Cadence>
      <Extensions>
       <Speed>7.080000</Speed>
      </Extensions>
     </Trackpoint>
     <Trackpoint>
      <Time>2026-05-24T14:20:48Z</Time>
      <Position>
       <LatitudeDegrees>35.7007998</LatitudeDegrees>
       <LongitudeDegrees>139.7712447</LongitudeDegrees>
      </Position>
      <AltitudeMeters>18</AltitudeMeters>
      <DistanceMeters>2204</DistanceMeters>
      <HeartRateBpm>
       <Value>130</Value>
      </HeartRateBpm>
      <Cadence>81</Cadence>
      <Extensions>
       <Speed>7.090000</Speed>
      </Extensions>
     </Trackpoint>
     <Trackpoint>
      <Time>2026-05-24T14:20:49Z</Time>
      <Position>
       <LatitudeDegrees>35.7008168</LatitudeDegrees>
       <LongitudeDegrees>139.7712519</LongitudeDegrees>
      </Position>
      <AltitudeMeters>18</AltitudeMeters>
      <DistanceMeters>2206</DistanceMeters>
      <HeartRateBpm>
       <Value>131</Value>
      </HeartRateBpm>
      <Cadence>81</Cadence>
      <Extensions>
       <Speed>7.100000</Speed>
      </Extensions>
     </Trackpoint>
     <Trackpoint>
      <Time>2026-05-24T14:20:50Z</Time>
      <Position>
       <LatitudeDegrees>35.7008344</LatitudeDegrees>
       <LongitudeDegrees>139.7712576</LongitudeDegrees>
      </Position>
      <AltitudeMeters>18</AltitudeMeters>
      <DistanceMeters>2208</DistanceMeters>
      <HeartRateBpm>
       <Value>131</Value>
      </HeartRateBpm>
      <Cadence>80</Cadence>
      <Extensions>
       <Speed>7.100000</Speed>
      </Extensions>
     </Trackpoint>
     <Trackpoint>
      <Time>2026-05-24T14:20:51Z</Time>
      <Position>
       <LatitudeDegrees>35.7008521</LatitudeDegrees>
       <LongitudeDegrees>139.7712633</LongitudeDegrees>
      </Position>
      <AltitudeMeters>18</AltitudeMeters>
      <DistanceMeters>2211</DistanceMeters>
      <HeartRateBpm>
       <Value>132</Value>
      </HeartRateBpm>
      <Cadence>80</Cadence>
      <Extensions>
       <Speed>7.100000</Speed>
      </Extensions>
     </Trackpoint>
     <Trackpoint>
      <Time>2026-05-24T14:20:52Z</Time>
      <Position>
       <LatitudeDegrees>35.7008689</LatitudeDegrees>
       <LongitudeDegrees>139.7712683</LongitudeDegrees>
      </Position>
      <AltitudeMeters>18</AltitudeMeters>
      <DistanceMeters>2212</DistanceMeters>
      <HeartRateBpm>
       <Value>132</Value>
      </HeartRateBpm>
      <Cadence>80</Cadence>
      <Extensions>
       <Speed>7.120000</Speed>
      </Extensions>
     </Trackpoint>
     <Trackpoint>
      <Time>2026-05-24T14:20:53Z</Time>
      <Position>
       <LatitudeDegrees>35.7008858</LatitudeDegrees>
       <LongitudeDegrees>139.7712734</LongitudeDegrees>
      </Position>
      <AltitudeMeters>18</AltitudeMeters>
      <DistanceMeters>2214</DistanceMeters>
      <HeartRateBpm>
       <Value>132</Value>
      </HeartRateBpm>
      <Cadence>80</Cadence>
      <Extensions>
       <Speed>7.150000</Speed>
      </Extensions>
     </Trackpoint>
     <Trackpoint>
      <Time>2026-05-24T14:20:54Z</Time>
      <Position>
       <LatitudeDegrees>35.7009031</LatitudeDegrees>
       <LongitudeDegrees>139.7712777</LongitudeDegrees>
      </Position>
      <AltitudeMeters>18</AltitudeMeters>
      <DistanceMeters>2216</DistanceMeters>
      <HeartRateBpm>
       <Value>132</Value>
      </HeartRateBpm>
      <Cadence>79</Cadence>
      <Extensions>
       <Speed>7.150000</Speed>
      </Extensions>
     </Trackpoint>
     <Trackpoint>
      <Time>2026-05-24T14:20:55Z</Time>
      <Position>
       <LatitudeDegrees>35.7009204</LatitudeDegrees>
       <LongitudeDegrees>139.7712821</LongitudeDegrees>
      </Position>
      <AltitudeMeters>18</AltitudeMeters>
      <DistanceMeters>2218</DistanceMeters>
      <HeartRateBpm>
       <Value>131</Value>
      </HeartRateBpm>
      <Cadence>79</Cadence>
      <Extensions>
       <Speed>7.160000</Speed>
      </Extensions>
     </Trackpoint>
     <Trackpoint>
      <Time>2026-05-24T14:20:56Z</Time>
      <Position>
       <LatitudeDegrees>35.7009359</LatitudeDegrees>
       <LongitudeDegrees>139.7712854</LongitudeDegrees>
      </Position>
      <AltitudeMeters>18</AltitudeMeters>
      <DistanceMeters>2220</DistanceMeters>
      <HeartRateBpm>
       <Value>131</Value>
      </HeartRateBpm>
      <Cadence>79</Cadence>
      <Extensions>
       <Speed>7.170000</Speed>
      </Extensions>
     </Trackpoint>
     <Trackpoint>
      <Time>2026-05-24T14:20:57Z</Time>
      <Position>
       <LatitudeDegrees>35.7009515</LatitudeDegrees>
       <LongitudeDegrees>139.7712887</LongitudeDegrees>
      </Position>
      <AltitudeMeters>18</AltitudeMeters>
      <DistanceMeters>2221</DistanceMeters>
      <HeartRateBpm>
       <Value>131</Value>
      </HeartRateBpm>
      <Cadence>80</Cadence>
      <Extensions>
       <Speed>7.190000</Speed>
      </Extensions>
     </Trackpoint>
     <Trackpoint>
      <Time>2026-05-24T14:20:58Z</Time>
      <Position>
       <LatitudeDegrees>35.7009653</LatitudeDegrees>
       <LongitudeDegrees>139.7712906</LongitudeDegrees>
      </Position>
      <AltitudeMeters>18</AltitudeMeters>
      <DistanceMeters>2222</DistanceMeters>
      <HeartRateBpm>
       <Value>131</Value>
      </HeartRateBpm>
      <Cadence>80</Cadence>
      <Extensions>
       <Speed>7.200000</Speed>
      </Extensions>
     </Trackpoint>
     <Trackpoint>
      <Time>2026-05-24T14:20:59Z</Time>
      <Position>
       <LatitudeDegrees>35.7009791</LatitudeDegrees>
       <LongitudeDegrees>139.7712925</LongitudeDegrees>
      </Position>
      <AltitudeMeters>18</AltitudeMeters>
      <DistanceMeters>2224</DistanceMeters>
      <HeartRateBpm>
       <Value>130</Value>
      </HeartRateBpm>
      <Cadence>80</Cadence>
      <Extensions>
       <Speed>7.210000</Speed>
      </Extensions>
     </Trackpoint>
     <Trackpoint>
      <Time>2026-05-24T14:21:00Z</Time>
      <Position>
       <LatitudeDegrees>35.7009943</LatitudeDegrees>
       <LongitudeDegrees>139.7712931</LongitudeDegrees>
      </Position>
      <AltitudeMeters>18</AltitudeMeters>
      <DistanceMeters>2226</DistanceMeters>
      <HeartRateBpm>
       <Value>131</Value>
      </HeartRateBpm>
      <Cadence>80</Cadence>
      <Extensions>
       <Speed>7.200000</Speed>
      </Extensions>
     </Trackpoint>
     <Trackpoint>
      <Time>2026-05-24T14:21:01Z</Time>
      <Position>
       <LatitudeDegrees>35.7010096</LatitudeDegrees>
       <LongitudeDegrees>139.7712937</LongitudeDegrees>
      </Position>
      <AltitudeMeters>18</AltitudeMeters>
      <DistanceMeters>2229</DistanceMeters>
      <HeartRateBpm>
       <Value>131</Value>
      </HeartRateBpm>
      <Cadence>80</Cadence>
      <Extensions>
       <Speed>7.200000</Speed>
      </Extensions>
     </Trackpoint>
     <Trackpoint>
      <Time>2026-05-24T14:21:02Z</Time>
      <Position>
       <LatitudeDegrees>35.7010284</LatitudeDegrees>
       <LongitudeDegrees>139.7712947</LongitudeDegrees>
      </Position>
      <AltitudeMeters>18</AltitudeMeters>
      <DistanceMeters>2231</DistanceMeters>
      <HeartRateBpm>
       <Value>132</Value>
      </HeartRateBpm>
      <Cadence>80</Cadence>
      <Extensions>
       <Speed>7.190000</Speed>
      </Extensions>
     </Trackpoint>
     <Trackpoint>
      <Time>2026-05-24T14:21:03Z</Time>
      <Position>
       <LatitudeDegrees>35.7010472</LatitudeDegrees>
       <LongitudeDegrees>139.7712957</LongitudeDegrees>
      </Position>
      <AltitudeMeters>18</AltitudeMeters>
      <DistanceMeters>2233</DistanceMeters>
      <HeartRateBpm>
       <Value>131</Value>
      </HeartRateBpm>
      <Cadence>80</Cadence>
      <Extensions>
       <Speed>7.180000</Speed>
      </Extensions>
     </Trackpoint>
     <Trackpoint>
      <Time>2026-05-24T14:21:04Z</Time>
      <Position>
       <LatitudeDegrees>35.7010658</LatitudeDegrees>
       <LongitudeDegrees>139.7712979</LongitudeDegrees>
      </Position>
      <AltitudeMeters>18</AltitudeMeters>
      <DistanceMeters>2235</DistanceMeters>
      <HeartRateBpm>
       <Value>131</Value>
      </HeartRateBpm>
      <Cadence>80</Cadence>
      <Extensions>
       <Speed>7.170000</Speed>
      </Extensions>
     </Trackpoint>
     <Trackpoint>
      <Time>2026-05-24T14:21:05Z</Time>
      <Position>
       <LatitudeDegrees>35.7010845</LatitudeDegrees>
       <LongitudeDegrees>139.7713002</LongitudeDegrees>
      </Position>
      <AltitudeMeters>18</AltitudeMeters>
      <DistanceMeters>2237</DistanceMeters>
      <HeartRateBpm>
       <Value>131</Value>
      </HeartRateBpm>
      <Cadence>80</Cadence>
      <Extensions>
       <Speed>7.160000</Speed>
      </Extensions>
     </Trackpoint>
     <Trackpoint>
      <Time>2026-05-24T14:21:06Z</Time>
      <Position>
       <LatitudeDegrees>35.7011027</LatitudeDegrees>
       <LongitudeDegrees>139.7713047</LongitudeDegrees>
      </Position>
      <AltitudeMeters>18</AltitudeMeters>
      <DistanceMeters>2239</DistanceMeters>
      <HeartRateBpm>
       <Value>131</Value>
      </HeartRateBpm>
      <Cadence>80</Cadence>
      <Extensions>
       <Speed>7.150000</Speed>
      </Extensions>
     </Trackpoint>
     <Trackpoint>
      <Time>2026-05-24T14:21:07Z</Time>
      <Position>
       <LatitudeDegrees>35.7011210</LatitudeDegrees>
       <LongitudeDegrees>139.7713093</LongitudeDegrees>
      </Position>
      <AltitudeMeters>18</AltitudeMeters>
      <DistanceMeters>2241</DistanceMeters>
      <HeartRateBpm>
       <Value>131</Value>
      </HeartRateBpm>
      <Cadence>80</Cadence>
      <Extensions>
       <Speed>7.150000</Speed>
      </Extensions>
     </Trackpoint>
     <Trackpoint>
      <Time>2026-05-24T14:21:08Z</Time>
      <Position>
       <LatitudeDegrees>35.7011387</LatitudeDegrees>
       <LongitudeDegrees>139.7713139</LongitudeDegrees>
      </Position>
      <AltitudeMeters>18</AltitudeMeters>
      <DistanceMeters>2243</DistanceMeters>
      <HeartRateBpm>
       <Value>131</Value>
      </HeartRateBpm>
      <Cadence>80</Cadence>
      <Extensions>
       <Speed>7.140000</Speed>
      </Extensions>
     </Trackpoint>
     <Trackpoint>
      <Time>2026-05-24T14:21:09Z</Time>
      <Position>
       <LatitudeDegrees>35.7011564</LatitudeDegrees>
       <LongitudeDegrees>139.7713185</LongitudeDegrees>
      </Position>
      <AltitudeMeters>18</AltitudeMeters>
      <DistanceMeters>2245</DistanceMeters>
      <HeartRateBpm>
       <Value>130</Value>
      </HeartRateBpm>
      <Cadence>80</Cadence>
      <Extensions>
       <Speed>7.140000</Speed>
      </Extensions>
     </Trackpoint>
     <Trackpoint>
      <Time>2026-05-24T14:21:10Z</Time>
      <Position>
       <LatitudeDegrees>35.7011733</LatitudeDegrees>
       <LongitudeDegrees>139.7713232</LongitudeDegrees>
      </Position>
      <AltitudeMeters>18</AltitudeMeters>
      <DistanceMeters>2247</DistanceMeters>
      <HeartRateBpm>
       <Value>130</Value>
      </HeartRateBpm>
      <Cadence>80</Cadence>
      <Extensions>
       <Speed>7.140000</Speed>
      </Extensions>
     </Trackpoint>
     <Trackpoint>
      <Time>2026-05-24T14:21:11Z</Time>
      <Position>
       <LatitudeDegrees>35.7011903</LatitudeDegrees>
       <LongitudeDegrees>139.7713279</LongitudeDegrees>
      </Position>
      <AltitudeMeters>18</AltitudeMeters>
      <DistanceMeters>2249</DistanceMeters>
      <HeartRateBpm>
       <Value>130</Value>
      </HeartRateBpm>
      <Cadence>80</Cadence>
      <Extensions>
       <Speed>7.140000</Speed>
      </Extensions>
     </Trackpoint>
     <Trackpoint>
      <Time>2026-05-24T14:21:12Z</Time>
      <Position>
       <LatitudeDegrees>35.7012066</LatitudeDegrees>
       <LongitudeDegrees>139.7713339</LongitudeDegrees>
      </Position>
      <AltitudeMeters>18</AltitudeMeters>
      <DistanceMeters>2251</DistanceMeters>
      <HeartRateBpm>
       <Value>130</Value>
      </HeartRateBpm>
      <Cadence>80</Cadence>
      <Extensions>
       <Speed>7.130000</Speed>
      </Extensions>
     </Trackpoint>
     <Trackpoint>
      <Time>2026-05-24T14:21:13Z</Time>
      <Position>
       <LatitudeDegrees>35.7012229</LatitudeDegrees>
       <LongitudeDegrees>139.7713399</LongitudeDegrees>
      </Position>
      <AltitudeMeters>18</AltitudeMeters>
      <DistanceMeters>2253</DistanceMeters>
      <HeartRateBpm>
       <Value>130</Value>
      </HeartRateBpm>
      <Cadence>80</Cadence>
      <Extensions>
       <Speed>7.130000</Speed>
      </Extensions>
     </Trackpoint>
     <Trackpoint>
      <Time>2026-05-24T14:21:14Z</Time>
      <Position>
       <LatitudeDegrees>35.7012376</LatitudeDegrees>
       <LongitudeDegrees>139.7713548</LongitudeDegrees>
      </Position>
      <AltitudeMeters>18</AltitudeMeters>
      <DistanceMeters>2254</DistanceMeters>
      <HeartRateBpm>
       <Value>130</Value>
      </HeartRateBpm>
      <Cadence>80</Cadence>
      <Extensions>
       <Speed>7.120000</Speed>
      </Extensions>
     </Trackpoint>
     <Trackpoint>
      <Time>2026-05-24T14:21:15Z</Time>
      <Position>
       <LatitudeDegrees>35.7012523</LatitudeDegrees>
       <LongitudeDegrees>139.7713697</LongitudeDegrees>
      </Position>
      <AltitudeMeters>18</AltitudeMeters>
      <DistanceMeters>2256</DistanceMeters>
      <HeartRateBpm>
       <Value>130</Value>
      </HeartRateBpm>
      <Cadence>80</Cadence>
      <Extensions>
       <Speed>7.120000</Speed>
      </Extensions>
     </Trackpoint>
     <Trackpoint>
      <Time>2026-05-24T14:21:16Z</Time>
      <Position>
       <LatitudeDegrees>35.7012653</LatitudeDegrees>
       <LongitudeDegrees>139.7713811</LongitudeDegrees>
      </Position>
      <AltitudeMeters>18</AltitudeMeters>
      <DistanceMeters>2258</DistanceMeters>
      <HeartRateBpm>
       <Value>130</Value>
      </HeartRateBpm>
      <Cadence>80</Cadence>
      <Extensions>
       <Speed>7.100000</Speed>
      </Extensions>
     </Trackpoint>
     <Trackpoint>
      <Time>2026-05-24T14:21:17Z</Time>
      <Position>
       <LatitudeDegrees>35.7012784</LatitudeDegrees>
       <LongitudeDegrees>139.7713925</LongitudeDegrees>
      </Position>
      <AltitudeMeters>18</AltitudeMeters>
      <DistanceMeters>2259</DistanceMeters>
      <HeartRateBpm>
       <Value>130</Value>
      </HeartRateBpm>
      <Cadence>80</Cadence>
      <Extensions>
       <Speed>7.090000</Speed>
      </Extensions>
     </Trackpoint>
     <Trackpoint>
      <Time>2026-05-24T14:21:18Z</Time>
      <Position>
       <LatitudeDegrees>35.7012907</LatitudeDegrees>
       <LongitudeDegrees>139.7713997</LongitudeDegrees>
      </Position>
      <AltitudeMeters>18</AltitudeMeters>
      <DistanceMeters>2260</DistanceMeters>
      <HeartRateBpm>
       <Value>130</Value>
      </HeartRateBpm>
      <Cadence>80</Cadence>
      <Extensions>
       <Speed>7.070000</Speed>
      </Extensions>
     </Trackpoint>
     <Trackpoint>
      <Time>2026-05-24T14:21:19Z</Time>
      <Position>
       <LatitudeDegrees>35.7013031</LatitudeDegrees>
       <LongitudeDegrees>139.7714069</LongitudeDegrees>
      </Position>
      <AltitudeMeters>18</AltitudeMeters>
      <DistanceMeters>2262</DistanceMeters>
      <HeartRateBpm>
       <Value>130</Value>
      </HeartRateBpm>
      <Cadence>80</Cadence>
      <Extensions>
       <Speed>7.060000</Speed>
      </Extensions>
     </Trackpoint>
     <Trackpoint>
      <Time>2026-05-24T14:21:20Z</Time>
      <Position>
       <LatitudeDegrees>35.7013148</LatitudeDegrees>
       <LongitudeDegrees>139.7714090</LongitudeDegrees>
      </Position>
      <AltitudeMeters>18</AltitudeMeters>
      <DistanceMeters>2264</DistanceMeters>
      <HeartRateBpm>
       <Value>130</Value>
      </HeartRateBpm>
      <Cadence>80</Cadence>
      <Extensions>
       <Speed>7.050000</Speed>
      </Extensions>
     </Trackpoint>
     <Trackpoint>
      <Time>2026-05-24T14:21:21Z</Time>
      <Position>
       <LatitudeDegrees>35.7013266</LatitudeDegrees>
       <LongitudeDegrees>139.7714111</LongitudeDegrees>
      </Position>
      <AltitudeMeters>18</AltitudeMeters>
      <DistanceMeters>2265</DistanceMeters>
      <HeartRateBpm>
       <Value>129</Value>
      </HeartRateBpm>
      <Cadence>80</Cadence>
      <Extensions>
       <Speed>7.040000</Speed>
      </Extensions>
     </Trackpoint>
     <Trackpoint>
      <Time>2026-05-24T14:21:22Z</Time>
      <Position>
       <LatitudeDegrees>35.7013408</LatitudeDegrees>
       <LongitudeDegrees>139.7714095</LongitudeDegrees>
      </Position>
      <AltitudeMeters>18</AltitudeMeters>
      <DistanceMeters>2268</DistanceMeters>
      <HeartRateBpm>
       <Value>129</Value>
      </HeartRateBpm>
      <Cadence>80</Cadence>
      <Extensions>
       <Speed>7.000000</Speed>
      </Extensions>
     </Trackpoint>
     <Trackpoint>
      <Time>2026-05-24T14:21:23Z</Time>
      <Position>
       <LatitudeDegrees>35.7013550</LatitudeDegrees>
       <LongitudeDegrees>139.7714080</LongitudeDegrees>
      </Position>
      <AltitudeMeters>18</AltitudeMeters>
      <DistanceMeters>2270</DistanceMeters>
      <HeartRateBpm>
       <Value>129</Value>
      </HeartRateBpm>
      <Cadence>80</Cadence>
      <Extensions>
       <Speed>6.970000</Speed>
      </Extensions>
     </Trackpoint>
     <Trackpoint>
      <Time>2026-05-24T14:21:24Z</Time>
      <Position>
       <LatitudeDegrees>35.7013751</LatitudeDegrees>
       <LongitudeDegrees>139.7714012</LongitudeDegrees>
      </Position>
      <AltitudeMeters>18</AltitudeMeters>
      <DistanceMeters>2273</DistanceMeters>
      <HeartRateBpm>
       <Value>129</Value>
      </HeartRateBpm>
      <Cadence>80</Cadence>
      <Extensions>
       <Speed>6.950000</Speed>
      </Extensions>
     </Trackpoint>
     <Trackpoint>
      <Time>2026-05-24T14:21:25Z</Time>
      <Position>
       <LatitudeDegrees>35.7013952</LatitudeDegrees>
       <LongitudeDegrees>139.7713944</LongitudeDegrees>
      </Position>
      <AltitudeMeters>18</AltitudeMeters>
      <DistanceMeters>2276</DistanceMeters>
      <HeartRateBpm>
       <Value>129</Value>
      </HeartRateBpm>
      <Cadence>80</Cadence>
      <Extensions>
       <Speed>6.940000</Speed>
      </Extensions>
     </Trackpoint>
     <Trackpoint>
      <Time>2026-05-24T14:21:26Z</Time>
      <Position>
       <LatitudeDegrees>35.7014199</LatitudeDegrees>
       <LongitudeDegrees>139.7713817</LongitudeDegrees>
      </Position>
      <AltitudeMeters>18</AltitudeMeters>
      <DistanceMeters>2279</DistanceMeters>
      <HeartRateBpm>
       <Value>129</Value>
      </HeartRateBpm>
      <Cadence>80</Cadence>
      <Extensions>
       <Speed>6.960000</Speed>
      </Extensions>
     </Trackpoint>
     <Trackpoint>
      <Time>2026-05-24T14:21:27Z</Time>
      <Position>
       <LatitudeDegrees>35.7014447</LatitudeDegrees>
       <LongitudeDegrees>139.7713691</LongitudeDegrees>
      </Position>
      <AltitudeMeters>18</AltitudeMeters>
      <DistanceMeters>2282</DistanceMeters>
      <HeartRateBpm>
       <Value>128</Value>
      </HeartRateBpm>
      <Cadence>80</Cadence>
      <Extensions>
       <Speed>6.990000</Speed>
      </Extensions>
     </Trackpoint>
     <Trackpoint>
      <Time>2026-05-24T14:21:28Z</Time>
      <Position>
       <LatitudeDegrees>35.7014679</LatitudeDegrees>
       <LongitudeDegrees>139.7713592</LongitudeDegrees>
      </Position>
      <AltitudeMeters>18</AltitudeMeters>
      <DistanceMeters>2284</DistanceMeters>
      <HeartRateBpm>
       <Value>128</Value>
      </HeartRateBpm>
      <Cadence>80</Cadence>
      <Extensions>
       <Speed>7.030000</Speed>
      </Extensions>
     </Trackpoint>
     <Trackpoint>
      <Time>2026-05-24T14:21:29Z</Time>
      <Position>
       <LatitudeDegrees>35.7014911</LatitudeDegrees>
       <LongitudeDegrees>139.7713494</LongitudeDegrees>
      </Position>
      <AltitudeMeters>18</AltitudeMeters>
      <DistanceMeters>2286</DistanceMeters>
      <HeartRateBpm>
       <Value>127</Value>
      </HeartRateBpm>
      <Cadence>80</Cadence>
      <Extensions>
       <Speed>7.080000</Speed>
      </Extensions>
     </Trackpoint>
     <Trackpoint>
      <Time>2026-05-24T14:21:30Z</Time>
      <Position>
       <LatitudeDegrees>35.7015118</LatitudeDegrees>
       <LongitudeDegrees>139.7713462</LongitudeDegrees>
      </Position>
      <AltitudeMeters>18</AltitudeMeters>
      <DistanceMeters>2288</DistanceMeters>
      <HeartRateBpm>
       <Value>127</Value>
      </HeartRateBpm>
      <Cadence>79</Cadence>
      <Extensions>
       <Speed>7.090000</Speed>
      </Extensions>
     </Trackpoint>
     <Trackpoint>
      <Time>2026-05-24T14:21:31Z</Time>
      <Position>
       <LatitudeDegrees>35.7015326</LatitudeDegrees>
       <LongitudeDegrees>139.7713431</LongitudeDegrees>
      </Position>
      <AltitudeMeters>18</AltitudeMeters>
      <DistanceMeters>2290</DistanceMeters>
      <HeartRateBpm>
       <Value>127</Value>
      </HeartRateBpm>
      <Cadence>79</Cadence>
      <Extensions>
       <Speed>7.110000</Speed>
      </Extensions>
     </Trackpoint>
     <Trackpoint>
      <Time>2026-05-24T14:21:32Z</Time>
      <Position>
       <LatitudeDegrees>35.7015528</LatitudeDegrees>
       <LongitudeDegrees>139.7713441</LongitudeDegrees>
      </Position>
      <AltitudeMeters>18</AltitudeMeters>
      <DistanceMeters>2292</DistanceMeters>
      <HeartRateBpm>
       <Value>127</Value>
      </HeartRateBpm>
      <Cadence>79</Cadence>
      <Extensions>
       <Speed>7.110000</Speed>
      </Extensions>
     </Trackpoint>
     <Trackpoint>
      <Time>2026-05-24T14:21:33Z</Time>
      <Position>
       <LatitudeDegrees>35.7015730</LatitudeDegrees>
       <LongitudeDegrees>139.7713452</LongitudeDegrees>
      </Position>
      <AltitudeMeters>18</AltitudeMeters>
      <DistanceMeters>2295</DistanceMeters>
      <HeartRateBpm>
       <Value>127</Value>
      </HeartRateBpm>
      <Cadence>79</Cadence>
      <Extensions>
       <Speed>7.120000</Speed>
      </Extensions>
     </Trackpoint>
     <Trackpoint>
      <Time>2026-05-24T14:21:34Z</Time>
      <Position>
       <LatitudeDegrees>35.7015923</LatitudeDegrees>
       <LongitudeDegrees>139.7713485</LongitudeDegrees>
      </Position>
      <AltitudeMeters>18</AltitudeMeters>
      <DistanceMeters>2297</DistanceMeters>
      <HeartRateBpm>
       <Value>127</Value>
      </HeartRateBpm>
      <Cadence>79</Cadence>
      <Extensions>
       <Speed>7.130000</Speed>
      </Extensions>
     </Trackpoint>
     <Trackpoint>
      <Time>2026-05-24T14:21:35Z</Time>
      <Position>
       <LatitudeDegrees>35.7016117</LatitudeDegrees>
       <LongitudeDegrees>139.7713519</LongitudeDegrees>
      </Position>
      <AltitudeMeters>18</AltitudeMeters>
      <DistanceMeters>2299</DistanceMeters>
      <HeartRateBpm>
       <Value>128</Value>
      </HeartRateBpm>
      <Cadence>79</Cadence>
      <Extensions>
       <Speed>7.140000</Speed>
      </Extensions>
     </Trackpoint>
     <Trackpoint>
      <Time>2026-05-24T14:21:36Z</Time>
      <Position>
       <LatitudeDegrees>35.7016295</LatitudeDegrees>
       <LongitudeDegrees>139.7713580</LongitudeDegrees>
      </Position>
      <AltitudeMeters>18</AltitudeMeters>
      <DistanceMeters>2301</DistanceMeters>
      <HeartRateBpm>
       <Value>127</Value>
      </HeartRateBpm>
      <Cadence>79</Cadence>
      <Extensions>
       <Speed>7.150000</Speed>
      </Extensions>
     </Trackpoint>
     <Trackpoint>
      <Time>2026-05-24T14:21:37Z</Time>
      <Position>
       <LatitudeDegrees>35.7016473</LatitudeDegrees>
       <LongitudeDegrees>139.7713641</LongitudeDegrees>
      </Position>
      <AltitudeMeters>18</AltitudeMeters>
      <DistanceMeters>2303</DistanceMeters>
      <HeartRateBpm>
       <Value>127</Value>
      </HeartRateBpm>
      <Cadence>80</Cadence>
      <Extensions>
       <Speed>7.160000</Speed>
      </Extensions>
     </Trackpoint>
     <Trackpoint>
      <Time>2026-05-24T14:21:38Z</Time>
      <Position>
       <LatitudeDegrees>35.7016627</LatitudeDegrees>
       <LongitudeDegrees>139.7713737</LongitudeDegrees>
      </Position>
      <AltitudeMeters>18</AltitudeMeters>
      <DistanceMeters>2305</DistanceMeters>
      <HeartRateBpm>
       <Value>127</Value>
      </HeartRateBpm>
      <Cadence>80</Cadence>
      <Extensions>
       <Speed>7.190000</Speed>
      </Extensions>
     </Trackpoint>
     <Trackpoint>
      <Time>2026-05-24T14:21:39Z</Time>
      <Position>
       <LatitudeDegrees>35.7016782</LatitudeDegrees>
       <LongitudeDegrees>139.7713834</LongitudeDegrees>
      </Position>
      <AltitudeMeters>18</AltitudeMeters>
      <DistanceMeters>2307</DistanceMeters>
      <HeartRateBpm>
       <Value>127</Value>
      </HeartRateBpm>
      <Cadence>80</Cadence>
      <Extensions>
       <Speed>7.220000</Speed>
      </Extensions>
     </Trackpoint>
     <Trackpoint>
      <Time>2026-05-24T14:21:40Z</Time>
      <Position>
       <LatitudeDegrees>35.7016914</LatitudeDegrees>
       <LongitudeDegrees>139.7713976</LongitudeDegrees>
      </Position>
      <AltitudeMeters>18</AltitudeMeters>
      <DistanceMeters>2309</DistanceMeters>
      <HeartRateBpm>
       <Value>127</Value>
      </HeartRateBpm>
      <Cadence>80</Cadence>
      <Extensions>
       <Speed>7.250000</Speed>
      </Extensions>
     </Trackpoint>
     <Trackpoint>
      <Time>2026-05-24T14:21:41Z</Time>
      <Position>
       <LatitudeDegrees>35.7017046</LatitudeDegrees>
       <LongitudeDegrees>139.7714118</LongitudeDegrees>
      </Position>
      <AltitudeMeters>18</AltitudeMeters>
      <DistanceMeters>2311</DistanceMeters>
      <HeartRateBpm>
       <Value>127</Value>
      </HeartRateBpm>
      <Cadence>81</Cadence>
      <Extensions>
       <Speed>7.280000</Speed>
      </Extensions>
     </Trackpoint>
     <Trackpoint>
      <Time>2026-05-24T14:21:42Z</Time>
      <Position>
       <LatitudeDegrees>35.7017155</LatitudeDegrees>
       <LongitudeDegrees>139.7714293</LongitudeDegrees>
      </Position>
      <AltitudeMeters>18</AltitudeMeters>
      <DistanceMeters>2313</DistanceMeters>
      <HeartRateBpm>
       <Value>127</Value>
      </HeartRateBpm>
      <Cadence>81</Cadence>
      <Extensions>
       <Speed>7.290000</Speed>
      </Extensions>
     </Trackpoint>
     <Trackpoint>
      <Time>2026-05-24T14:21:43Z</Time>
      <Position>
       <LatitudeDegrees>35.7017264</LatitudeDegrees>
       <LongitudeDegrees>139.7714469</LongitudeDegrees>
      </Position>
      <AltitudeMeters>18</AltitudeMeters>
      <DistanceMeters>2315</DistanceMeters>
      <HeartRateBpm>
       <Value>127</Value>
      </HeartRateBpm>
      <Cadence>81</Cadence>
      <Extensions>
       <Speed>7.300000</Speed>
      </Extensions>
     </Trackpoint>
     <Trackpoint>
      <Time>2026-05-24T14:21:44Z</Time>
      <Position>
       <LatitudeDegrees>35.7017367</LatitudeDegrees>
       <LongitudeDegrees>139.7714658</LongitudeDegrees>
      </Position>
      <AltitudeMeters>18</AltitudeMeters>
      <DistanceMeters>2317</DistanceMeters>
      <HeartRateBpm>
       <Value>127</Value>
      </HeartRateBpm>
      <Cadence>81</Cadence>
      <Extensions>
       <Speed>7.300000</Speed>
      </Extensions>
     </Trackpoint>
     <Trackpoint>
      <Time>2026-05-24T14:21:45Z</Time>
      <Position>
       <LatitudeDegrees>35.7017470</LatitudeDegrees>
       <LongitudeDegrees>139.7714847</LongitudeDegrees>
      </Position>
      <AltitudeMeters>18</AltitudeMeters>
      <DistanceMeters>2319</DistanceMeters>
      <HeartRateBpm>
       <Value>127</Value>
      </HeartRateBpm>
      <Cadence>81</Cadence>
      <Extensions>
       <Speed>7.300000</Speed>
      </Extensions>
     </Trackpoint>
     <Trackpoint>
      <Time>2026-05-24T14:21:46Z</Time>
      <Position>
       <LatitudeDegrees>35.7017590</LatitudeDegrees>
       <LongitudeDegrees>139.7714995</LongitudeDegrees>
      </Position>
      <AltitudeMeters>18</AltitudeMeters>
      <DistanceMeters>2320</DistanceMeters>
      <HeartRateBpm>
       <Value>127</Value>
      </HeartRateBpm>
      <Cadence>81</Cadence>
      <Extensions>
       <Speed>7.300000</Speed>
      </Extensions>
     </Trackpoint>
     <Trackpoint>
      <Time>2026-05-24T14:21:47Z</Time>
      <Position>
       <LatitudeDegrees>35.7017710</LatitudeDegrees>
       <LongitudeDegrees>139.7715143</LongitudeDegrees>
      </Position>
      <AltitudeMeters>18</AltitudeMeters>
      <DistanceMeters>2322</DistanceMeters>
      <HeartRateBpm>
       <Value>127</Value>
      </HeartRateBpm>
      <Cadence>81</Cadence>
      <Extensions>
       <Speed>7.300000</Speed>
      </Extensions>
     </Trackpoint>
     <Trackpoint>
      <Time>2026-05-24T14:21:48Z</Time>
      <Position>
       <LatitudeDegrees>35.7017832</LatitudeDegrees>
       <LongitudeDegrees>139.7715232</LongitudeDegrees>
      </Position>
      <AltitudeMeters>18</AltitudeMeters>
      <DistanceMeters>2324</DistanceMeters>
      <HeartRateBpm>
       <Value>127</Value>
      </HeartRateBpm>
      <Cadence>81</Cadence>
      <Extensions>
       <Speed>7.290000</Speed>
      </Extensions>
     </Trackpoint>
     <Trackpoint>
      <Time>2026-05-24T14:21:49Z</Time>
      <Position>
       <LatitudeDegrees>35.7017955</LatitudeDegrees>
       <LongitudeDegrees>139.7715322</LongitudeDegrees>
      </Position>
      <AltitudeMeters>18</AltitudeMeters>
      <DistanceMeters>2325</DistanceMeters>
      <HeartRateBpm>
       <Value>127</Value>
      </HeartRateBpm>
      <Cadence>81</Cadence>
      <Extensions>
       <Speed>7.290000</Speed>
      </Extensions>
     </Trackpoint>
     <Trackpoint>
      <Time>2026-05-24T14:21:50Z</Time>
      <Position>
       <LatitudeDegrees>35.7018078</LatitudeDegrees>
       <LongitudeDegrees>139.7715381</LongitudeDegrees>
      </Position>
      <AltitudeMeters>18</AltitudeMeters>
      <DistanceMeters>2326</DistanceMeters>
      <HeartRateBpm>
       <Value>126</Value>
      </HeartRateBpm>
      <Cadence>81</Cadence>
      <Extensions>
       <Speed>7.280000</Speed>
      </Extensions>
     </Trackpoint>
     <Trackpoint>
      <Time>2026-05-24T14:21:51Z</Time>
      <Position>
       <LatitudeDegrees>35.7018202</LatitudeDegrees>
       <LongitudeDegrees>139.7715440</LongitudeDegrees>
      </Position>
      <AltitudeMeters>18</AltitudeMeters>
      <DistanceMeters>2328</DistanceMeters>
      <HeartRateBpm>
       <Value>126</Value>
      </HeartRateBpm>
      <Cadence>82</Cadence>
      <Extensions>
       <Speed>7.270000</Speed>
      </Extensions>
     </Trackpoint>
     <Trackpoint>
      <Time>2026-05-24T14:21:52Z</Time>
      <Position>
       <LatitudeDegrees>35.7018331</LatitudeDegrees>
       <LongitudeDegrees>139.7715488</LongitudeDegrees>
      </Position>
      <AltitudeMeters>18</AltitudeMeters>
      <DistanceMeters>2330</DistanceMeters>
      <HeartRateBpm>
       <Value>126</Value>
      </HeartRateBpm>
      <Cadence>82</Cadence>
      <Extensions>
       <Speed>7.250000</Speed>
      </Extensions>
     </Trackpoint>
     <Trackpoint>
      <Time>2026-05-24T14:21:53Z</Time>
      <Position>
       <LatitudeDegrees>35.7018461</LatitudeDegrees>
       <LongitudeDegrees>139.7715536</LongitudeDegrees>
      </Position>
      <AltitudeMeters>18</AltitudeMeters>
      <DistanceMeters>2331</DistanceMeters>
      <HeartRateBpm>
       <Value>126</Value>
      </HeartRateBpm>
      <Cadence>82</Cadence>
      <Extensions>
       <Speed>7.240000</Speed>
      </Extensions>
     </Trackpoint>
     <Trackpoint>
      <Time>2026-05-24T14:21:54Z</Time>
      <Position>
       <LatitudeDegrees>35.7018597</LatitudeDegrees>
       <LongitudeDegrees>139.7715588</LongitudeDegrees>
      </Position>
      <AltitudeMeters>19</AltitudeMeters>
      <DistanceMeters>2332</DistanceMeters>
      <HeartRateBpm>
       <Value>126</Value>
      </HeartRateBpm>
      <Cadence>82</Cadence>
      <Extensions>
       <Speed>7.220000</Speed>
      </Extensions>
     </Trackpoint>
     <Trackpoint>
      <Time>2026-05-24T14:21:55Z</Time>
      <Position>
       <LatitudeDegrees>35.7018734</LatitudeDegrees>
       <LongitudeDegrees>139.7715640</LongitudeDegrees>
      </Position>
      <AltitudeMeters>19</AltitudeMeters>
      <DistanceMeters>2334</DistanceMeters>
      <HeartRateBpm>
       <Value>126</Value>
      </HeartRateBpm>
      <Cadence>82</Cadence>
      <Extensions>
       <Speed>7.200000</Speed>
      </Extensions>
     </Trackpoint>
     <Trackpoint>
      <Time>2026-05-24T14:21:56Z</Time>
      <Position>
       <LatitudeDegrees>35.7018879</LatitudeDegrees>
       <LongitudeDegrees>139.7715725</LongitudeDegrees>
      </Position>
      <AltitudeMeters>19</AltitudeMeters>
      <DistanceMeters>2336</DistanceMeters>
      <HeartRateBpm>
       <Value>127</Value>
      </HeartRateBpm>
      <Cadence>82</Cadence>
      <Extensions>
       <Speed>7.180000</Speed>
      </Extensions>
     </Trackpoint>
     <Trackpoint>
      <Time>2026-05-24T14:21:57Z</Time>
      <Position>
       <LatitudeDegrees>35.7019025</LatitudeDegrees>
       <LongitudeDegrees>139.7715811</LongitudeDegrees>
      </Position>
      <AltitudeMeters>19</AltitudeMeters>
      <DistanceMeters>2339</DistanceMeters>
      <HeartRateBpm>
       <Value>127</Value>
      </HeartRateBpm>
      <Cadence>82</Cadence>
      <Extensions>
       <Speed>7.160000</Speed>
      </Extensions>
     </Trackpoint>
     <Trackpoint>
      <Time>2026-05-24T14:21:58Z</Time>
      <Position>
       <LatitudeDegrees>35.7019170</LatitudeDegrees>
       <LongitudeDegrees>139.7715958</LongitudeDegrees>
      </Position>
      <AltitudeMeters>19</AltitudeMeters>
      <DistanceMeters>2342</DistanceMeters>
      <HeartRateBpm>
       <Value>127</Value>
      </HeartRateBpm>
      <Cadence>81</Cadence>
      <Extensions>
       <Speed>7.150000</Speed>
      </Extensions>
     </Trackpoint>
     <Trackpoint>
      <Time>2026-05-24T14:21:59Z</Time>
      <Position>
       <LatitudeDegrees>35.7019316</LatitudeDegrees>
       <LongitudeDegrees>139.7716106</LongitudeDegrees>
      </Position>
      <AltitudeMeters>19</AltitudeMeters>
      <DistanceMeters>2344</DistanceMeters>
      <HeartRateBpm>
       <Value>127</Value>
      </HeartRateBpm>
      <Cadence>81</Cadence>
      <Extensions>
       <Speed>7.140000</Speed>
      </Extensions>
     </Trackpoint>
     <Trackpoint>
      <Time>2026-05-24T14:22:00Z</Time>
      <Position>
       <LatitudeDegrees>35.7019421</LatitudeDegrees>
       <LongitudeDegrees>139.7716315</LongitudeDegrees>
      </Position>
      <AltitudeMeters>18</AltitudeMeters>
      <DistanceMeters>2346</DistanceMeters>
      <HeartRateBpm>
       <Value>127</Value>
      </HeartRateBpm>
      <Cadence>81</Cadence>
      <Extensions>
       <Speed>7.130000</Speed>
      </Extensions>
     </Trackpoint>
     <Trackpoint>
      <Time>2026-05-24T14:22:01Z</Time>
      <Position>
       <LatitudeDegrees>35.7019527</LatitudeDegrees>
       <LongitudeDegrees>139.7716524</LongitudeDegrees>
      </Position>
      <AltitudeMeters>18</AltitudeMeters>
      <DistanceMeters>2348</DistanceMeters>
      <HeartRateBpm>
       <Value>128</Value>
      </HeartRateBpm>
      <Cadence>81</Cadence>
      <Extensions>
       <Speed>7.130000</Speed>
      </Extensions>
     </Trackpoint>
     <Trackpoint>
      <Time>2026-05-24T14:22:02Z</Time>
      <Position>
       <LatitudeDegrees>35.7019567</LatitudeDegrees>
       <LongitudeDegrees>139.7716736</LongitudeDegrees>
      </Position>
      <AltitudeMeters>18</AltitudeMeters>
      <DistanceMeters>2350</DistanceMeters>
      <HeartRateBpm>
       <Value>128</Value>
      </HeartRateBpm>
      <Cadence>81</Cadence>
      <Extensions>
       <Speed>7.120000</Speed>
      </Extensions>
     </Trackpoint>
     <Trackpoint>
      <Time>2026-05-24T14:22:03Z</Time>
      <Position>
       <LatitudeDegrees>35.7019607</LatitudeDegrees>
       <LongitudeDegrees>139.7716948</LongitudeDegrees>
      </Position>
      <AltitudeMeters>18</AltitudeMeters>
      <DistanceMeters>2351</DistanceMeters>
      <HeartRateBpm>
       <Value>128</Value>
      </HeartRateBpm>
      <Cadence>81</Cadence>
      <Extensions>
       <Speed>7.120000</Speed>
      </Extensions>
     </Trackpoint>
     <Trackpoint>
      <Time>2026-05-24T14:22:04Z</Time>
      <Position>
       <LatitudeDegrees>35.7019575</LatitudeDegrees>
       <LongitudeDegrees>139.7717115</LongitudeDegrees>
      </Position>
      <AltitudeMeters>18</AltitudeMeters>
      <DistanceMeters>2352</DistanceMeters>
      <HeartRateBpm>
       <Value>128</Value>
      </HeartRateBpm>
      <Cadence>81</Cadence>
      <Extensions>
       <Speed>7.110000</Speed>
      </Extensions>
     </Trackpoint>
     <Trackpoint>
      <Time>2026-05-24T14:22:05Z</Time>
      <Position>
       <LatitudeDegrees>35.7019544</LatitudeDegrees>
       <LongitudeDegrees>139.7717283</LongitudeDegrees>
      </Position>
      <AltitudeMeters>18</AltitudeMeters>
      <DistanceMeters>2354</DistanceMeters>
      <HeartRateBpm>
       <Value>128</Value>
      </HeartRateBpm>
      <Cadence>81</Cadence>
      <Extensions>
       <Speed>7.110000</Speed>
      </Extensions>
     </Trackpoint>
     <Trackpoint>
      <Time>2026-05-24T14:22:06Z</Time>
      <Position>
       <LatitudeDegrees>35.7019475</LatitudeDegrees>
       <LongitudeDegrees>139.7717425</LongitudeDegrees>
      </Position>
      <AltitudeMeters>18</AltitudeMeters>
      <DistanceMeters>2356</DistanceMeters>
      <HeartRateBpm>
       <Value>128</Value>
      </HeartRateBpm>
      <Cadence>81</Cadence>
      <Extensions>
       <Speed>7.110000</Speed>
      </Extensions>
     </Trackpoint>
     <Trackpoint>
      <Time>2026-05-24T14:22:07Z</Time>
      <Position>
       <LatitudeDegrees>35.7019406</LatitudeDegrees>
       <LongitudeDegrees>139.7717568</LongitudeDegrees>
      </Position>
      <AltitudeMeters>18</AltitudeMeters>
      <DistanceMeters>2357</DistanceMeters>
      <HeartRateBpm>
       <Value>127</Value>
      </HeartRateBpm>
      <Cadence>81</Cadence>
      <Extensions>
       <Speed>7.110000</Speed>
      </Extensions>
     </Trackpoint>
     <Trackpoint>
      <Time>2026-05-24T14:22:08Z</Time>
      <Position>
       <LatitudeDegrees>35.7019332</LatitudeDegrees>
       <LongitudeDegrees>139.7717713</LongitudeDegrees>
      </Position>
      <AltitudeMeters>18</AltitudeMeters>
      <DistanceMeters>2358</DistanceMeters>
      <HeartRateBpm>
       <Value>128</Value>
      </HeartRateBpm>
      <Cadence>80</Cadence>
      <Extensions>
       <Speed>7.030000</Speed>
      </Extensions>
     </Trackpoint>
     <Trackpoint>
      <Time>2026-05-24T14:22:09Z</Time>
      <Position>
       <LatitudeDegrees>35.7019258</LatitudeDegrees>
       <LongitudeDegrees>139.7717859</LongitudeDegrees>
      </Position>
      <AltitudeMeters>18</AltitudeMeters>
      <DistanceMeters>2360</DistanceMeters>
      <HeartRateBpm>
       <Value>127</Value>
      </HeartRateBpm>
      <Cadence>80</Cadence>
      <Extensions>
       <Speed>6.960000</Speed>
      </Extensions>
     </Trackpoint>
     <Trackpoint>
      <Time>2026-05-24T14:22:10Z</Time>
      <Position>
       <LatitudeDegrees>35.7019200</LatitudeDegrees>
       <LongitudeDegrees>139.7718011</LongitudeDegrees>
      </Position>
      <AltitudeMeters>18</AltitudeMeters>
      <DistanceMeters>2362</DistanceMeters>
      <HeartRateBpm>
       <Value>127</Value>
      </HeartRateBpm>
      <Cadence>80</Cadence>
      <Extensions>
       <Speed>6.930000</Speed>
      </Extensions>
     </Trackpoint>
     <Trackpoint>
      <Time>2026-05-24T14:22:11Z</Time>
      <Position>
       <LatitudeDegrees>35.7019143</LatitudeDegrees>
       <LongitudeDegrees>139.7718164</LongitudeDegrees>
      </Position>
      <AltitudeMeters>18</AltitudeMeters>
      <DistanceMeters>2363</DistanceMeters>
      <HeartRateBpm>
       <Value>128</Value>
      </HeartRateBpm>
      <Cadence>80</Cadence>
      <Extensions>
       <Speed>6.900000</Speed>
      </Extensions>
     </Trackpoint>
     <Trackpoint>
      <Time>2026-05-24T14:22:12Z</Time>
      <Position>
       <LatitudeDegrees>35.7019101</LatitudeDegrees>
       <LongitudeDegrees>139.7718328</LongitudeDegrees>
      </Position>
      <AltitudeMeters>18</AltitudeMeters>
      <DistanceMeters>2364</DistanceMeters>
      <HeartRateBpm>
       <Value>128</Value>
      </HeartRateBpm>
      <Cadence>79</Cadence>
      <Extensions>
       <Speed>6.840000</Speed>
      </Extensions>
     </Trackpoint>
     <Trackpoint>
      <Time>2026-05-24T14:22:13Z</Time>
      <Position>
       <LatitudeDegrees>35.7019060</LatitudeDegrees>
       <LongitudeDegrees>139.7718492</LongitudeDegrees>
      </Position>
      <AltitudeMeters>18</AltitudeMeters>
      <DistanceMeters>2366</DistanceMeters>
      <HeartRateBpm>
       <Value>129</Value>
      </HeartRateBpm>
      <Cadence>79</Cadence>
      <Extensions>
       <Speed>6.790000</Speed>
      </Extensions>
     </Trackpoint>
     <Trackpoint>
      <Time>2026-05-24T14:22:14Z</Time>
      <Position>
       <LatitudeDegrees>35.7019051</LatitudeDegrees>
       <LongitudeDegrees>139.7718672</LongitudeDegrees>
      </Position>
      <AltitudeMeters>18</AltitudeMeters>
      <DistanceMeters>2368</DistanceMeters>
      <HeartRateBpm>
       <Value>129</Value>
      </HeartRateBpm>
      <Cadence>79</Cadence>
      <Extensions>
       <Speed>6.760000</Speed>
      </Extensions>
     </Trackpoint>
     <Trackpoint>
      <Time>2026-05-24T14:22:15Z</Time>
      <Position>
       <LatitudeDegrees>35.7019043</LatitudeDegrees>
       <LongitudeDegrees>139.7718852</LongitudeDegrees>
      </Position>
      <AltitudeMeters>18</AltitudeMeters>
      <DistanceMeters>2370</DistanceMeters>
      <HeartRateBpm>
       <Value>129</Value>
      </HeartRateBpm>
      <Cadence>80</Cadence>
      <Extensions>
       <Speed>6.730000</Speed>
      </Extensions>
     </Trackpoint>
     <Trackpoint>
      <Time>2026-05-24T14:22:16Z</Time>
      <Position>
       <LatitudeDegrees>35.7019088</LatitudeDegrees>
       <LongitudeDegrees>139.7719062</LongitudeDegrees>
      </Position>
      <AltitudeMeters>18</AltitudeMeters>
      <DistanceMeters>2372</DistanceMeters>
      <HeartRateBpm>
       <Value>129</Value>
      </HeartRateBpm>
      <Cadence>80</Cadence>
      <Extensions>
       <Speed>6.710000</Speed>
      </Extensions>
     </Trackpoint>
     <Trackpoint>
      <Time>2026-05-24T14:22:17Z</Time>
      <Position>
       <LatitudeDegrees>35.7019133</LatitudeDegrees>
       <LongitudeDegrees>139.7719272</LongitudeDegrees>
      </Position>
      <AltitudeMeters>18</AltitudeMeters>
      <DistanceMeters>2375</DistanceMeters>
      <HeartRateBpm>
       <Value>129</Value>
      </HeartRateBpm>
      <Cadence>80</Cadence>
      <Extensions>
       <Speed>6.690000</Speed>
      </Extensions>
     </Trackpoint>
     <Trackpoint>
      <Time>2026-05-24T14:22:18Z</Time>
      <Position>
       <LatitudeDegrees>35.7019192</LatitudeDegrees>
       <LongitudeDegrees>139.7719471</LongitudeDegrees>
      </Position>
      <AltitudeMeters>18</AltitudeMeters>
      <DistanceMeters>2376</DistanceMeters>
      <HeartRateBpm>
       <Value>129</Value>
      </HeartRateBpm>
      <Cadence>80</Cadence>
      <Extensions>
       <Speed>6.720000</Speed>
      </Extensions>
     </Trackpoint>
     <Trackpoint>
      <Time>2026-05-24T14:22:19Z</Time>
      <Position>
       <LatitudeDegrees>35.7019252</LatitudeDegrees>
       <LongitudeDegrees>139.7719671</LongitudeDegrees>
      </Position>
      <AltitudeMeters>18</AltitudeMeters>
      <DistanceMeters>2377</DistanceMeters>
      <HeartRateBpm>
       <Value>128</Value>
      </HeartRateBpm>
      <Cadence>80</Cadence>
      <Extensions>
       <Speed>6.750000</Speed>
      </Extensions>
     </Trackpoint>
     <Trackpoint>
      <Time>2026-05-24T14:22:20Z</Time>
      <Position>
       <LatitudeDegrees>35.7019261</LatitudeDegrees>
       <LongitudeDegrees>139.7719828</LongitudeDegrees>
      </Position>
      <AltitudeMeters>18</AltitudeMeters>
      <DistanceMeters>2378</DistanceMeters>
      <HeartRateBpm>
       <Value>128</Value>
      </HeartRateBpm>
      <Cadence>80</Cadence>
      <Extensions>
       <Speed>6.780000</Speed>
      </Extensions>
     </Trackpoint>
     <Trackpoint>
      <Time>2026-05-24T14:22:21Z</Time>
      <Position>
       <LatitudeDegrees>35.7019270</LatitudeDegrees>
       <LongitudeDegrees>139.7719986</LongitudeDegrees>
      </Position>
      <AltitudeMeters>18</AltitudeMeters>
      <DistanceMeters>2379</DistanceMeters>
      <HeartRateBpm>
       <Value>127</Value>
      </HeartRateBpm>
      <Cadence>80</Cadence>
      <Extensions>
       <Speed>6.810000</Speed>
      </Extensions>
     </Trackpoint>
     <Trackpoint>
      <Time>2026-05-24T14:22:22Z</Time>
      <Position>
       <LatitudeDegrees>35.7019216</LatitudeDegrees>
       <LongitudeDegrees>139.7720123</LongitudeDegrees>
      </Position>
      <AltitudeMeters>18</AltitudeMeters>
      <DistanceMeters>2381</DistanceMeters>
      <HeartRateBpm>
       <Value>127</Value>
      </HeartRateBpm>
      <Cadence>80</Cadence>
      <Extensions>
       <Speed>6.810000</Speed>
      </Extensions>
     </Trackpoint>
     <Trackpoint>
      <Time>2026-05-24T14:22:23Z</Time>
      <Position>
       <LatitudeDegrees>35.7019163</LatitudeDegrees>
       <LongitudeDegrees>139.7720261</LongitudeDegrees>
      </Position>
      <AltitudeMeters>18</AltitudeMeters>
      <DistanceMeters>2383</DistanceMeters>
      <HeartRateBpm>
       <Value>126</Value>
      </HeartRateBpm>
      <Cadence>80</Cadence>
      <Extensions>
       <Speed>6.820000</Speed>
      </Extensions>
     </Trackpoint>
     <Trackpoint>
      <Time>2026-05-24T14:22:24Z</Time>
      <Position>
       <LatitudeDegrees>35.7019099</LatitudeDegrees>
       <LongitudeDegrees>139.7720394</LongitudeDegrees>
      </Position>
      <AltitudeMeters>18</AltitudeMeters>
      <DistanceMeters>2384</DistanceMeters>
      <HeartRateBpm>
       <Value>126</Value>
      </HeartRateBpm>
      <Cadence>80</Cadence>
      <Extensions>
       <Speed>6.820000</Speed>
      </Extensions>
     </Trackpoint>
     <Trackpoint>
      <Time>2026-05-24T14:22:25Z</Time>
      <Position>
       <LatitudeDegrees>35.7019035</LatitudeDegrees>
       <LongitudeDegrees>139.7720527</LongitudeDegrees>
      </Position>
      <AltitudeMeters>18</AltitudeMeters>
      <DistanceMeters>2385</DistanceMeters>
      <HeartRateBpm>
       <Value>126</Value>
      </HeartRateBpm>
      <Cadence>80</Cadence>
      <Extensions>
       <Speed>6.820000</Speed>
      </Extensions>
     </Trackpoint>
     <Trackpoint>
      <Time>2026-05-24T14:22:26Z</Time>
      <Position>
       <LatitudeDegrees>35.7018997</LatitudeDegrees>
       <LongitudeDegrees>139.7720650</LongitudeDegrees>
      </Position>
      <AltitudeMeters>18</AltitudeMeters>
      <DistanceMeters>2386</DistanceMeters>
      <HeartRateBpm>
       <Value>125</Value>
      </HeartRateBpm>
      <Cadence>80</Cadence>
      <Extensions>
       <Speed>6.800000</Speed>
      </Extensions>
     </Trackpoint>
     <Trackpoint>
      <Time>2026-05-24T14:22:27Z</Time>
      <Position>
       <LatitudeDegrees>35.7018960</LatitudeDegrees>
       <LongitudeDegrees>139.7720773</LongitudeDegrees>
      </Position>
      <AltitudeMeters>18</AltitudeMeters>
      <DistanceMeters>2387</DistanceMeters>
      <HeartRateBpm>
       <Value>125</Value>
      </HeartRateBpm>
      <Cadence>81</Cadence>
      <Extensions>
       <Speed>6.790000</Speed>
      </Extensions>
     </Trackpoint>
     <Trackpoint>
      <Time>2026-05-24T14:22:28Z</Time>
      <Position>
       <LatitudeDegrees>35.7018997</LatitudeDegrees>
       <LongitudeDegrees>139.7721001</LongitudeDegrees>
      </Position>
      <AltitudeMeters>18</AltitudeMeters>
      <DistanceMeters>2392</DistanceMeters>
      <HeartRateBpm>
       <Value>125</Value>
      </HeartRateBpm>
      <Cadence>80</Cadence>
      <Extensions>
       <Speed>6.770000</Speed>
      </Extensions>
     </Trackpoint>
     <Trackpoint>
      <Time>2026-05-24T14:22:29Z</Time>
      <Position>
       <LatitudeDegrees>35.7019035</LatitudeDegrees>
       <LongitudeDegrees>139.7721230</LongitudeDegrees>
      </Position>
      <AltitudeMeters>18</AltitudeMeters>
      <DistanceMeters>2396</DistanceMeters>
      <HeartRateBpm>
       <Value>125</Value>
      </HeartRateBpm>
      <Cadence>80</Cadence>
      <Extensions>
       <Speed>6.750000</Speed>
      </Extensions>
     </Trackpoint>
     <Trackpoint>
      <Time>2026-05-24T14:22:30Z</Time>
      <Position>
       <LatitudeDegrees>35.7019118</LatitudeDegrees>
       <LongitudeDegrees>139.7721563</LongitudeDegrees>
      </Position>
      <AltitudeMeters>18</AltitudeMeters>
      <DistanceMeters>2398</DistanceMeters>
      <HeartRateBpm>
       <Value>125</Value>
      </HeartRateBpm>
      <Cadence>80</Cadence>
      <Extensions>
       <Speed>6.740000</Speed>
      </Extensions>
     </Trackpoint>
     <Trackpoint>
      <Time>2026-05-24T14:22:31Z</Time>
      <Position>
       <LatitudeDegrees>35.7019202</LatitudeDegrees>
       <LongitudeDegrees>139.7721896</LongitudeDegrees>
      </Position>
      <AltitudeMeters>18</AltitudeMeters>
      <DistanceMeters>2401</DistanceMeters>
      <HeartRateBpm>
       <Value>125</Value>
      </HeartRateBpm>
      <Cadence>80</Cadence>
      <Extensions>
       <Speed>6.730000</Speed>
      </Extensions>
     </Trackpoint>
     <Trackpoint>
      <Time>2026-05-24T14:22:32Z</Time>
      <Position>
       <LatitudeDegrees>35.7019307</LatitudeDegrees>
       <LongitudeDegrees>139.7722156</LongitudeDegrees>
      </Position>
      <AltitudeMeters>18</AltitudeMeters>
      <DistanceMeters>2403</DistanceMeters>
      <HeartRateBpm>
       <Value>125</Value>
      </HeartRateBpm>
      <Cadence>80</Cadence>
      <Extensions>
       <Speed>6.720000</Speed>
      </Extensions>
     </Trackpoint>
     <Trackpoint>
      <Time>2026-05-24T14:22:33Z</Time>
      <Position>
       <LatitudeDegrees>35.7019413</LatitudeDegrees>
       <LongitudeDegrees>139.7722416</LongitudeDegrees>
      </Position>
      <AltitudeMeters>18</AltitudeMeters>
      <DistanceMeters>2405</DistanceMeters>
      <HeartRateBpm>
       <Value>125</Value>
      </HeartRateBpm>
      <Cadence>80</Cadence>
      <Extensions>
       <Speed>6.720000</Speed>
      </Extensions>
     </Trackpoint>
     <Trackpoint>
      <Time>2026-05-24T14:22:34Z</Time>
      <Position>
       <LatitudeDegrees>35.7019559</LatitudeDegrees>
       <LongitudeDegrees>139.7722572</LongitudeDegrees>
      </Position>
      <AltitudeMeters>18</AltitudeMeters>
      <DistanceMeters>2407</DistanceMeters>
      <HeartRateBpm>
       <Value>125</Value>
      </HeartRateBpm>
      <Cadence>80</Cadence>
      <Extensions>
       <Speed>6.700000</Speed>
      </Extensions>
     </Trackpoint>
     <Trackpoint>
      <Time>2026-05-24T14:22:35Z</Time>
      <Position>
       <LatitudeDegrees>35.7019705</LatitudeDegrees>
       <LongitudeDegrees>139.7722729</LongitudeDegrees>
      </Position>
      <AltitudeMeters>18</AltitudeMeters>
      <DistanceMeters>2409</DistanceMeters>
      <HeartRateBpm>
       <Value>125</Value>
      </HeartRateBpm>
      <Cadence>80</Cadence>
      <Extensions>
       <Speed>6.680000</Speed>
      </Extensions>
     </Trackpoint>
     <Trackpoint>
      <Time>2026-05-24T14:22:36Z</Time>
      <Position>
       <LatitudeDegrees>35.7019886</LatitudeDegrees>
       <LongitudeDegrees>139.7722819</LongitudeDegrees>
      </Position>
      <AltitudeMeters>18</AltitudeMeters>
      <DistanceMeters>2412</DistanceMeters>
      <HeartRateBpm>
       <Value>125</Value>
      </HeartRateBpm>
      <Cadence>79</Cadence>
      <Extensions>
       <Speed>6.620000</Speed>
      </Extensions>
     </Trackpoint>
     <Trackpoint>
      <Time>2026-05-24T14:22:37Z</Time>
      <Position>
       <LatitudeDegrees>35.7020068</LatitudeDegrees>
       <LongitudeDegrees>139.7722909</LongitudeDegrees>
      </Position>
      <AltitudeMeters>18</AltitudeMeters>
      <DistanceMeters>2414</DistanceMeters>
      <HeartRateBpm>
       <Value>125</Value>
      </HeartRateBpm>
      <Cadence>79</Cadence>
      <Extensions>
       <Speed>6.560000</Speed>
      </Extensions>
     </Trackpoint>
     <Trackpoint>
      <Time>2026-05-24T14:22:38Z</Time>
      <Position>
       <LatitudeDegrees>35.7020260</LatitudeDegrees>
       <LongitudeDegrees>139.7722969</LongitudeDegrees>
      </Position>
      <AltitudeMeters>18</AltitudeMeters>
      <DistanceMeters>2416</DistanceMeters>
      <HeartRateBpm>
       <Value>125</Value>
      </HeartRateBpm>
      <Cadence>79</Cadence>
      <Extensions>
       <Speed>6.500000</Speed>
      </Extensions>
     </Trackpoint>
     <Trackpoint>
      <Time>2026-05-24T14:22:39Z</Time>
      <Position>
       <LatitudeDegrees>35.7020452</LatitudeDegrees>
       <LongitudeDegrees>139.7723029</LongitudeDegrees>
      </Position>
      <AltitudeMeters>18</AltitudeMeters>
      <DistanceMeters>2418</DistanceMeters>
      <HeartRateBpm>
       <Value>125</Value>
      </HeartRateBpm>
      <Cadence>79</Cadence>
      <Extensions>
       <Speed>6.440000</Speed>
      </Extensions>
     </Trackpoint>
     <Trackpoint>
      <Time>2026-05-24T14:22:40Z</Time>
      <Position>
       <LatitudeDegrees>35.7020644</LatitudeDegrees>
       <LongitudeDegrees>139.7723090</LongitudeDegrees>
      </Position>
      <AltitudeMeters>18</AltitudeMeters>
      <DistanceMeters>2420</DistanceMeters>
      <HeartRateBpm>
       <Value>125</Value>
      </HeartRateBpm>
      <Cadence>78</Cadence>
      <Extensions>
       <Speed>6.430000</Speed>
      </Extensions>
     </Trackpoint>
     <Trackpoint>
      <Time>2026-05-24T14:22:41Z</Time>
      <Position>
       <LatitudeDegrees>35.7020837</LatitudeDegrees>
       <LongitudeDegrees>139.7723151</LongitudeDegrees>
      </Position>
      <AltitudeMeters>18</AltitudeMeters>
      <DistanceMeters>2422</DistanceMeters>
      <HeartRateBpm>
       <Value>125</Value>
      </HeartRateBpm>
      <Cadence>78</Cadence>
      <Extensions>
       <Speed>6.420000</Speed>
      </Extensions>
     </Trackpoint>
     <Trackpoint>
      <Time>2026-05-24T14:22:42Z</Time>
      <Position>
       <LatitudeDegrees>35.7021031</LatitudeDegrees>
       <LongitudeDegrees>139.7723225</LongitudeDegrees>
      </Position>
      <AltitudeMeters>18</AltitudeMeters>
      <DistanceMeters>2424</DistanceMeters>
      <HeartRateBpm>
       <Value>126</Value>
      </HeartRateBpm>
      <Cadence>78</Cadence>
      <Extensions>
       <Speed>6.430000</Speed>
      </Extensions>
     </Trackpoint>
     <Trackpoint>
      <Time>2026-05-24T14:22:43Z</Time>
      <Position>
       <LatitudeDegrees>35.7021226</LatitudeDegrees>
       <LongitudeDegrees>139.7723300</LongitudeDegrees>
      </Position>
      <AltitudeMeters>18</AltitudeMeters>
      <DistanceMeters>2427</DistanceMeters>
      <HeartRateBpm>
       <Value>127</Value>
      </HeartRateBpm>
      <Cadence>78</Cadence>
      <Extensions>
       <Speed>6.450000</Speed>
      </Extensions>
     </Trackpoint>
     <Trackpoint>
      <Time>2026-05-24T14:22:44Z</Time>
      <Position>
       <LatitudeDegrees>35.7021400</LatitudeDegrees>
       <LongitudeDegrees>139.7723361</LongitudeDegrees>
      </Position>
      <AltitudeMeters>18</AltitudeMeters>
      <DistanceMeters>2428</DistanceMeters>
      <HeartRateBpm>
       <Value>127</Value>
      </HeartRateBpm>
      <Cadence>78</Cadence>
      <Extensions>
       <Speed>6.470000</Speed>
      </Extensions>
     </Trackpoint>
     <Trackpoint>
      <Time>2026-05-24T14:22:45Z</Time>
      <Position>
       <LatitudeDegrees>35.7021574</LatitudeDegrees>
       <LongitudeDegrees>139.7723422</LongitudeDegrees>
      </Position>
      <AltitudeMeters>18</AltitudeMeters>
      <DistanceMeters>2430</DistanceMeters>
      <HeartRateBpm>
       <Value>127</Value>
      </HeartRateBpm>
      <Cadence>78</Cadence>
      <Extensions>
       <Speed>6.490000</Speed>
      </Extensions>
     </Trackpoint>
     <Trackpoint>
      <Time>2026-05-24T14:22:46Z</Time>
      <Position>
       <LatitudeDegrees>35.7021722</LatitudeDegrees>
       <LongitudeDegrees>139.7723461</LongitudeDegrees>
      </Position>
      <AltitudeMeters>18</AltitudeMeters>
      <DistanceMeters>2432</DistanceMeters>
      <HeartRateBpm>
       <Value>127</Value>
      </HeartRateBpm>
      <Cadence>78</Cadence>
      <Extensions>
       <Speed>6.470000</Speed>
      </Extensions>
     </Trackpoint>
     <Trackpoint>
      <Time>2026-05-24T14:22:47Z</Time>
      <Position>
       <LatitudeDegrees>35.7021870</LatitudeDegrees>
       <LongitudeDegrees>139.7723500</LongitudeDegrees>
      </Position>
      <AltitudeMeters>18</AltitudeMeters>
      <DistanceMeters>2433</DistanceMeters>
      <HeartRateBpm>
       <Value>127</Value>
      </HeartRateBpm>
      <Cadence>78</Cadence>
      <Extensions>
       <Speed>6.450000</Speed>
      </Extensions>
     </Trackpoint>
     <Trackpoint>
      <Time>2026-05-24T14:22:48Z</Time>
      <Position>
       <LatitudeDegrees>35.7022019</LatitudeDegrees>
       <LongitudeDegrees>139.7723543</LongitudeDegrees>
      </Position>
      <AltitudeMeters>18</AltitudeMeters>
      <DistanceMeters>2435</DistanceMeters>
      <HeartRateBpm>
       <Value>127</Value>
      </HeartRateBpm>
      <Cadence>78</Cadence>
      <Extensions>
       <Speed>6.470000</Speed>
      </Extensions>
     </Trackpoint>
     <Trackpoint>
      <Time>2026-05-24T14:22:49Z</Time>
      <Position>
       <LatitudeDegrees>35.7022168</LatitudeDegrees>
       <LongitudeDegrees>139.7723587</LongitudeDegrees>
      </Position>
      <AltitudeMeters>18</AltitudeMeters>
      <DistanceMeters>2437</DistanceMeters>
      <HeartRateBpm>
       <Value>127</Value>
      </HeartRateBpm>
      <Cadence>78</Cadence>
      <Extensions>
       <Speed>6.490000</Speed>
      </Extensions>
     </Trackpoint>
     <Trackpoint>
      <Time>2026-05-24T14:22:50Z</Time>
      <Position>
       <LatitudeDegrees>35.7022337</LatitudeDegrees>
       <LongitudeDegrees>139.7723620</LongitudeDegrees>
      </Position>
      <AltitudeMeters>18</AltitudeMeters>
      <DistanceMeters>2440</DistanceMeters>
      <HeartRateBpm>
       <Value>127</Value>
      </HeartRateBpm>
      <Cadence>78</Cadence>
      <Extensions>
       <Speed>6.530000</Speed>
      </Extensions>
     </Trackpoint>
     <Trackpoint>
      <Time>2026-05-24T14:22:51Z</Time>
      <Position>
       <LatitudeDegrees>35.7022506</LatitudeDegrees>
       <LongitudeDegrees>139.7723653</LongitudeDegrees>
      </Position>
      <AltitudeMeters>18</AltitudeMeters>
      <DistanceMeters>2442</DistanceMeters>
      <HeartRateBpm>
       <Value>127</Value>
      </HeartRateBpm>
      <Cadence>78</Cadence>
      <Extensions>
       <Speed>6.570000</Speed>
      </Extensions>
     </Trackpoint>
     <Trackpoint>
      <Time>2026-05-24T14:22:52Z</Time>
      <Position>
       <LatitudeDegrees>35.7022691</LatitudeDegrees>
       <LongitudeDegrees>139.7723628</LongitudeDegrees>
      </Position>
      <AltitudeMeters>18</AltitudeMeters>
      <DistanceMeters>2444</DistanceMeters>
      <HeartRateBpm>
       <Value>127</Value>
      </HeartRateBpm>
      <Cadence>77</Cadence>
      <Extensions>
       <Speed>6.610000</Speed>
      </Extensions>
     </Trackpoint>
     <Trackpoint>
      <Time>2026-05-24T14:22:53Z</Time>
      <Position>
       <LatitudeDegrees>35.7022877</LatitudeDegrees>
       <LongitudeDegrees>139.7723603</LongitudeDegrees>
      </Position>
      <AltitudeMeters>18</AltitudeMeters>
      <DistanceMeters>2446</DistanceMeters>
      <HeartRateBpm>
       <Value>127</Value>
      </HeartRateBpm>
      <Cadence>77</Cadence>
      <Extensions>
       <Speed>6.650000</Speed>
      </Extensions>
     </Trackpoint>
     <Trackpoint>
      <Time>2026-05-24T14:22:54Z</Time>
      <Position>
       <LatitudeDegrees>35.7023073</LatitudeDegrees>
       <LongitudeDegrees>139.7723553</LongitudeDegrees>
      </Position>
      <AltitudeMeters>18</AltitudeMeters>
      <DistanceMeters>2448</DistanceMeters>
      <HeartRateBpm>
       <Value>126</Value>
      </HeartRateBpm>
      <Cadence>77</Cadence>
      <Extensions>
       <Speed>6.660000</Speed>
      </Extensions>
     </Trackpoint>
     <Trackpoint>
      <Time>2026-05-24T14:22:55Z</Time>
      <Position>
       <LatitudeDegrees>35.7023270</LatitudeDegrees>
       <LongitudeDegrees>139.7723504</LongitudeDegrees>
      </Position>
      <AltitudeMeters>18</AltitudeMeters>
      <DistanceMeters>2450</DistanceMeters>
      <HeartRateBpm>
       <Value>126</Value>
      </HeartRateBpm>
      <Cadence>77</Cadence>
      <Extensions>
       <Speed>6.680000</Speed>
      </Extensions>
     </Trackpoint>
     <Trackpoint>
      <Time>2026-05-24T14:22:56Z</Time>
      <Position>
       <LatitudeDegrees>35.7023439</LatitudeDegrees>
       <LongitudeDegrees>139.7723475</LongitudeDegrees>
      </Position>
      <AltitudeMeters>18</AltitudeMeters>
      <DistanceMeters>2452</DistanceMeters>
      <HeartRateBpm>
       <Value>126</Value>
      </HeartRateBpm>
      <Cadence>77</Cadence>
      <Extensions>
       <Speed>6.770000</Speed>
      </Extensions>
     </Trackpoint>
     <Trackpoint>
      <Time>2026-05-24T14:22:57Z</Time>
      <Position>
       <LatitudeDegrees>35.7023609</LatitudeDegrees>
       <LongitudeDegrees>139.7723447</LongitudeDegrees>
      </Position>
      <AltitudeMeters>18</AltitudeMeters>
      <DistanceMeters>2453</DistanceMeters>
      <HeartRateBpm>
       <Value>126</Value>
      </HeartRateBpm>
      <Cadence>77</Cadence>
      <Extensions>
       <Speed>6.870000</Speed>
      </Extensions>
     </Trackpoint>
     <Trackpoint>
      <Time>2026-05-24T14:22:58Z</Time>
      <Position>
       <LatitudeDegrees>35.7023760</LatitudeDegrees>
       <LongitudeDegrees>139.7723449</LongitudeDegrees>
      </Position>
      <AltitudeMeters>18</AltitudeMeters>
      <DistanceMeters>2454</DistanceMeters>
      <HeartRateBpm>
       <Value>126</Value>
      </HeartRateBpm>
      <Cadence>77</Cadence>
      <Extensions>
       <Speed>6.900000</Speed>
      </Extensions>
     </Trackpoint>
     <Trackpoint>
      <Time>2026-05-24T14:22:59Z</Time>
      <Position>
       <LatitudeDegrees>35.7023912</LatitudeDegrees>
       <LongitudeDegrees>139.7723452</LongitudeDegrees>
      </Position>
      <AltitudeMeters>18</AltitudeMeters>
      <DistanceMeters>2456</DistanceMeters>
      <HeartRateBpm>
       <Value>126</Value>
      </HeartRateBpm>
      <Cadence>77</Cadence>
      <Extensions>
       <Speed>6.930000</Speed>
      </Extensions>
     </Trackpoint>
     <Trackpoint>
      <Time>2026-05-24T14:23:00Z</Time>
      <Position>
       <LatitudeDegrees>35.7024068</LatitudeDegrees>
       <LongitudeDegrees>139.7723461</LongitudeDegrees>
      </Position>
      <AltitudeMeters>18</AltitudeMeters>
      <DistanceMeters>2458</DistanceMeters>
      <HeartRateBpm>
       <Value>126</Value>
      </HeartRateBpm>
      <Cadence>77</Cadence>
      <Extensions>
       <Speed>6.940000</Speed>
      </Extensions>
     </Trackpoint>
     <Trackpoint>
      <Time>2026-05-24T14:23:01Z</Time>
      <Position>
       <LatitudeDegrees>35.7024224</LatitudeDegrees>
       <LongitudeDegrees>139.7723471</LongitudeDegrees>
      </Position>
      <AltitudeMeters>18</AltitudeMeters>
      <DistanceMeters>2460</DistanceMeters>
      <HeartRateBpm>
       <Value>126</Value>
      </HeartRateBpm>
      <Cadence>77</Cadence>
      <Extensions>
       <Speed>6.960000</Speed>
      </Extensions>
     </Trackpoint>
     <Trackpoint>
      <Time>2026-05-24T14:23:02Z</Time>
      <Position>
       <LatitudeDegrees>35.7024355</LatitudeDegrees>
       <LongitudeDegrees>139.7723473</LongitudeDegrees>
      </Position>
      <AltitudeMeters>18</AltitudeMeters>
      <DistanceMeters>2461</DistanceMeters>
      <HeartRateBpm>
       <Value>126</Value>
      </HeartRateBpm>
      <Cadence>78</Cadence>
      <Extensions>
       <Speed>6.970000</Speed>
      </Extensions>
     </Trackpoint>
     <Trackpoint>
      <Time>2026-05-24T14:23:03Z</Time>
      <Position>
       <LatitudeDegrees>35.7024487</LatitudeDegrees>
       <LongitudeDegrees>139.7723475</LongitudeDegrees>
      </Position>
      <AltitudeMeters>18</AltitudeMeters>
      <DistanceMeters>2462</DistanceMeters>
      <HeartRateBpm>
       <Value>126</Value>
      </HeartRateBpm>
      <Cadence>79</Cadence>
      <Extensions>
       <Speed>6.980000</Speed>
      </Extensions>
     </Trackpoint>
     <Trackpoint>
      <Time>2026-05-24T14:23:04Z</Time>
      <Position>
       <LatitudeDegrees>35.7024600</LatitudeDegrees>
       <LongitudeDegrees>139.7723456</LongitudeDegrees>
      </Position>
      <AltitudeMeters>18</AltitudeMeters>
      <DistanceMeters>2463</DistanceMeters>
      <HeartRateBpm>
       <Value>126</Value>
      </HeartRateBpm>
      <Cadence>78</Cadence>
      <Extensions>
       <Speed>6.990000</Speed>
      </Extensions>
     </Trackpoint>
     <Trackpoint>
      <Time>2026-05-24T14:23:05Z</Time>
      <Position>
       <LatitudeDegrees>35.7024714</LatitudeDegrees>
       <LongitudeDegrees>139.7723437</LongitudeDegrees>
      </Position>
      <AltitudeMeters>18</AltitudeMeters>
      <DistanceMeters>2464</DistanceMeters>
      <HeartRateBpm>
       <Value>125</Value>
      </HeartRateBpm>
      <Cadence>78</Cadence>
      <Extensions>
       <Speed>7.000000</Speed>
      </Extensions>
     </Trackpoint>
     <Trackpoint>
      <Time>2026-05-24T14:23:06Z</Time>
      <Position>
       <LatitudeDegrees>35.7024850</LatitudeDegrees>
       <LongitudeDegrees>139.7723406</LongitudeDegrees>
      </Position>
      <AltitudeMeters>18</AltitudeMeters>
      <DistanceMeters>2466</DistanceMeters>
      <HeartRateBpm>
       <Value>125</Value>
      </HeartRateBpm>
      <Cadence>78</Cadence>
      <Extensions>
       <Speed>7.000000</Speed>
      </Extensions>
     </Trackpoint>
     <Trackpoint>
      <Time>2026-05-24T14:23:07Z</Time>
      <Position>
       <LatitudeDegrees>35.7024986</LatitudeDegrees>
       <LongitudeDegrees>139.7723375</LongitudeDegrees>
      </Position>
      <AltitudeMeters>18</AltitudeMeters>
      <DistanceMeters>2469</DistanceMeters>
      <HeartRateBpm>
       <Value>125</Value>
      </HeartRateBpm>
      <Cadence>79</Cadence>
      <Extensions>
       <Speed>7.010000</Speed>
      </Extensions>
     </Trackpoint>
     <Trackpoint>
      <Time>2026-05-24T14:23:08Z</Time>
      <Position>
       <LatitudeDegrees>35.7025154</LatitudeDegrees>
       <LongitudeDegrees>139.7723354</LongitudeDegrees>
      </Position>
      <AltitudeMeters>18</AltitudeMeters>
      <DistanceMeters>2471</DistanceMeters>
      <HeartRateBpm>
       <Value>124</Value>
      </HeartRateBpm>
      <Cadence>79</Cadence>
      <Extensions>
       <Speed>7.020000</Speed>
      </Extensions>
     </Trackpoint>
     <Trackpoint>
      <Time>2026-05-24T14:23:09Z</Time>
      <Position>
       <LatitudeDegrees>35.7025322</LatitudeDegrees>
       <LongitudeDegrees>139.7723334</LongitudeDegrees>
      </Position>
      <AltitudeMeters>18</AltitudeMeters>
      <DistanceMeters>2473</DistanceMeters>
      <HeartRateBpm>
       <Value>124</Value>
      </HeartRateBpm>
      <Cadence>79</Cadence>
      <Extensions>
       <Speed>7.030000</Speed>
      </Extensions>
     </Trackpoint>
     <Trackpoint>
      <Time>2026-05-24T14:23:10Z</Time>
      <Position>
       <LatitudeDegrees>35.7025498</LatitudeDegrees>
       <LongitudeDegrees>139.7723335</LongitudeDegrees>
      </Position>
      <AltitudeMeters>18</AltitudeMeters>
      <DistanceMeters>2474</DistanceMeters>
      <HeartRateBpm>
       <Value>123</Value>
      </HeartRateBpm>
      <Cadence>78</Cadence>
      <Extensions>
       <Speed>7.040000</Speed>
      </Extensions>
     </Trackpoint>
     <Trackpoint>
      <Time>2026-05-24T14:23:11Z</Time>
      <Position>
       <LatitudeDegrees>35.7025674</LatitudeDegrees>
       <LongitudeDegrees>139.7723336</LongitudeDegrees>
      </Position>
      <AltitudeMeters>18</AltitudeMeters>
      <DistanceMeters>2476</DistanceMeters>
      <HeartRateBpm>
       <Value>123</Value>
      </HeartRateBpm>
      <Cadence>78</Cadence>
      <Extensions>
       <Speed>7.060000</Speed>
      </Extensions>
     </Trackpoint>
     <Trackpoint>
      <Time>2026-05-24T14:23:12Z</Time>
      <Position>
       <LatitudeDegrees>35.7025830</LatitudeDegrees>
       <LongitudeDegrees>139.7723354</LongitudeDegrees>
      </Position>
      <AltitudeMeters>18</AltitudeMeters>
      <DistanceMeters>2478</DistanceMeters>
      <HeartRateBpm>
       <Value>124</Value>
      </HeartRateBpm>
      <Cadence>78</Cadence>
      <Extensions>
       <Speed>7.100000</Speed>
      </Extensions>
     </Trackpoint>
     <Trackpoint>
      <Time>2026-05-24T14:23:13Z</Time>
      <Position>
       <LatitudeDegrees>35.7025987</LatitudeDegrees>
       <LongitudeDegrees>139.7723372</LongitudeDegrees>
      </Position>
      <AltitudeMeters>18</AltitudeMeters>
      <DistanceMeters>2479</DistanceMeters>
      <HeartRateBpm>
       <Value>124</Value>
      </HeartRateBpm>
      <Cadence>79</Cadence>
      <Extensions>
       <Speed>7.150000</Speed>
      </Extensions>
     </Trackpoint>
     <Trackpoint>
      <Time>2026-05-24T14:23:14Z</Time>
      <Position>
       <LatitudeDegrees>35.7026141</LatitudeDegrees>
       <LongitudeDegrees>139.7723384</LongitudeDegrees>
      </Position>
      <AltitudeMeters>18</AltitudeMeters>
      <DistanceMeters>2481</DistanceMeters>
      <HeartRateBpm>
       <Value>124</Value>
      </HeartRateBpm>
      <Cadence>79</Cadence>
      <Extensions>
       <Speed>7.160000</Speed>
      </Extensions>
     </Trackpoint>
     <Trackpoint>
      <Time>2026-05-24T14:23:15Z</Time>
      <Position>
       <LatitudeDegrees>35.7026296</LatitudeDegrees>
       <LongitudeDegrees>139.7723396</LongitudeDegrees>
      </Position>
      <AltitudeMeters>18</AltitudeMeters>
      <DistanceMeters>2483</DistanceMeters>
      <HeartRateBpm>
       <Value>124</Value>
      </HeartRateBpm>
      <Cadence>79</Cadence>
      <Extensions>
       <Speed>7.170000</Speed>
      </Extensions>
     </Trackpoint>
     <Trackpoint>
      <Time>2026-05-24T14:23:16Z</Time>
      <Position>
       <LatitudeDegrees>35.7026453</LatitudeDegrees>
       <LongitudeDegrees>139.7723390</LongitudeDegrees>
      </Position>
      <AltitudeMeters>18</AltitudeMeters>
      <DistanceMeters>2485</DistanceMeters>
      <HeartRateBpm>
       <Value>125</Value>
      </HeartRateBpm>
      <Cadence>79</Cadence>
      <Extensions>
       <Speed>7.160000</Speed>
      </Extensions>
     </Trackpoint>
     <Trackpoint>
      <Time>2026-05-24T14:23:17Z</Time>
      <Position>
       <LatitudeDegrees>35.7026611</LatitudeDegrees>
       <LongitudeDegrees>139.7723384</LongitudeDegrees>
      </Position>
      <AltitudeMeters>18</AltitudeMeters>
      <DistanceMeters>2487</DistanceMeters>
      <HeartRateBpm>
       <Value>125</Value>
      </HeartRateBpm>
      <Cadence>79</Cadence>
      <Extensions>
       <Speed>7.160000</Speed>
      </Extensions>
     </Trackpoint>
     <Trackpoint>
      <Time>2026-05-24T14:23:18Z</Time>
      <Position>
       <LatitudeDegrees>35.7026763</LatitudeDegrees>
       <LongitudeDegrees>139.7723380</LongitudeDegrees>
      </Position>
      <AltitudeMeters>18</AltitudeMeters>
      <DistanceMeters>2488</DistanceMeters>
      <HeartRateBpm>
       <Value>125</Value>
      </HeartRateBpm>
      <Cadence>79</Cadence>
      <Extensions>
       <Speed>7.120000</Speed>
      </Extensions>
     </Trackpoint>
     <Trackpoint>
      <Time>2026-05-24T14:23:19Z</Time>
      <Position>
       <LatitudeDegrees>35.7026915</LatitudeDegrees>
       <LongitudeDegrees>139.7723376</LongitudeDegrees>
      </Position>
      <AltitudeMeters>18</AltitudeMeters>
      <DistanceMeters>2489</DistanceMeters>
      <HeartRateBpm>
       <Value>125</Value>
      </HeartRateBpm>
      <Cadence>80</Cadence>
      <Extensions>
       <Speed>7.090000</Speed>
      </Extensions>
     </Trackpoint>
     <Trackpoint>
      <Time>2026-05-24T14:23:20Z</Time>
      <Position>
       <LatitudeDegrees>35.7027051</LatitudeDegrees>
       <LongitudeDegrees>139.7723390</LongitudeDegrees>
      </Position>
      <AltitudeMeters>18</AltitudeMeters>
      <DistanceMeters>2491</DistanceMeters>
      <HeartRateBpm>
       <Value>125</Value>
      </HeartRateBpm>
      <Cadence>80</Cadence>
      <Extensions>
       <Speed>7.060000</Speed>
      </Extensions>
     </Trackpoint>
     <Trackpoint>
      <Time>2026-05-24T14:23:21Z</Time>
      <Position>
       <LatitudeDegrees>35.7027188</LatitudeDegrees>
       <LongitudeDegrees>139.7723405</LongitudeDegrees>
      </Position>
      <AltitudeMeters>18</AltitudeMeters>
      <DistanceMeters>2493</DistanceMeters>
      <HeartRateBpm>
       <Value>125</Value>
      </HeartRateBpm>
      <Cadence>80</Cadence>
      <Extensions>
       <Speed>7.040000</Speed>
      </Extensions>
     </Trackpoint>
     <Trackpoint>
      <Time>2026-05-24T14:23:22Z</Time>
      <Position>
       <LatitudeDegrees>35.7027365</LatitudeDegrees>
       <LongitudeDegrees>139.7723444</LongitudeDegrees>
      </Position>
      <AltitudeMeters>18</AltitudeMeters>
      <DistanceMeters>2496</DistanceMeters>
      <HeartRateBpm>
       <Value>125</Value>
      </HeartRateBpm>
      <Cadence>80</Cadence>
      <Extensions>
       <Speed>7.010000</Speed>
      </Extensions>
     </Trackpoint>
     <Trackpoint>
      <Time>2026-05-24T14:23:23Z</Time>
      <Position>
       <LatitudeDegrees>35.7027542</LatitudeDegrees>
       <LongitudeDegrees>139.7723483</LongitudeDegrees>
      </Position>
      <AltitudeMeters>18</AltitudeMeters>
      <DistanceMeters>2498</DistanceMeters>
      <HeartRateBpm>
       <Value>125</Value>
      </HeartRateBpm>
      <Cadence>80</Cadence>
      <Extensions>
       <Speed>6.990000</Speed>
      </Extensions>
     </Trackpoint>
     <Trackpoint>
      <Time>2026-05-24T14:23:24Z</Time>
      <Position>
       <LatitudeDegrees>35.7027743</LatitudeDegrees>
       <LongitudeDegrees>139.7723551</LongitudeDegrees>
      </Position>
      <AltitudeMeters>18</AltitudeMeters>
      <DistanceMeters>2500</DistanceMeters>
      <HeartRateBpm>
       <Value>126</Value>
      </HeartRateBpm>
      <Cadence>80</Cadence>
      <Extensions>
       <Speed>6.970000</Speed>
      </Extensions>
     </Trackpoint>
     <Trackpoint>
      <Time>2026-05-24T14:23:25Z</Time>
      <Position>
       <LatitudeDegrees>35.7027945</LatitudeDegrees>
       <LongitudeDegrees>139.7723619</LongitudeDegrees>
      </Position>
      <AltitudeMeters>18</AltitudeMeters>
      <DistanceMeters>2503</DistanceMeters>
      <HeartRateBpm>
       <Value>126</Value>
      </HeartRateBpm>
      <Cadence>80</Cadence>
      <Extensions>
       <Speed>6.950000</Speed>
      </Extensions>
     </Trackpoint>
     <Trackpoint>
      <Time>2026-05-24T14:23:26Z</Time>
      <Position>
       <LatitudeDegrees>35.7028156</LatitudeDegrees>
       <LongitudeDegrees>139.7723703</LongitudeDegrees>
      </Position>
      <AltitudeMeters>18</AltitudeMeters>
      <DistanceMeters>2506</DistanceMeters>
      <HeartRateBpm>
       <Value>126</Value>
      </HeartRateBpm>
      <Cadence>80</Cadence>
      <Extensions>
       <Speed>6.970000</Speed>
      </Extensions>
     </Trackpoint>
     <Trackpoint>
      <Time>2026-05-24T14:23:27Z</Time>
      <Position>
       <LatitudeDegrees>35.7028368</LatitudeDegrees>
       <LongitudeDegrees>139.7723788</LongitudeDegrees>
      </Position>
      <AltitudeMeters>18</AltitudeMeters>
      <DistanceMeters>2508</DistanceMeters>
      <HeartRateBpm>
       <Value>126</Value>
      </HeartRateBpm>
      <Cadence>80</Cadence>
      <Extensions>
       <Speed>6.990000</Speed>
      </Extensions>
     </Trackpoint>
     <Trackpoint>
      <Time>2026-05-24T14:23:28Z</Time>
      <Position>
       <LatitudeDegrees>35.7028533</LatitudeDegrees>
       <LongitudeDegrees>139.7723908</LongitudeDegrees>
      </Position>
      <AltitudeMeters>18</AltitudeMeters>
      <DistanceMeters>2510</DistanceMeters>
      <HeartRateBpm>
       <Value>126</Value>
      </HeartRateBpm>
      <Cadence>79</Cadence>
      <Extensions>
       <Speed>7.020000</Speed>
      </Extensions>
     </Trackpoint>
     <Trackpoint>
      <Time>2026-05-24T14:23:29Z</Time>
      <Position>
       <LatitudeDegrees>35.7028699</LatitudeDegrees>
       <LongitudeDegrees>139.7724029</LongitudeDegrees>
      </Position>
      <AltitudeMeters>18</AltitudeMeters>
      <DistanceMeters>2511</DistanceMeters>
      <HeartRateBpm>
       <Value>126</Value>
      </HeartRateBpm>
      <Cadence>79</Cadence>
      <Extensions>
       <Speed>7.050000</Speed>
      </Extensions>
     </Trackpoint>
     <Trackpoint>
      <Time>2026-05-24T14:23:30Z</Time>
      <Position>
       <LatitudeDegrees>35.7028788</LatitudeDegrees>
       <LongitudeDegrees>139.7724190</LongitudeDegrees>
      </Position>
      <AltitudeMeters>18</AltitudeMeters>
      <DistanceMeters>2513</DistanceMeters>
      <HeartRateBpm>
       <Value>127</Value>
      </HeartRateBpm>
      <Cadence>79</Cadence>
      <Extensions>
       <Speed>7.060000</Speed>
      </Extensions>
     </Trackpoint>
     <Trackpoint>
      <Time>2026-05-24T14:23:31Z</Time>
      <Position>
       <LatitudeDegrees>35.7028877</LatitudeDegrees>
       <LongitudeDegrees>139.7724351</LongitudeDegrees>
      </Position>
      <AltitudeMeters>18</AltitudeMeters>
      <DistanceMeters>2515</DistanceMeters>
      <HeartRateBpm>
       <Value>127</Value>
      </HeartRateBpm>
      <Cadence>79</Cadence>
      <Extensions>
       <Speed>7.080000</Speed>
      </Extensions>
     </Trackpoint>
     <Trackpoint>
      <Time>2026-05-24T14:23:32Z</Time>
      <Position>
       <LatitudeDegrees>35.7028913</LatitudeDegrees>
       <LongitudeDegrees>139.7724527</LongitudeDegrees>
      </Position>
      <AltitudeMeters>18</AltitudeMeters>
      <DistanceMeters>2516</DistanceMeters>
      <HeartRateBpm>
       <Value>127</Value>
      </HeartRateBpm>
      <Cadence>79</Cadence>
      <Extensions>
       <Speed>7.080000</Speed>
      </Extensions>
     </Trackpoint>
     <Trackpoint>
      <Time>2026-05-24T14:23:33Z</Time>
      <Position>
       <LatitudeDegrees>35.7028949</LatitudeDegrees>
       <LongitudeDegrees>139.7724704</LongitudeDegrees>
      </Position>
      <AltitudeMeters>18</AltitudeMeters>
      <DistanceMeters>2517</DistanceMeters>
      <HeartRateBpm>
       <Value>127</Value>
      </HeartRateBpm>
      <Cadence>79</Cadence>
      <Extensions>
       <Speed>7.090000</Speed>
      </Extensions>
     </Trackpoint>
     <Trackpoint>
      <Time>2026-05-24T14:23:34Z</Time>
      <Position>
       <LatitudeDegrees>35.7028965</LatitudeDegrees>
       <LongitudeDegrees>139.7724887</LongitudeDegrees>
      </Position>
      <AltitudeMeters>18</AltitudeMeters>
      <DistanceMeters>2519</DistanceMeters>
      <HeartRateBpm>
       <Value>127</Value>
      </HeartRateBpm>
      <Cadence>79</Cadence>
      <Extensions>
       <Speed>7.080000</Speed>
      </Extensions>
     </Trackpoint>
     <Trackpoint>
      <Time>2026-05-24T14:23:35Z</Time>
      <Position>
       <LatitudeDegrees>35.7028981</LatitudeDegrees>
       <LongitudeDegrees>139.7725071</LongitudeDegrees>
      </Position>
      <AltitudeMeters>18</AltitudeMeters>
      <DistanceMeters>2521</DistanceMeters>
      <HeartRateBpm>
       <Value>126</Value>
      </HeartRateBpm>
      <Cadence>79</Cadence>
      <Extensions>
       <Speed>7.070000</Speed>
      </Extensions>
     </Trackpoint>
     <Trackpoint>
      <Time>2026-05-24T14:23:36Z</Time>
      <Position>
       <LatitudeDegrees>35.7028997</LatitudeDegrees>
       <LongitudeDegrees>139.7725255</LongitudeDegrees>
      </Position>
      <AltitudeMeters>18</AltitudeMeters>
      <DistanceMeters>2523</DistanceMeters>
      <HeartRateBpm>
       <Value>126</Value>
      </HeartRateBpm>
      <Cadence>79</Cadence>
      <Extensions>
       <Speed>7.050000</Speed>
      </Extensions>
     </Trackpoint>
     <Trackpoint>
      <Time>2026-05-24T14:23:37Z</Time>
      <Position>
       <LatitudeDegrees>35.7029014</LatitudeDegrees>
       <LongitudeDegrees>139.7725440</LongitudeDegrees>
      </Position>
      <AltitudeMeters>18</AltitudeMeters>
      <DistanceMeters>2525</DistanceMeters>
      <HeartRateBpm>
       <Value>126</Value>
      </HeartRateBpm>
      <Cadence>79</Cadence>
      <Extensions>
       <Speed>7.040000</Speed>
      </Extensions>
     </Trackpoint>
     <Trackpoint>
      <Time>2026-05-24T14:23:38Z</Time>
      <Position>
       <LatitudeDegrees>35.7029068</LatitudeDegrees>
       <LongitudeDegrees>139.7725639</LongitudeDegrees>
      </Position>
      <AltitudeMeters>18</AltitudeMeters>
      <DistanceMeters>2527</DistanceMeters>
      <HeartRateBpm>
       <Value>127</Value>
      </HeartRateBpm>
      <Cadence>79</Cadence>
      <Extensions>
       <Speed>7.030000</Speed>
      </Extensions>
     </Trackpoint>
     <Trackpoint>
      <Time>2026-05-24T14:23:39Z</Time>
      <Position>
       <LatitudeDegrees>35.7029123</LatitudeDegrees>
       <LongitudeDegrees>139.7725839</LongitudeDegrees>
      </Position>
      <AltitudeMeters>18</AltitudeMeters>
      <DistanceMeters>2529</DistanceMeters>
      <HeartRateBpm>
       <Value>127</Value>
      </HeartRateBpm>
      <Cadence>79</Cadence>
      <Extensions>
       <Speed>7.020000</Speed>
      </Extensions>
     </Trackpoint>
     <Trackpoint>
      <Time>2026-05-24T14:23:40Z</Time>
      <Position>
       <LatitudeDegrees>35.7029145</LatitudeDegrees>
       <LongitudeDegrees>139.7726041</LongitudeDegrees>
      </Position>
      <AltitudeMeters>18</AltitudeMeters>
      <DistanceMeters>2530</DistanceMeters>
      <HeartRateBpm>
       <Value>128</Value>
      </HeartRateBpm>
      <Cadence>79</Cadence>
      <Extensions>
       <Speed>7.010000</Speed>
      </Extensions>
     </Trackpoint>
     <Trackpoint>
      <Time>2026-05-24T14:23:41Z</Time>
      <Position>
       <LatitudeDegrees>35.7029168</LatitudeDegrees>
       <LongitudeDegrees>139.7726244</LongitudeDegrees>
      </Position>
      <AltitudeMeters>18</AltitudeMeters>
      <DistanceMeters>2532</DistanceMeters>
      <HeartRateBpm>
       <Value>128</Value>
      </HeartRateBpm>
      <Cadence>79</Cadence>
      <Extensions>
       <Speed>7.010000</Speed>
      </Extensions>
     </Trackpoint>
     <Trackpoint>
      <Time>2026-05-24T14:23:42Z</Time>
      <Position>
       <LatitudeDegrees>35.7029146</LatitudeDegrees>
       <LongitudeDegrees>139.7726440</LongitudeDegrees>
      </Position>
      <AltitudeMeters>18</AltitudeMeters>
      <DistanceMeters>2534</DistanceMeters>
      <HeartRateBpm>
       <Value>128</Value>
      </HeartRateBpm>
      <Cadence>79</Cadence>
      <Extensions>
       <Speed>7.010000</Speed>
      </Extensions>
     </Trackpoint>
     <Trackpoint>
      <Time>2026-05-24T14:23:43Z</Time>
      <Position>
       <LatitudeDegrees>35.7029125</LatitudeDegrees>
       <LongitudeDegrees>139.7726636</LongitudeDegrees>
      </Position>
      <AltitudeMeters>18</AltitudeMeters>
      <DistanceMeters>2536</DistanceMeters>
      <HeartRateBpm>
       <Value>128</Value>
      </HeartRateBpm>
      <Cadence>79</Cadence>
      <Extensions>
       <Speed>7.010000</Speed>
      </Extensions>
     </Trackpoint>
     <Trackpoint>
      <Time>2026-05-24T14:23:44Z</Time>
      <Position>
       <LatitudeDegrees>35.7029097</LatitudeDegrees>
       <LongitudeDegrees>139.7726831</LongitudeDegrees>
      </Position>
      <AltitudeMeters>18</AltitudeMeters>
      <DistanceMeters>2538</DistanceMeters>
      <HeartRateBpm>
       <Value>128</Value>
      </HeartRateBpm>
      <Cadence>79</Cadence>
      <Extensions>
       <Speed>7.010000</Speed>
      </Extensions>
     </Trackpoint>
     <Trackpoint>
      <Time>2026-05-24T14:23:45Z</Time>
      <Position>
       <LatitudeDegrees>35.7029070</LatitudeDegrees>
       <LongitudeDegrees>139.7727026</LongitudeDegrees>
      </Position>
      <AltitudeMeters>18</AltitudeMeters>
      <DistanceMeters>2539</DistanceMeters>
      <HeartRateBpm>
       <Value>127</Value>
      </HeartRateBpm>
      <Cadence>79</Cadence>
      <Extensions>
       <Speed>7.010000</Speed>
      </Extensions>
     </Trackpoint>
     <Trackpoint>
      <Time>2026-05-24T14:23:46Z</Time>
      <Position>
       <LatitudeDegrees>35.7029052</LatitudeDegrees>
       <LongitudeDegrees>139.7727224</LongitudeDegrees>
      </Position>
      <AltitudeMeters>18</AltitudeMeters>
      <DistanceMeters>2541</DistanceMeters>
      <HeartRateBpm>
       <Value>127</Value>
      </HeartRateBpm>
      <Cadence>79</Cadence>
      <Extensions>
       <Speed>7.000000</Speed>
      </Extensions>
     </Trackpoint>
     <Trackpoint>
      <Time>2026-05-24T14:23:47Z</Time>
      <Position>
       <LatitudeDegrees>35.7029035</LatitudeDegrees>
       <LongitudeDegrees>139.7727423</LongitudeDegrees>
      </Position>
      <AltitudeMeters>18</AltitudeMeters>
      <DistanceMeters>2543</DistanceMeters>
      <HeartRateBpm>
       <Value>127</Value>
      </HeartRateBpm>
      <Cadence>79</Cadence>
      <Extensions>
       <Speed>7.000000</Speed>
      </Extensions>
     </Trackpoint>
     <Trackpoint>
      <Time>2026-05-24T14:23:48Z</Time>
      <Position>
       <LatitudeDegrees>35.7029023</LatitudeDegrees>
       <LongitudeDegrees>139.7727573</LongitudeDegrees>
      </Position>
      <AltitudeMeters>18</AltitudeMeters>
      <DistanceMeters>2543</DistanceMeters>
      <HeartRateBpm>
       <Value>127</Value>
      </HeartRateBpm>
      <Cadence>79</Cadence>
      <Extensions>
       <Speed>6.990000</Speed>
      </Extensions>
     </Trackpoint>
     <Trackpoint>
      <Time>2026-05-24T14:23:49Z</Time>
      <Position>
       <LatitudeDegrees>35.7029011</LatitudeDegrees>
       <LongitudeDegrees>139.7727724</LongitudeDegrees>
      </Position>
      <AltitudeMeters>18</AltitudeMeters>
      <DistanceMeters>2543</DistanceMeters>
      <HeartRateBpm>
       <Value>127</Value>
      </HeartRateBpm>
      <Cadence>79</Cadence>
      <Extensions>
       <Speed>6.990000</Speed>
      </Extensions>
     </Trackpoint>
     <Trackpoint>
      <Time>2026-05-24T14:23:50Z</Time>
      <Position>
       <LatitudeDegrees>35.7029051</LatitudeDegrees>
       <LongitudeDegrees>139.7727830</LongitudeDegrees>
      </Position>
      <AltitudeMeters>18</AltitudeMeters>
      <DistanceMeters>2545</DistanceMeters>
      <HeartRateBpm>
       <Value>127</Value>
      </HeartRateBpm>
      <Cadence>79</Cadence>
      <Extensions>
       <Speed>6.980000</Speed>
      </Extensions>
     </Trackpoint>
     <Trackpoint>
      <Time>2026-05-24T14:23:51Z</Time>
      <Position>
       <LatitudeDegrees>35.7029091</LatitudeDegrees>
       <LongitudeDegrees>139.7727936</LongitudeDegrees>
      </Position>
      <AltitudeMeters>18</AltitudeMeters>
      <DistanceMeters>2547</DistanceMeters>
      <HeartRateBpm>
       <Value>127</Value>
      </HeartRateBpm>
      <Cadence>79</Cadence>
      <Extensions>
       <Speed>6.980000</Speed>
      </Extensions>
     </Trackpoint>
     <Trackpoint>
      <Time>2026-05-24T14:23:52Z</Time>
      <Position>
       <LatitudeDegrees>35.7029167</LatitudeDegrees>
       <LongitudeDegrees>139.7728034</LongitudeDegrees>
      </Position>
      <AltitudeMeters>18</AltitudeMeters>
      <DistanceMeters>2548</DistanceMeters>
      <HeartRateBpm>
       <Value>126</Value>
      </HeartRateBpm>
      <Cadence>79</Cadence>
      <Extensions>
       <Speed>6.970000</Speed>
      </Extensions>
     </Trackpoint>
     <Trackpoint>
      <Time>2026-05-24T14:23:53Z</Time>
      <Position>
       <LatitudeDegrees>35.7029243</LatitudeDegrees>
       <LongitudeDegrees>139.7728133</LongitudeDegrees>
      </Position>
      <AltitudeMeters>18</AltitudeMeters>
      <DistanceMeters>2549</DistanceMeters>
      <HeartRateBpm>
       <Value>126</Value>
      </HeartRateBpm>
      <Cadence>79</Cadence>
      <Extensions>
       <Speed>6.960000</Speed>
      </Extensions>
     </Trackpoint>
     <Trackpoint>
      <Time>2026-05-24T14:23:54Z</Time>
      <Position>
       <LatitudeDegrees>35.7029331</LatitudeDegrees>
       <LongitudeDegrees>139.7728247</LongitudeDegrees>
      </Position>
      <AltitudeMeters>18</AltitudeMeters>
      <DistanceMeters>2551</DistanceMeters>
      <HeartRateBpm>
       <Value>126</Value>
      </HeartRateBpm>
      <Cadence>79</Cadence>
      <Extensions>
       <Speed>6.940000</Speed>
      </Extensions>
     </Trackpoint>
     <Trackpoint>
      <Time>2026-05-24T14:23:55Z</Time>
      <Position>
       <LatitudeDegrees>35.7029420</LatitudeDegrees>
       <LongitudeDegrees>139.7728361</LongitudeDegrees>
      </Position>
      <AltitudeMeters>18</AltitudeMeters>
      <DistanceMeters>2553</DistanceMeters>
      <HeartRateBpm>
       <Value>126</Value>
      </HeartRateBpm>
      <Cadence>80</Cadence>
      <Extensions>
       <Speed>6.920000</Speed>
      </Extensions>
     </Trackpoint>
     <Trackpoint>
      <Time>2026-05-24T14:23:56Z</Time>
      <Position>
       <LatitudeDegrees>35.7029528</LatitudeDegrees>
       <LongitudeDegrees>139.7728498</LongitudeDegrees>
      </Position>
      <AltitudeMeters>18</AltitudeMeters>
      <DistanceMeters>2555</DistanceMeters>
      <HeartRateBpm>
       <Value>126</Value>
      </HeartRateBpm>
      <Cadence>80</Cadence>
      <Extensions>
       <Speed>6.900000</Speed>
      </Extensions>
     </Trackpoint>
     <Trackpoint>
      <Time>2026-05-24T14:23:57Z</Time>
      <Position>
       <LatitudeDegrees>35.7029637</LatitudeDegrees>
       <LongitudeDegrees>139.7728635</LongitudeDegrees>
      </Position>
      <AltitudeMeters>18</AltitudeMeters>
      <DistanceMeters>2557</DistanceMeters>
      <HeartRateBpm>
       <Value>126</Value>
      </HeartRateBpm>
      <Cadence>80</Cadence>
      <Extensions>
       <Speed>6.890000</Speed>
      </Extensions>
     </Trackpoint>
     <Trackpoint>
      <Time>2026-05-24T14:23:58Z</Time>
      <Position>
       <LatitudeDegrees>35.7029757</LatitudeDegrees>
       <LongitudeDegrees>139.7728777</LongitudeDegrees>
      </Position>
      <AltitudeMeters>18</AltitudeMeters>
      <DistanceMeters>2559</DistanceMeters>
      <HeartRateBpm>
       <Value>126</Value>
      </HeartRateBpm>
      <Cadence>80</Cadence>
      <Extensions>
       <Speed>6.880000</Speed>
      </Extensions>
     </Trackpoint>
     <Trackpoint>
      <Time>2026-05-24T14:23:59Z</Time>
      <Position>
       <LatitudeDegrees>35.7029877</LatitudeDegrees>
       <LongitudeDegrees>139.7728920</LongitudeDegrees>
      </Position>
      <AltitudeMeters>18</AltitudeMeters>
      <DistanceMeters>2561</DistanceMeters>
      <HeartRateBpm>
       <Value>127</Value>
      </HeartRateBpm>
      <Cadence>80</Cadence>
      <Extensions>
       <Speed>6.880000</Speed>
      </Extensions>
     </Trackpoint>
     <Trackpoint>
      <Time>2026-05-24T14:24:00Z</Time>
      <Position>
       <LatitudeDegrees>35.7030000</LatitudeDegrees>
       <LongitudeDegrees>139.7729052</LongitudeDegrees>
      </Position>
      <AltitudeMeters>18</AltitudeMeters>
      <DistanceMeters>2562</DistanceMeters>
      <HeartRateBpm>
       <Value>127</Value>
      </HeartRateBpm>
      <Cadence>80</Cadence>
      <Extensions>
       <Speed>6.910000</Speed>
      </Extensions>
     </Trackpoint>
     <Trackpoint>
      <Time>2026-05-24T14:24:01Z</Time>
      <Position>
       <LatitudeDegrees>35.7030123</LatitudeDegrees>
       <LongitudeDegrees>139.7729184</LongitudeDegrees>
      </Position>
      <AltitudeMeters>18</AltitudeMeters>
      <DistanceMeters>2564</DistanceMeters>
      <HeartRateBpm>
       <Value>127</Value>
      </HeartRateBpm>
      <Cadence>80</Cadence>
      <Extensions>
       <Speed>6.950000</Speed>
      </Extensions>
     </Trackpoint>
     <Trackpoint>
      <Time>2026-05-24T14:24:02Z</Time>
      <Position>
       <LatitudeDegrees>35.7030244</LatitudeDegrees>
       <LongitudeDegrees>139.7729292</LongitudeDegrees>
      </Position>
      <AltitudeMeters>18</AltitudeMeters>
      <DistanceMeters>2565</DistanceMeters>
      <HeartRateBpm>
       <Value>127</Value>
      </HeartRateBpm>
      <Cadence>80</Cadence>
      <Extensions>
       <Speed>6.950000</Speed>
      </Extensions>
     </Trackpoint>
     <Trackpoint>
      <Time>2026-05-24T14:24:03Z</Time>
      <Position>
       <LatitudeDegrees>35.7030365</LatitudeDegrees>
       <LongitudeDegrees>139.7729401</LongitudeDegrees>
      </Position>
      <AltitudeMeters>18</AltitudeMeters>
      <DistanceMeters>2566</DistanceMeters>
      <HeartRateBpm>
       <Value>127</Value>
      </HeartRateBpm>
      <Cadence>80</Cadence>
      <Extensions>
       <Speed>6.960000</Speed>
      </Extensions>
     </Trackpoint>
     <Trackpoint>
      <Time>2026-05-24T14:24:04Z</Time>
      <Position>
       <LatitudeDegrees>35.7030488</LatitudeDegrees>
       <LongitudeDegrees>139.7729460</LongitudeDegrees>
      </Position>
      <AltitudeMeters>18</AltitudeMeters>
      <DistanceMeters>2568</DistanceMeters>
      <HeartRateBpm>
       <Value>127</Value>
      </HeartRateBpm>
      <Cadence>80</Cadence>
      <Extensions>
       <Speed>6.930000</Speed>
      </Extensions>
     </Trackpoint>
     <Trackpoint>
      <Time>2026-05-24T14:24:05Z</Time>
      <Position>
       <LatitudeDegrees>35.7030612</LatitudeDegrees>
       <LongitudeDegrees>139.7729520</LongitudeDegrees>
      </Position>
      <AltitudeMeters>18</AltitudeMeters>
      <DistanceMeters>2570</DistanceMeters>
      <HeartRateBpm>
       <Value>127</Value>
      </HeartRateBpm>
      <Cadence>80</Cadence>
      <Extensions>
       <Speed>6.900000</Speed>
      </Extensions>
     </Trackpoint>
     <Trackpoint>
      <Time>2026-05-24T14:24:06Z</Time>
      <Position>
       <LatitudeDegrees>35.7030756</LatitudeDegrees>
       <LongitudeDegrees>139.7729548</LongitudeDegrees>
      </Position>
      <AltitudeMeters>18</AltitudeMeters>
      <DistanceMeters>2572</DistanceMeters>
      <HeartRateBpm>
       <Value>127</Value>
      </HeartRateBpm>
      <Cadence>80</Cadence>
      <Extensions>
       <Speed>6.870000</Speed>
      </Extensions>
     </Trackpoint>
     <Trackpoint>
      <Time>2026-05-24T14:24:07Z</Time>
      <Position>
       <LatitudeDegrees>35.7030900</LatitudeDegrees>
       <LongitudeDegrees>139.7729576</LongitudeDegrees>
      </Position>
      <AltitudeMeters>18</AltitudeMeters>
      <DistanceMeters>2574</DistanceMeters>
      <HeartRateBpm>
       <Value>127</Value>
      </HeartRateBpm>
      <Cadence>80</Cadence>
      <Extensions>
       <Speed>6.840000</Speed>
      </Extensions>
     </Trackpoint>
     <Trackpoint>
      <Time>2026-05-24T14:24:08Z</Time>
      <Position>
       <LatitudeDegrees>35.7031067</LatitudeDegrees>
       <LongitudeDegrees>139.7729590</LongitudeDegrees>
      </Position>
      <AltitudeMeters>18</AltitudeMeters>
      <DistanceMeters>2576</DistanceMeters>
      <HeartRateBpm>
       <Value>127</Value>
      </HeartRateBpm>
      <Cadence>80</Cadence>
      <Extensions>
       <Speed>6.810000</Speed>
      </Extensions>
     </Trackpoint>
     <Trackpoint>
      <Time>2026-05-24T14:24:09Z</Time>
      <Position>
       <LatitudeDegrees>35.7031234</LatitudeDegrees>
       <LongitudeDegrees>139.7729605</LongitudeDegrees>
      </Position>
      <AltitudeMeters>18</AltitudeMeters>
      <DistanceMeters>2578</DistanceMeters>
      <HeartRateBpm>
       <Value>127</Value>
      </HeartRateBpm>
      <Cadence>80</Cadence>
      <Extensions>
       <Speed>6.780000</Speed>
      </Extensions>
     </Trackpoint>
     <Trackpoint>
      <Time>2026-05-24T14:24:10Z</Time>
      <Position>
       <LatitudeDegrees>35.7031417</LatitudeDegrees>
       <LongitudeDegrees>139.7729617</LongitudeDegrees>
      </Position>
      <AltitudeMeters>18</AltitudeMeters>
      <DistanceMeters>2580</DistanceMeters>
      <HeartRateBpm>
       <Value>127</Value>
      </HeartRateBpm>
      <Cadence>79</Cadence>
      <Extensions>
       <Speed>6.770000</Speed>
      </Extensions>
     </Trackpoint>
     <Trackpoint>
      <Time>2026-05-24T14:24:11Z</Time>
      <Position>
       <LatitudeDegrees>35.7031600</LatitudeDegrees>
       <LongitudeDegrees>139.7729630</LongitudeDegrees>
      </Position>
      <AltitudeMeters>18</AltitudeMeters>
      <DistanceMeters>2582</DistanceMeters>
      <HeartRateBpm>
       <Value>127</Value>
      </HeartRateBpm>
      <Cadence>79</Cadence>
      <Extensions>
       <Speed>6.760000</Speed>
      </Extensions>
     </Trackpoint>
     <Trackpoint>
      <Time>2026-05-24T14:24:12Z</Time>
      <Position>
       <LatitudeDegrees>35.7031783</LatitudeDegrees>
       <LongitudeDegrees>139.7729638</LongitudeDegrees>
      </Position>
      <AltitudeMeters>18</AltitudeMeters>
      <DistanceMeters>2584</DistanceMeters>
      <HeartRateBpm>
       <Value>127</Value>
      </HeartRateBpm>
      <Cadence>79</Cadence>
      <Extensions>
       <Speed>6.720000</Speed>
      </Extensions>
     </Trackpoint>
     <Trackpoint>
      <Time>2026-05-24T14:24:13Z</Time>
      <Position>
       <LatitudeDegrees>35.7031966</LatitudeDegrees>
       <LongitudeDegrees>139.7729646</LongitudeDegrees>
      </Position>
      <AltitudeMeters>18</AltitudeMeters>
      <DistanceMeters>2585</DistanceMeters>
      <HeartRateBpm>
       <Value>127</Value>
      </HeartRateBpm>
      <Cadence>80</Cadence>
      <Extensions>
       <Speed>6.690000</Speed>
      </Extensions>
     </Trackpoint>
     <Trackpoint>
      <Time>2026-05-24T14:24:14Z</Time>
      <Position>
       <LatitudeDegrees>35.7032118</LatitudeDegrees>
       <LongitudeDegrees>139.7729656</LongitudeDegrees>
      </Position>
      <AltitudeMeters>19</AltitudeMeters>
      <DistanceMeters>2586</DistanceMeters>
      <HeartRateBpm>
       <Value>127</Value>
      </HeartRateBpm>
      <Cadence>79</Cadence>
      <Extensions>
       <Speed>6.670000</Speed>
      </Extensions>
     </Trackpoint>
     <Trackpoint>
      <Time>2026-05-24T14:24:15Z</Time>
      <Position>
       <LatitudeDegrees>35.7032271</LatitudeDegrees>
       <LongitudeDegrees>139.7729667</LongitudeDegrees>
      </Position>
      <AltitudeMeters>19</AltitudeMeters>
      <DistanceMeters>2588</DistanceMeters>
      <HeartRateBpm>
       <Value>126</Value>
      </HeartRateBpm>
      <Cadence>79</Cadence>
      <Extensions>
       <Speed>6.650000</Speed>
      </Extensions>
     </Trackpoint>
     <Trackpoint>
      <Time>2026-05-24T14:24:16Z</Time>
      <Position>
       <LatitudeDegrees>35.7032409</LatitudeDegrees>
       <LongitudeDegrees>139.7729683</LongitudeDegrees>
      </Position>
      <AltitudeMeters>19</AltitudeMeters>
      <DistanceMeters>2590</DistanceMeters>
      <HeartRateBpm>
       <Value>126</Value>
      </HeartRateBpm>
      <Cadence>79</Cadence>
      <Extensions>
       <Speed>6.630000</Speed>
      </Extensions>
     </Trackpoint>
     <Trackpoint>
      <Time>2026-05-24T14:24:17Z</Time>
      <Position>
       <LatitudeDegrees>35.7032548</LatitudeDegrees>
       <LongitudeDegrees>139.7729700</LongitudeDegrees>
      </Position>
      <AltitudeMeters>19</AltitudeMeters>
      <DistanceMeters>2592</DistanceMeters>
      <HeartRateBpm>
       <Value>126</Value>
      </HeartRateBpm>
      <Cadence>79</Cadence>
      <Extensions>
       <Speed>6.620000</Speed>
      </Extensions>
     </Trackpoint>
     <Trackpoint>
      <Time>2026-05-24T14:24:18Z</Time>
      <Position>
       <LatitudeDegrees>35.7032701</LatitudeDegrees>
       <LongitudeDegrees>139.7729741</LongitudeDegrees>
      </Position>
      <AltitudeMeters>19</AltitudeMeters>
      <DistanceMeters>2594</DistanceMeters>
      <HeartRateBpm>
       <Value>126</Value>
      </HeartRateBpm>
      <Cadence>79</Cadence>
      <Extensions>
       <Speed>6.610000</Speed>
      </Extensions>
     </Trackpoint>
     <Trackpoint>
      <Time>2026-05-24T14:24:19Z</Time>
      <Position>
       <LatitudeDegrees>35.7032855</LatitudeDegrees>
       <LongitudeDegrees>139.7729782</LongitudeDegrees>
      </Position>
      <AltitudeMeters>19</AltitudeMeters>
      <DistanceMeters>2596</DistanceMeters>
      <HeartRateBpm>
       <Value>126</Value>
      </HeartRateBpm>
      <Cadence>79</Cadence>
      <Extensions>
       <Speed>6.600000</Speed>
      </Extensions>
     </Trackpoint>
     <Trackpoint>
      <Time>2026-05-24T14:24:20Z</Time>
      <Position>
       <LatitudeDegrees>35.7033011</LatitudeDegrees>
       <LongitudeDegrees>139.7729842</LongitudeDegrees>
      </Position>
      <AltitudeMeters>19</AltitudeMeters>
      <DistanceMeters>2598</DistanceMeters>
      <HeartRateBpm>
       <Value>126</Value>
      </HeartRateBpm>
      <Cadence>79</Cadence>
      <Extensions>
       <Speed>6.600000</Speed>
      </Extensions>
     </Trackpoint>
     <Trackpoint>
      <Time>2026-05-24T14:24:21Z</Time>
      <Position>
       <LatitudeDegrees>35.7033167</LatitudeDegrees>
       <LongitudeDegrees>139.7729902</LongitudeDegrees>
      </Position>
      <AltitudeMeters>19</AltitudeMeters>
      <DistanceMeters>2599</DistanceMeters>
      <HeartRateBpm>
       <Value>126</Value>
      </HeartRateBpm>
      <Cadence>79</Cadence>
      <Extensions>
       <Speed>6.600000</Speed>
      </Extensions>
     </Trackpoint>
     <Trackpoint>
      <Time>2026-05-24T14:24:22Z</Time>
      <Position>
       <LatitudeDegrees>35.7033322</LatitudeDegrees>
       <LongitudeDegrees>139.7729989</LongitudeDegrees>
      </Position>
      <AltitudeMeters>19</AltitudeMeters>
      <DistanceMeters>2601</DistanceMeters>
      <HeartRateBpm>
       <Value>126</Value>
      </HeartRateBpm>
      <Cadence>79</Cadence>
      <Extensions>
       <Speed>6.600000</Speed>
      </Extensions>
     </Trackpoint>
     <Trackpoint>
      <Time>2026-05-24T14:24:23Z</Time>
      <Position>
       <LatitudeDegrees>35.7033477</LatitudeDegrees>
       <LongitudeDegrees>139.7730077</LongitudeDegrees>
      </Position>
      <AltitudeMeters>19</AltitudeMeters>
      <DistanceMeters>2603</DistanceMeters>
      <HeartRateBpm>
       <Value>126</Value>
      </HeartRateBpm>
      <Cadence>79</Cadence>
      <Extensions>
       <Speed>6.610000</Speed>
      </Extensions>
     </Trackpoint>
     <Trackpoint>
      <Time>2026-05-24T14:24:24Z</Time>
      <Position>
       <LatitudeDegrees>35.7033631</LatitudeDegrees>
       <LongitudeDegrees>139.7730163</LongitudeDegrees>
      </Position>
      <AltitudeMeters>19</AltitudeMeters>
      <DistanceMeters>2605</DistanceMeters>
      <HeartRateBpm>
       <Value>126</Value>
      </HeartRateBpm>
      <Cadence>79</Cadence>
      <Extensions>
       <Speed>6.620000</Speed>
      </Extensions>
     </Trackpoint>
     <Trackpoint>
      <Time>2026-05-24T14:24:25Z</Time>
      <Position>
       <LatitudeDegrees>35.7033785</LatitudeDegrees>
       <LongitudeDegrees>139.7730249</LongitudeDegrees>
      </Position>
      <AltitudeMeters>19</AltitudeMeters>
      <DistanceMeters>2607</DistanceMeters>
      <HeartRateBpm>
       <Value>126</Value>
      </HeartRateBpm>
      <Cadence>79</Cadence>
      <Extensions>
       <Speed>6.630000</Speed>
      </Extensions>
     </Trackpoint>
     <Trackpoint>
      <Time>2026-05-24T14:24:26Z</Time>
      <Position>
       <LatitudeDegrees>35.7033937</LatitudeDegrees>
       <LongitudeDegrees>139.7730303</LongitudeDegrees>
      </Position>
      <AltitudeMeters>19</AltitudeMeters>
      <DistanceMeters>2608</DistanceMeters>
      <HeartRateBpm>
       <Value>126</Value>
      </HeartRateBpm>
      <Cadence>79</Cadence>
      <Extensions>
       <Speed>6.640000</Speed>
      </Extensions>
     </Trackpoint>
     <Trackpoint>
      <Time>2026-05-24T14:24:27Z</Time>
      <Position>
       <LatitudeDegrees>35.7034089</LatitudeDegrees>
       <LongitudeDegrees>139.7730358</LongitudeDegrees>
      </Position>
      <AltitudeMeters>19</AltitudeMeters>
      <DistanceMeters>2610</DistanceMeters>
      <HeartRateBpm>
       <Value>126</Value>
      </HeartRateBpm>
      <Cadence>79</Cadence>
      <Extensions>
       <Speed>6.650000</Speed>
      </Extensions>
     </Trackpoint>
     <Trackpoint>
      <Time>2026-05-24T14:24:28Z</Time>
      <Position>
       <LatitudeDegrees>35.7034235</LatitudeDegrees>
       <LongitudeDegrees>139.7730362</LongitudeDegrees>
      </Position>
      <AltitudeMeters>19</AltitudeMeters>
      <DistanceMeters>2612</DistanceMeters>
      <HeartRateBpm>
       <Value>126</Value>
      </HeartRateBpm>
      <Cadence>79</Cadence>
      <Extensions>
       <Speed>6.650000</Speed>
      </Extensions>
     </Trackpoint>
     <Trackpoint>
      <Time>2026-05-24T14:24:29Z</Time>
      <Position>
       <LatitudeDegrees>35.7034382</LatitudeDegrees>
       <LongitudeDegrees>139.7730366</LongitudeDegrees>
      </Position>
      <AltitudeMeters>19</AltitudeMeters>
      <DistanceMeters>2613</DistanceMeters>
      <HeartRateBpm>
       <Value>125</Value>
      </HeartRateBpm>
      <Cadence>79</Cadence>
      <Extensions>
       <Speed>6.660000</Speed>
      </Extensions>
     </Trackpoint>
     <Trackpoint>
      <Time>2026-05-24T14:24:30Z</Time>
      <Position>
       <LatitudeDegrees>35.7034529</LatitudeDegrees>
       <LongitudeDegrees>139.7730351</LongitudeDegrees>
      </Position>
      <AltitudeMeters>19</AltitudeMeters>
      <DistanceMeters>2614</DistanceMeters>
      <HeartRateBpm>
       <Value>125</Value>
      </HeartRateBpm>
      <Cadence>79</Cadence>
      <Extensions>
       <Speed>6.650000</Speed>
      </Extensions>
     </Trackpoint>
     <Trackpoint>
      <Time>2026-05-24T14:24:31Z</Time>
      <Position>
       <LatitudeDegrees>35.7034676</LatitudeDegrees>
       <LongitudeDegrees>139.7730336</LongitudeDegrees>
      </Position>
      <AltitudeMeters>19</AltitudeMeters>
      <DistanceMeters>2616</DistanceMeters>
      <HeartRateBpm>
       <Value>125</Value>
      </HeartRateBpm>
      <Cadence>80</Cadence>
      <Extensions>
       <Speed>6.650000</Speed>
      </Extensions>
     </Trackpoint>
     <Trackpoint>
      <Time>2026-05-24T14:24:32Z</Time>
      <Position>
       <LatitudeDegrees>35.7034818</LatitudeDegrees>
       <LongitudeDegrees>139.7730328</LongitudeDegrees>
      </Position>
      <AltitudeMeters>19</AltitudeMeters>
      <DistanceMeters>2618</DistanceMeters>
      <HeartRateBpm>
       <Value>125</Value>
      </HeartRateBpm>
      <Cadence>80</Cadence>
      <Extensions>
       <Speed>6.630000</Speed>
      </Extensions>
     </Trackpoint>
     <Trackpoint>
      <Time>2026-05-24T14:24:33Z</Time>
      <Position>
       <LatitudeDegrees>35.7034961</LatitudeDegrees>
       <LongitudeDegrees>139.7730321</LongitudeDegrees>
      </Position>
      <AltitudeMeters>19</AltitudeMeters>
      <DistanceMeters>2619</DistanceMeters>
      <HeartRateBpm>
       <Value>125</Value>
      </HeartRateBpm>
      <Cadence>80</Cadence>
      <Extensions>
       <Speed>6.620000</Speed>
      </Extensions>
     </Trackpoint>
     <Trackpoint>
      <Time>2026-05-24T14:24:34Z</Time>
      <Position>
       <LatitudeDegrees>35.7035093</LatitudeDegrees>
       <LongitudeDegrees>139.7730325</LongitudeDegrees>
      </Position>
      <AltitudeMeters>19</AltitudeMeters>
      <DistanceMeters>2620</DistanceMeters>
      <HeartRateBpm>
       <Value>125</Value>
      </HeartRateBpm>
      <Cadence>79</Cadence>
      <Extensions>
       <Speed>6.610000</Speed>
      </Extensions>
     </Trackpoint>
     <Trackpoint>
      <Time>2026-05-24T14:24:35Z</Time>
      <Position>
       <LatitudeDegrees>35.7035225</LatitudeDegrees>
       <LongitudeDegrees>139.7730329</LongitudeDegrees>
      </Position>
      <AltitudeMeters>19</AltitudeMeters>
      <DistanceMeters>2622</DistanceMeters>
      <HeartRateBpm>
       <Value>125</Value>
      </HeartRateBpm>
      <Cadence>79</Cadence>
      <Extensions>
       <Speed>6.600000</Speed>
      </Extensions>
     </Trackpoint>
     <Trackpoint>
      <Time>2026-05-24T14:24:36Z</Time>
      <Position>
       <LatitudeDegrees>35.7035350</LatitudeDegrees>
       <LongitudeDegrees>139.7730328</LongitudeDegrees>
      </Position>
      <AltitudeMeters>19</AltitudeMeters>
      <DistanceMeters>2624</DistanceMeters>
      <HeartRateBpm>
       <Value>125</Value>
      </HeartRateBpm>
      <Cadence>79</Cadence>
      <Extensions>
       <Speed>6.580000</Speed>
      </Extensions>
     </Trackpoint>
     <Trackpoint>
      <Time>2026-05-24T14:24:37Z</Time>
      <Position>
       <LatitudeDegrees>35.7035476</LatitudeDegrees>
       <LongitudeDegrees>139.7730327</LongitudeDegrees>
      </Position>
      <AltitudeMeters>19</AltitudeMeters>
      <DistanceMeters>2625</DistanceMeters>
      <HeartRateBpm>
       <Value>125</Value>
      </HeartRateBpm>
      <Cadence>80</Cadence>
      <Extensions>
       <Speed>6.560000</Speed>
      </Extensions>
     </Trackpoint>
     <Trackpoint>
      <Time>2026-05-24T14:24:38Z</Time>
      <Position>
       <LatitudeDegrees>35.7035613</LatitudeDegrees>
       <LongitudeDegrees>139.7730314</LongitudeDegrees>
      </Position>
      <AltitudeMeters>19</AltitudeMeters>
      <DistanceMeters>2626</DistanceMeters>
      <HeartRateBpm>
       <Value>126</Value>
      </HeartRateBpm>
      <Cadence>80</Cadence>
      <Extensions>
       <Speed>6.540000</Speed>
      </Extensions>
     </Trackpoint>
     <Trackpoint>
      <Time>2026-05-24T14:24:39Z</Time>
      <Position>
       <LatitudeDegrees>35.7035750</LatitudeDegrees>
       <LongitudeDegrees>139.7730301</LongitudeDegrees>
      </Position>
      <AltitudeMeters>19</AltitudeMeters>
      <DistanceMeters>2628</DistanceMeters>
      <HeartRateBpm>
       <Value>126</Value>
      </HeartRateBpm>
      <Cadence>80</Cadence>
      <Extensions>
       <Speed>6.530000</Speed>
      </Extensions>
     </Trackpoint>
     <Trackpoint>
      <Time>2026-05-24T14:24:40Z</Time>
      <Position>
       <LatitudeDegrees>35.7035891</LatitudeDegrees>
       <LongitudeDegrees>139.7730272</LongitudeDegrees>
      </Position>
      <AltitudeMeters>19</AltitudeMeters>
      <DistanceMeters>2630</DistanceMeters>
      <HeartRateBpm>
       <Value>127</Value>
      </HeartRateBpm>
      <Cadence>80</Cadence>
      <Extensions>
       <Speed>6.510000</Speed>
      </Extensions>
     </Trackpoint>
     <Trackpoint>
      <Time>2026-05-24T14:24:41Z</Time>
      <Position>
       <LatitudeDegrees>35.7036033</LatitudeDegrees>
       <LongitudeDegrees>139.7730243</LongitudeDegrees>
      </Position>
      <AltitudeMeters>19</AltitudeMeters>
      <DistanceMeters>2632</DistanceMeters>
      <HeartRateBpm>
       <Value>127</Value>
      </HeartRateBpm>
      <Cadence>80</Cadence>
      <Extensions>
       <Speed>6.490000</Speed>
      </Extensions>
     </Trackpoint>
     <Trackpoint>
      <Time>2026-05-24T14:24:42Z</Time>
      <Position>
       <LatitudeDegrees>35.7036184</LatitudeDegrees>
       <LongitudeDegrees>139.7730207</LongitudeDegrees>
      </Position>
      <AltitudeMeters>19</AltitudeMeters>
      <DistanceMeters>2634</DistanceMeters>
      <HeartRateBpm>
       <Value>127</Value>
      </HeartRateBpm>
      <Cadence>80</Cadence>
      <Extensions>
       <Speed>6.470000</Speed>
      </Extensions>
     </Trackpoint>
     <Trackpoint>
      <Time>2026-05-24T14:24:43Z</Time>
      <Position>
       <LatitudeDegrees>35.7036335</LatitudeDegrees>
       <LongitudeDegrees>139.7730171</LongitudeDegrees>
      </Position>
      <AltitudeMeters>19</AltitudeMeters>
      <DistanceMeters>2635</DistanceMeters>
      <HeartRateBpm>
       <Value>127</Value>
      </HeartRateBpm>
      <Cadence>80</Cadence>
      <Extensions>
       <Speed>6.450000</Speed>
      </Extensions>
     </Trackpoint>
     <Trackpoint>
      <Time>2026-05-24T14:24:44Z</Time>
      <Position>
       <LatitudeDegrees>35.7036507</LatitudeDegrees>
       <LongitudeDegrees>139.7730136</LongitudeDegrees>
      </Position>
      <AltitudeMeters>19</AltitudeMeters>
      <DistanceMeters>2638</DistanceMeters>
      <HeartRateBpm>
       <Value>127</Value>
      </HeartRateBpm>
      <Cadence>80</Cadence>
      <Extensions>
       <Speed>6.440000</Speed>
      </Extensions>
     </Trackpoint>
     <Trackpoint>
      <Time>2026-05-24T14:24:45Z</Time>
      <Position>
       <LatitudeDegrees>35.7036680</LatitudeDegrees>
       <LongitudeDegrees>139.7730101</LongitudeDegrees>
      </Position>
      <AltitudeMeters>19</AltitudeMeters>
      <DistanceMeters>2640</DistanceMeters>
      <HeartRateBpm>
       <Value>127</Value>
      </HeartRateBpm>
      <Cadence>80</Cadence>
      <Extensions>
       <Speed>6.430000</Speed>
      </Extensions>
     </Trackpoint>
     <Trackpoint>
      <Time>2026-05-24T14:24:46Z</Time>
      <Position>
       <LatitudeDegrees>35.7036868</LatitudeDegrees>
       <LongitudeDegrees>139.7730082</LongitudeDegrees>
      </Position>
      <AltitudeMeters>19</AltitudeMeters>
      <DistanceMeters>2642</DistanceMeters>
      <HeartRateBpm>
       <Value>127</Value>
      </HeartRateBpm>
      <Cadence>80</Cadence>
      <Extensions>
       <Speed>6.420000</Speed>
      </Extensions>
     </Trackpoint>
     <Trackpoint>
      <Time>2026-05-24T14:24:47Z</Time>
      <Position>
       <LatitudeDegrees>35.7037056</LatitudeDegrees>
       <LongitudeDegrees>139.7730064</LongitudeDegrees>
      </Position>
      <AltitudeMeters>19</AltitudeMeters>
      <DistanceMeters>2644</DistanceMeters>
      <HeartRateBpm>
       <Value>126</Value>
      </HeartRateBpm>
      <Cadence>80</Cadence>
      <Extensions>
       <Speed>6.420000</Speed>
      </Extensions>
     </Trackpoint>
     <Trackpoint>
      <Time>2026-05-24T14:24:48Z</Time>
      <Position>
       <LatitudeDegrees>35.7037246</LatitudeDegrees>
       <LongitudeDegrees>139.7730075</LongitudeDegrees>
      </Position>
      <AltitudeMeters>19</AltitudeMeters>
      <DistanceMeters>2646</DistanceMeters>
      <HeartRateBpm>
       <Value>126</Value>
      </HeartRateBpm>
      <Cadence>80</Cadence>
      <Extensions>
       <Speed>6.400000</Speed>
      </Extensions>
     </Trackpoint>
     <Trackpoint>
      <Time>2026-05-24T14:24:49Z</Time>
      <Position>
       <LatitudeDegrees>35.7037437</LatitudeDegrees>
       <LongitudeDegrees>139.7730087</LongitudeDegrees>
      </Position>
      <AltitudeMeters>19</AltitudeMeters>
      <DistanceMeters>2648</DistanceMeters>
      <HeartRateBpm>
       <Value>126</Value>
      </HeartRateBpm>
      <Cadence>80</Cadence>
      <Extensions>
       <Speed>6.390000</Speed>
      </Extensions>
     </Trackpoint>
     <Trackpoint>
      <Time>2026-05-24T14:24:50Z</Time>
      <Position>
       <LatitudeDegrees>35.7037614</LatitudeDegrees>
       <LongitudeDegrees>139.7730117</LongitudeDegrees>
      </Position>
      <AltitudeMeters>19</AltitudeMeters>
      <DistanceMeters>2650</DistanceMeters>
      <HeartRateBpm>
       <Value>126</Value>
      </HeartRateBpm>
      <Cadence>80</Cadence>
      <Extensions>
       <Speed>6.380000</Speed>
      </Extensions>
     </Trackpoint>
     <Trackpoint>
      <Time>2026-05-24T14:24:51Z</Time>
      <Position>
       <LatitudeDegrees>35.7037792</LatitudeDegrees>
       <LongitudeDegrees>139.7730148</LongitudeDegrees>
      </Position>
      <AltitudeMeters>19</AltitudeMeters>
      <DistanceMeters>2651</DistanceMeters>
      <HeartRateBpm>
       <Value>126</Value>
      </HeartRateBpm>
      <Cadence>80</Cadence>
      <Extensions>
       <Speed>6.380000</Speed>
      </Extensions>
     </Trackpoint>
     <Trackpoint>
      <Time>2026-05-24T14:24:52Z</Time>
      <Position>
       <LatitudeDegrees>35.7037959</LatitudeDegrees>
       <LongitudeDegrees>139.7730195</LongitudeDegrees>
      </Position>
      <AltitudeMeters>19</AltitudeMeters>
      <DistanceMeters>2653</DistanceMeters>
      <HeartRateBpm>
       <Value>125</Value>
      </HeartRateBpm>
      <Cadence>80</Cadence>
      <Extensions>
       <Speed>6.390000</Speed>
      </Extensions>
     </Trackpoint>
     <Trackpoint>
      <Time>2026-05-24T14:24:53Z</Time>
      <Position>
       <LatitudeDegrees>35.7038126</LatitudeDegrees>
       <LongitudeDegrees>139.7730243</LongitudeDegrees>
      </Position>
      <AltitudeMeters>19</AltitudeMeters>
      <DistanceMeters>2655</DistanceMeters>
      <HeartRateBpm>
       <Value>124</Value>
      </HeartRateBpm>
      <Cadence>81</Cadence>
      <Extensions>
       <Speed>6.410000</Speed>
      </Extensions>
     </Trackpoint>
     <Trackpoint>
      <Time>2026-05-24T14:24:54Z</Time>
      <Position>
       <LatitudeDegrees>35.7038281</LatitudeDegrees>
       <LongitudeDegrees>139.7730294</LongitudeDegrees>
      </Position>
      <AltitudeMeters>19</AltitudeMeters>
      <DistanceMeters>2657</DistanceMeters>
      <HeartRateBpm>
       <Value>124</Value>
      </HeartRateBpm>
      <Cadence>81</Cadence>
      <Extensions>
       <Speed>6.410000</Speed>
      </Extensions>
     </Trackpoint>
     <Trackpoint>
      <Time>2026-05-24T14:24:55Z</Time>
      <Position>
       <LatitudeDegrees>35.7038437</LatitudeDegrees>
       <LongitudeDegrees>139.7730346</LongitudeDegrees>
      </Position>
      <AltitudeMeters>19</AltitudeMeters>
      <DistanceMeters>2659</DistanceMeters>
      <HeartRateBpm>
       <Value>123</Value>
      </HeartRateBpm>
      <Cadence>81</Cadence>
      <Extensions>
       <Speed>6.420000</Speed>
      </Extensions>
     </Trackpoint>
     <Trackpoint>
      <Time>2026-05-24T14:24:56Z</Time>
      <Position>
       <LatitudeDegrees>35.7038580</LatitudeDegrees>
       <LongitudeDegrees>139.7730371</LongitudeDegrees>
      </Position>
      <AltitudeMeters>19</AltitudeMeters>
      <DistanceMeters>2660</DistanceMeters>
      <HeartRateBpm>
       <Value>123</Value>
      </HeartRateBpm>
      <Cadence>81</Cadence>
      <Extensions>
       <Speed>6.420000</Speed>
      </Extensions>
     </Trackpoint>
     <Trackpoint>
      <Time>2026-05-24T14:24:57Z</Time>
      <Position>
       <LatitudeDegrees>35.7038724</LatitudeDegrees>
       <LongitudeDegrees>139.7730396</LongitudeDegrees>
      </Position>
      <AltitudeMeters>19</AltitudeMeters>
      <DistanceMeters>2661</DistanceMeters>
      <HeartRateBpm>
       <Value>122</Value>
      </HeartRateBpm>
      <Cadence>81</Cadence>
      <Extensions>
       <Speed>6.420000</Speed>
      </Extensions>
     </Trackpoint>
     <Trackpoint>
      <Time>2026-05-24T14:24:58Z</Time>
      <Position>
       <LatitudeDegrees>35.7038848</LatitudeDegrees>
       <LongitudeDegrees>139.7730405</LongitudeDegrees>
      </Position>
      <AltitudeMeters>19</AltitudeMeters>
      <DistanceMeters>2662</DistanceMeters>
      <HeartRateBpm>
       <Value>122</Value>
      </HeartRateBpm>
      <Cadence>81</Cadence>
      <Extensions>
       <Speed>6.410000</Speed>
      </Extensions>
     </Trackpoint>
     <Trackpoint>
      <Time>2026-05-24T14:24:59Z</Time>
      <Position>
       <LatitudeDegrees>35.7038973</LatitudeDegrees>
       <LongitudeDegrees>139.7730415</LongitudeDegrees>
      </Position>
      <AltitudeMeters>19</AltitudeMeters>
      <DistanceMeters>2664</DistanceMeters>
      <HeartRateBpm>
       <Value>122</Value>
      </HeartRateBpm>
      <Cadence>81</Cadence>
      <Extensions>
       <Speed>6.410000</Speed>
      </Extensions>
     </Trackpoint>
     <Trackpoint>
      <Time>2026-05-24T14:25:00Z</Time>
      <Position>
       <LatitudeDegrees>35.7039099</LatitudeDegrees>
       <LongitudeDegrees>139.7730424</LongitudeDegrees>
      </Position>
      <AltitudeMeters>19</AltitudeMeters>
      <DistanceMeters>2666</DistanceMeters>
      <HeartRateBpm>
       <Value>121</Value>
      </HeartRateBpm>
      <Cadence>80</Cadence>
      <Extensions>
       <Speed>6.380000</Speed>
      </Extensions>
     </Trackpoint>
     <Trackpoint>
      <Time>2026-05-24T14:25:01Z</Time>
      <Position>
       <LatitudeDegrees>35.7039226</LatitudeDegrees>
       <LongitudeDegrees>139.7730434</LongitudeDegrees>
      </Position>
      <AltitudeMeters>19</AltitudeMeters>
      <DistanceMeters>2667</DistanceMeters>
      <HeartRateBpm>
       <Value>120</Value>
      </HeartRateBpm>
      <Cadence>80</Cadence>
      <Extensions>
       <Speed>6.360000</Speed>
      </Extensions>
     </Trackpoint>
     <Trackpoint>
      <Time>2026-05-24T14:25:02Z</Time>
      <Position>
       <LatitudeDegrees>35.7039366</LatitudeDegrees>
       <LongitudeDegrees>139.7730446</LongitudeDegrees>
      </Position>
      <AltitudeMeters>19</AltitudeMeters>
      <DistanceMeters>2669</DistanceMeters>
      <HeartRateBpm>
       <Value>119</Value>
      </HeartRateBpm>
      <Cadence>80</Cadence>
      <Extensions>
       <Speed>6.340000</Speed>
      </Extensions>
     </Trackpoint>
     <Trackpoint>
      <Time>2026-05-24T14:25:03Z</Time>
      <Position>
       <LatitudeDegrees>35.7039506</LatitudeDegrees>
       <LongitudeDegrees>139.7730459</LongitudeDegrees>
      </Position>
      <AltitudeMeters>19</AltitudeMeters>
      <DistanceMeters>2671</DistanceMeters>
      <HeartRateBpm>
       <Value>118</Value>
      </HeartRateBpm>
      <Cadence>80</Cadence>
      <Extensions>
       <Speed>6.320000</Speed>
      </Extensions>
     </Trackpoint>
     <Trackpoint>
      <Time>2026-05-24T14:25:04Z</Time>
      <Position>
       <LatitudeDegrees>35.7039662</LatitudeDegrees>
       <LongitudeDegrees>139.7730484</LongitudeDegrees>
      </Position>
      <AltitudeMeters>19</AltitudeMeters>
      <DistanceMeters>2673</DistanceMeters>
      <HeartRateBpm>
       <Value>117</Value>
      </HeartRateBpm>
      <Cadence>80</Cadence>
      <Extensions>
       <Speed>6.310000</Speed>
      </Extensions>
     </Trackpoint>
     <Trackpoint>
      <Time>2026-05-24T14:25:05Z</Time>
      <Position>
       <LatitudeDegrees>35.7039818</LatitudeDegrees>
       <LongitudeDegrees>139.7730510</LongitudeDegrees>
      </Position>
      <AltitudeMeters>19</AltitudeMeters>
      <DistanceMeters>2675</DistanceMeters>
      <HeartRateBpm>
       <Value>116</Value>
      </HeartRateBpm>
      <Cadence>80</Cadence>
      <Extensions>
       <Speed>6.300000</Speed>
      </Extensions>
     </Trackpoint>
     <Trackpoint>
      <Time>2026-05-24T14:25:06Z</Time>
      <Position>
       <LatitudeDegrees>35.7039970</LatitudeDegrees>
       <LongitudeDegrees>139.7730552</LongitudeDegrees>
      </Position>
      <AltitudeMeters>19</AltitudeMeters>
      <DistanceMeters>2676</DistanceMeters>
      <HeartRateBpm>
       <Value>115</Value>
      </HeartRateBpm>
      <Cadence>80</Cadence>
      <Extensions>
       <Speed>6.300000</Speed>
      </Extensions>
     </Trackpoint>
     <Trackpoint>
      <Time>2026-05-24T14:25:07Z</Time>
      <Position>
       <LatitudeDegrees>35.7040123</LatitudeDegrees>
       <LongitudeDegrees>139.7730595</LongitudeDegrees>
      </Position>
      <AltitudeMeters>19</AltitudeMeters>
      <DistanceMeters>2678</DistanceMeters>
      <HeartRateBpm>
       <Value>115</Value>
      </HeartRateBpm>
      <Cadence>80</Cadence>
      <Extensions>
       <Speed>6.300000</Speed>
      </Extensions>
     </Trackpoint>
     <Trackpoint>
      <Time>2026-05-24T14:25:08Z</Time>
      <Position>
       <LatitudeDegrees>35.7040271</LatitudeDegrees>
       <LongitudeDegrees>139.7730634</LongitudeDegrees>
      </Position>
      <AltitudeMeters>19</AltitudeMeters>
      <DistanceMeters>2680</DistanceMeters>
      <HeartRateBpm>
       <Value>115</Value>
      </HeartRateBpm>
      <Cadence>80</Cadence>
      <Extensions>
       <Speed>6.290000</Speed>
      </Extensions>
     </Trackpoint>
     <Trackpoint>
      <Time>2026-05-24T14:25:09Z</Time>
      <Position>
       <LatitudeDegrees>35.7040420</LatitudeDegrees>
       <LongitudeDegrees>139.7730673</LongitudeDegrees>
      </Position>
      <AltitudeMeters>19</AltitudeMeters>
      <DistanceMeters>2681</DistanceMeters>
      <HeartRateBpm>
       <Value>115</Value>
      </HeartRateBpm>
      <Cadence>80</Cadence>
      <Extensions>
       <Speed>6.290000</Speed>
      </Extensions>
     </Trackpoint>
     <Trackpoint>
      <Time>2026-05-24T14:25:10Z</Time>
      <Position>
       <LatitudeDegrees>35.7040570</LatitudeDegrees>
       <LongitudeDegrees>139.7730713</LongitudeDegrees>
      </Position>
      <AltitudeMeters>19</AltitudeMeters>
      <DistanceMeters>2682</DistanceMeters>
      <HeartRateBpm>
       <Value>116</Value>
      </HeartRateBpm>
      <Cadence>80</Cadence>
      <Extensions>
       <Speed>6.290000</Speed>
      </Extensions>
     </Trackpoint>
     <Trackpoint>
      <Time>2026-05-24T14:25:11Z</Time>
      <Position>
       <LatitudeDegrees>35.7040720</LatitudeDegrees>
       <LongitudeDegrees>139.7730753</LongitudeDegrees>
      </Position>
      <AltitudeMeters>19</AltitudeMeters>
      <DistanceMeters>2684</DistanceMeters>
      <HeartRateBpm>
       <Value>118</Value>
      </HeartRateBpm>
      <Cadence>80</Cadence>
      <Extensions>
       <Speed>6.290000</Speed>
      </Extensions>
     </Trackpoint>
     <Trackpoint>
      <Time>2026-05-24T14:25:12Z</Time>
      <Position>
       <LatitudeDegrees>35.7040870</LatitudeDegrees>
       <LongitudeDegrees>139.7730777</LongitudeDegrees>
      </Position>
      <AltitudeMeters>19</AltitudeMeters>
      <DistanceMeters>2686</DistanceMeters>
      <HeartRateBpm>
       <Value>119</Value>
      </HeartRateBpm>
      <Cadence>80</Cadence>
      <Extensions>
       <Speed>6.280000</Speed>
      </Extensions>
     </Trackpoint>
     <Trackpoint>
      <Time>2026-05-24T14:25:13Z</Time>
      <Position>
       <LatitudeDegrees>35.7041020</LatitudeDegrees>
       <LongitudeDegrees>139.7730801</LongitudeDegrees>
      </Position>
      <AltitudeMeters>19</AltitudeMeters>
      <DistanceMeters>2688</DistanceMeters>
      <HeartRateBpm>
       <Value>120</Value>
      </HeartRateBpm>
      <Cadence>80</Cadence>
      <Extensions>
       <Speed>6.270000</Speed>
      </Extensions>
     </Trackpoint>
     <Trackpoint>
      <Time>2026-05-24T14:25:14Z</Time>
      <Position>
       <LatitudeDegrees>35.7041150</LatitudeDegrees>
       <LongitudeDegrees>139.7730814</LongitudeDegrees>
      </Position>
      <AltitudeMeters>19</AltitudeMeters>
      <DistanceMeters>2689</DistanceMeters>
      <HeartRateBpm>
       <Value>121</Value>
      </HeartRateBpm>
      <Cadence>80</Cadence>
      <Extensions>
       <Speed>6.260000</Speed>
      </Extensions>
     </Trackpoint>
     <Trackpoint>
      <Time>2026-05-24T14:25:15Z</Time>
      <Position>
       <LatitudeDegrees>35.7041281</LatitudeDegrees>
       <LongitudeDegrees>139.7730828</LongitudeDegrees>
      </Position>
      <AltitudeMeters>18</AltitudeMeters>
      <DistanceMeters>2690</DistanceMeters>
      <HeartRateBpm>
       <Value>122</Value>
      </HeartRateBpm>
      <Cadence>80</Cadence>
      <Extensions>
       <Speed>6.250000</Speed>
      </Extensions>
     </Trackpoint>
     <Trackpoint>
      <Time>2026-05-24T14:25:16Z</Time>
      <Position>
       <LatitudeDegrees>35.7041411</LatitudeDegrees>
       <LongitudeDegrees>139.7730848</LongitudeDegrees>
      </Position>
      <AltitudeMeters>18</AltitudeMeters>
      <DistanceMeters>2692</DistanceMeters>
      <HeartRateBpm>
       <Value>123</Value>
      </HeartRateBpm>
      <Cadence>80</Cadence>
      <Extensions>
       <Speed>6.240000</Speed>
      </Extensions>
     </Trackpoint>
     <Trackpoint>
      <Time>2026-05-24T14:25:17Z</Time>
      <Position>
       <LatitudeDegrees>35.7041542</LatitudeDegrees>
       <LongitudeDegrees>139.7730869</LongitudeDegrees>
      </Position>
      <AltitudeMeters>18</AltitudeMeters>
      <DistanceMeters>2693</DistanceMeters>
      <HeartRateBpm>
       <Value>123</Value>
      </HeartRateBpm>
      <Cadence>80</Cadence>
      <Extensions>
       <Speed>6.240000</Speed>
      </Extensions>
     </Trackpoint>
     <Trackpoint>
      <Time>2026-05-24T14:25:18Z</Time>
      <Position>
       <LatitudeDegrees>35.7041684</LatitudeDegrees>
       <LongitudeDegrees>139.7730901</LongitudeDegrees>
      </Position>
      <AltitudeMeters>18</AltitudeMeters>
      <DistanceMeters>2695</DistanceMeters>
      <HeartRateBpm>
       <Value>124</Value>
      </HeartRateBpm>
      <Cadence>80</Cadence>
      <Extensions>
       <Speed>6.230000</Speed>
      </Extensions>
     </Trackpoint>
     <Trackpoint>
      <Time>2026-05-24T14:25:19Z</Time>
      <Position>
       <LatitudeDegrees>35.7041826</LatitudeDegrees>
       <LongitudeDegrees>139.7730934</LongitudeDegrees>
      </Position>
      <AltitudeMeters>18</AltitudeMeters>
      <DistanceMeters>2697</DistanceMeters>
      <HeartRateBpm>
       <Value>124</Value>
      </HeartRateBpm>
      <Cadence>80</Cadence>
      <Extensions>
       <Speed>6.230000</Speed>
      </Extensions>
     </Trackpoint>
     <Trackpoint>
      <Time>2026-05-24T14:25:20Z</Time>
      <Position>
       <LatitudeDegrees>35.7041976</LatitudeDegrees>
       <LongitudeDegrees>139.7730954</LongitudeDegrees>
      </Position>
      <AltitudeMeters>18</AltitudeMeters>
      <DistanceMeters>2698</DistanceMeters>
      <HeartRateBpm>
       <Value>125</Value>
      </HeartRateBpm>
      <Cadence>80</Cadence>
      <Extensions>
       <Speed>6.220000</Speed>
      </Extensions>
     </Trackpoint>
     <Trackpoint>
      <Time>2026-05-24T14:25:21Z</Time>
      <Position>
       <LatitudeDegrees>35.7042127</LatitudeDegrees>
       <LongitudeDegrees>139.7730974</LongitudeDegrees>
      </Position>
      <AltitudeMeters>18</AltitudeMeters>
      <DistanceMeters>2700</DistanceMeters>
      <HeartRateBpm>
       <Value>126</Value>
      </HeartRateBpm>
      <Cadence>80</Cadence>
      <Extensions>
       <Speed>6.220000</Speed>
      </Extensions>
     </Trackpoint>
     <Trackpoint>
      <Time>2026-05-24T14:25:22Z</Time>
      <Position>
       <LatitudeDegrees>35.7042261</LatitudeDegrees>
       <LongitudeDegrees>139.7730986</LongitudeDegrees>
      </Position>
      <AltitudeMeters>18</AltitudeMeters>
      <DistanceMeters>2701</DistanceMeters>
      <HeartRateBpm>
       <Value>126</Value>
      </HeartRateBpm>
      <Cadence>80</Cadence>
      <Extensions>
       <Speed>6.220000</Speed>
      </Extensions>
     </Trackpoint>
     <Trackpoint>
      <Time>2026-05-24T14:25:23Z</Time>
      <Position>
       <LatitudeDegrees>35.7042395</LatitudeDegrees>
       <LongitudeDegrees>139.7730999</LongitudeDegrees>
      </Position>
      <AltitudeMeters>18</AltitudeMeters>
      <DistanceMeters>2702</DistanceMeters>
      <HeartRateBpm>
       <Value>126</Value>
      </HeartRateBpm>
      <Cadence>80</Cadence>
      <Extensions>
       <Speed>6.220000</Speed>
      </Extensions>
     </Trackpoint>
     <Trackpoint>
      <Time>2026-05-24T14:25:24Z</Time>
      <Position>
       <LatitudeDegrees>35.7042524</LatitudeDegrees>
       <LongitudeDegrees>139.7731008</LongitudeDegrees>
      </Position>
      <AltitudeMeters>18</AltitudeMeters>
      <DistanceMeters>2704</DistanceMeters>
      <HeartRateBpm>
       <Value>126</Value>
      </HeartRateBpm>
      <Cadence>80</Cadence>
      <Extensions>
       <Speed>6.210000</Speed>
      </Extensions>
     </Trackpoint>
     <Trackpoint>
      <Time>2026-05-24T14:25:25Z</Time>
      <Position>
       <LatitudeDegrees>35.7042653</LatitudeDegrees>
       <LongitudeDegrees>139.7731017</LongitudeDegrees>
      </Position>
      <AltitudeMeters>18</AltitudeMeters>
      <DistanceMeters>2706</DistanceMeters>
      <HeartRateBpm>
       <Value>126</Value>
      </HeartRateBpm>
      <Cadence>80</Cadence>
      <Extensions>
       <Speed>6.210000</Speed>
      </Extensions>
     </Trackpoint>
     <Trackpoint>
      <Time>2026-05-24T14:25:26Z</Time>
      <Position>
       <LatitudeDegrees>35.7042816</LatitudeDegrees>
       <LongitudeDegrees>139.7731033</LongitudeDegrees>
      </Position>
      <AltitudeMeters>18</AltitudeMeters>
      <DistanceMeters>2708</DistanceMeters>
      <HeartRateBpm>
       <Value>126</Value>
      </HeartRateBpm>
      <Cadence>80</Cadence>
      <Extensions>
       <Speed>6.200000</Speed>
      </Extensions>
     </Trackpoint>
     <Trackpoint>
      <Time>2026-05-24T14:25:27Z</Time>
      <Position>
       <LatitudeDegrees>35.7042980</LatitudeDegrees>
       <LongitudeDegrees>139.7731049</LongitudeDegrees>
      </Position>
      <AltitudeMeters>18</AltitudeMeters>
      <DistanceMeters>2711</DistanceMeters>
      <HeartRateBpm>
       <Value>126</Value>
      </HeartRateBpm>
      <Cadence>81</Cadence>
      <Extensions>
       <Speed>6.200000</Speed>
      </Extensions>
     </Trackpoint>
     <Trackpoint>
      <Time>2026-05-24T14:25:28Z</Time>
      <Position>
       <LatitudeDegrees>35.7043181</LatitudeDegrees>
       <LongitudeDegrees>139.7731098</LongitudeDegrees>
      </Position>
      <AltitudeMeters>18</AltitudeMeters>
      <DistanceMeters>2714</DistanceMeters>
      <HeartRateBpm>
       <Value>126</Value>
      </HeartRateBpm>
      <Cadence>80</Cadence>
      <Extensions>
       <Speed>6.240000</Speed>
      </Extensions>
     </Trackpoint>
     <Trackpoint>
      <Time>2026-05-24T14:25:29Z</Time>
      <Position>
       <LatitudeDegrees>35.7043383</LatitudeDegrees>
       <LongitudeDegrees>139.7731147</LongitudeDegrees>
      </Position>
      <AltitudeMeters>18</AltitudeMeters>
      <DistanceMeters>2716</DistanceMeters>
      <HeartRateBpm>
       <Value>126</Value>
      </HeartRateBpm>
      <Cadence>80</Cadence>
      <Extensions>
       <Speed>6.290000</Speed>
      </Extensions>
     </Trackpoint>
     <Trackpoint>
      <Time>2026-05-24T14:25:30Z</Time>
      <Position>
       <LatitudeDegrees>35.7043584</LatitudeDegrees>
       <LongitudeDegrees>139.7731238</LongitudeDegrees>
      </Position>
      <AltitudeMeters>18</AltitudeMeters>
      <DistanceMeters>2718</DistanceMeters>
      <HeartRateBpm>
       <Value>126</Value>
      </HeartRateBpm>
      <Cadence>80</Cadence>
      <Extensions>
       <Speed>6.420000</Speed>
      </Extensions>
     </Trackpoint>
     <Trackpoint>
      <Time>2026-05-24T14:25:31Z</Time>
      <Position>
       <LatitudeDegrees>35.7043785</LatitudeDegrees>
       <LongitudeDegrees>139.7731329</LongitudeDegrees>
      </Position>
      <AltitudeMeters>18</AltitudeMeters>
      <DistanceMeters>2720</DistanceMeters>
      <HeartRateBpm>
       <Value>126</Value>
      </HeartRateBpm>
      <Cadence>80</Cadence>
      <Extensions>
       <Speed>6.560000</Speed>
      </Extensions>
     </Trackpoint>
     <Trackpoint>
      <Time>2026-05-24T14:25:32Z</Time>
      <Position>
       <LatitudeDegrees>35.7043934</LatitudeDegrees>
       <LongitudeDegrees>139.7731469</LongitudeDegrees>
      </Position>
      <AltitudeMeters>18</AltitudeMeters>
      <DistanceMeters>2722</DistanceMeters>
      <HeartRateBpm>
       <Value>126</Value>
      </HeartRateBpm>
      <Cadence>80</Cadence>
      <Extensions>
       <Speed>6.720000</Speed>
      </Extensions>
     </Trackpoint>
     <Trackpoint>
      <Time>2026-05-24T14:25:33Z</Time>
      <Position>
       <LatitudeDegrees>35.7044084</LatitudeDegrees>
       <LongitudeDegrees>139.7731610</LongitudeDegrees>
      </Position>
      <AltitudeMeters>18</AltitudeMeters>
      <DistanceMeters>2724</DistanceMeters>
      <HeartRateBpm>
       <Value>126</Value>
      </HeartRateBpm>
      <Cadence>80</Cadence>
      <Extensions>
       <Speed>6.890000</Speed>
      </Extensions>
     </Trackpoint>
     <Trackpoint>
      <Time>2026-05-24T14:25:34Z</Time>
      <Position>
       <LatitudeDegrees>35.7044169</LatitudeDegrees>
       <LongitudeDegrees>139.7731793</LongitudeDegrees>
      </Position>
      <AltitudeMeters>18</AltitudeMeters>
      <DistanceMeters>2726</DistanceMeters>
      <HeartRateBpm>
       <Value>126</Value>
      </HeartRateBpm>
      <Cadence>80</Cadence>
      <Extensions>
       <Speed>6.970000</Speed>
      </Extensions>
     </Trackpoint>
     <Trackpoint>
      <Time>2026-05-24T14:25:35Z</Time>
      <Position>
       <LatitudeDegrees>35.7044254</LatitudeDegrees>
       <LongitudeDegrees>139.7731976</LongitudeDegrees>
      </Position>
      <AltitudeMeters>18</AltitudeMeters>
      <DistanceMeters>2728</DistanceMeters>
      <HeartRateBpm>
       <Value>126</Value>
      </HeartRateBpm>
      <Cadence>80</Cadence>
      <Extensions>
       <Speed>7.060000</Speed>
      </Extensions>
     </Trackpoint>
     <Trackpoint>
      <Time>2026-05-24T14:25:36Z</Time>
      <Position>
       <LatitudeDegrees>35.7044302</LatitudeDegrees>
       <LongitudeDegrees>139.7732204</LongitudeDegrees>
      </Position>
      <AltitudeMeters>18</AltitudeMeters>
      <DistanceMeters>2730</DistanceMeters>
      <HeartRateBpm>
       <Value>126</Value>
      </HeartRateBpm>
      <Cadence>80</Cadence>
      <Extensions>
       <Speed>7.070000</Speed>
      </Extensions>
     </Trackpoint>
     <Trackpoint>
      <Time>2026-05-24T14:25:37Z</Time>
      <Position>
       <LatitudeDegrees>35.7044350</LatitudeDegrees>
       <LongitudeDegrees>139.7732432</LongitudeDegrees>
      </Position>
      <AltitudeMeters>18</AltitudeMeters>
      <DistanceMeters>2733</DistanceMeters>
      <HeartRateBpm>
       <Value>126</Value>
      </HeartRateBpm>
      <Cadence>80</Cadence>
      <Extensions>
       <Speed>7.090000</Speed>
      </Extensions>
     </Trackpoint>
     <Trackpoint>
      <Time>2026-05-24T14:25:38Z</Time>
      <Position>
       <LatitudeDegrees>35.7044371</LatitudeDegrees>
       <LongitudeDegrees>139.7732678</LongitudeDegrees>
      </Position>
      <AltitudeMeters>18</AltitudeMeters>
      <DistanceMeters>2735</DistanceMeters>
      <HeartRateBpm>
       <Value>126</Value>
      </HeartRateBpm>
      <Cadence>80</Cadence>
      <Extensions>
       <Speed>7.200000</Speed>
      </Extensions>
     </Trackpoint>
     <Trackpoint>
      <Time>2026-05-24T14:25:39Z</Time>
      <Position>
       <LatitudeDegrees>35.7044393</LatitudeDegrees>
       <LongitudeDegrees>139.7732924</LongitudeDegrees>
      </Position>
      <AltitudeMeters>18</AltitudeMeters>
      <DistanceMeters>2737</DistanceMeters>
      <HeartRateBpm>
       <Value>126</Value>
      </HeartRateBpm>
      <Cadence>80</Cadence>
      <Extensions>
       <Speed>7.320000</Speed>
      </Extensions>
     </Trackpoint>
     <Trackpoint>
      <Time>2026-05-24T14:25:40Z</Time>
      <Position>
       <LatitudeDegrees>35.7044389</LatitudeDegrees>
       <LongitudeDegrees>139.7733136</LongitudeDegrees>
      </Position>
      <AltitudeMeters>18</AltitudeMeters>
      <DistanceMeters>2738</DistanceMeters>
      <HeartRateBpm>
       <Value>126</Value>
      </HeartRateBpm>
      <Cadence>80</Cadence>
      <Extensions>
       <Speed>7.360000</Speed>
      </Extensions>
     </Trackpoint>
     <Trackpoint>
      <Time>2026-05-24T14:25:41Z</Time>
      <Position>
       <LatitudeDegrees>35.7044386</LatitudeDegrees>
       <LongitudeDegrees>139.7733348</LongitudeDegrees>
      </Position>
      <AltitudeMeters>18</AltitudeMeters>
      <DistanceMeters>2739</DistanceMeters>
      <HeartRateBpm>
       <Value>127</Value>
      </HeartRateBpm>
      <Cadence>80</Cadence>
      <Extensions>
       <Speed>7.400000</Speed>
      </Extensions>
     </Trackpoint>
     <Trackpoint>
      <Time>2026-05-24T14:25:42Z</Time>
      <Position>
       <LatitudeDegrees>35.7044369</LatitudeDegrees>
       <LongitudeDegrees>139.7733512</LongitudeDegrees>
      </Position>
      <AltitudeMeters>18</AltitudeMeters>
      <DistanceMeters>2740</DistanceMeters>
      <HeartRateBpm>
       <Value>127</Value>
      </HeartRateBpm>
      <Cadence>80</Cadence>
      <Extensions>
       <Speed>7.400000</Speed>
      </Extensions>
     </Trackpoint>
     <Trackpoint>
      <Time>2026-05-24T14:25:43Z</Time>
      <Position>
       <LatitudeDegrees>35.7044352</LatitudeDegrees>
       <LongitudeDegrees>139.7733676</LongitudeDegrees>
      </Position>
      <AltitudeMeters>18</AltitudeMeters>
      <DistanceMeters>2742</DistanceMeters>
      <HeartRateBpm>
       <Value>126</Value>
      </HeartRateBpm>
      <Cadence>80</Cadence>
      <Extensions>
       <Speed>7.400000</Speed>
      </Extensions>
     </Trackpoint>
     <Trackpoint>
      <Time>2026-05-24T14:25:44Z</Time>
      <Position>
       <LatitudeDegrees>35.7044321</LatitudeDegrees>
       <LongitudeDegrees>139.7733815</LongitudeDegrees>
      </Position>
      <AltitudeMeters>18</AltitudeMeters>
      <DistanceMeters>2744</DistanceMeters>
      <HeartRateBpm>
       <Value>126</Value>
      </HeartRateBpm>
      <Cadence>80</Cadence>
      <Extensions>
       <Speed>7.380000</Speed>
      </Extensions>
     </Trackpoint>
     <Trackpoint>
      <Time>2026-05-24T14:25:45Z</Time>
      <Position>
       <LatitudeDegrees>35.7044290</LatitudeDegrees>
       <LongitudeDegrees>139.7733954</LongitudeDegrees>
      </Position>
      <AltitudeMeters>18</AltitudeMeters>
      <DistanceMeters>2745</DistanceMeters>
      <HeartRateBpm>
       <Value>126</Value>
      </HeartRateBpm>
      <Cadence>80</Cadence>
      <Extensions>
       <Speed>7.370000</Speed>
      </Extensions>
     </Trackpoint>
     <Trackpoint>
      <Time>2026-05-24T14:25:46Z</Time>
      <Position>
       <LatitudeDegrees>35.7044267</LatitudeDegrees>
       <LongitudeDegrees>139.7734123</LongitudeDegrees>
      </Position>
      <AltitudeMeters>18</AltitudeMeters>
      <DistanceMeters>2747</DistanceMeters>
      <HeartRateBpm>
       <Value>127</Value>
      </HeartRateBpm>
      <Cadence>80</Cadence>
      <Extensions>
       <Speed>7.340000</Speed>
      </Extensions>
     </Trackpoint>
     <Trackpoint>
      <Time>2026-05-24T14:25:47Z</Time>
      <Position>
       <LatitudeDegrees>35.7044244</LatitudeDegrees>
       <LongitudeDegrees>139.7734292</LongitudeDegrees>
      </Position>
      <AltitudeMeters>18</AltitudeMeters>
      <DistanceMeters>2749</DistanceMeters>
      <HeartRateBpm>
       <Value>126</Value>
      </HeartRateBpm>
      <Cadence>81</Cadence>
      <Extensions>
       <Speed>7.320000</Speed>
      </Extensions>
     </Trackpoint>
     <Trackpoint>
      <Time>2026-05-24T14:25:48Z</Time>
      <Position>
       <LatitudeDegrees>35.7044220</LatitudeDegrees>
       <LongitudeDegrees>139.7734504</LongitudeDegrees>
      </Position>
      <AltitudeMeters>18</AltitudeMeters>
      <DistanceMeters>2751</DistanceMeters>
      <HeartRateBpm>
       <Value>126</Value>
      </HeartRateBpm>
      <Cadence>81</Cadence>
      <Extensions>
       <Speed>7.300000</Speed>
      </Extensions>
     </Trackpoint>
     <Trackpoint>
      <Time>2026-05-24T14:25:49Z</Time>
      <Position>
       <LatitudeDegrees>35.7044196</LatitudeDegrees>
       <LongitudeDegrees>139.7734716</LongitudeDegrees>
      </Position>
      <AltitudeMeters>18</AltitudeMeters>
      <DistanceMeters>2753</DistanceMeters>
      <HeartRateBpm>
       <Value>126</Value>
      </HeartRateBpm>
      <Cadence>81</Cadence>
      <Extensions>
       <Speed>7.290000</Speed>
      </Extensions>
     </Trackpoint>
     <Trackpoint>
      <Time>2026-05-24T14:25:50Z</Time>
      <Position>
       <LatitudeDegrees>35.7044166</LatitudeDegrees>
       <LongitudeDegrees>139.7734947</LongitudeDegrees>
      </Position>
      <AltitudeMeters>18</AltitudeMeters>
      <DistanceMeters>2756</DistanceMeters>
      <HeartRateBpm>
       <Value>126</Value>
      </HeartRateBpm>
      <Cadence>81</Cadence>
      <Extensions>
       <Speed>7.190000</Speed>
      </Extensions>
     </Trackpoint>
     <Trackpoint>
      <Time>2026-05-24T14:25:51Z</Time>
      <Position>
       <LatitudeDegrees>35.7044136</LatitudeDegrees>
       <LongitudeDegrees>139.7735178</LongitudeDegrees>
      </Position>
      <AltitudeMeters>18</AltitudeMeters>
      <DistanceMeters>2758</DistanceMeters>
      <HeartRateBpm>
       <Value>126</Value>
      </HeartRateBpm>
      <Cadence>81</Cadence>
      <Extensions>
       <Speed>7.100000</Speed>
      </Extensions>
     </Trackpoint>
     <Trackpoint>
      <Time>2026-05-24T14:25:52Z</Time>
      <Position>
       <LatitudeDegrees>35.7044095</LatitudeDegrees>
       <LongitudeDegrees>139.7735441</LongitudeDegrees>
      </Position>
      <AltitudeMeters>18</AltitudeMeters>
      <DistanceMeters>2760</DistanceMeters>
      <HeartRateBpm>
       <Value>126</Value>
      </HeartRateBpm>
      <Cadence>81</Cadence>
      <Extensions>
       <Speed>7.040000</Speed>
      </Extensions>
     </Trackpoint>
     <Trackpoint>
      <Time>2026-05-24T14:25:53Z</Time>
      <Position>
       <LatitudeDegrees>35.7044054</LatitudeDegrees>
       <LongitudeDegrees>139.7735704</LongitudeDegrees>
      </Position>
      <AltitudeMeters>18</AltitudeMeters>
      <DistanceMeters>2763</DistanceMeters>
      <HeartRateBpm>
       <Value>126</Value>
      </HeartRateBpm>
      <Cadence>81</Cadence>
      <Extensions>
       <Speed>6.990000</Speed>
      </Extensions>
     </Trackpoint>
     <Trackpoint>
      <Time>2026-05-24T14:25:54Z</Time>
      <Position>
       <LatitudeDegrees>35.7044017</LatitudeDegrees>
       <LongitudeDegrees>139.7735961</LongitudeDegrees>
      </Position>
      <AltitudeMeters>18</AltitudeMeters>
      <DistanceMeters>2765</DistanceMeters>
      <HeartRateBpm>
       <Value>126</Value>
      </HeartRateBpm>
      <Cadence>81</Cadence>
      <Extensions>
       <Speed>6.990000</Speed>
      </Extensions>
     </Trackpoint>
     <Trackpoint>
      <Time>2026-05-24T14:25:55Z</Time>
      <Position>
       <LatitudeDegrees>35.7043980</LatitudeDegrees>
       <LongitudeDegrees>139.7736218</LongitudeDegrees>
      </Position>
      <AltitudeMeters>18</AltitudeMeters>
      <DistanceMeters>2767</DistanceMeters>
      <HeartRateBpm>
       <Value>126</Value>
      </HeartRateBpm>
      <Cadence>81</Cadence>
      <Extensions>
       <Speed>7.000000</Speed>
      </Extensions>
     </Trackpoint>
     <Trackpoint>
      <Time>2026-05-24T14:25:56Z</Time>
      <Position>
       <LatitudeDegrees>35.7043947</LatitudeDegrees>
       <LongitudeDegrees>139.7736446</LongitudeDegrees>
      </Position>
      <AltitudeMeters>18</AltitudeMeters>
      <DistanceMeters>2769</DistanceMeters>
      <HeartRateBpm>
       <Value>127</Value>
      </HeartRateBpm>
      <Cadence>81</Cadence>
      <Extensions>
       <Speed>7.020000</Speed>
      </Extensions>
     </Trackpoint>
     <Trackpoint>
      <Time>2026-05-24T14:25:57Z</Time>
      <Position>
       <LatitudeDegrees>35.7043915</LatitudeDegrees>
       <LongitudeDegrees>139.7736675</LongitudeDegrees>
      </Position>
      <AltitudeMeters>18</AltitudeMeters>
      <DistanceMeters>2771</DistanceMeters>
      <HeartRateBpm>
       <Value>127</Value>
      </HeartRateBpm>
      <Cadence>81</Cadence>
      <Extensions>
       <Speed>7.040000</Speed>
      </Extensions>
     </Trackpoint>
     <Trackpoint>
      <Time>2026-05-24T14:25:58Z</Time>
      <Position>
       <LatitudeDegrees>35.7043885</LatitudeDegrees>
       <LongitudeDegrees>139.7736884</LongitudeDegrees>
      </Position>
      <AltitudeMeters>18</AltitudeMeters>
      <DistanceMeters>2772</DistanceMeters>
      <HeartRateBpm>
       <Value>127</Value>
      </HeartRateBpm>
      <Cadence>81</Cadence>
      <Extensions>
       <Speed>7.060000</Speed>
      </Extensions>
     </Trackpoint>
     <Trackpoint>
      <Time>2026-05-24T14:25:59Z</Time>
      <Position>
       <LatitudeDegrees>35.7043856</LatitudeDegrees>
       <LongitudeDegrees>139.7737093</LongitudeDegrees>
      </Position>
      <AltitudeMeters>18</AltitudeMeters>
      <DistanceMeters>2774</DistanceMeters>
      <HeartRateBpm>
       <Value>127</Value>
      </HeartRateBpm>
      <Cadence>81</Cadence>
      <Extensions>
       <Speed>7.080000</Speed>
      </Extensions>
     </Trackpoint>
     <Trackpoint>
      <Time>2026-05-24T14:26:00Z</Time>
      <Position>
       <LatitudeDegrees>35.7043847</LatitudeDegrees>
       <LongitudeDegrees>139.7737290</LongitudeDegrees>
      </Position>
      <AltitudeMeters>18</AltitudeMeters>
      <DistanceMeters>2776</DistanceMeters>
      <HeartRateBpm>
       <Value>128</Value>
      </HeartRateBpm>
      <Cadence>81</Cadence>
      <Extensions>
       <Speed>7.080000</Speed>
      </Extensions>
     </Trackpoint>
     <Trackpoint>
      <Time>2026-05-24T14:26:01Z</Time>
      <Position>
       <LatitudeDegrees>35.7043838</LatitudeDegrees>
       <LongitudeDegrees>139.7737487</LongitudeDegrees>
      </Position>
      <AltitudeMeters>18</AltitudeMeters>
      <DistanceMeters>2778</DistanceMeters>
      <HeartRateBpm>
       <Value>128</Value>
      </HeartRateBpm>
      <Cadence>81</Cadence>
      <Extensions>
       <Speed>7.090000</Speed>
      </Extensions>
     </Trackpoint>
     <Trackpoint>
      <Time>2026-05-24T14:26:02Z</Time>
      <Position>
       <LatitudeDegrees>35.7043863</LatitudeDegrees>
       <LongitudeDegrees>139.7737680</LongitudeDegrees>
      </Position>
      <AltitudeMeters>18</AltitudeMeters>
      <DistanceMeters>2780</DistanceMeters>
      <HeartRateBpm>
       <Value>128</Value>
      </HeartRateBpm>
      <Cadence>81</Cadence>
      <Extensions>
       <Speed>7.080000</Speed>
      </Extensions>
     </Trackpoint>
     <Trackpoint>
      <Time>2026-05-24T14:26:03Z</Time>
      <Position>
       <LatitudeDegrees>35.7043888</LatitudeDegrees>
       <LongitudeDegrees>139.7737874</LongitudeDegrees>
      </Position>
      <AltitudeMeters>18</AltitudeMeters>
      <DistanceMeters>2781</DistanceMeters>
      <HeartRateBpm>
       <Value>128</Value>
      </HeartRateBpm>
      <Cadence>81</Cadence>
      <Extensions>
       <Speed>7.080000</Speed>
      </Extensions>
     </Trackpoint>
     <Trackpoint>
      <Time>2026-05-24T14:26:04Z</Time>
      <Position>
       <LatitudeDegrees>35.7043932</LatitudeDegrees>
       <LongitudeDegrees>139.7738089</LongitudeDegrees>
      </Position>
      <AltitudeMeters>18</AltitudeMeters>
      <DistanceMeters>2784</DistanceMeters>
      <HeartRateBpm>
       <Value>128</Value>
      </HeartRateBpm>
      <Cadence>81</Cadence>
      <Extensions>
       <Speed>7.070000</Speed>
      </Extensions>
     </Trackpoint>
     <Trackpoint>
      <Time>2026-05-24T14:26:05Z</Time>
      <Position>
       <LatitudeDegrees>35.7043976</LatitudeDegrees>
       <LongitudeDegrees>139.7738305</LongitudeDegrees>
      </Position>
      <AltitudeMeters>18</AltitudeMeters>
      <DistanceMeters>2787</DistanceMeters>
      <HeartRateBpm>
       <Value>128</Value>
      </HeartRateBpm>
      <Cadence>82</Cadence>
      <Extensions>
       <Speed>7.070000</Speed>
      </Extensions>
     </Trackpoint>
     <Trackpoint>
      <Time>2026-05-24T14:26:06Z</Time>
      <Position>
       <LatitudeDegrees>35.7044023</LatitudeDegrees>
       <LongitudeDegrees>139.7738565</LongitudeDegrees>
      </Position>
      <AltitudeMeters>18</AltitudeMeters>
      <DistanceMeters>2790</DistanceMeters>
      <HeartRateBpm>
       <Value>128</Value>
      </HeartRateBpm>
      <Cadence>82</Cadence>
      <Extensions>
       <Speed>7.070000</Speed>
      </Extensions>
     </Trackpoint>
     <Trackpoint>
      <Time>2026-05-24T14:26:07Z</Time>
      <Position>
       <LatitudeDegrees>35.7044070</LatitudeDegrees>
       <LongitudeDegrees>139.7738826</LongitudeDegrees>
      </Position>
      <AltitudeMeters>18</AltitudeMeters>
      <DistanceMeters>2792</DistanceMeters>
      <HeartRateBpm>
       <Value>128</Value>
      </HeartRateBpm>
      <Cadence>82</Cadence>
      <Extensions>
       <Speed>7.070000</Speed>
      </Extensions>
     </Trackpoint>
     <Trackpoint>
      <Time>2026-05-24T14:26:08Z</Time>
      <Position>
       <LatitudeDegrees>35.7044081</LatitudeDegrees>
       <LongitudeDegrees>139.7739106</LongitudeDegrees>
      </Position>
      <AltitudeMeters>18</AltitudeMeters>
      <DistanceMeters>2794</DistanceMeters>
      <HeartRateBpm>
       <Value>128</Value>
      </HeartRateBpm>
      <Cadence>82</Cadence>
      <Extensions>
       <Speed>7.090000</Speed>
      </Extensions>
     </Trackpoint>
     <Trackpoint>
      <Time>2026-05-24T14:26:09Z</Time>
      <Position>
       <LatitudeDegrees>35.7044092</LatitudeDegrees>
       <LongitudeDegrees>139.7739386</LongitudeDegrees>
      </Position>
      <AltitudeMeters>18</AltitudeMeters>
      <DistanceMeters>2797</DistanceMeters>
      <HeartRateBpm>
       <Value>129</Value>
      </HeartRateBpm>
      <Cadence>82</Cadence>
      <Extensions>
       <Speed>7.110000</Speed>
      </Extensions>
     </Trackpoint>
     <Trackpoint>
      <Time>2026-05-24T14:26:10Z</Time>
      <Position>
       <LatitudeDegrees>35.7044059</LatitudeDegrees>
       <LongitudeDegrees>139.7739641</LongitudeDegrees>
      </Position>
      <AltitudeMeters>18</AltitudeMeters>
      <DistanceMeters>2798</DistanceMeters>
      <HeartRateBpm>
       <Value>129</Value>
      </HeartRateBpm>
      <Cadence>82</Cadence>
      <Extensions>
       <Speed>7.140000</Speed>
      </Extensions>
     </Trackpoint>
     <Trackpoint>
      <Time>2026-05-24T14:26:11Z</Time>
      <Position>
       <LatitudeDegrees>35.7044026</LatitudeDegrees>
       <LongitudeDegrees>139.7739896</LongitudeDegrees>
      </Position>
      <AltitudeMeters>18</AltitudeMeters>
      <DistanceMeters>2800</DistanceMeters>
      <HeartRateBpm>
       <Value>129</Value>
      </HeartRateBpm>
      <Cadence>82</Cadence>
      <Extensions>
       <Speed>7.170000</Speed>
      </Extensions>
     </Trackpoint>
     <Trackpoint>
      <Time>2026-05-24T14:26:12Z</Time>
      <Position>
       <LatitudeDegrees>35.7043981</LatitudeDegrees>
       <LongitudeDegrees>139.7740111</LongitudeDegrees>
      </Position>
      <AltitudeMeters>18</AltitudeMeters>
      <DistanceMeters>2802</DistanceMeters>
      <HeartRateBpm>
       <Value>129</Value>
      </HeartRateBpm>
      <Cadence>82</Cadence>
      <Extensions>
       <Speed>7.190000</Speed>
      </Extensions>
     </Trackpoint>
     <Trackpoint>
      <Time>2026-05-24T14:26:13Z</Time>
      <Position>
       <LatitudeDegrees>35.7043936</LatitudeDegrees>
       <LongitudeDegrees>139.7740326</LongitudeDegrees>
      </Position>
      <AltitudeMeters>18</AltitudeMeters>
      <DistanceMeters>2804</DistanceMeters>
      <HeartRateBpm>
       <Value>129</Value>
      </HeartRateBpm>
      <Cadence>82</Cadence>
      <Extensions>
       <Speed>7.220000</Speed>
      </Extensions>
     </Trackpoint>
     <Trackpoint>
      <Time>2026-05-24T14:26:14Z</Time>
      <Position>
       <LatitudeDegrees>35.7043907</LatitudeDegrees>
       <LongitudeDegrees>139.7740521</LongitudeDegrees>
      </Position>
      <AltitudeMeters>18</AltitudeMeters>
      <DistanceMeters>2806</DistanceMeters>
      <HeartRateBpm>
       <Value>129</Value>
      </HeartRateBpm>
      <Cadence>82</Cadence>
      <Extensions>
       <Speed>7.220000</Speed>
      </Extensions>
     </Trackpoint>
     <Trackpoint>
      <Time>2026-05-24T14:26:15Z</Time>
      <Position>
       <LatitudeDegrees>35.7043879</LatitudeDegrees>
       <LongitudeDegrees>139.7740717</LongitudeDegrees>
      </Position>
      <AltitudeMeters>18</AltitudeMeters>
      <DistanceMeters>2807</DistanceMeters>
      <HeartRateBpm>
       <Value>129</Value>
      </HeartRateBpm>
      <Cadence>82</Cadence>
      <Extensions>
       <Speed>7.230000</Speed>
      </Extensions>
     </Trackpoint>
     <Trackpoint>
      <Time>2026-05-24T14:26:16Z</Time>
      <AltitudeMeters>18</AltitudeMeters>
      <DistanceMeters>2807</DistanceMeters>
      <HeartRateBpm>
       <Value>129</Value>
      </HeartRateBpm>
      <Cadence>82</Cadence>
      <Extensions>
       <Speed>7.230000</Speed>
      </Extensions>
     </Trackpoint>
     <Trackpoint>
      <Time>2026-05-24T14:26:17Z</Time>
      <AltitudeMeters>18</AltitudeMeters>
      <DistanceMeters>2807</DistanceMeters>
      <HeartRateBpm>
       <Value>129</Value>
      </HeartRateBpm>
      <Cadence>82</Cadence>
      <Extensions>
       <Speed>7.240000</Speed>
      </Extensions>
     </Trackpoint>
     <Trackpoint>
      <Time>2026-05-24T14:26:18Z</Time>
      <AltitudeMeters>18</AltitudeMeters>
      <DistanceMeters>2807</DistanceMeters>
      <HeartRateBpm>
       <Value>130</Value>
      </HeartRateBpm>
      <Cadence>82</Cadence>
      <Extensions>
       <Speed>7.240000</Speed>
      </Extensions>
     </Trackpoint>
     <Trackpoint>
      <Time>2026-05-24T14:26:19Z</Time>
      <AltitudeMeters>18</AltitudeMeters>
      <DistanceMeters>2807</DistanceMeters>
      <HeartRateBpm>
       <Value>130</Value>
      </HeartRateBpm>
      <Cadence>82</Cadence>
      <Extensions>
       <Speed>7.240000</Speed>
      </Extensions>
     </Trackpoint>
     <Trackpoint>
      <Time>2026-05-24T14:26:20Z</Time>
      <AltitudeMeters>18</AltitudeMeters>
      <DistanceMeters>2807</DistanceMeters>
      <HeartRateBpm>
       <Value>130</Value>
      </HeartRateBpm>
      <Cadence>82</Cadence>
      <Extensions>
       <Speed>7.240000</Speed>
      </Extensions>
     </Trackpoint>
     <Trackpoint>
      <Time>2026-05-24T14:26:21Z</Time>
      <AltitudeMeters>18</AltitudeMeters>
      <DistanceMeters>2807</DistanceMeters>
      <HeartRateBpm>
       <Value>131</Value>
      </HeartRateBpm>
      <Cadence>82</Cadence>
      <Extensions>
       <Speed>7.240000</Speed>
      </Extensions>
     </Trackpoint>
     <Trackpoint>
      <Time>2026-05-24T14:26:22Z</Time>
      <AltitudeMeters>18</AltitudeMeters>
      <DistanceMeters>2807</DistanceMeters>
      <HeartRateBpm>
       <Value>131</Value>
      </HeartRateBpm>
      <Cadence>82</Cadence>
      <Extensions>
       <Speed>7.240000</Speed>
      </Extensions>
     </Trackpoint>
     <Trackpoint>
      <Time>2026-05-24T14:26:23Z</Time>
      <AltitudeMeters>18</AltitudeMeters>
      <DistanceMeters>2807</DistanceMeters>
      <HeartRateBpm>
       <Value>131</Value>
      </HeartRateBpm>
      <Cadence>82</Cadence>
      <Extensions>
       <Speed>7.240000</Speed>
      </Extensions>
     </Trackpoint>
     <Trackpoint>
      <Time>2026-05-24T14:26:24Z</Time>
      <Position>
       <LatitudeDegrees>35.7043900</LatitudeDegrees>
       <LongitudeDegrees>139.7741061</LongitudeDegrees>
      </Position>
      <AltitudeMeters>18</AltitudeMeters>
      <DistanceMeters>2810</DistanceMeters>
      <HeartRateBpm>
       <Value>130</Value>
      </HeartRateBpm>
      <Cadence>82</Cadence>
      <Extensions>
       <Speed>7.180000</Speed>
      </Extensions>
     </Trackpoint>
     <Trackpoint>
      <Time>2026-05-24T14:26:25Z</Time>
      <Position>
       <LatitudeDegrees>35.7043899</LatitudeDegrees>
       <LongitudeDegrees>139.7741302</LongitudeDegrees>
      </Position>
      <AltitudeMeters>18</AltitudeMeters>
      <DistanceMeters>2814</DistanceMeters>
      <HeartRateBpm>
       <Value>130</Value>
      </HeartRateBpm>
      <Cadence>82</Cadence>
      <Extensions>
       <Speed>7.120000</Speed>
      </Extensions>
     </Trackpoint>
     <Trackpoint>
      <Time>2026-05-24T14:26:26Z</Time>
      <Position>
       <LatitudeDegrees>35.7043899</LatitudeDegrees>
       <LongitudeDegrees>139.7741543</LongitudeDegrees>
      </Position>
      <AltitudeMeters>18</AltitudeMeters>
      <DistanceMeters>2818</DistanceMeters>
      <HeartRateBpm>
       <Value>130</Value>
      </HeartRateBpm>
      <Cadence>81</Cadence>
      <Extensions>
       <Speed>7.070000</Speed>
      </Extensions>
     </Trackpoint>
     <Trackpoint>
      <Time>2026-05-24T14:26:27Z</Time>
      <Position>
       <LatitudeDegrees>35.7043886</LatitudeDegrees>
       <LongitudeDegrees>139.7741735</LongitudeDegrees>
      </Position>
      <AltitudeMeters>18</AltitudeMeters>
      <DistanceMeters>2822</DistanceMeters>
      <HeartRateBpm>
       <Value>130</Value>
      </HeartRateBpm>
      <Cadence>81</Cadence>
      <Extensions>
       <Speed>7.030000</Speed>
      </Extensions>
     </Trackpoint>
     <Trackpoint>
      <Time>2026-05-24T14:26:28Z</Time>
      <Position>
       <LatitudeDegrees>35.7043873</LatitudeDegrees>
       <LongitudeDegrees>139.7741928</LongitudeDegrees>
      </Position>
      <AltitudeMeters>18</AltitudeMeters>
      <DistanceMeters>2822</DistanceMeters>
      <HeartRateBpm>
       <Value>130</Value>
      </HeartRateBpm>
      <Cadence>81</Cadence>
      <Extensions>
       <Speed>6.970000</Speed>
      </Extensions>
     </Trackpoint>
     <Trackpoint>
      <Time>2026-05-24T14:26:29Z</Time>
      <Position>
       <LatitudeDegrees>35.7043861</LatitudeDegrees>
       <LongitudeDegrees>139.7742121</LongitudeDegrees>
      </Position>
      <AltitudeMeters>18</AltitudeMeters>
      <DistanceMeters>2822</DistanceMeters>
      <HeartRateBpm>
       <Value>130</Value>
      </HeartRateBpm>
      <Cadence>81</Cadence>
      <Extensions>
       <Speed>6.920000</Speed>
      </Extensions>
     </Trackpoint>
     <Trackpoint>
      <Time>2026-05-24T14:26:30Z</Time>
      <Position>
       <LatitudeDegrees>35.7043844</LatitudeDegrees>
       <LongitudeDegrees>139.7742387</LongitudeDegrees>
      </Position>
      <AltitudeMeters>18</AltitudeMeters>
      <DistanceMeters>2822</DistanceMeters>
      <HeartRateBpm>
       <Value>130</Value>
      </HeartRateBpm>
      <Cadence>81</Cadence>
      <Extensions>
       <Speed>6.910000</Speed>
      </Extensions>
     </Trackpoint>
     <Trackpoint>
      <Time>2026-05-24T14:26:31Z</Time>
      <Position>
       <LatitudeDegrees>35.7043828</LatitudeDegrees>
       <LongitudeDegrees>139.7742654</LongitudeDegrees>
      </Position>
      <AltitudeMeters>18</AltitudeMeters>
      <DistanceMeters>2822</DistanceMeters>
      <HeartRateBpm>
       <Value>130</Value>
      </HeartRateBpm>
      <Cadence>81</Cadence>
      <Extensions>
       <Speed>6.910000</Speed>
      </Extensions>
     </Trackpoint>
     <Trackpoint>
      <Time>2026-05-24T14:26:32Z</Time>
      <Position>
       <LatitudeDegrees>35.7043789</LatitudeDegrees>
       <LongitudeDegrees>139.7743010</LongitudeDegrees>
      </Position>
      <AltitudeMeters>18</AltitudeMeters>
      <DistanceMeters>2829</DistanceMeters>
      <HeartRateBpm>
       <Value>130</Value>
      </HeartRateBpm>
      <Cadence>81</Cadence>
      <Extensions>
       <Speed>6.930000</Speed>
      </Extensions>
     </Trackpoint>
     <Trackpoint>
      <Time>2026-05-24T14:26:33Z</Time>
      <Position>
       <LatitudeDegrees>35.7043751</LatitudeDegrees>
       <LongitudeDegrees>139.7743367</LongitudeDegrees>
      </Position>
      <AltitudeMeters>18</AltitudeMeters>
      <DistanceMeters>2836</DistanceMeters>
      <HeartRateBpm>
       <Value>130</Value>
      </HeartRateBpm>
      <Cadence>81</Cadence>
      <Extensions>
       <Speed>6.960000</Speed>
      </Extensions>
     </Trackpoint>
     <Trackpoint>
      <Time>2026-05-24T14:26:34Z</Time>
      <Position>
       <LatitudeDegrees>35.7043704</LatitudeDegrees>
       <LongitudeDegrees>139.7743762</LongitudeDegrees>
      </Position>
      <AltitudeMeters>18</AltitudeMeters>
      <DistanceMeters>2840</DistanceMeters>
      <HeartRateBpm>
       <Value>130</Value>
      </HeartRateBpm>
      <Cadence>81</Cadence>
      <Extensions>
       <Speed>7.400000</Speed>
      </Extensions>
     </Trackpoint>
     <Trackpoint>
      <Time>2026-05-24T14:26:35Z</Time>
      <Position>
       <LatitudeDegrees>35.7043658</LatitudeDegrees>
       <LongitudeDegrees>139.7744157</LongitudeDegrees>
      </Position>
      <AltitudeMeters>18</AltitudeMeters>
      <DistanceMeters>2843</DistanceMeters>
      <HeartRateBpm>
       <Value>130</Value>
      </HeartRateBpm>
      <Cadence>82</Cadence>
      <Extensions>
       <Speed>7.840000</Speed>
      </Extensions>
     </Trackpoint>
     <Trackpoint>
      <Time>2026-05-24T14:26:36Z</Time>
      <Position>
       <LatitudeDegrees>35.7043620</LatitudeDegrees>
       <LongitudeDegrees>139.7744557</LongitudeDegrees>
      </Position>
      <AltitudeMeters>18</AltitudeMeters>
      <DistanceMeters>2846</DistanceMeters>
      <HeartRateBpm>
       <Value>130</Value>
      </HeartRateBpm>
      <Cadence>82</Cadence>
      <Extensions>
       <Speed>7.980000</Speed>
      </Extensions>
     </Trackpoint>
     <Trackpoint>
      <Time>2026-05-24T14:26:37Z</Time>
      <Position>
       <LatitudeDegrees>35.7043582</LatitudeDegrees>
       <LongitudeDegrees>139.7744958</LongitudeDegrees>
      </Position>
      <AltitudeMeters>18</AltitudeMeters>
      <DistanceMeters>2850</DistanceMeters>
      <HeartRateBpm>
       <Value>129</Value>
      </HeartRateBpm>
      <Cadence>82</Cadence>
      <Extensions>
       <Speed>8.130000</Speed>
      </Extensions>
     </Trackpoint>
     <Trackpoint>
      <Time>2026-05-24T14:26:38Z</Time>
      <Position>
       <LatitudeDegrees>35.7043576</LatitudeDegrees>
       <LongitudeDegrees>139.7745340</LongitudeDegrees>
      </Position>
      <AltitudeMeters>18</AltitudeMeters>
      <DistanceMeters>2853</DistanceMeters>
      <HeartRateBpm>
       <Value>129</Value>
      </HeartRateBpm>
      <Cadence>82</Cadence>
      <Extensions>
       <Speed>8.820000</Speed>
      </Extensions>
     </Trackpoint>
     <Trackpoint>
      <Time>2026-05-24T14:26:39Z</Time>
      <Position>
       <LatitudeDegrees>35.7043571</LatitudeDegrees>
       <LongitudeDegrees>139.7745723</LongitudeDegrees>
      </Position>
      <AltitudeMeters>18</AltitudeMeters>
      <DistanceMeters>2856</DistanceMeters>
      <HeartRateBpm>
       <Value>129</Value>
      </HeartRateBpm>
      <Cadence>82</Cadence>
      <Extensions>
       <Speed>9.520000</Speed>
      </Extensions>
     </Trackpoint>
     <Trackpoint>
      <Time>2026-05-24T14:26:40Z</Time>
      <Position>
       <LatitudeDegrees>35.7043591</LatitudeDegrees>
       <LongitudeDegrees>139.7746059</LongitudeDegrees>
      </Position>
      <AltitudeMeters>18</AltitudeMeters>
      <DistanceMeters>2858</DistanceMeters>
      <HeartRateBpm>
       <Value>129</Value>
      </HeartRateBpm>
      <Cadence>82</Cadence>
      <Extensions>
       <Speed>9.620000</Speed>
      </Extensions>
     </Trackpoint>
     <Trackpoint>
      <Time>2026-05-24T14:26:41Z</Time>
      <Position>
       <LatitudeDegrees>35.7043611</LatitudeDegrees>
       <LongitudeDegrees>139.7746395</LongitudeDegrees>
      </Position>
      <AltitudeMeters>18</AltitudeMeters>
      <DistanceMeters>2860</DistanceMeters>
      <HeartRateBpm>
       <Value>129</Value>
      </HeartRateBpm>
      <Cadence>82</Cadence>
      <Extensions>
       <Speed>9.720000</Speed>
      </Extensions>
     </Trackpoint>
     <Trackpoint>
      <Time>2026-05-24T14:26:42Z</Time>
      <Position>
       <LatitudeDegrees>35.7043628</LatitudeDegrees>
       <LongitudeDegrees>139.7746657</LongitudeDegrees>
      </Position>
      <AltitudeMeters>18</AltitudeMeters>
      <DistanceMeters>2862</DistanceMeters>
      <HeartRateBpm>
       <Value>129</Value>
      </HeartRateBpm>
      <Cadence>82</Cadence>
      <Extensions>
       <Speed>9.750000</Speed>
      </Extensions>
     </Trackpoint>
     <Trackpoint>
      <Time>2026-05-24T14:26:43Z</Time>
      <Position>
       <LatitudeDegrees>35.7043645</LatitudeDegrees>
       <LongitudeDegrees>139.7746920</LongitudeDegrees>
      </Position>
      <AltitudeMeters>18</AltitudeMeters>
      <DistanceMeters>2864</DistanceMeters>
      <HeartRateBpm>
       <Value>129</Value>
      </HeartRateBpm>
      <Cadence>82</Cadence>
      <Extensions>
       <Speed>9.780000</Speed>
      </Extensions>
     </Trackpoint>
     <Trackpoint>
      <Time>2026-05-24T14:26:44Z</Time>
      <Position>
       <LatitudeDegrees>35.7043651</LatitudeDegrees>
       <LongitudeDegrees>139.7747132</LongitudeDegrees>
      </Position>
      <AltitudeMeters>18</AltitudeMeters>
      <DistanceMeters>2866</DistanceMeters>
      <HeartRateBpm>
       <Value>129</Value>
      </HeartRateBpm>
      <Cadence>82</Cadence>
      <Extensions>
       <Speed>10.100000</Speed>
      </Extensions>
     </Trackpoint>
     <Trackpoint>
      <Time>2026-05-24T14:26:45Z</Time>
      <Position>
       <LatitudeDegrees>35.7043657</LatitudeDegrees>
       <LongitudeDegrees>139.7747345</LongitudeDegrees>
      </Position>
      <AltitudeMeters>18</AltitudeMeters>
      <DistanceMeters>2867</DistanceMeters>
      <HeartRateBpm>
       <Value>129</Value>
      </HeartRateBpm>
      <Cadence>82</Cadence>
      <Extensions>
       <Speed>10.420000</Speed>
      </Extensions>
     </Trackpoint>
     <Trackpoint>
      <Time>2026-05-24T14:26:46Z</Time>
      <Position>
       <LatitudeDegrees>35.7043657</LatitudeDegrees>
       <LongitudeDegrees>139.7747540</LongitudeDegrees>
      </Position>
      <AltitudeMeters>18</AltitudeMeters>
      <DistanceMeters>2870</DistanceMeters>
      <HeartRateBpm>
       <Value>128</Value>
      </HeartRateBpm>
      <Cadence>82</Cadence>
      <Extensions>
       <Speed>10.360000</Speed>
      </Extensions>
     </Trackpoint>
     <Trackpoint>
      <Time>2026-05-24T14:26:47Z</Time>
      <Position>
       <LatitudeDegrees>35.7043657</LatitudeDegrees>
       <LongitudeDegrees>139.7747735</LongitudeDegrees>
      </Position>
      <AltitudeMeters>18</AltitudeMeters>
      <DistanceMeters>2872</DistanceMeters>
      <HeartRateBpm>
       <Value>128</Value>
      </HeartRateBpm>
      <Cadence>82</Cadence>
      <Extensions>
       <Speed>10.300000</Speed>
      </Extensions>
     </Trackpoint>
     <Trackpoint>
      <Time>2026-05-24T14:26:48Z</Time>
      <Position>
       <LatitudeDegrees>35.7043639</LatitudeDegrees>
       <LongitudeDegrees>139.7747988</LongitudeDegrees>
      </Position>
      <AltitudeMeters>18</AltitudeMeters>
      <DistanceMeters>2875</DistanceMeters>
      <HeartRateBpm>
       <Value>128</Value>
      </HeartRateBpm>
      <Cadence>82</Cadence>
      <Extensions>
       <Speed>10.090000</Speed>
      </Extensions>
     </Trackpoint>
     <Trackpoint>
      <Time>2026-05-24T14:26:49Z</Time>
      <Position>
       <LatitudeDegrees>35.7043622</LatitudeDegrees>
       <LongitudeDegrees>139.7748241</LongitudeDegrees>
      </Position>
      <AltitudeMeters>18</AltitudeMeters>
      <DistanceMeters>2878</DistanceMeters>
      <HeartRateBpm>
       <Value>128</Value>
      </HeartRateBpm>
      <Cadence>82</Cadence>
      <Extensions>
       <Speed>9.890000</Speed>
      </Extensions>
     </Trackpoint>
     <Trackpoint>
      <Time>2026-05-24T14:26:50Z</Time>
      <Position>
       <LatitudeDegrees>35.7043609</LatitudeDegrees>
       <LongitudeDegrees>139.7748523</LongitudeDegrees>
      </Position>
      <AltitudeMeters>18</AltitudeMeters>
      <DistanceMeters>2880</DistanceMeters>
      <HeartRateBpm>
       <Value>128</Value>
      </HeartRateBpm>
      <Cadence>82</Cadence>
      <Extensions>
       <Speed>9.780000</Speed>
      </Extensions>
     </Trackpoint>
     <Trackpoint>
      <Time>2026-05-24T14:26:51Z</Time>
      <Position>
       <LatitudeDegrees>35.7043596</LatitudeDegrees>
       <LongitudeDegrees>139.7748806</LongitudeDegrees>
      </Position>
      <AltitudeMeters>18</AltitudeMeters>
      <DistanceMeters>2882</DistanceMeters>
      <HeartRateBpm>
       <Value>128</Value>
      </HeartRateBpm>
      <Cadence>82</Cadence>
      <Extensions>
       <Speed>9.680000</Speed>
      </Extensions>
     </Trackpoint>
     <Trackpoint>
      <Time>2026-05-24T14:26:52Z</Time>
      <Position>
       <LatitudeDegrees>35.7043586</LatitudeDegrees>
       <LongitudeDegrees>139.7749074</LongitudeDegrees>
      </Position>
      <AltitudeMeters>18</AltitudeMeters>
      <DistanceMeters>2884</DistanceMeters>
      <HeartRateBpm>
       <Value>128</Value>
      </HeartRateBpm>
      <Cadence>82</Cadence>
      <Extensions>
       <Speed>9.660000</Speed>
      </Extensions>
     </Trackpoint>
     <Trackpoint>
      <Time>2026-05-24T14:26:53Z</Time>
      <Position>
       <LatitudeDegrees>35.7043577</LatitudeDegrees>
       <LongitudeDegrees>139.7749343</LongitudeDegrees>
      </Position>
      <AltitudeMeters>18</AltitudeMeters>
      <DistanceMeters>2886</DistanceMeters>
      <HeartRateBpm>
       <Value>128</Value>
      </HeartRateBpm>
      <Cadence>82</Cadence>
      <Extensions>
       <Speed>9.640000</Speed>
      </Extensions>
     </Trackpoint>
     <Trackpoint>
      <Time>2026-05-24T14:26:54Z</Time>
      <Position>
       <LatitudeDegrees>35.7043545</LatitudeDegrees>
       <LongitudeDegrees>139.7749558</LongitudeDegrees>
      </Position>
      <AltitudeMeters>18</AltitudeMeters>
      <DistanceMeters>2888</DistanceMeters>
      <HeartRateBpm>
       <Value>128</Value>
      </HeartRateBpm>
      <Cadence>82</Cadence>
      <Extensions>
       <Speed>9.590000</Speed>
      </Extensions>
     </Trackpoint>
     <Trackpoint>
      <Time>2026-05-24T14:26:55Z</Time>
      <Position>
       <LatitudeDegrees>35.7043514</LatitudeDegrees>
       <LongitudeDegrees>139.7749773</LongitudeDegrees>
      </Position>
      <AltitudeMeters>18</AltitudeMeters>
      <DistanceMeters>2890</DistanceMeters>
      <HeartRateBpm>
       <Value>128</Value>
      </HeartRateBpm>
      <Cadence>82</Cadence>
      <Extensions>
       <Speed>9.550000</Speed>
      </Extensions>
     </Trackpoint>
     <Trackpoint>
      <Time>2026-05-24T14:26:56Z</Time>
      <Position>
       <LatitudeDegrees>35.7043479</LatitudeDegrees>
       <LongitudeDegrees>139.7749937</LongitudeDegrees>
      </Position>
      <AltitudeMeters>18</AltitudeMeters>
      <DistanceMeters>2891</DistanceMeters>
      <HeartRateBpm>
       <Value>128</Value>
      </HeartRateBpm>
      <Cadence>82</Cadence>
      <Extensions>
       <Speed>9.470000</Speed>
      </Extensions>
     </Trackpoint>
     <Trackpoint>
      <Time>2026-05-24T14:26:57Z</Time>
      <Position>
       <LatitudeDegrees>35.7043444</LatitudeDegrees>
       <LongitudeDegrees>139.7750101</LongitudeDegrees>
      </Position>
      <AltitudeMeters>18</AltitudeMeters>
      <DistanceMeters>2892</DistanceMeters>
      <HeartRateBpm>
       <Value>128</Value>
      </HeartRateBpm>
      <Cadence>82</Cadence>
      <Extensions>
       <Speed>9.390000</Speed>
      </Extensions>
     </Trackpoint>
     <Trackpoint>
      <Time>2026-05-24T14:26:58Z</Time>
      <Position>
       <LatitudeDegrees>35.7043427</LatitudeDegrees>
       <LongitudeDegrees>139.7750258</LongitudeDegrees>
      </Position>
      <AltitudeMeters>18</AltitudeMeters>
      <DistanceMeters>2894</DistanceMeters>
      <HeartRateBpm>
       <Value>127</Value>
      </HeartRateBpm>
      <Cadence>82</Cadence>
      <Extensions>
       <Speed>9.250000</Speed>
      </Extensions>
     </Trackpoint>
     <Trackpoint>
      <Time>2026-05-24T14:26:59Z</Time>
      <Position>
       <LatitudeDegrees>35.7043411</LatitudeDegrees>
       <LongitudeDegrees>139.7750415</LongitudeDegrees>
      </Position>
      <AltitudeMeters>18</AltitudeMeters>
      <DistanceMeters>2896</DistanceMeters>
      <HeartRateBpm>
       <Value>127</Value>
      </HeartRateBpm>
      <Cadence>82</Cadence>
      <Extensions>
       <Speed>9.110000</Speed>
      </Extensions>
     </Trackpoint>
     <Trackpoint>
      <Time>2026-05-24T14:27:00Z</Time>
      <Position>
       <LatitudeDegrees>35.7043407</LatitudeDegrees>
       <LongitudeDegrees>139.7750610</LongitudeDegrees>
      </Position>
      <AltitudeMeters>18</AltitudeMeters>
      <DistanceMeters>2898</DistanceMeters>
      <HeartRateBpm>
       <Value>126</Value>
      </HeartRateBpm>
      <Cadence>82</Cadence>
      <Extensions>
       <Speed>8.940000</Speed>
      </Extensions>
     </Trackpoint>
     <Trackpoint>
      <Time>2026-05-24T14:27:01Z</Time>
      <Position>
       <LatitudeDegrees>35.7043404</LatitudeDegrees>
       <LongitudeDegrees>139.7750805</LongitudeDegrees>
      </Position>
      <AltitudeMeters>18</AltitudeMeters>
      <DistanceMeters>2900</DistanceMeters>
      <HeartRateBpm>
       <Value>126</Value>
      </HeartRateBpm>
      <Cadence>82</Cadence>
      <Extensions>
       <Speed>8.770000</Speed>
      </Extensions>
     </Trackpoint>
     <Trackpoint>
      <Time>2026-05-24T14:27:02Z</Time>
      <Position>
       <LatitudeDegrees>35.7043393</LatitudeDegrees>
       <LongitudeDegrees>139.7751049</LongitudeDegrees>
      </Position>
      <AltitudeMeters>18</AltitudeMeters>
      <DistanceMeters>2903</DistanceMeters>
      <HeartRateBpm>
       <Value>126</Value>
      </HeartRateBpm>
      <Cadence>82</Cadence>
      <Extensions>
       <Speed>8.630000</Speed>
      </Extensions>
     </Trackpoint>
     <Trackpoint>
      <Time>2026-05-24T14:27:03Z</Time>
      <Position>
       <LatitudeDegrees>35.7043383</LatitudeDegrees>
       <LongitudeDegrees>139.7751293</LongitudeDegrees>
      </Position>
      <AltitudeMeters>18</AltitudeMeters>
      <DistanceMeters>2906</DistanceMeters>
      <HeartRateBpm>
       <Value>126</Value>
      </HeartRateBpm>
      <Cadence>82</Cadence>
      <Extensions>
       <Speed>8.490000</Speed>
      </Extensions>
     </Trackpoint>
     <Trackpoint>
      <Time>2026-05-24T14:27:04Z</Time>
      <Position>
       <LatitudeDegrees>35.7043376</LatitudeDegrees>
       <LongitudeDegrees>139.7751573</LongitudeDegrees>
      </Position>
      <AltitudeMeters>18</AltitudeMeters>
      <DistanceMeters>2908</DistanceMeters>
      <HeartRateBpm>
       <Value>126</Value>
      </HeartRateBpm>
      <Cadence>82</Cadence>
      <Extensions>
       <Speed>8.420000</Speed>
      </Extensions>
     </Trackpoint>
     <Trackpoint>
      <Time>2026-05-24T14:27:05Z</Time>
      <Position>
       <LatitudeDegrees>35.7043369</LatitudeDegrees>
       <LongitudeDegrees>139.7751853</LongitudeDegrees>
      </Position>
      <AltitudeMeters>18</AltitudeMeters>
      <DistanceMeters>2910</DistanceMeters>
      <HeartRateBpm>
       <Value>126</Value>
      </HeartRateBpm>
      <Cadence>82</Cadence>
      <Extensions>
       <Speed>8.350000</Speed>
      </Extensions>
     </Trackpoint>
     <Trackpoint>
      <Time>2026-05-24T14:27:06Z</Time>
      <Position>
       <LatitudeDegrees>35.7043350</LatitudeDegrees>
       <LongitudeDegrees>139.7752113</LongitudeDegrees>
      </Position>
      <AltitudeMeters>18</AltitudeMeters>
      <DistanceMeters>2912</DistanceMeters>
      <HeartRateBpm>
       <Value>126</Value>
      </HeartRateBpm>
      <Cadence>82</Cadence>
      <Extensions>
       <Speed>8.310000</Speed>
      </Extensions>
     </Trackpoint>
     <Trackpoint>
      <Time>2026-05-24T14:27:07Z</Time>
      <Position>
       <LatitudeDegrees>35.7043331</LatitudeDegrees>
       <LongitudeDegrees>139.7752373</LongitudeDegrees>
      </Position>
      <AltitudeMeters>18</AltitudeMeters>
      <DistanceMeters>2914</DistanceMeters>
      <HeartRateBpm>
       <Value>126</Value>
      </HeartRateBpm>
      <Cadence>83</Cadence>
      <Extensions>
       <Speed>8.280000</Speed>
      </Extensions>
     </Trackpoint>
     <Trackpoint>
      <Time>2026-05-24T14:27:08Z</Time>
      <Position>
       <LatitudeDegrees>35.7043297</LatitudeDegrees>
       <LongitudeDegrees>139.7752561</LongitudeDegrees>
      </Position>
      <AltitudeMeters>18</AltitudeMeters>
      <DistanceMeters>2915</DistanceMeters>
      <HeartRateBpm>
       <Value>126</Value>
      </HeartRateBpm>
      <Cadence>83</Cadence>
      <Extensions>
       <Speed>8.240000</Speed>
      </Extensions>
     </Trackpoint>
     <Trackpoint>
      <Time>2026-05-24T14:27:09Z</Time>
      <Position>
       <LatitudeDegrees>35.7043264</LatitudeDegrees>
       <LongitudeDegrees>139.7752749</LongitudeDegrees>
      </Position>
      <AltitudeMeters>18</AltitudeMeters>
      <DistanceMeters>2916</DistanceMeters>
      <HeartRateBpm>
       <Value>127</Value>
      </HeartRateBpm>
      <Cadence>83</Cadence>
      <Extensions>
       <Speed>8.210000</Speed>
      </Extensions>
     </Trackpoint>
     <Trackpoint>
      <Time>2026-05-24T14:27:10Z</Time>
      <Position>
       <LatitudeDegrees>35.7043224</LatitudeDegrees>
       <LongitudeDegrees>139.7752892</LongitudeDegrees>
      </Position>
      <AltitudeMeters>18</AltitudeMeters>
      <DistanceMeters>2918</DistanceMeters>
      <HeartRateBpm>
       <Value>128</Value>
      </HeartRateBpm>
      <Cadence>83</Cadence>
      <Extensions>
       <Speed>8.160000</Speed>
      </Extensions>
     </Trackpoint>
     <Trackpoint>
      <Time>2026-05-24T14:27:11Z</Time>
      <Position>
       <LatitudeDegrees>35.7043184</LatitudeDegrees>
       <LongitudeDegrees>139.7753036</LongitudeDegrees>
      </Position>
      <AltitudeMeters>18</AltitudeMeters>
      <DistanceMeters>2919</DistanceMeters>
      <HeartRateBpm>
       <Value>131</Value>
      </HeartRateBpm>
      <Cadence>83</Cadence>
      <Extensions>
       <Speed>8.120000</Speed>
      </Extensions>
     </Trackpoint>
     <Trackpoint>
      <Time>2026-05-24T14:27:12Z</Time>
      <Position>
       <LatitudeDegrees>35.7043130</LatitudeDegrees>
       <LongitudeDegrees>139.7753163</LongitudeDegrees>
      </Position>
      <AltitudeMeters>18</AltitudeMeters>
      <DistanceMeters>2920</DistanceMeters>
      <HeartRateBpm>
       <Value>131</Value>
      </HeartRateBpm>
      <Cadence>83</Cadence>
      <Extensions>
       <Speed>8.060000</Speed>
      </Extensions>
     </Trackpoint>
     <Trackpoint>
      <Time>2026-05-24T14:27:13Z</Time>
      <Position>
       <LatitudeDegrees>35.7043076</LatitudeDegrees>
       <LongitudeDegrees>139.7753290</LongitudeDegrees>
      </Position>
      <AltitudeMeters>18</AltitudeMeters>
      <DistanceMeters>2922</DistanceMeters>
      <HeartRateBpm>
       <Value>131</Value>
      </HeartRateBpm>
      <Cadence>83</Cadence>
      <Extensions>
       <Speed>8.000000</Speed>
      </Extensions>
     </Trackpoint>
     <Trackpoint>
      <Time>2026-05-24T14:27:14Z</Time>
      <Position>
       <LatitudeDegrees>35.7043014</LatitudeDegrees>
       <LongitudeDegrees>139.7753453</LongitudeDegrees>
      </Position>
      <AltitudeMeters>18</AltitudeMeters>
      <DistanceMeters>2924</DistanceMeters>
      <HeartRateBpm>
       <Value>131</Value>
      </HeartRateBpm>
      <Cadence>83</Cadence>
      <Extensions>
       <Speed>7.930000</Speed>
      </Extensions>
     </Trackpoint>
     <Trackpoint>
      <Time>2026-05-24T14:27:15Z</Time>
      <Position>
       <LatitudeDegrees>35.7042953</LatitudeDegrees>
       <LongitudeDegrees>139.7753617</LongitudeDegrees>
      </Position>
      <AltitudeMeters>18</AltitudeMeters>
      <DistanceMeters>2926</DistanceMeters>
      <HeartRateBpm>
       <Value>131</Value>
      </HeartRateBpm>
      <Cadence>83</Cadence>
      <Extensions>
       <Speed>7.860000</Speed>
      </Extensions>
     </Trackpoint>
     <Trackpoint>
      <Time>2026-05-24T14:27:16Z</Time>
      <Position>
       <LatitudeDegrees>35.7042900</LatitudeDegrees>
       <LongitudeDegrees>139.7753825</LongitudeDegrees>
      </Position>
      <AltitudeMeters>18</AltitudeMeters>
      <DistanceMeters>2928</DistanceMeters>
      <HeartRateBpm>
       <Value>130</Value>
      </HeartRateBpm>
      <Cadence>83</Cadence>
      <Extensions>
       <Speed>7.780000</Speed>
      </Extensions>
     </Trackpoint>
     <Trackpoint>
      <Time>2026-05-24T14:27:17Z</Time>
      <Position>
       <LatitudeDegrees>35.7042848</LatitudeDegrees>
       <LongitudeDegrees>139.7754033</LongitudeDegrees>
      </Position>
      <AltitudeMeters>18</AltitudeMeters>
      <DistanceMeters>2931</DistanceMeters>
      <HeartRateBpm>
       <Value>130</Value>
      </HeartRateBpm>
      <Cadence>83</Cadence>
      <Extensions>
       <Speed>7.700000</Speed>
      </Extensions>
     </Trackpoint>
     <Trackpoint>
      <Time>2026-05-24T14:27:18Z</Time>
      <Position>
       <LatitudeDegrees>35.7042818</LatitudeDegrees>
       <LongitudeDegrees>139.7754309</LongitudeDegrees>
      </Position>
      <AltitudeMeters>18</AltitudeMeters>
      <DistanceMeters>2934</DistanceMeters>
      <HeartRateBpm>
       <Value>130</Value>
      </HeartRateBpm>
      <Cadence>83</Cadence>
      <Extensions>
       <Speed>7.560000</Speed>
      </Extensions>
     </Trackpoint>
     <Trackpoint>
      <Time>2026-05-24T14:27:19Z</Time>
      <Position>
       <LatitudeDegrees>35.7042788</LatitudeDegrees>
       <LongitudeDegrees>139.7754585</LongitudeDegrees>
      </Position>
      <AltitudeMeters>18</AltitudeMeters>
      <DistanceMeters>2937</DistanceMeters>
      <HeartRateBpm>
       <Value>130</Value>
      </HeartRateBpm>
      <Cadence>83</Cadence>
      <Extensions>
       <Speed>7.430000</Speed>
      </Extensions>
     </Trackpoint>
     <Trackpoint>
      <Time>2026-05-24T14:27:20Z</Time>
      <Position>
       <LatitudeDegrees>35.7042817</LatitudeDegrees>
       <LongitudeDegrees>139.7754941</LongitudeDegrees>
      </Position>
      <AltitudeMeters>18</AltitudeMeters>
      <DistanceMeters>2941</DistanceMeters>
      <HeartRateBpm>
       <Value>129</Value>
      </HeartRateBpm>
      <Cadence>82</Cadence>
      <Extensions>
       <Speed>7.470000</Speed>
      </Extensions>
     </Trackpoint>
     <Trackpoint>
      <Time>2026-05-24T14:27:21Z</Time>
      <Position>
       <LatitudeDegrees>35.7042846</LatitudeDegrees>
       <LongitudeDegrees>139.7755298</LongitudeDegrees>
      </Position>
      <AltitudeMeters>18</AltitudeMeters>
      <DistanceMeters>2945</DistanceMeters>
      <HeartRateBpm>
       <Value>129</Value>
      </HeartRateBpm>
      <Cadence>82</Cadence>
      <Extensions>
       <Speed>7.510000</Speed>
      </Extensions>
     </Trackpoint>
     <Trackpoint>
      <Time>2026-05-24T14:27:22Z</Time>
      <Position>
       <LatitudeDegrees>35.7042938</LatitudeDegrees>
       <LongitudeDegrees>139.7755672</LongitudeDegrees>
      </Position>
      <AltitudeMeters>18</AltitudeMeters>
      <DistanceMeters>2948</DistanceMeters>
      <HeartRateBpm>
       <Value>129</Value>
      </HeartRateBpm>
      <Cadence>82</Cadence>
      <Extensions>
       <Speed>7.570000</Speed>
      </Extensions>
     </Trackpoint>
     <Trackpoint>
      <Time>2026-05-24T14:27:23Z</Time>
      <Position>
       <LatitudeDegrees>35.7043031</LatitudeDegrees>
       <LongitudeDegrees>139.7756046</LongitudeDegrees>
      </Position>
      <AltitudeMeters>18</AltitudeMeters>
      <DistanceMeters>2951</DistanceMeters>
      <HeartRateBpm>
       <Value>130</Value>
      </HeartRateBpm>
      <Cadence>82</Cadence>
      <Extensions>
       <Speed>7.630000</Speed>
      </Extensions>
     </Trackpoint>
     <Trackpoint>
      <Time>2026-05-24T14:27:24Z</Time>
      <Position>
       <LatitudeDegrees>35.7043175</LatitudeDegrees>
       <LongitudeDegrees>139.7756313</LongitudeDegrees>
      </Position>
      <AltitudeMeters>18</AltitudeMeters>
      <DistanceMeters>2953</DistanceMeters>
      <HeartRateBpm>
       <Value>130</Value>
      </HeartRateBpm>
      <Cadence>82</Cadence>
      <Extensions>
       <Speed>7.890000</Speed>
      </Extensions>
     </Trackpoint>
     <Trackpoint>
      <Time>2026-05-24T14:27:25Z</Time>
      <Position>
       <LatitudeDegrees>35.7043320</LatitudeDegrees>
       <LongitudeDegrees>139.7756580</LongitudeDegrees>
      </Position>
      <AltitudeMeters>18</AltitudeMeters>
      <DistanceMeters>2955</DistanceMeters>
      <HeartRateBpm>
       <Value>130</Value>
      </HeartRateBpm>
      <Cadence>82</Cadence>
      <Extensions>
       <Speed>8.150000</Speed>
      </Extensions>
     </Trackpoint>
     <Trackpoint>
      <Time>2026-05-24T14:27:26Z</Time>
      <Position>
       <LatitudeDegrees>35.7043491</LatitudeDegrees>
       <LongitudeDegrees>139.7756690</LongitudeDegrees>
      </Position>
      <AltitudeMeters>18</AltitudeMeters>
      <DistanceMeters>2958</DistanceMeters>
      <HeartRateBpm>
       <Value>131</Value>
      </HeartRateBpm>
      <Cadence>81</Cadence>
      <Extensions>
       <Speed>8.300000</Speed>
      </Extensions>
     </Trackpoint>
     <Trackpoint>
      <Time>2026-05-24T14:27:27Z</Time>
      <Position>
       <LatitudeDegrees>35.7043662</LatitudeDegrees>
       <LongitudeDegrees>139.7756800</LongitudeDegrees>
      </Position>
      <AltitudeMeters>18</AltitudeMeters>
      <DistanceMeters>2960</DistanceMeters>
      <HeartRateBpm>
       <Value>132</Value>
      </HeartRateBpm>
      <Cadence>81</Cadence>
      <Extensions>
       <Speed>8.450000</Speed>
      </Extensions>
     </Trackpoint>
     <Trackpoint>
      <Time>2026-05-24T14:27:28Z</Time>
      <Position>
       <LatitudeDegrees>35.7043871</LatitudeDegrees>
       <LongitudeDegrees>139.7756823</LongitudeDegrees>
      </Position>
      <AltitudeMeters>18</AltitudeMeters>
      <DistanceMeters>2962</DistanceMeters>
      <HeartRateBpm>
       <Value>132</Value>
      </HeartRateBpm>
      <Cadence>81</Cadence>
      <Extensions>
       <Speed>8.500000</Speed>
      </Extensions>
     </Trackpoint>
     <Trackpoint>
      <Time>2026-05-24T14:27:29Z</Time>
      <Position>
       <LatitudeDegrees>35.7044080</LatitudeDegrees>
       <LongitudeDegrees>139.7756846</LongitudeDegrees>
      </Position>
      <AltitudeMeters>18</AltitudeMeters>
      <DistanceMeters>2965</DistanceMeters>
      <HeartRateBpm>
       <Value>132</Value>
      </HeartRateBpm>
      <Cadence>82</Cadence>
      <Extensions>
       <Speed>8.560000</Speed>
      </Extensions>
     </Trackpoint>
     <Trackpoint>
      <Time>2026-05-24T14:27:30Z</Time>
      <Position>
       <LatitudeDegrees>35.7044283</LatitudeDegrees>
       <LongitudeDegrees>139.7756848</LongitudeDegrees>
      </Position>
      <AltitudeMeters>18</AltitudeMeters>
      <DistanceMeters>2966</DistanceMeters>
      <HeartRateBpm>
       <Value>132</Value>
      </HeartRateBpm>
      <Cadence>82</Cadence>
      <Extensions>
       <Speed>8.570000</Speed>
      </Extensions>
     </Trackpoint>
     <Trackpoint>
      <Time>2026-05-24T14:27:31Z</Time>
      <Position>
       <LatitudeDegrees>35.7044487</LatitudeDegrees>
       <LongitudeDegrees>139.7756850</LongitudeDegrees>
      </Position>
      <AltitudeMeters>18</AltitudeMeters>
      <DistanceMeters>2968</DistanceMeters>
      <HeartRateBpm>
       <Value>131</Value>
      </HeartRateBpm>
      <Cadence>82</Cadence>
      <Extensions>
       <Speed>8.590000</Speed>
      </Extensions>
     </Trackpoint>
     <Trackpoint>
      <Time>2026-05-24T14:27:32Z</Time>
      <Position>
       <LatitudeDegrees>35.7044670</LatitudeDegrees>
       <LongitudeDegrees>139.7756851</LongitudeDegrees>
      </Position>
      <AltitudeMeters>18</AltitudeMeters>
      <DistanceMeters>2970</DistanceMeters>
      <HeartRateBpm>
       <Value>131</Value>
      </HeartRateBpm>
      <Cadence>82</Cadence>
      <Extensions>
       <Speed>8.710000</Speed>
      </Extensions>
     </Trackpoint>
     <Trackpoint>
      <Time>2026-05-24T14:27:33Z</Time>
      <Position>
       <LatitudeDegrees>35.7044853</LatitudeDegrees>
       <LongitudeDegrees>139.7756852</LongitudeDegrees>
      </Position>
      <AltitudeMeters>18</AltitudeMeters>
      <DistanceMeters>2972</DistanceMeters>
      <HeartRateBpm>
       <Value>131</Value>
      </HeartRateBpm>
      <Cadence>83</Cadence>
      <Extensions>
       <Speed>8.830000</Speed>
      </Extensions>
     </Trackpoint>
     <Trackpoint>
      <Time>2026-05-24T14:27:34Z</Time>
      <Position>
       <LatitudeDegrees>35.7045027</LatitudeDegrees>
       <LongitudeDegrees>139.7756869</LongitudeDegrees>
      </Position>
      <AltitudeMeters>18</AltitudeMeters>
      <DistanceMeters>2974</DistanceMeters>
      <HeartRateBpm>
       <Value>131</Value>
      </HeartRateBpm>
      <Cadence>83</Cadence>
      <Extensions>
       <Speed>8.820000</Speed>
      </Extensions>
     </Trackpoint>
     <Trackpoint>
      <Time>2026-05-24T14:27:35Z</Time>
      <Position>
       <LatitudeDegrees>35.7045202</LatitudeDegrees>
       <LongitudeDegrees>139.7756886</LongitudeDegrees>
      </Position>
      <AltitudeMeters>18</AltitudeMeters>
      <DistanceMeters>2976</DistanceMeters>
      <HeartRateBpm>
       <Value>131</Value>
      </HeartRateBpm>
      <Cadence>83</Cadence>
      <Extensions>
       <Speed>8.820000</Speed>
      </Extensions>
     </Trackpoint>
     <Trackpoint>
      <Time>2026-05-24T14:27:36Z</Time>
      <Position>
       <LatitudeDegrees>35.7045372</LatitudeDegrees>
       <LongitudeDegrees>139.7756947</LongitudeDegrees>
      </Position>
      <AltitudeMeters>18</AltitudeMeters>
      <DistanceMeters>2978</DistanceMeters>
      <HeartRateBpm>
       <Value>131</Value>
      </HeartRateBpm>
      <Cadence>83</Cadence>
      <Extensions>
       <Speed>8.740000</Speed>
      </Extensions>
     </Trackpoint>
     <Trackpoint>
      <Time>2026-05-24T14:27:37Z</Time>
      <Position>
       <LatitudeDegrees>35.7045543</LatitudeDegrees>
       <LongitudeDegrees>139.7757008</LongitudeDegrees>
      </Position>
      <AltitudeMeters>18</AltitudeMeters>
      <DistanceMeters>2980</DistanceMeters>
      <HeartRateBpm>
       <Value>131</Value>
      </HeartRateBpm>
      <Cadence>83</Cadence>
      <Extensions>
       <Speed>8.670000</Speed>
      </Extensions>
     </Trackpoint>
     <Trackpoint>
      <Time>2026-05-24T14:27:38Z</Time>
      <Position>
       <LatitudeDegrees>35.7045705</LatitudeDegrees>
       <LongitudeDegrees>139.7757079</LongitudeDegrees>
      </Position>
      <AltitudeMeters>18</AltitudeMeters>
      <DistanceMeters>2982</DistanceMeters>
      <HeartRateBpm>
       <Value>132</Value>
      </HeartRateBpm>
      <Cadence>82</Cadence>
      <Extensions>
       <Speed>8.620000</Speed>
      </Extensions>
     </Trackpoint>
     <Trackpoint>
      <Time>2026-05-24T14:27:39Z</Time>
      <Position>
       <LatitudeDegrees>35.7045867</LatitudeDegrees>
       <LongitudeDegrees>139.7757151</LongitudeDegrees>
      </Position>
      <AltitudeMeters>18</AltitudeMeters>
      <DistanceMeters>2983</DistanceMeters>
      <HeartRateBpm>
       <Value>132</Value>
      </HeartRateBpm>
      <Cadence>82</Cadence>
      <Extensions>
       <Speed>8.570000</Speed>
      </Extensions>
     </Trackpoint>
     <Trackpoint>
      <Time>2026-05-24T14:27:40Z</Time>
      <Position>
       <LatitudeDegrees>35.7046035</LatitudeDegrees>
       <LongitudeDegrees>139.7757204</LongitudeDegrees>
      </Position>
      <AltitudeMeters>18</AltitudeMeters>
      <DistanceMeters>2986</DistanceMeters>
      <HeartRateBpm>
       <Value>132</Value>
      </HeartRateBpm>
      <Cadence>82</Cadence>
      <Extensions>
       <Speed>8.510000</Speed>
      </Extensions>
     </Trackpoint>
     <Trackpoint>
      <Time>2026-05-24T14:27:41Z</Time>
      <Position>
       <LatitudeDegrees>35.7046204</LatitudeDegrees>
       <LongitudeDegrees>139.7757257</LongitudeDegrees>
      </Position>
      <AltitudeMeters>18</AltitudeMeters>
      <DistanceMeters>2988</DistanceMeters>
      <HeartRateBpm>
       <Value>133</Value>
      </HeartRateBpm>
      <Cadence>82</Cadence>
      <Extensions>
       <Speed>8.450000</Speed>
      </Extensions>
     </Trackpoint>
     <Trackpoint>
      <Time>2026-05-24T14:27:42Z</Time>
      <Position>
       <LatitudeDegrees>35.7046393</LatitudeDegrees>
       <LongitudeDegrees>139.7757306</LongitudeDegrees>
      </Position>
      <AltitudeMeters>18</AltitudeMeters>
      <DistanceMeters>2990</DistanceMeters>
      <HeartRateBpm>
       <Value>133</Value>
      </HeartRateBpm>
      <Cadence>82</Cadence>
      <Extensions>
       <Speed>8.330000</Speed>
      </Extensions>
     </Trackpoint>
     <Trackpoint>
      <Time>2026-05-24T14:27:43Z</Time>
      <Position>
       <LatitudeDegrees>35.7046583</LatitudeDegrees>
       <LongitudeDegrees>139.7757356</LongitudeDegrees>
      </Position>
      <AltitudeMeters>18</AltitudeMeters>
      <DistanceMeters>2993</DistanceMeters>
      <HeartRateBpm>
       <Value>133</Value>
      </HeartRateBpm>
      <Cadence>82</Cadence>
      <Extensions>
       <Speed>8.210000</Speed>
      </Extensions>
     </Trackpoint>
     <Trackpoint>
      <Time>2026-05-24T14:27:44Z</Time>
      <Position>
       <LatitudeDegrees>35.7046763</LatitudeDegrees>
       <LongitudeDegrees>139.7757429</LongitudeDegrees>
      </Position>
      <AltitudeMeters>18</AltitudeMeters>
      <DistanceMeters>2994</DistanceMeters>
      <HeartRateBpm>
       <Value>134</Value>
      </HeartRateBpm>
      <Cadence>82</Cadence>
      <Extensions>
       <Speed>8.180000</Speed>
      </Extensions>
     </Trackpoint>
     <Trackpoint>
      <Time>2026-05-24T14:27:45Z</Time>
      <Position>
       <LatitudeDegrees>35.7046943</LatitudeDegrees>
       <LongitudeDegrees>139.7757502</LongitudeDegrees>
      </Position>
      <AltitudeMeters>18</AltitudeMeters>
      <DistanceMeters>2996</DistanceMeters>
      <HeartRateBpm>
       <Value>134</Value>
      </HeartRateBpm>
      <Cadence>82</Cadence>
      <Extensions>
       <Speed>8.150000</Speed>
      </Extensions>
     </Trackpoint>
     <Trackpoint>
      <Time>2026-05-24T14:27:46Z</Time>
      <Position>
       <LatitudeDegrees>35.7047000</LatitudeDegrees>
       <LongitudeDegrees>139.7757605</LongitudeDegrees>
      </Position>
      <AltitudeMeters>18</AltitudeMeters>
      <DistanceMeters>2998</DistanceMeters>
      <HeartRateBpm>
       <Value>134</Value>
      </HeartRateBpm>
      <Cadence>82</Cadence>
      <Extensions>
       <Speed>8.120000</Speed>
      </Extensions>
     </Trackpoint>
    </Track>
   </Lap>
   <Lap StartTime="2026-05-24T14:27:46Z">
    <TotalTimeSeconds>185</TotalTimeSeconds>
    <DistanceMeters>370</DistanceMeters>
    <Intensity>Active</Intensity>
    <TriggerMethod>Manual</TriggerMethod>
    <MaximumHeartRateBpm>
     <Value>137</Value>
    </MaximumHeartRateBpm>
    <AverageHeartRateBpm>
     <Value>133</Value>
    </AverageHeartRateBpm>
    <Track>
     <Trackpoint>
      <Time>2026-05-24T14:27:46Z</Time>
      <Position>
       <LatitudeDegrees>35.7047000</LatitudeDegrees>
       <LongitudeDegrees>139.7757605</LongitudeDegrees>
      </Position>
      <AltitudeMeters>18</AltitudeMeters>
      <DistanceMeters>2998</DistanceMeters>
      <HeartRateBpm>
       <Value>134</Value>
      </HeartRateBpm>
      <Cadence>82</Cadence>
      <Extensions>
       <Speed>8.120000</Speed>
      </Extensions>
     </Trackpoint>
     <Trackpoint>
      <Time>2026-05-24T14:27:47Z</Time>
      <Position>
       <LatitudeDegrees>35.7047057</LatitudeDegrees>
       <LongitudeDegrees>139.7757709</LongitudeDegrees>
      </Position>
      <AltitudeMeters>18</AltitudeMeters>
      <DistanceMeters>2999</DistanceMeters>
      <HeartRateBpm>
       <Value>134</Value>
      </HeartRateBpm>
      <Cadence>82</Cadence>
      <Extensions>
       <Speed>8.090000</Speed>
      </Extensions>
     </Trackpoint>
     <Trackpoint>
      <Time>2026-05-24T14:27:48Z</Time>
      <Position>
       <LatitudeDegrees>35.7046929</LatitudeDegrees>
       <LongitudeDegrees>139.7757845</LongitudeDegrees>
      </Position>
      <AltitudeMeters>18</AltitudeMeters>
      <DistanceMeters>3002</DistanceMeters>
      <HeartRateBpm>
       <Value>134</Value>
      </HeartRateBpm>
      <Cadence>82</Cadence>
      <Extensions>
       <Speed>8.060000</Speed>
      </Extensions>
     </Trackpoint>
     <Trackpoint>
      <Time>2026-05-24T14:27:49Z</Time>
      <Position>
       <LatitudeDegrees>35.7046801</LatitudeDegrees>
       <LongitudeDegrees>139.7757982</LongitudeDegrees>
      </Position>
      <AltitudeMeters>18</AltitudeMeters>
      <DistanceMeters>3005</DistanceMeters>
      <HeartRateBpm>
       <Value>134</Value>
      </HeartRateBpm>
      <Cadence>83</Cadence>
      <Extensions>
       <Speed>8.030000</Speed>
      </Extensions>
     </Trackpoint>
     <Trackpoint>
      <Time>2026-05-24T14:27:50Z</Time>
      <Position>
       <LatitudeDegrees>35.7046575</LatitudeDegrees>
       <LongitudeDegrees>139.7758105</LongitudeDegrees>
      </Position>
      <AltitudeMeters>18</AltitudeMeters>
      <DistanceMeters>3008</DistanceMeters>
      <HeartRateBpm>
       <Value>135</Value>
      </HeartRateBpm>
      <Cadence>83</Cadence>
      <Extensions>
       <Speed>8.010000</Speed>
      </Extensions>
     </Trackpoint>
     <Trackpoint>
      <Time>2026-05-24T14:27:51Z</Time>
      <Position>
       <LatitudeDegrees>35.7046349</LatitudeDegrees>
       <LongitudeDegrees>139.7758229</LongitudeDegrees>
      </Position>
      <AltitudeMeters>18</AltitudeMeters>
      <DistanceMeters>3010</DistanceMeters>
      <HeartRateBpm>
       <Value>134</Value>
      </HeartRateBpm>
      <Cadence>83</Cadence>
      <Extensions>
       <Speed>7.990000</Speed>
      </Extensions>
     </Trackpoint>
     <Trackpoint>
      <Time>2026-05-24T14:27:52Z</Time>
      <Position>
       <LatitudeDegrees>35.7046103</LatitudeDegrees>
       <LongitudeDegrees>139.7758320</LongitudeDegrees>
      </Position>
      <AltitudeMeters>18</AltitudeMeters>
      <DistanceMeters>3012</DistanceMeters>
      <HeartRateBpm>
       <Value>135</Value>
      </HeartRateBpm>
      <Cadence>83</Cadence>
      <Extensions>
       <Speed>7.980000</Speed>
      </Extensions>
     </Trackpoint>
     <Trackpoint>
      <Time>2026-05-24T14:27:53Z</Time>
      <Position>
       <LatitudeDegrees>35.7045858</LatitudeDegrees>
       <LongitudeDegrees>139.7758411</LongitudeDegrees>
      </Position>
      <AltitudeMeters>18</AltitudeMeters>
      <DistanceMeters>3015</DistanceMeters>
      <HeartRateBpm>
       <Value>135</Value>
      </HeartRateBpm>
      <Cadence>84</Cadence>
      <Extensions>
       <Speed>7.980000</Speed>
      </Extensions>
     </Trackpoint>
     <Trackpoint>
      <Time>2026-05-24T14:27:54Z</Time>
      <Position>
       <LatitudeDegrees>35.7045629</LatitudeDegrees>
       <LongitudeDegrees>139.7758466</LongitudeDegrees>
      </Position>
      <AltitudeMeters>18</AltitudeMeters>
      <DistanceMeters>3018</DistanceMeters>
      <HeartRateBpm>
       <Value>135</Value>
      </HeartRateBpm>
      <Cadence>83</Cadence>
      <Extensions>
       <Speed>7.930000</Speed>
      </Extensions>
     </Trackpoint>
     <Trackpoint>
      <Time>2026-05-24T14:27:55Z</Time>
      <Position>
       <LatitudeDegrees>35.7045401</LatitudeDegrees>
       <LongitudeDegrees>139.7758521</LongitudeDegrees>
      </Position>
      <AltitudeMeters>18</AltitudeMeters>
      <DistanceMeters>3020</DistanceMeters>
      <HeartRateBpm>
       <Value>135</Value>
      </HeartRateBpm>
      <Cadence>83</Cadence>
      <Extensions>
       <Speed>7.890000</Speed>
      </Extensions>
     </Trackpoint>
     <Trackpoint>
      <Time>2026-05-24T14:27:56Z</Time>
      <Position>
       <LatitudeDegrees>35.7045181</LatitudeDegrees>
       <LongitudeDegrees>139.7758557</LongitudeDegrees>
      </Position>
      <AltitudeMeters>18</AltitudeMeters>
      <DistanceMeters>3022</DistanceMeters>
      <HeartRateBpm>
       <Value>135</Value>
      </HeartRateBpm>
      <Cadence>83</Cadence>
      <Extensions>
       <Speed>7.870000</Speed>
      </Extensions>
     </Trackpoint>
     <Trackpoint>
      <Time>2026-05-24T14:27:57Z</Time>
      <Position>
       <LatitudeDegrees>35.7044961</LatitudeDegrees>
       <LongitudeDegrees>139.7758594</LongitudeDegrees>
      </Position>
      <AltitudeMeters>18</AltitudeMeters>
      <DistanceMeters>3024</DistanceMeters>
      <HeartRateBpm>
       <Value>135</Value>
      </HeartRateBpm>
      <Cadence>83</Cadence>
      <Extensions>
       <Speed>7.860000</Speed>
      </Extensions>
     </Trackpoint>
     <Trackpoint>
      <Time>2026-05-24T14:27:58Z</Time>
      <Position>
       <LatitudeDegrees>35.7044736</LatitudeDegrees>
       <LongitudeDegrees>139.7758548</LongitudeDegrees>
      </Position>
      <AltitudeMeters>18</AltitudeMeters>
      <DistanceMeters>3027</DistanceMeters>
      <HeartRateBpm>
       <Value>135</Value>
      </HeartRateBpm>
      <Cadence>83</Cadence>
      <Extensions>
       <Speed>7.880000</Speed>
      </Extensions>
     </Trackpoint>
     <Trackpoint>
      <Time>2026-05-24T14:27:59Z</Time>
      <Position>
       <LatitudeDegrees>35.7044512</LatitudeDegrees>
       <LongitudeDegrees>139.7758502</LongitudeDegrees>
      </Position>
      <AltitudeMeters>18</AltitudeMeters>
      <DistanceMeters>3030</DistanceMeters>
      <HeartRateBpm>
       <Value>135</Value>
      </HeartRateBpm>
      <Cadence>83</Cadence>
      <Extensions>
       <Speed>7.910000</Speed>
      </Extensions>
     </Trackpoint>
     <Trackpoint>
      <Time>2026-05-24T14:28:00Z</Time>
      <Position>
       <LatitudeDegrees>35.7044305</LatitudeDegrees>
       <LongitudeDegrees>139.7758376</LongitudeDegrees>
      </Position>
      <AltitudeMeters>18</AltitudeMeters>
      <DistanceMeters>3032</DistanceMeters>
      <HeartRateBpm>
       <Value>135</Value>
      </HeartRateBpm>
      <Cadence>83</Cadence>
      <Extensions>
       <Speed>7.950000</Speed>
      </Extensions>
     </Trackpoint>
     <Trackpoint>
      <Time>2026-05-24T14:28:01Z</Time>
      <Position>
       <LatitudeDegrees>35.7044098</LatitudeDegrees>
       <LongitudeDegrees>139.7758251</LongitudeDegrees>
      </Position>
      <AltitudeMeters>18</AltitudeMeters>
      <DistanceMeters>3035</DistanceMeters>
      <HeartRateBpm>
       <Value>134</Value>
      </HeartRateBpm>
      <Cadence>83</Cadence>
      <Extensions>
       <Speed>7.990000</Speed>
      </Extensions>
     </Trackpoint>
     <Trackpoint>
      <Time>2026-05-24T14:28:02Z</Time>
      <Position>
       <LatitudeDegrees>35.7043919</LatitudeDegrees>
       <LongitudeDegrees>139.7758103</LongitudeDegrees>
      </Position>
      <AltitudeMeters>18</AltitudeMeters>
      <DistanceMeters>3037</DistanceMeters>
      <HeartRateBpm>
       <Value>134</Value>
      </HeartRateBpm>
      <Cadence>83</Cadence>
      <Extensions>
       <Speed>8.040000</Speed>
      </Extensions>
     </Trackpoint>
     <Trackpoint>
      <Time>2026-05-24T14:28:03Z</Time>
      <Position>
       <LatitudeDegrees>35.7043741</LatitudeDegrees>
       <LongitudeDegrees>139.7757955</LongitudeDegrees>
      </Position>
      <AltitudeMeters>18</AltitudeMeters>
      <DistanceMeters>3039</DistanceMeters>
      <HeartRateBpm>
       <Value>134</Value>
      </HeartRateBpm>
      <Cadence>83</Cadence>
      <Extensions>
       <Speed>8.090000</Speed>
      </Extensions>
     </Trackpoint>
     <Trackpoint>
      <Time>2026-05-24T14:28:04Z</Time>
      <Position>
       <LatitudeDegrees>35.7043583</LatitudeDegrees>
       <LongitudeDegrees>139.7757849</LongitudeDegrees>
      </Position>
      <AltitudeMeters>18</AltitudeMeters>
      <DistanceMeters>3040</DistanceMeters>
      <HeartRateBpm>
       <Value>134</Value>
      </HeartRateBpm>
      <Cadence>83</Cadence>
      <Extensions>
       <Speed>8.110000</Speed>
      </Extensions>
     </Trackpoint>
     <Trackpoint>
      <Time>2026-05-24T14:28:05Z</Time>
      <Position>
       <LatitudeDegrees>35.7043425</LatitudeDegrees>
       <LongitudeDegrees>139.7757743</LongitudeDegrees>
      </Position>
      <AltitudeMeters>18</AltitudeMeters>
      <DistanceMeters>3042</DistanceMeters>
      <HeartRateBpm>
       <Value>134</Value>
      </HeartRateBpm>
      <Cadence>83</Cadence>
      <Extensions>
       <Speed>8.130000</Speed>
      </Extensions>
     </Trackpoint>
     <Trackpoint>
      <Time>2026-05-24T14:28:06Z</Time>
      <Position>
       <LatitudeDegrees>35.7043275</LatitudeDegrees>
       <LongitudeDegrees>139.7757681</LongitudeDegrees>
      </Position>
      <AltitudeMeters>18</AltitudeMeters>
      <DistanceMeters>3044</DistanceMeters>
      <HeartRateBpm>
       <Value>134</Value>
      </HeartRateBpm>
      <Cadence>83</Cadence>
      <Extensions>
       <Speed>8.150000</Speed>
      </Extensions>
     </Trackpoint>
     <Trackpoint>
      <Time>2026-05-24T14:28:07Z</Time>
      <Position>
       <LatitudeDegrees>35.7043126</LatitudeDegrees>
       <LongitudeDegrees>139.7757619</LongitudeDegrees>
      </Position>
      <AltitudeMeters>18</AltitudeMeters>
      <DistanceMeters>3045</DistanceMeters>
      <HeartRateBpm>
       <Value>134</Value>
      </HeartRateBpm>
      <Cadence>83</Cadence>
      <Extensions>
       <Speed>8.170000</Speed>
      </Extensions>
     </Trackpoint>
     <Trackpoint>
      <Time>2026-05-24T14:28:08Z</Time>
      <Position>
       <LatitudeDegrees>35.7042980</LatitudeDegrees>
       <LongitudeDegrees>139.7757552</LongitudeDegrees>
      </Position>
      <AltitudeMeters>18</AltitudeMeters>
      <DistanceMeters>3047</DistanceMeters>
      <HeartRateBpm>
       <Value>134</Value>
      </HeartRateBpm>
      <Cadence>83</Cadence>
      <Extensions>
       <Speed>8.170000</Speed>
      </Extensions>
     </Trackpoint>
     <Trackpoint>
      <Time>2026-05-24T14:28:09Z</Time>
      <Position>
       <LatitudeDegrees>35.7042835</LatitudeDegrees>
       <LongitudeDegrees>139.7757485</LongitudeDegrees>
      </Position>
      <AltitudeMeters>18</AltitudeMeters>
      <DistanceMeters>3049</DistanceMeters>
      <HeartRateBpm>
       <Value>134</Value>
      </HeartRateBpm>
      <Cadence>83</Cadence>
      <Extensions>
       <Speed>8.170000</Speed>
      </Extensions>
     </Trackpoint>
     <Trackpoint>
      <Time>2026-05-24T14:28:10Z</Time>
      <Position>
       <LatitudeDegrees>35.7042688</LatitudeDegrees>
       <LongitudeDegrees>139.7757457</LongitudeDegrees>
      </Position>
      <AltitudeMeters>18</AltitudeMeters>
      <DistanceMeters>3050</DistanceMeters>
      <HeartRateBpm>
       <Value>134</Value>
      </HeartRateBpm>
      <Cadence>83</Cadence>
      <Extensions>
       <Speed>8.150000</Speed>
      </Extensions>
     </Trackpoint>
     <Trackpoint>
      <Time>2026-05-24T14:28:11Z</Time>
      <Position>
       <LatitudeDegrees>35.7042541</LatitudeDegrees>
       <LongitudeDegrees>139.7757429</LongitudeDegrees>
      </Position>
      <AltitudeMeters>18</AltitudeMeters>
      <DistanceMeters>3052</DistanceMeters>
      <HeartRateBpm>
       <Value>134</Value>
      </HeartRateBpm>
      <Cadence>83</Cadence>
      <Extensions>
       <Speed>8.130000</Speed>
      </Extensions>
     </Trackpoint>
     <Trackpoint>
      <Time>2026-05-24T14:28:12Z</Time>
      <Position>
       <LatitudeDegrees>35.7042424</LatitudeDegrees>
       <LongitudeDegrees>139.7757498</LongitudeDegrees>
      </Position>
      <AltitudeMeters>18</AltitudeMeters>
      <DistanceMeters>3054</DistanceMeters>
      <HeartRateBpm>
       <Value>134</Value>
      </HeartRateBpm>
      <Cadence>83</Cadence>
      <Extensions>
       <Speed>8.090000</Speed>
      </Extensions>
     </Trackpoint>
     <Trackpoint>
      <Time>2026-05-24T14:28:13Z</Time>
      <Position>
       <LatitudeDegrees>35.7042307</LatitudeDegrees>
       <LongitudeDegrees>139.7757567</LongitudeDegrees>
      </Position>
      <AltitudeMeters>18</AltitudeMeters>
      <DistanceMeters>3056</DistanceMeters>
      <HeartRateBpm>
       <Value>134</Value>
      </HeartRateBpm>
      <Cadence>83</Cadence>
      <Extensions>
       <Speed>8.050000</Speed>
      </Extensions>
     </Trackpoint>
     <Trackpoint>
      <Time>2026-05-24T14:28:14Z</Time>
      <Position>
       <LatitudeDegrees>35.7042235</LatitudeDegrees>
       <LongitudeDegrees>139.7757726</LongitudeDegrees>
      </Position>
      <AltitudeMeters>18</AltitudeMeters>
      <DistanceMeters>3058</DistanceMeters>
      <HeartRateBpm>
       <Value>134</Value>
      </HeartRateBpm>
      <Cadence>83</Cadence>
      <Extensions>
       <Speed>7.950000</Speed>
      </Extensions>
     </Trackpoint>
     <Trackpoint>
      <Time>2026-05-24T14:28:15Z</Time>
      <Position>
       <LatitudeDegrees>35.7042163</LatitudeDegrees>
       <LongitudeDegrees>139.7757886</LongitudeDegrees>
      </Position>
      <AltitudeMeters>18</AltitudeMeters>
      <DistanceMeters>3060</DistanceMeters>
      <HeartRateBpm>
       <Value>134</Value>
      </HeartRateBpm>
      <Cadence>83</Cadence>
      <Extensions>
       <Speed>7.850000</Speed>
      </Extensions>
     </Trackpoint>
     <Trackpoint>
      <Time>2026-05-24T14:28:16Z</Time>
      <Position>
       <LatitudeDegrees>35.7042125</LatitudeDegrees>
       <LongitudeDegrees>139.7758084</LongitudeDegrees>
      </Position>
      <AltitudeMeters>18</AltitudeMeters>
      <DistanceMeters>3062</DistanceMeters>
      <HeartRateBpm>
       <Value>135</Value>
      </HeartRateBpm>
      <Cadence>82</Cadence>
      <Extensions>
       <Speed>7.830000</Speed>
      </Extensions>
     </Trackpoint>
     <Trackpoint>
      <Time>2026-05-24T14:28:17Z</Time>
      <Position>
       <LatitudeDegrees>35.7042087</LatitudeDegrees>
       <LongitudeDegrees>139.7758283</LongitudeDegrees>
      </Position>
      <AltitudeMeters>18</AltitudeMeters>
      <DistanceMeters>3063</DistanceMeters>
      <HeartRateBpm>
       <Value>135</Value>
      </HeartRateBpm>
      <Cadence>82</Cadence>
      <Extensions>
       <Speed>7.810000</Speed>
      </Extensions>
     </Trackpoint>
     <Trackpoint>
      <Time>2026-05-24T14:28:18Z</Time>
      <Position>
       <LatitudeDegrees>35.7042061</LatitudeDegrees>
       <LongitudeDegrees>139.7758466</LongitudeDegrees>
      </Position>
      <AltitudeMeters>18</AltitudeMeters>
      <DistanceMeters>3064</DistanceMeters>
      <HeartRateBpm>
       <Value>135</Value>
      </HeartRateBpm>
      <Cadence>82</Cadence>
      <Extensions>
       <Speed>7.820000</Speed>
      </Extensions>
     </Trackpoint>
     <Trackpoint>
      <Time>2026-05-24T14:28:19Z</Time>
      <Position>
       <LatitudeDegrees>35.7042036</LatitudeDegrees>
       <LongitudeDegrees>139.7758650</LongitudeDegrees>
      </Position>
      <AltitudeMeters>18</AltitudeMeters>
      <DistanceMeters>3065</DistanceMeters>
      <HeartRateBpm>
       <Value>135</Value>
      </HeartRateBpm>
      <Cadence>82</Cadence>
      <Extensions>
       <Speed>7.830000</Speed>
      </Extensions>
     </Trackpoint>
     <Trackpoint>
      <Time>2026-05-24T14:28:20Z</Time>
      <Position>
       <LatitudeDegrees>35.7041983</LatitudeDegrees>
       <LongitudeDegrees>139.7758793</LongitudeDegrees>
      </Position>
      <AltitudeMeters>18</AltitudeMeters>
      <DistanceMeters>3066</DistanceMeters>
      <HeartRateBpm>
       <Value>136</Value>
      </HeartRateBpm>
      <Cadence>82</Cadence>
      <Extensions>
       <Speed>7.820000</Speed>
      </Extensions>
     </Trackpoint>
     <Trackpoint>
      <Time>2026-05-24T14:28:21Z</Time>
      <Position>
       <LatitudeDegrees>35.7041931</LatitudeDegrees>
       <LongitudeDegrees>139.7758937</LongitudeDegrees>
      </Position>
      <AltitudeMeters>18</AltitudeMeters>
      <DistanceMeters>3068</DistanceMeters>
      <HeartRateBpm>
       <Value>136</Value>
      </HeartRateBpm>
      <Cadence>82</Cadence>
      <Extensions>
       <Speed>7.820000</Speed>
      </Extensions>
     </Trackpoint>
     <Trackpoint>
      <Time>2026-05-24T14:28:22Z</Time>
      <Position>
       <LatitudeDegrees>35.7041879</LatitudeDegrees>
       <LongitudeDegrees>139.7759109</LongitudeDegrees>
      </Position>
      <AltitudeMeters>18</AltitudeMeters>
      <DistanceMeters>3071</DistanceMeters>
      <HeartRateBpm>
       <Value>136</Value>
      </HeartRateBpm>
      <Cadence>82</Cadence>
      <Extensions>
       <Speed>7.810000</Speed>
      </Extensions>
     </Trackpoint>
     <Trackpoint>
      <Time>2026-05-24T14:28:23Z</Time>
      <Position>
       <LatitudeDegrees>35.7041827</LatitudeDegrees>
       <LongitudeDegrees>139.7759281</LongitudeDegrees>
      </Position>
      <AltitudeMeters>18</AltitudeMeters>
      <DistanceMeters>3074</DistanceMeters>
      <HeartRateBpm>
       <Value>136</Value>
      </HeartRateBpm>
      <Cadence>82</Cadence>
      <Extensions>
       <Speed>7.810000</Speed>
      </Extensions>
     </Trackpoint>
     <Trackpoint>
      <Time>2026-05-24T14:28:24Z</Time>
      <Position>
       <LatitudeDegrees>35.7041863</LatitudeDegrees>
       <LongitudeDegrees>139.7759505</LongitudeDegrees>
      </Position>
      <AltitudeMeters>18</AltitudeMeters>
      <DistanceMeters>3076</DistanceMeters>
      <HeartRateBpm>
       <Value>136</Value>
      </HeartRateBpm>
      <Cadence>82</Cadence>
      <Extensions>
       <Speed>7.800000</Speed>
      </Extensions>
     </Trackpoint>
     <Trackpoint>
      <Time>2026-05-24T14:28:25Z</Time>
      <Position>
       <LatitudeDegrees>35.7041900</LatitudeDegrees>
       <LongitudeDegrees>139.7759729</LongitudeDegrees>
      </Position>
      <AltitudeMeters>18</AltitudeMeters>
      <DistanceMeters>3077</DistanceMeters>
      <HeartRateBpm>
       <Value>136</Value>
      </HeartRateBpm>
      <Cadence>83</Cadence>
      <Extensions>
       <Speed>7.800000</Speed>
      </Extensions>
     </Trackpoint>
     <Trackpoint>
      <Time>2026-05-24T14:28:26Z</Time>
      <Position>
       <LatitudeDegrees>35.7041965</LatitudeDegrees>
       <LongitudeDegrees>139.7759947</LongitudeDegrees>
      </Position>
      <AltitudeMeters>18</AltitudeMeters>
      <DistanceMeters>3079</DistanceMeters>
      <HeartRateBpm>
       <Value>136</Value>
      </HeartRateBpm>
      <Cadence>83</Cadence>
      <Extensions>
       <Speed>7.790000</Speed>
      </Extensions>
     </Trackpoint>
     <Trackpoint>
      <Time>2026-05-24T14:28:27Z</Time>
      <Position>
       <LatitudeDegrees>35.7042030</LatitudeDegrees>
       <LongitudeDegrees>139.7760166</LongitudeDegrees>
      </Position>
      <AltitudeMeters>18</AltitudeMeters>
      <DistanceMeters>3081</DistanceMeters>
      <HeartRateBpm>
       <Value>136</Value>
      </HeartRateBpm>
      <Cadence>83</Cadence>
      <Extensions>
       <Speed>7.790000</Speed>
      </Extensions>
     </Trackpoint>
     <Trackpoint>
      <Time>2026-05-24T14:28:28Z</Time>
      <Position>
       <LatitudeDegrees>35.7042056</LatitudeDegrees>
       <LongitudeDegrees>139.7760377</LongitudeDegrees>
      </Position>
      <AltitudeMeters>18</AltitudeMeters>
      <DistanceMeters>3083</DistanceMeters>
      <HeartRateBpm>
       <Value>136</Value>
      </HeartRateBpm>
      <Cadence>82</Cadence>
      <Extensions>
       <Speed>7.790000</Speed>
      </Extensions>
     </Trackpoint>
     <Trackpoint>
      <Time>2026-05-24T14:28:29Z</Time>
      <Position>
       <LatitudeDegrees>35.7042082</LatitudeDegrees>
       <LongitudeDegrees>139.7760588</LongitudeDegrees>
      </Position>
      <AltitudeMeters>18</AltitudeMeters>
      <DistanceMeters>3085</DistanceMeters>
      <HeartRateBpm>
       <Value>135</Value>
      </HeartRateBpm>
      <Cadence>82</Cadence>
      <Extensions>
       <Speed>7.790000</Speed>
      </Extensions>
     </Trackpoint>
     <Trackpoint>
      <Time>2026-05-24T14:28:30Z</Time>
      <Position>
       <LatitudeDegrees>35.7042058</LatitudeDegrees>
       <LongitudeDegrees>139.7760796</LongitudeDegrees>
      </Position>
      <AltitudeMeters>18</AltitudeMeters>
      <DistanceMeters>3087</DistanceMeters>
      <HeartRateBpm>
       <Value>135</Value>
      </HeartRateBpm>
      <Cadence>82</Cadence>
      <Extensions>
       <Speed>7.780000</Speed>
      </Extensions>
     </Trackpoint>
     <Trackpoint>
      <Time>2026-05-24T14:28:31Z</Time>
      <Position>
       <LatitudeDegrees>35.7042034</LatitudeDegrees>
       <LongitudeDegrees>139.7761004</LongitudeDegrees>
      </Position>
      <AltitudeMeters>18</AltitudeMeters>
      <DistanceMeters>3089</DistanceMeters>
      <HeartRateBpm>
       <Value>135</Value>
      </HeartRateBpm>
      <Cadence>82</Cadence>
      <Extensions>
       <Speed>7.780000</Speed>
      </Extensions>
     </Trackpoint>
     <Trackpoint>
      <Time>2026-05-24T14:28:32Z</Time>
      <Position>
       <LatitudeDegrees>35.7041986</LatitudeDegrees>
       <LongitudeDegrees>139.7761205</LongitudeDegrees>
      </Position>
      <AltitudeMeters>18</AltitudeMeters>
      <DistanceMeters>3090</DistanceMeters>
      <HeartRateBpm>
       <Value>135</Value>
      </HeartRateBpm>
      <Cadence>82</Cadence>
      <Extensions>
       <Speed>7.750000</Speed>
      </Extensions>
     </Trackpoint>
     <Trackpoint>
      <Time>2026-05-24T14:28:33Z</Time>
      <Position>
       <LatitudeDegrees>35.7041939</LatitudeDegrees>
       <LongitudeDegrees>139.7761407</LongitudeDegrees>
      </Position>
      <AltitudeMeters>18</AltitudeMeters>
      <DistanceMeters>3092</DistanceMeters>
      <HeartRateBpm>
       <Value>135</Value>
      </HeartRateBpm>
      <Cadence>82</Cadence>
      <Extensions>
       <Speed>7.720000</Speed>
      </Extensions>
     </Trackpoint>
     <Trackpoint>
      <Time>2026-05-24T14:28:34Z</Time>
      <Position>
       <LatitudeDegrees>35.7041916</LatitudeDegrees>
       <LongitudeDegrees>139.7761593</LongitudeDegrees>
      </Position>
      <AltitudeMeters>18</AltitudeMeters>
      <DistanceMeters>3094</DistanceMeters>
      <HeartRateBpm>
       <Value>135</Value>
      </HeartRateBpm>
      <Cadence>81</Cadence>
      <Extensions>
       <Speed>7.670000</Speed>
      </Extensions>
     </Trackpoint>
     <Trackpoint>
      <Time>2026-05-24T14:28:35Z</Time>
      <Position>
       <LatitudeDegrees>35.7041893</LatitudeDegrees>
       <LongitudeDegrees>139.7761779</LongitudeDegrees>
      </Position>
      <AltitudeMeters>18</AltitudeMeters>
      <DistanceMeters>3095</DistanceMeters>
      <HeartRateBpm>
       <Value>134</Value>
      </HeartRateBpm>
      <Cadence>81</Cadence>
      <Extensions>
       <Speed>7.630000</Speed>
      </Extensions>
     </Trackpoint>
     <Trackpoint>
      <Time>2026-05-24T14:28:36Z</Time>
      <Position>
       <LatitudeDegrees>35.7041919</LatitudeDegrees>
       <LongitudeDegrees>139.7761975</LongitudeDegrees>
      </Position>
      <AltitudeMeters>18</AltitudeMeters>
      <DistanceMeters>3098</DistanceMeters>
      <HeartRateBpm>
       <Value>134</Value>
      </HeartRateBpm>
      <Cadence>81</Cadence>
      <Extensions>
       <Speed>7.560000</Speed>
      </Extensions>
     </Trackpoint>
     <Trackpoint>
      <Time>2026-05-24T14:28:37Z</Time>
      <Position>
       <LatitudeDegrees>35.7041945</LatitudeDegrees>
       <LongitudeDegrees>139.7762171</LongitudeDegrees>
      </Position>
      <AltitudeMeters>18</AltitudeMeters>
      <DistanceMeters>3100</DistanceMeters>
      <HeartRateBpm>
       <Value>133</Value>
      </HeartRateBpm>
      <Cadence>81</Cadence>
      <Extensions>
       <Speed>7.490000</Speed>
      </Extensions>
     </Trackpoint>
     <Trackpoint>
      <Time>2026-05-24T14:28:38Z</Time>
      <Position>
       <LatitudeDegrees>35.7042008</LatitudeDegrees>
       <LongitudeDegrees>139.7762404</LongitudeDegrees>
      </Position>
      <AltitudeMeters>18</AltitudeMeters>
      <DistanceMeters>3102</DistanceMeters>
      <HeartRateBpm>
       <Value>133</Value>
      </HeartRateBpm>
      <Cadence>81</Cadence>
      <Extensions>
       <Speed>7.430000</Speed>
      </Extensions>
     </Trackpoint>
     <Trackpoint>
      <Time>2026-05-24T14:28:39Z</Time>
      <Position>
       <LatitudeDegrees>35.7042072</LatitudeDegrees>
       <LongitudeDegrees>139.7762637</LongitudeDegrees>
      </Position>
      <AltitudeMeters>18</AltitudeMeters>
      <DistanceMeters>3105</DistanceMeters>
      <HeartRateBpm>
       <Value>134</Value>
      </HeartRateBpm>
      <Cadence>81</Cadence>
      <Extensions>
       <Speed>7.370000</Speed>
      </Extensions>
     </Trackpoint>
     <Trackpoint>
      <Time>2026-05-24T14:28:40Z</Time>
      <Position>
       <LatitudeDegrees>35.7042147</LatitudeDegrees>
       <LongitudeDegrees>139.7762882</LongitudeDegrees>
      </Position>
      <AltitudeMeters>18</AltitudeMeters>
      <DistanceMeters>3107</DistanceMeters>
      <HeartRateBpm>
       <Value>135</Value>
      </HeartRateBpm>
      <Cadence>81</Cadence>
      <Extensions>
       <Speed>7.310000</Speed>
      </Extensions>
     </Trackpoint>
     <Trackpoint>
      <Time>2026-05-24T14:28:41Z</Time>
      <Position>
       <LatitudeDegrees>35.7042223</LatitudeDegrees>
       <LongitudeDegrees>139.7763127</LongitudeDegrees>
      </Position>
      <AltitudeMeters>18</AltitudeMeters>
      <DistanceMeters>3109</DistanceMeters>
      <HeartRateBpm>
       <Value>135</Value>
      </HeartRateBpm>
      <Cadence>81</Cadence>
      <Extensions>
       <Speed>7.250000</Speed>
      </Extensions>
     </Trackpoint>
     <Trackpoint>
      <Time>2026-05-24T14:28:42Z</Time>
      <Position>
       <LatitudeDegrees>35.7042279</LatitudeDegrees>
       <LongitudeDegrees>139.7763360</LongitudeDegrees>
      </Position>
      <AltitudeMeters>18</AltitudeMeters>
      <DistanceMeters>3111</DistanceMeters>
      <HeartRateBpm>
       <Value>135</Value>
      </HeartRateBpm>
      <Cadence>81</Cadence>
      <Extensions>
       <Speed>7.260000</Speed>
      </Extensions>
     </Trackpoint>
     <Trackpoint>
      <Time>2026-05-24T14:28:43Z</Time>
      <Position>
       <LatitudeDegrees>35.7042336</LatitudeDegrees>
       <LongitudeDegrees>139.7763593</LongitudeDegrees>
      </Position>
      <AltitudeMeters>18</AltitudeMeters>
      <DistanceMeters>3113</DistanceMeters>
      <HeartRateBpm>
       <Value>135</Value>
      </HeartRateBpm>
      <Cadence>81</Cadence>
      <Extensions>
       <Speed>7.280000</Speed>
      </Extensions>
     </Trackpoint>
     <Trackpoint>
      <Time>2026-05-24T14:28:44Z</Time>
      <Position>
       <LatitudeDegrees>35.7042360</LatitudeDegrees>
       <LongitudeDegrees>139.7763800</LongitudeDegrees>
      </Position>
      <AltitudeMeters>18</AltitudeMeters>
      <DistanceMeters>3114</DistanceMeters>
      <HeartRateBpm>
       <Value>135</Value>
      </HeartRateBpm>
      <Cadence>81</Cadence>
      <Extensions>
       <Speed>7.340000</Speed>
      </Extensions>
     </Trackpoint>
     <Trackpoint>
      <Time>2026-05-24T14:28:45Z</Time>
      <Position>
       <LatitudeDegrees>35.7042384</LatitudeDegrees>
       <LongitudeDegrees>139.7764008</LongitudeDegrees>
      </Position>
      <AltitudeMeters>18</AltitudeMeters>
      <DistanceMeters>3116</DistanceMeters>
      <HeartRateBpm>
       <Value>135</Value>
      </HeartRateBpm>
      <Cadence>82</Cadence>
      <Extensions>
       <Speed>7.410000</Speed>
      </Extensions>
     </Trackpoint>
     <Trackpoint>
      <Time>2026-05-24T14:28:46Z</Time>
      <Position>
       <LatitudeDegrees>35.7042385</LatitudeDegrees>
       <LongitudeDegrees>139.7764220</LongitudeDegrees>
      </Position>
      <AltitudeMeters>18</AltitudeMeters>
      <DistanceMeters>3118</DistanceMeters>
      <HeartRateBpm>
       <Value>135</Value>
      </HeartRateBpm>
      <Cadence>82</Cadence>
      <Extensions>
       <Speed>7.420000</Speed>
      </Extensions>
     </Trackpoint>
     <Trackpoint>
      <Time>2026-05-24T14:28:47Z</Time>
      <Position>
       <LatitudeDegrees>35.7042387</LatitudeDegrees>
       <LongitudeDegrees>139.7764432</LongitudeDegrees>
      </Position>
      <AltitudeMeters>18</AltitudeMeters>
      <DistanceMeters>3121</DistanceMeters>
      <HeartRateBpm>
       <Value>136</Value>
      </HeartRateBpm>
      <Cadence>82</Cadence>
      <Extensions>
       <Speed>7.440000</Speed>
      </Extensions>
     </Trackpoint>
     <Trackpoint>
      <Time>2026-05-24T14:28:48Z</Time>
      <Position>
       <LatitudeDegrees>35.7042368</LatitudeDegrees>
       <LongitudeDegrees>139.7764653</LongitudeDegrees>
      </Position>
      <AltitudeMeters>18</AltitudeMeters>
      <DistanceMeters>3123</DistanceMeters>
      <HeartRateBpm>
       <Value>136</Value>
      </HeartRateBpm>
      <Cadence>82</Cadence>
      <Extensions>
       <Speed>7.470000</Speed>
      </Extensions>
     </Trackpoint>
     <Trackpoint>
      <Time>2026-05-24T14:28:49Z</Time>
      <Position>
       <LatitudeDegrees>35.7042349</LatitudeDegrees>
       <LongitudeDegrees>139.7764875</LongitudeDegrees>
      </Position>
      <AltitudeMeters>18</AltitudeMeters>
      <DistanceMeters>3125</DistanceMeters>
      <HeartRateBpm>
       <Value>136</Value>
      </HeartRateBpm>
      <Cadence>82</Cadence>
      <Extensions>
       <Speed>7.510000</Speed>
      </Extensions>
     </Trackpoint>
     <Trackpoint>
      <Time>2026-05-24T14:28:50Z</Time>
      <Position>
       <LatitudeDegrees>35.7042309</LatitudeDegrees>
       <LongitudeDegrees>139.7765096</LongitudeDegrees>
      </Position>
      <AltitudeMeters>18</AltitudeMeters>
      <DistanceMeters>3126</DistanceMeters>
      <HeartRateBpm>
       <Value>137</Value>
      </HeartRateBpm>
      <Cadence>82</Cadence>
      <Extensions>
       <Speed>7.520000</Speed>
      </Extensions>
     </Trackpoint>
     <Trackpoint>
      <Time>2026-05-24T14:28:51Z</Time>
      <Position>
       <LatitudeDegrees>35.7042270</LatitudeDegrees>
       <LongitudeDegrees>139.7765318</LongitudeDegrees>
      </Position>
      <AltitudeMeters>18</AltitudeMeters>
      <DistanceMeters>3128</DistanceMeters>
      <HeartRateBpm>
       <Value>137</Value>
      </HeartRateBpm>
      <Cadence>82</Cadence>
      <Extensions>
       <Speed>7.530000</Speed>
      </Extensions>
     </Trackpoint>
     <Trackpoint>
      <Time>2026-05-24T14:28:52Z</Time>
      <Position>
       <LatitudeDegrees>35.7042227</LatitudeDegrees>
       <LongitudeDegrees>139.7765506</LongitudeDegrees>
      </Position>
      <AltitudeMeters>18</AltitudeMeters>
      <DistanceMeters>3130</DistanceMeters>
      <HeartRateBpm>
       <Value>137</Value>
      </HeartRateBpm>
      <Cadence>82</Cadence>
      <Extensions>
       <Speed>7.510000</Speed>
      </Extensions>
     </Trackpoint>
     <Trackpoint>
      <Time>2026-05-24T14:28:53Z</Time>
      <Position>
       <LatitudeDegrees>35.7042184</LatitudeDegrees>
       <LongitudeDegrees>139.7765694</LongitudeDegrees>
      </Position>
      <AltitudeMeters>18</AltitudeMeters>
      <DistanceMeters>3131</DistanceMeters>
      <HeartRateBpm>
       <Value>136</Value>
      </HeartRateBpm>
      <Cadence>83</Cadence>
      <Extensions>
       <Speed>7.490000</Speed>
      </Extensions>
     </Trackpoint>
     <Trackpoint>
      <Time>2026-05-24T14:28:54Z</Time>
      <Position>
       <LatitudeDegrees>35.7042155</LatitudeDegrees>
       <LongitudeDegrees>139.7765861</LongitudeDegrees>
      </Position>
      <AltitudeMeters>18</AltitudeMeters>
      <DistanceMeters>3132</DistanceMeters>
      <HeartRateBpm>
       <Value>136</Value>
      </HeartRateBpm>
      <Cadence>83</Cadence>
      <Extensions>
       <Speed>7.460000</Speed>
      </Extensions>
     </Trackpoint>
     <Trackpoint>
      <Time>2026-05-24T14:28:55Z</Time>
      <Position>
       <LatitudeDegrees>35.7042127</LatitudeDegrees>
       <LongitudeDegrees>139.7766028</LongitudeDegrees>
      </Position>
      <AltitudeMeters>18</AltitudeMeters>
      <DistanceMeters>3134</DistanceMeters>
      <HeartRateBpm>
       <Value>135</Value>
      </HeartRateBpm>
      <Cadence>83</Cadence>
      <Extensions>
       <Speed>7.430000</Speed>
      </Extensions>
     </Trackpoint>
     <Trackpoint>
      <Time>2026-05-24T14:28:56Z</Time>
      <Position>
       <LatitudeDegrees>35.7042126</LatitudeDegrees>
       <LongitudeDegrees>139.7766180</LongitudeDegrees>
      </Position>
      <AltitudeMeters>18</AltitudeMeters>
      <DistanceMeters>3136</DistanceMeters>
      <HeartRateBpm>
       <Value>135</Value>
      </HeartRateBpm>
      <Cadence>83</Cadence>
      <Extensions>
       <Speed>7.390000</Speed>
      </Extensions>
     </Trackpoint>
     <Trackpoint>
      <Time>2026-05-24T14:28:57Z</Time>
      <Position>
       <LatitudeDegrees>35.7042125</LatitudeDegrees>
       <LongitudeDegrees>139.7766333</LongitudeDegrees>
      </Position>
      <AltitudeMeters>18</AltitudeMeters>
      <DistanceMeters>3137</DistanceMeters>
      <HeartRateBpm>
       <Value>135</Value>
      </HeartRateBpm>
      <Cadence>83</Cadence>
      <Extensions>
       <Speed>7.360000</Speed>
      </Extensions>
     </Trackpoint>
     <Trackpoint>
      <Time>2026-05-24T14:28:58Z</Time>
      <Position>
       <LatitudeDegrees>35.7042140</LatitudeDegrees>
       <LongitudeDegrees>139.7766499</LongitudeDegrees>
      </Position>
      <AltitudeMeters>18</AltitudeMeters>
      <DistanceMeters>3139</DistanceMeters>
      <HeartRateBpm>
       <Value>136</Value>
      </HeartRateBpm>
      <Cadence>83</Cadence>
      <Extensions>
       <Speed>7.330000</Speed>
      </Extensions>
     </Trackpoint>
     <Trackpoint>
      <Time>2026-05-24T14:28:59Z</Time>
      <Position>
       <LatitudeDegrees>35.7042155</LatitudeDegrees>
       <LongitudeDegrees>139.7766665</LongitudeDegrees>
      </Position>
      <AltitudeMeters>18</AltitudeMeters>
      <DistanceMeters>3141</DistanceMeters>
      <HeartRateBpm>
       <Value>136</Value>
      </HeartRateBpm>
      <Cadence>83</Cadence>
      <Extensions>
       <Speed>7.310000</Speed>
      </Extensions>
     </Trackpoint>
     <Trackpoint>
      <Time>2026-05-24T14:29:00Z</Time>
      <Position>
       <LatitudeDegrees>35.7042173</LatitudeDegrees>
       <LongitudeDegrees>139.7766858</LongitudeDegrees>
      </Position>
      <AltitudeMeters>18</AltitudeMeters>
      <DistanceMeters>3143</DistanceMeters>
      <HeartRateBpm>
       <Value>136</Value>
      </HeartRateBpm>
      <Cadence>83</Cadence>
      <Extensions>
       <Speed>7.280000</Speed>
      </Extensions>
     </Trackpoint>
     <Trackpoint>
      <Time>2026-05-24T14:29:01Z</Time>
      <Position>
       <LatitudeDegrees>35.7042191</LatitudeDegrees>
       <LongitudeDegrees>139.7767052</LongitudeDegrees>
      </Position>
      <AltitudeMeters>18</AltitudeMeters>
      <DistanceMeters>3145</DistanceMeters>
      <HeartRateBpm>
       <Value>136</Value>
      </HeartRateBpm>
      <Cadence>83</Cadence>
      <Extensions>
       <Speed>7.260000</Speed>
      </Extensions>
     </Trackpoint>
     <Trackpoint>
      <Time>2026-05-24T14:29:02Z</Time>
      <Position>
       <LatitudeDegrees>35.7042211</LatitudeDegrees>
       <LongitudeDegrees>139.7767260</LongitudeDegrees>
      </Position>
      <AltitudeMeters>18</AltitudeMeters>
      <DistanceMeters>3146</DistanceMeters>
      <HeartRateBpm>
       <Value>136</Value>
      </HeartRateBpm>
      <Cadence>83</Cadence>
      <Extensions>
       <Speed>7.240000</Speed>
      </Extensions>
     </Trackpoint>
     <Trackpoint>
      <Time>2026-05-24T14:29:03Z</Time>
      <Position>
       <LatitudeDegrees>35.7042231</LatitudeDegrees>
       <LongitudeDegrees>139.7767469</LongitudeDegrees>
      </Position>
      <AltitudeMeters>18</AltitudeMeters>
      <DistanceMeters>3148</DistanceMeters>
      <HeartRateBpm>
       <Value>136</Value>
      </HeartRateBpm>
      <Cadence>83</Cadence>
      <Extensions>
       <Speed>7.220000</Speed>
      </Extensions>
     </Trackpoint>
     <Trackpoint>
      <Time>2026-05-24T14:29:04Z</Time>
      <Position>
       <LatitudeDegrees>35.7042234</LatitudeDegrees>
       <LongitudeDegrees>139.7767678</LongitudeDegrees>
      </Position>
      <AltitudeMeters>18</AltitudeMeters>
      <DistanceMeters>3150</DistanceMeters>
      <HeartRateBpm>
       <Value>136</Value>
      </HeartRateBpm>
      <Cadence>83</Cadence>
      <Extensions>
       <Speed>7.210000</Speed>
      </Extensions>
     </Trackpoint>
     <Trackpoint>
      <Time>2026-05-24T14:29:05Z</Time>
      <Position>
       <LatitudeDegrees>35.7042238</LatitudeDegrees>
       <LongitudeDegrees>139.7767888</LongitudeDegrees>
      </Position>
      <AltitudeMeters>18</AltitudeMeters>
      <DistanceMeters>3152</DistanceMeters>
      <HeartRateBpm>
       <Value>135</Value>
      </HeartRateBpm>
      <Cadence>84</Cadence>
      <Extensions>
       <Speed>7.200000</Speed>
      </Extensions>
     </Trackpoint>
     <Trackpoint>
      <Time>2026-05-24T14:29:06Z</Time>
      <Position>
       <LatitudeDegrees>35.7042217</LatitudeDegrees>
       <LongitudeDegrees>139.7768109</LongitudeDegrees>
      </Position>
      <AltitudeMeters>18</AltitudeMeters>
      <DistanceMeters>3154</DistanceMeters>
      <HeartRateBpm>
       <Value>134</Value>
      </HeartRateBpm>
      <Cadence>84</Cadence>
      <Extensions>
       <Speed>7.190000</Speed>
      </Extensions>
     </Trackpoint>
     <Trackpoint>
      <Time>2026-05-24T14:29:07Z</Time>
      <Position>
       <LatitudeDegrees>35.7042197</LatitudeDegrees>
       <LongitudeDegrees>139.7768330</LongitudeDegrees>
      </Position>
      <AltitudeMeters>18</AltitudeMeters>
      <DistanceMeters>3157</DistanceMeters>
      <HeartRateBpm>
       <Value>133</Value>
      </HeartRateBpm>
      <Cadence>84</Cadence>
      <Extensions>
       <Speed>7.180000</Speed>
      </Extensions>
     </Trackpoint>
     <Trackpoint>
      <Time>2026-05-24T14:29:08Z</Time>
      <Position>
       <LatitudeDegrees>35.7042153</LatitudeDegrees>
       <LongitudeDegrees>139.7768553</LongitudeDegrees>
      </Position>
      <AltitudeMeters>18</AltitudeMeters>
      <DistanceMeters>3158</DistanceMeters>
      <HeartRateBpm>
       <Value>132</Value>
      </HeartRateBpm>
      <Cadence>84</Cadence>
      <Extensions>
       <Speed>7.170000</Speed>
      </Extensions>
     </Trackpoint>
     <Trackpoint>
      <Time>2026-05-24T14:29:09Z</Time>
      <Position>
       <LatitudeDegrees>35.7042110</LatitudeDegrees>
       <LongitudeDegrees>139.7768777</LongitudeDegrees>
      </Position>
      <AltitudeMeters>18</AltitudeMeters>
      <DistanceMeters>3160</DistanceMeters>
      <HeartRateBpm>
       <Value>132</Value>
      </HeartRateBpm>
      <Cadence>84</Cadence>
      <Extensions>
       <Speed>7.170000</Speed>
      </Extensions>
     </Trackpoint>
     <Trackpoint>
      <Time>2026-05-24T14:29:10Z</Time>
      <Position>
       <LatitudeDegrees>35.7042066</LatitudeDegrees>
       <LongitudeDegrees>139.7768992</LongitudeDegrees>
      </Position>
      <AltitudeMeters>18</AltitudeMeters>
      <DistanceMeters>3162</DistanceMeters>
      <HeartRateBpm>
       <Value>131</Value>
      </HeartRateBpm>
      <Cadence>84</Cadence>
      <Extensions>
       <Speed>7.140000</Speed>
      </Extensions>
     </Trackpoint>
     <Trackpoint>
      <Time>2026-05-24T14:29:11Z</Time>
      <Position>
       <LatitudeDegrees>35.7042022</LatitudeDegrees>
       <LongitudeDegrees>139.7769207</LongitudeDegrees>
      </Position>
      <AltitudeMeters>18</AltitudeMeters>
      <DistanceMeters>3164</DistanceMeters>
      <HeartRateBpm>
       <Value>131</Value>
      </HeartRateBpm>
      <Cadence>85</Cadence>
      <Extensions>
       <Speed>7.120000</Speed>
      </Extensions>
     </Trackpoint>
     <Trackpoint>
      <Time>2026-05-24T14:29:12Z</Time>
      <Position>
       <LatitudeDegrees>35.7041996</LatitudeDegrees>
       <LongitudeDegrees>139.7769408</LongitudeDegrees>
      </Position>
      <AltitudeMeters>18</AltitudeMeters>
      <DistanceMeters>3166</DistanceMeters>
      <HeartRateBpm>
       <Value>131</Value>
      </HeartRateBpm>
      <Cadence>84</Cadence>
      <Extensions>
       <Speed>7.100000</Speed>
      </Extensions>
     </Trackpoint>
     <Trackpoint>
      <Time>2026-05-24T14:29:13Z</Time>
      <Position>
       <LatitudeDegrees>35.7041970</LatitudeDegrees>
       <LongitudeDegrees>139.7769610</LongitudeDegrees>
      </Position>
      <AltitudeMeters>18</AltitudeMeters>
      <DistanceMeters>3168</DistanceMeters>
      <HeartRateBpm>
       <Value>131</Value>
      </HeartRateBpm>
      <Cadence>84</Cadence>
      <Extensions>
       <Speed>7.080000</Speed>
      </Extensions>
     </Trackpoint>
     <Trackpoint>
      <Time>2026-05-24T14:29:14Z</Time>
      <Position>
       <LatitudeDegrees>35.7041956</LatitudeDegrees>
       <LongitudeDegrees>139.7769810</LongitudeDegrees>
      </Position>
      <AltitudeMeters>18</AltitudeMeters>
      <DistanceMeters>3170</DistanceMeters>
      <HeartRateBpm>
       <Value>131</Value>
      </HeartRateBpm>
      <Cadence>84</Cadence>
      <Extensions>
       <Speed>7.070000</Speed>
      </Extensions>
     </Trackpoint>
     <Trackpoint>
      <Time>2026-05-24T14:29:15Z</Time>
      <Position>
       <LatitudeDegrees>35.7041943</LatitudeDegrees>
       <LongitudeDegrees>139.7770010</LongitudeDegrees>
      </Position>
      <AltitudeMeters>18</AltitudeMeters>
      <DistanceMeters>3171</DistanceMeters>
      <HeartRateBpm>
       <Value>131</Value>
      </HeartRateBpm>
      <Cadence>84</Cadence>
      <Extensions>
       <Speed>7.060000</Speed>
      </Extensions>
     </Trackpoint>
     <Trackpoint>
      <Time>2026-05-24T14:29:16Z</Time>
      <Position>
       <LatitudeDegrees>35.7041938</LatitudeDegrees>
       <LongitudeDegrees>139.7770228</LongitudeDegrees>
      </Position>
      <AltitudeMeters>18</AltitudeMeters>
      <DistanceMeters>3174</DistanceMeters>
      <HeartRateBpm>
       <Value>131</Value>
      </HeartRateBpm>
      <Cadence>84</Cadence>
      <Extensions>
       <Speed>7.050000</Speed>
      </Extensions>
     </Trackpoint>
     <Trackpoint>
      <Time>2026-05-24T14:29:17Z</Time>
      <Position>
       <LatitudeDegrees>35.7041933</LatitudeDegrees>
       <LongitudeDegrees>139.7770446</LongitudeDegrees>
      </Position>
      <AltitudeMeters>18</AltitudeMeters>
      <DistanceMeters>3177</DistanceMeters>
      <HeartRateBpm>
       <Value>131</Value>
      </HeartRateBpm>
      <Cadence>85</Cadence>
      <Extensions>
       <Speed>7.040000</Speed>
      </Extensions>
     </Trackpoint>
     <Trackpoint>
      <Time>2026-05-24T14:29:18Z</Time>
      <Position>
       <LatitudeDegrees>35.7041937</LatitudeDegrees>
       <LongitudeDegrees>139.7770722</LongitudeDegrees>
      </Position>
      <AltitudeMeters>18</AltitudeMeters>
      <DistanceMeters>3180</DistanceMeters>
      <HeartRateBpm>
       <Value>131</Value>
      </HeartRateBpm>
      <Cadence>85</Cadence>
      <Extensions>
       <Speed>7.030000</Speed>
      </Extensions>
     </Trackpoint>
     <Trackpoint>
      <Time>2026-05-24T14:29:19Z</Time>
      <Position>
       <LatitudeDegrees>35.7041942</LatitudeDegrees>
       <LongitudeDegrees>139.7770998</LongitudeDegrees>
      </Position>
      <AltitudeMeters>18</AltitudeMeters>
      <DistanceMeters>3182</DistanceMeters>
      <HeartRateBpm>
       <Value>131</Value>
      </HeartRateBpm>
      <Cadence>85</Cadence>
      <Extensions>
       <Speed>7.030000</Speed>
      </Extensions>
     </Trackpoint>
     <Trackpoint>
      <Time>2026-05-24T14:29:20Z</Time>
      <Position>
       <LatitudeDegrees>35.7041937</LatitudeDegrees>
       <LongitudeDegrees>139.7771293</LongitudeDegrees>
      </Position>
      <AltitudeMeters>18</AltitudeMeters>
      <DistanceMeters>3184</DistanceMeters>
      <HeartRateBpm>
       <Value>131</Value>
      </HeartRateBpm>
      <Cadence>84</Cadence>
      <Extensions>
       <Speed>7.040000</Speed>
      </Extensions>
     </Trackpoint>
     <Trackpoint>
      <Time>2026-05-24T14:29:21Z</Time>
      <Position>
       <LatitudeDegrees>35.7041932</LatitudeDegrees>
       <LongitudeDegrees>139.7771588</LongitudeDegrees>
      </Position>
      <AltitudeMeters>18</AltitudeMeters>
      <DistanceMeters>3187</DistanceMeters>
      <HeartRateBpm>
       <Value>131</Value>
      </HeartRateBpm>
      <Cadence>84</Cadence>
      <Extensions>
       <Speed>7.050000</Speed>
      </Extensions>
     </Trackpoint>
     <Trackpoint>
      <Time>2026-05-24T14:29:22Z</Time>
      <Position>
       <LatitudeDegrees>35.7041901</LatitudeDegrees>
       <LongitudeDegrees>139.7771867</LongitudeDegrees>
      </Position>
      <AltitudeMeters>18</AltitudeMeters>
      <DistanceMeters>3190</DistanceMeters>
      <HeartRateBpm>
       <Value>131</Value>
      </HeartRateBpm>
      <Cadence>84</Cadence>
      <Extensions>
       <Speed>7.090000</Speed>
      </Extensions>
     </Trackpoint>
     <Trackpoint>
      <Time>2026-05-24T14:29:23Z</Time>
      <Position>
       <LatitudeDegrees>35.7041871</LatitudeDegrees>
       <LongitudeDegrees>139.7772147</LongitudeDegrees>
      </Position>
      <AltitudeMeters>18</AltitudeMeters>
      <DistanceMeters>3192</DistanceMeters>
      <HeartRateBpm>
       <Value>131</Value>
      </HeartRateBpm>
      <Cadence>84</Cadence>
      <Extensions>
       <Speed>7.130000</Speed>
      </Extensions>
     </Trackpoint>
     <Trackpoint>
      <Time>2026-05-24T14:29:24Z</Time>
      <Position>
       <LatitudeDegrees>35.7041824</LatitudeDegrees>
       <LongitudeDegrees>139.7772411</LongitudeDegrees>
      </Position>
      <AltitudeMeters>18</AltitudeMeters>
      <DistanceMeters>3194</DistanceMeters>
      <HeartRateBpm>
       <Value>131</Value>
      </HeartRateBpm>
      <Cadence>84</Cadence>
      <Extensions>
       <Speed>7.180000</Speed>
      </Extensions>
     </Trackpoint>
     <Trackpoint>
      <Time>2026-05-24T14:29:25Z</Time>
      <Position>
       <LatitudeDegrees>35.7041777</LatitudeDegrees>
       <LongitudeDegrees>139.7772676</LongitudeDegrees>
      </Position>
      <AltitudeMeters>18</AltitudeMeters>
      <DistanceMeters>3197</DistanceMeters>
      <HeartRateBpm>
       <Value>130</Value>
      </HeartRateBpm>
      <Cadence>84</Cadence>
      <Extensions>
       <Speed>7.230000</Speed>
      </Extensions>
     </Trackpoint>
     <Trackpoint>
      <Time>2026-05-24T14:29:26Z</Time>
      <Position>
       <LatitudeDegrees>35.7041724</LatitudeDegrees>
       <LongitudeDegrees>139.7772903</LongitudeDegrees>
      </Position>
      <AltitudeMeters>18</AltitudeMeters>
      <DistanceMeters>3198</DistanceMeters>
      <HeartRateBpm>
       <Value>130</Value>
      </HeartRateBpm>
      <Cadence>84</Cadence>
      <Extensions>
       <Speed>7.270000</Speed>
      </Extensions>
     </Trackpoint>
     <Trackpoint>
      <Time>2026-05-24T14:29:27Z</Time>
      <Position>
       <LatitudeDegrees>35.7041671</LatitudeDegrees>
       <LongitudeDegrees>139.7773130</LongitudeDegrees>
      </Position>
      <AltitudeMeters>18</AltitudeMeters>
      <DistanceMeters>3200</DistanceMeters>
      <HeartRateBpm>
       <Value>130</Value>
      </HeartRateBpm>
      <Cadence>84</Cadence>
      <Extensions>
       <Speed>7.320000</Speed>
      </Extensions>
     </Trackpoint>
     <Trackpoint>
      <Time>2026-05-24T14:29:28Z</Time>
      <Position>
       <LatitudeDegrees>35.7041624</LatitudeDegrees>
       <LongitudeDegrees>139.7773341</LongitudeDegrees>
      </Position>
      <AltitudeMeters>18</AltitudeMeters>
      <DistanceMeters>3202</DistanceMeters>
      <HeartRateBpm>
       <Value>131</Value>
      </HeartRateBpm>
      <Cadence>84</Cadence>
      <Extensions>
       <Speed>7.340000</Speed>
      </Extensions>
     </Trackpoint>
     <Trackpoint>
      <Time>2026-05-24T14:29:29Z</Time>
      <Position>
       <LatitudeDegrees>35.7041578</LatitudeDegrees>
       <LongitudeDegrees>139.7773552</LongitudeDegrees>
      </Position>
      <AltitudeMeters>18</AltitudeMeters>
      <DistanceMeters>3204</DistanceMeters>
      <HeartRateBpm>
       <Value>131</Value>
      </HeartRateBpm>
      <Cadence>84</Cadence>
      <Extensions>
       <Speed>7.370000</Speed>
      </Extensions>
     </Trackpoint>
     <Trackpoint>
      <Time>2026-05-24T14:29:30Z</Time>
      <Position>
       <LatitudeDegrees>35.7041552</LatitudeDegrees>
       <LongitudeDegrees>139.7773761</LongitudeDegrees>
      </Position>
      <AltitudeMeters>18</AltitudeMeters>
      <DistanceMeters>3206</DistanceMeters>
      <HeartRateBpm>
       <Value>131</Value>
      </HeartRateBpm>
      <Cadence>84</Cadence>
      <Extensions>
       <Speed>7.380000</Speed>
      </Extensions>
     </Trackpoint>
     <Trackpoint>
      <Time>2026-05-24T14:29:31Z</Time>
      <Position>
       <LatitudeDegrees>35.7041527</LatitudeDegrees>
       <LongitudeDegrees>139.7773970</LongitudeDegrees>
      </Position>
      <AltitudeMeters>18</AltitudeMeters>
      <DistanceMeters>3208</DistanceMeters>
      <HeartRateBpm>
       <Value>131</Value>
      </HeartRateBpm>
      <Cadence>84</Cadence>
      <Extensions>
       <Speed>7.390000</Speed>
      </Extensions>
     </Trackpoint>
     <Trackpoint>
      <Time>2026-05-24T14:29:32Z</Time>
      <Position>
       <LatitudeDegrees>35.7041518</LatitudeDegrees>
       <LongitudeDegrees>139.7774186</LongitudeDegrees>
      </Position>
      <AltitudeMeters>18</AltitudeMeters>
      <DistanceMeters>3210</DistanceMeters>
      <HeartRateBpm>
       <Value>131</Value>
      </HeartRateBpm>
      <Cadence>84</Cadence>
      <Extensions>
       <Speed>7.430000</Speed>
      </Extensions>
     </Trackpoint>
     <Trackpoint>
      <Time>2026-05-24T14:29:33Z</Time>
      <Position>
       <LatitudeDegrees>35.7041509</LatitudeDegrees>
       <LongitudeDegrees>139.7774402</LongitudeDegrees>
      </Position>
      <AltitudeMeters>18</AltitudeMeters>
      <DistanceMeters>3212</DistanceMeters>
      <HeartRateBpm>
       <Value>131</Value>
      </HeartRateBpm>
      <Cadence>84</Cadence>
      <Extensions>
       <Speed>7.480000</Speed>
      </Extensions>
     </Trackpoint>
     <Trackpoint>
      <Time>2026-05-24T14:29:34Z</Time>
      <Position>
       <LatitudeDegrees>35.7041508</LatitudeDegrees>
       <LongitudeDegrees>139.7774618</LongitudeDegrees>
      </Position>
      <AltitudeMeters>18</AltitudeMeters>
      <DistanceMeters>3214</DistanceMeters>
      <HeartRateBpm>
       <Value>131</Value>
      </HeartRateBpm>
      <Cadence>84</Cadence>
      <Extensions>
       <Speed>7.500000</Speed>
      </Extensions>
     </Trackpoint>
     <Trackpoint>
      <Time>2026-05-24T14:29:35Z</Time>
      <Position>
       <LatitudeDegrees>35.7041508</LatitudeDegrees>
       <LongitudeDegrees>139.7774834</LongitudeDegrees>
      </Position>
      <AltitudeMeters>18</AltitudeMeters>
      <DistanceMeters>3216</DistanceMeters>
      <HeartRateBpm>
       <Value>131</Value>
      </HeartRateBpm>
      <Cadence>84</Cadence>
      <Extensions>
       <Speed>7.530000</Speed>
      </Extensions>
     </Trackpoint>
     <Trackpoint>
      <Time>2026-05-24T14:29:36Z</Time>
      <Position>
       <LatitudeDegrees>35.7041490</LatitudeDegrees>
       <LongitudeDegrees>139.7775035</LongitudeDegrees>
      </Position>
      <AltitudeMeters>18</AltitudeMeters>
      <DistanceMeters>3218</DistanceMeters>
      <HeartRateBpm>
       <Value>131</Value>
      </HeartRateBpm>
      <Cadence>84</Cadence>
      <Extensions>
       <Speed>7.520000</Speed>
      </Extensions>
     </Trackpoint>
     <Trackpoint>
      <Time>2026-05-24T14:29:37Z</Time>
      <Position>
       <LatitudeDegrees>35.7041472</LatitudeDegrees>
       <LongitudeDegrees>139.7775236</LongitudeDegrees>
      </Position>
      <AltitudeMeters>18</AltitudeMeters>
      <DistanceMeters>3219</DistanceMeters>
      <HeartRateBpm>
       <Value>131</Value>
      </HeartRateBpm>
      <Cadence>84</Cadence>
      <Extensions>
       <Speed>7.510000</Speed>
      </Extensions>
     </Trackpoint>
     <Trackpoint>
      <Time>2026-05-24T14:29:38Z</Time>
      <Position>
       <LatitudeDegrees>35.7041422</LatitudeDegrees>
       <LongitudeDegrees>139.7775434</LongitudeDegrees>
      </Position>
      <AltitudeMeters>18</AltitudeMeters>
      <DistanceMeters>3221</DistanceMeters>
      <HeartRateBpm>
       <Value>131</Value>
      </HeartRateBpm>
      <Cadence>84</Cadence>
      <Extensions>
       <Speed>7.490000</Speed>
      </Extensions>
     </Trackpoint>
     <Trackpoint>
      <Time>2026-05-24T14:29:39Z</Time>
      <Position>
       <LatitudeDegrees>35.7041372</LatitudeDegrees>
       <LongitudeDegrees>139.7775632</LongitudeDegrees>
      </Position>
      <AltitudeMeters>18</AltitudeMeters>
      <DistanceMeters>3223</DistanceMeters>
      <HeartRateBpm>
       <Value>132</Value>
      </HeartRateBpm>
      <Cadence>84</Cadence>
      <Extensions>
       <Speed>7.480000</Speed>
      </Extensions>
     </Trackpoint>
     <Trackpoint>
      <Time>2026-05-24T14:29:40Z</Time>
      <Position>
       <LatitudeDegrees>35.7041320</LatitudeDegrees>
       <LongitudeDegrees>139.7775852</LongitudeDegrees>
      </Position>
      <AltitudeMeters>18</AltitudeMeters>
      <DistanceMeters>3226</DistanceMeters>
      <HeartRateBpm>
       <Value>131</Value>
      </HeartRateBpm>
      <Cadence>84</Cadence>
      <Extensions>
       <Speed>7.470000</Speed>
      </Extensions>
     </Trackpoint>
     <Trackpoint>
      <Time>2026-05-24T14:29:41Z</Time>
      <Position>
       <LatitudeDegrees>35.7041269</LatitudeDegrees>
       <LongitudeDegrees>139.7776072</LongitudeDegrees>
      </Position>
      <AltitudeMeters>18</AltitudeMeters>
      <DistanceMeters>3228</DistanceMeters>
      <HeartRateBpm>
       <Value>131</Value>
      </HeartRateBpm>
      <Cadence>84</Cadence>
      <Extensions>
       <Speed>7.460000</Speed>
      </Extensions>
     </Trackpoint>
     <Trackpoint>
      <Time>2026-05-24T14:29:42Z</Time>
      <Position>
       <LatitudeDegrees>35.7041255</LatitudeDegrees>
       <LongitudeDegrees>139.7776308</LongitudeDegrees>
      </Position>
      <AltitudeMeters>18</AltitudeMeters>
      <DistanceMeters>3230</DistanceMeters>
      <HeartRateBpm>
       <Value>131</Value>
      </HeartRateBpm>
      <Cadence>84</Cadence>
      <Extensions>
       <Speed>7.450000</Speed>
      </Extensions>
     </Trackpoint>
     <Trackpoint>
      <Time>2026-05-24T14:29:43Z</Time>
      <Position>
       <LatitudeDegrees>35.7041242</LatitudeDegrees>
       <LongitudeDegrees>139.7776545</LongitudeDegrees>
      </Position>
      <AltitudeMeters>18</AltitudeMeters>
      <DistanceMeters>3232</DistanceMeters>
      <HeartRateBpm>
       <Value>131</Value>
      </HeartRateBpm>
      <Cadence>84</Cadence>
      <Extensions>
       <Speed>7.450000</Speed>
      </Extensions>
     </Trackpoint>
     <Trackpoint>
      <Time>2026-05-24T14:29:44Z</Time>
      <Position>
       <LatitudeDegrees>35.7041261</LatitudeDegrees>
       <LongitudeDegrees>139.7776779</LongitudeDegrees>
      </Position>
      <AltitudeMeters>18</AltitudeMeters>
      <DistanceMeters>3234</DistanceMeters>
      <HeartRateBpm>
       <Value>131</Value>
      </HeartRateBpm>
      <Cadence>83</Cadence>
      <Extensions>
       <Speed>7.440000</Speed>
      </Extensions>
     </Trackpoint>
     <Trackpoint>
      <Time>2026-05-24T14:29:45Z</Time>
      <Position>
       <LatitudeDegrees>35.7041281</LatitudeDegrees>
       <LongitudeDegrees>139.7777013</LongitudeDegrees>
      </Position>
      <AltitudeMeters>18</AltitudeMeters>
      <DistanceMeters>3236</DistanceMeters>
      <HeartRateBpm>
       <Value>131</Value>
      </HeartRateBpm>
      <Cadence>83</Cadence>
      <Extensions>
       <Speed>7.430000</Speed>
      </Extensions>
     </Trackpoint>
     <Trackpoint>
      <Time>2026-05-24T14:29:46Z</Time>
      <Position>
       <LatitudeDegrees>35.7041313</LatitudeDegrees>
       <LongitudeDegrees>139.7777242</LongitudeDegrees>
      </Position>
      <AltitudeMeters>18</AltitudeMeters>
      <DistanceMeters>3238</DistanceMeters>
      <HeartRateBpm>
       <Value>131</Value>
      </HeartRateBpm>
      <Cadence>83</Cadence>
      <Extensions>
       <Speed>7.430000</Speed>
      </Extensions>
     </Trackpoint>
     <Trackpoint>
      <Time>2026-05-24T14:29:47Z</Time>
      <Position>
       <LatitudeDegrees>35.7041346</LatitudeDegrees>
       <LongitudeDegrees>139.7777471</LongitudeDegrees>
      </Position>
      <AltitudeMeters>18</AltitudeMeters>
      <DistanceMeters>3240</DistanceMeters>
      <HeartRateBpm>
       <Value>131</Value>
      </HeartRateBpm>
      <Cadence>83</Cadence>
      <Extensions>
       <Speed>7.430000</Speed>
      </Extensions>
     </Trackpoint>
     <Trackpoint>
      <Time>2026-05-24T14:29:48Z</Time>
      <Position>
       <LatitudeDegrees>35.7041379</LatitudeDegrees>
       <LongitudeDegrees>139.7777695</LongitudeDegrees>
      </Position>
      <AltitudeMeters>18</AltitudeMeters>
      <DistanceMeters>3242</DistanceMeters>
      <HeartRateBpm>
       <Value>131</Value>
      </HeartRateBpm>
      <Cadence>82</Cadence>
      <Extensions>
       <Speed>7.430000</Speed>
      </Extensions>
     </Trackpoint>
     <Trackpoint>
      <Time>2026-05-24T14:29:49Z</Time>
      <Position>
       <LatitudeDegrees>35.7041412</LatitudeDegrees>
       <LongitudeDegrees>139.7777919</LongitudeDegrees>
      </Position>
      <AltitudeMeters>18</AltitudeMeters>
      <DistanceMeters>3244</DistanceMeters>
      <HeartRateBpm>
       <Value>131</Value>
      </HeartRateBpm>
      <Cadence>82</Cadence>
      <Extensions>
       <Speed>7.440000</Speed>
      </Extensions>
     </Trackpoint>
     <Trackpoint>
      <Time>2026-05-24T14:29:50Z</Time>
      <Position>
       <LatitudeDegrees>35.7041426</LatitudeDegrees>
       <LongitudeDegrees>139.7778121</LongitudeDegrees>
      </Position>
      <AltitudeMeters>18</AltitudeMeters>
      <DistanceMeters>3246</DistanceMeters>
      <HeartRateBpm>
       <Value>131</Value>
      </HeartRateBpm>
      <Cadence>82</Cadence>
      <Extensions>
       <Speed>7.440000</Speed>
      </Extensions>
     </Trackpoint>
     <Trackpoint>
      <Time>2026-05-24T14:29:51Z</Time>
      <Position>
       <LatitudeDegrees>35.7041441</LatitudeDegrees>
       <LongitudeDegrees>139.7778323</LongitudeDegrees>
      </Position>
      <AltitudeMeters>18</AltitudeMeters>
      <DistanceMeters>3247</DistanceMeters>
      <HeartRateBpm>
       <Value>132</Value>
      </HeartRateBpm>
      <Cadence>82</Cadence>
      <Extensions>
       <Speed>7.440000</Speed>
      </Extensions>
     </Trackpoint>
     <Trackpoint>
      <Time>2026-05-24T14:29:52Z</Time>
      <Position>
       <LatitudeDegrees>35.7041432</LatitudeDegrees>
       <LongitudeDegrees>139.7778508</LongitudeDegrees>
      </Position>
      <AltitudeMeters>18</AltitudeMeters>
      <DistanceMeters>3248</DistanceMeters>
      <HeartRateBpm>
       <Value>132</Value>
      </HeartRateBpm>
      <Cadence>82</Cadence>
      <Extensions>
       <Speed>7.430000</Speed>
      </Extensions>
     </Trackpoint>
     <Trackpoint>
      <Time>2026-05-24T14:29:53Z</Time>
      <Position>
       <LatitudeDegrees>35.7041423</LatitudeDegrees>
       <LongitudeDegrees>139.7778694</LongitudeDegrees>
      </Position>
      <AltitudeMeters>18</AltitudeMeters>
      <DistanceMeters>3250</DistanceMeters>
      <HeartRateBpm>
       <Value>132</Value>
      </HeartRateBpm>
      <Cadence>82</Cadence>
      <Extensions>
       <Speed>7.420000</Speed>
      </Extensions>
     </Trackpoint>
     <Trackpoint>
      <Time>2026-05-24T14:29:54Z</Time>
      <Position>
       <LatitudeDegrees>35.7041405</LatitudeDegrees>
       <LongitudeDegrees>139.7778865</LongitudeDegrees>
      </Position>
      <AltitudeMeters>18</AltitudeMeters>
      <DistanceMeters>3252</DistanceMeters>
      <HeartRateBpm>
       <Value>132</Value>
      </HeartRateBpm>
      <Cadence>82</Cadence>
      <Extensions>
       <Speed>7.410000</Speed>
      </Extensions>
     </Trackpoint>
     <Trackpoint>
      <Time>2026-05-24T14:29:55Z</Time>
      <Position>
       <LatitudeDegrees>35.7041388</LatitudeDegrees>
       <LongitudeDegrees>139.7779036</LongitudeDegrees>
      </Position>
      <AltitudeMeters>18</AltitudeMeters>
      <DistanceMeters>3254</DistanceMeters>
      <HeartRateBpm>
       <Value>132</Value>
      </HeartRateBpm>
      <Cadence>82</Cadence>
      <Extensions>
       <Speed>7.400000</Speed>
      </Extensions>
     </Trackpoint>
     <Trackpoint>
      <Time>2026-05-24T14:29:56Z</Time>
      <Position>
       <LatitudeDegrees>35.7041366</LatitudeDegrees>
       <LongitudeDegrees>139.7779242</LongitudeDegrees>
      </Position>
      <AltitudeMeters>18</AltitudeMeters>
      <DistanceMeters>3256</DistanceMeters>
      <HeartRateBpm>
       <Value>132</Value>
      </HeartRateBpm>
      <Cadence>82</Cadence>
      <Extensions>
       <Speed>7.390000</Speed>
      </Extensions>
     </Trackpoint>
     <Trackpoint>
      <Time>2026-05-24T14:29:57Z</Time>
      <Position>
       <LatitudeDegrees>35.7041345</LatitudeDegrees>
       <LongitudeDegrees>139.7779449</LongitudeDegrees>
      </Position>
      <AltitudeMeters>18</AltitudeMeters>
      <DistanceMeters>3259</DistanceMeters>
      <HeartRateBpm>
       <Value>132</Value>
      </HeartRateBpm>
      <Cadence>83</Cadence>
      <Extensions>
       <Speed>7.380000</Speed>
      </Extensions>
     </Trackpoint>
     <Trackpoint>
      <Time>2026-05-24T14:29:58Z</Time>
      <Position>
       <LatitudeDegrees>35.7041329</LatitudeDegrees>
       <LongitudeDegrees>139.7779692</LongitudeDegrees>
      </Position>
      <AltitudeMeters>18</AltitudeMeters>
      <DistanceMeters>3261</DistanceMeters>
      <HeartRateBpm>
       <Value>132</Value>
      </HeartRateBpm>
      <Cadence>83</Cadence>
      <Extensions>
       <Speed>7.370000</Speed>
      </Extensions>
     </Trackpoint>
     <Trackpoint>
      <Time>2026-05-24T14:29:59Z</Time>
      <Position>
       <LatitudeDegrees>35.7041314</LatitudeDegrees>
       <LongitudeDegrees>139.7779935</LongitudeDegrees>
      </Position>
      <AltitudeMeters>18</AltitudeMeters>
      <DistanceMeters>3263</DistanceMeters>
      <HeartRateBpm>
       <Value>132</Value>
      </HeartRateBpm>
      <Cadence>83</Cadence>
      <Extensions>
       <Speed>7.370000</Speed>
      </Extensions>
     </Trackpoint>
     <Trackpoint>
      <Time>2026-05-24T14:30:00Z</Time>
      <Position>
       <LatitudeDegrees>35.7041287</LatitudeDegrees>
       <LongitudeDegrees>139.7780179</LongitudeDegrees>
      </Position>
      <AltitudeMeters>18</AltitudeMeters>
      <DistanceMeters>3265</DistanceMeters>
      <HeartRateBpm>
       <Value>132</Value>
      </HeartRateBpm>
      <Cadence>83</Cadence>
      <Extensions>
       <Speed>7.380000</Speed>
      </Extensions>
     </Trackpoint>
     <Trackpoint>
      <Time>2026-05-24T14:30:01Z</Time>
      <Position>
       <LatitudeDegrees>35.7041260</LatitudeDegrees>
       <LongitudeDegrees>139.7780423</LongitudeDegrees>
      </Position>
      <AltitudeMeters>18</AltitudeMeters>
      <DistanceMeters>3267</DistanceMeters>
      <HeartRateBpm>
       <Value>132</Value>
      </HeartRateBpm>
      <Cadence>83</Cadence>
      <Extensions>
       <Speed>7.400000</Speed>
      </Extensions>
     </Trackpoint>
     <Trackpoint>
      <Time>2026-05-24T14:30:02Z</Time>
      <Position>
       <LatitudeDegrees>35.7041210</LatitudeDegrees>
       <LongitudeDegrees>139.7780650</LongitudeDegrees>
      </Position>
      <AltitudeMeters>18</AltitudeMeters>
      <DistanceMeters>3270</DistanceMeters>
      <HeartRateBpm>
       <Value>132</Value>
      </HeartRateBpm>
      <Cadence>83</Cadence>
      <Extensions>
       <Speed>7.410000</Speed>
      </Extensions>
     </Trackpoint>
     <Trackpoint>
      <Time>2026-05-24T14:30:03Z</Time>
      <Position>
       <LatitudeDegrees>35.7041161</LatitudeDegrees>
       <LongitudeDegrees>139.7780878</LongitudeDegrees>
      </Position>
      <AltitudeMeters>18</AltitudeMeters>
      <DistanceMeters>3272</DistanceMeters>
      <HeartRateBpm>
       <Value>132</Value>
      </HeartRateBpm>
      <Cadence>83</Cadence>
      <Extensions>
       <Speed>7.420000</Speed>
      </Extensions>
     </Trackpoint>
     <Trackpoint>
      <Time>2026-05-24T14:30:04Z</Time>
      <Position>
       <LatitudeDegrees>35.7041108</LatitudeDegrees>
       <LongitudeDegrees>139.7781107</LongitudeDegrees>
      </Position>
      <AltitudeMeters>18</AltitudeMeters>
      <DistanceMeters>3274</DistanceMeters>
      <HeartRateBpm>
       <Value>131</Value>
      </HeartRateBpm>
      <Cadence>82</Cadence>
      <Extensions>
       <Speed>7.430000</Speed>
      </Extensions>
     </Trackpoint>
     <Trackpoint>
      <Time>2026-05-24T14:30:05Z</Time>
      <Position>
       <LatitudeDegrees>35.7041056</LatitudeDegrees>
       <LongitudeDegrees>139.7781336</LongitudeDegrees>
      </Position>
      <AltitudeMeters>18</AltitudeMeters>
      <DistanceMeters>3276</DistanceMeters>
      <HeartRateBpm>
       <Value>132</Value>
      </HeartRateBpm>
      <Cadence>82</Cadence>
      <Extensions>
       <Speed>7.440000</Speed>
      </Extensions>
     </Trackpoint>
     <Trackpoint>
      <Time>2026-05-24T14:30:06Z</Time>
      <Position>
       <LatitudeDegrees>35.7041026</LatitudeDegrees>
       <LongitudeDegrees>139.7781554</LongitudeDegrees>
      </Position>
      <AltitudeMeters>18</AltitudeMeters>
      <DistanceMeters>3278</DistanceMeters>
      <HeartRateBpm>
       <Value>132</Value>
      </HeartRateBpm>
      <Cadence>82</Cadence>
      <Extensions>
       <Speed>7.440000</Speed>
      </Extensions>
     </Trackpoint>
     <Trackpoint>
      <Time>2026-05-24T14:30:07Z</Time>
      <Position>
       <LatitudeDegrees>35.7040996</LatitudeDegrees>
       <LongitudeDegrees>139.7781772</LongitudeDegrees>
      </Position>
      <AltitudeMeters>18</AltitudeMeters>
      <DistanceMeters>3279</DistanceMeters>
      <HeartRateBpm>
       <Value>132</Value>
      </HeartRateBpm>
      <Cadence>82</Cadence>
      <Extensions>
       <Speed>7.450000</Speed>
      </Extensions>
     </Trackpoint>
     <Trackpoint>
      <Time>2026-05-24T14:30:08Z</Time>
      <Position>
       <LatitudeDegrees>35.7040988</LatitudeDegrees>
       <LongitudeDegrees>139.7781982</LongitudeDegrees>
      </Position>
      <AltitudeMeters>18</AltitudeMeters>
      <DistanceMeters>3281</DistanceMeters>
      <HeartRateBpm>
       <Value>132</Value>
      </HeartRateBpm>
      <Cadence>82</Cadence>
      <Extensions>
       <Speed>7.430000</Speed>
      </Extensions>
     </Trackpoint>
     <Trackpoint>
      <Time>2026-05-24T14:30:09Z</Time>
      <Position>
       <LatitudeDegrees>35.7040980</LatitudeDegrees>
       <LongitudeDegrees>139.7782192</LongitudeDegrees>
      </Position>
      <AltitudeMeters>18</AltitudeMeters>
      <DistanceMeters>3283</DistanceMeters>
      <HeartRateBpm>
       <Value>133</Value>
      </HeartRateBpm>
      <Cadence>82</Cadence>
      <Extensions>
       <Speed>7.420000</Speed>
      </Extensions>
     </Trackpoint>
     <Trackpoint>
      <Time>2026-05-24T14:30:10Z</Time>
      <Position>
       <LatitudeDegrees>35.7040984</LatitudeDegrees>
       <LongitudeDegrees>139.7782407</LongitudeDegrees>
      </Position>
      <AltitudeMeters>18</AltitudeMeters>
      <DistanceMeters>3286</DistanceMeters>
      <HeartRateBpm>
       <Value>133</Value>
      </HeartRateBpm>
      <Cadence>82</Cadence>
      <Extensions>
       <Speed>7.400000</Speed>
      </Extensions>
     </Trackpoint>
     <Trackpoint>
      <Time>2026-05-24T14:30:11Z</Time>
      <Position>
       <LatitudeDegrees>35.7040989</LatitudeDegrees>
       <LongitudeDegrees>139.7782622</LongitudeDegrees>
      </Position>
      <AltitudeMeters>18</AltitudeMeters>
      <DistanceMeters>3288</DistanceMeters>
      <HeartRateBpm>
       <Value>133</Value>
      </HeartRateBpm>
      <Cadence>82</Cadence>
      <Extensions>
       <Speed>7.390000</Speed>
      </Extensions>
     </Trackpoint>
     <Trackpoint>
      <Time>2026-05-24T14:30:12Z</Time>
      <Position>
       <LatitudeDegrees>35.7041001</LatitudeDegrees>
       <LongitudeDegrees>139.7782868</LongitudeDegrees>
      </Position>
      <AltitudeMeters>18</AltitudeMeters>
      <DistanceMeters>3290</DistanceMeters>
      <HeartRateBpm>
       <Value>133</Value>
      </HeartRateBpm>
      <Cadence>82</Cadence>
      <Extensions>
       <Speed>7.380000</Speed>
      </Extensions>
     </Trackpoint>
     <Trackpoint>
      <Time>2026-05-24T14:30:13Z</Time>
      <Position>
       <LatitudeDegrees>35.7041014</LatitudeDegrees>
       <LongitudeDegrees>139.7783114</LongitudeDegrees>
      </Position>
      <AltitudeMeters>18</AltitudeMeters>
      <DistanceMeters>3293</DistanceMeters>
      <HeartRateBpm>
       <Value>133</Value>
      </HeartRateBpm>
      <Cadence>83</Cadence>
      <Extensions>
       <Speed>7.380000</Speed>
      </Extensions>
     </Trackpoint>
     <Trackpoint>
      <Time>2026-05-24T14:30:14Z</Time>
      <Position>
       <LatitudeDegrees>35.7041030</LatitudeDegrees>
       <LongitudeDegrees>139.7783374</LongitudeDegrees>
      </Position>
      <AltitudeMeters>18</AltitudeMeters>
      <DistanceMeters>3295</DistanceMeters>
      <HeartRateBpm>
       <Value>133</Value>
      </HeartRateBpm>
      <Cadence>83</Cadence>
      <Extensions>
       <Speed>7.370000</Speed>
      </Extensions>
     </Trackpoint>
     <Trackpoint>
      <Time>2026-05-24T14:30:15Z</Time>
      <Position>
       <LatitudeDegrees>35.7041047</LatitudeDegrees>
       <LongitudeDegrees>139.7783635</LongitudeDegrees>
      </Position>
      <AltitudeMeters>18</AltitudeMeters>
      <DistanceMeters>3297</DistanceMeters>
      <HeartRateBpm>
       <Value>133</Value>
      </HeartRateBpm>
      <Cadence>83</Cadence>
      <Extensions>
       <Speed>7.360000</Speed>
      </Extensions>
     </Trackpoint>
     <Trackpoint>
      <Time>2026-05-24T14:30:16Z</Time>
      <Position>
       <LatitudeDegrees>35.7041063</LatitudeDegrees>
       <LongitudeDegrees>139.7783902</LongitudeDegrees>
      </Position>
      <AltitudeMeters>18</AltitudeMeters>
      <DistanceMeters>3300</DistanceMeters>
      <HeartRateBpm>
       <Value>133</Value>
      </HeartRateBpm>
      <Cadence>83</Cadence>
      <Extensions>
       <Speed>7.380000</Speed>
      </Extensions>
     </Trackpoint>
     <Trackpoint>
      <Time>2026-05-24T14:30:17Z</Time>
      <Position>
       <LatitudeDegrees>35.7041079</LatitudeDegrees>
       <LongitudeDegrees>139.7784170</LongitudeDegrees>
      </Position>
      <AltitudeMeters>18</AltitudeMeters>
      <DistanceMeters>3302</DistanceMeters>
      <HeartRateBpm>
       <Value>133</Value>
      </HeartRateBpm>
      <Cadence>84</Cadence>
      <Extensions>
       <Speed>7.400000</Speed>
      </Extensions>
     </Trackpoint>
     <Trackpoint>
      <Time>2026-05-24T14:30:18Z</Time>
      <Position>
       <LatitudeDegrees>35.7041077</LatitudeDegrees>
       <LongitudeDegrees>139.7784412</LongitudeDegrees>
      </Position>
      <AltitudeMeters>18</AltitudeMeters>
      <DistanceMeters>3304</DistanceMeters>
      <HeartRateBpm>
       <Value>132</Value>
      </HeartRateBpm>
      <Cadence>84</Cadence>
      <Extensions>
       <Speed>7.420000</Speed>
      </Extensions>
     </Trackpoint>
     <Trackpoint>
      <Time>2026-05-24T14:30:19Z</Time>
      <Position>
       <LatitudeDegrees>35.7041075</LatitudeDegrees>
       <LongitudeDegrees>139.7784655</LongitudeDegrees>
      </Position>
      <AltitudeMeters>18</AltitudeMeters>
      <DistanceMeters>3306</DistanceMeters>
      <HeartRateBpm>
       <Value>132</Value>
      </HeartRateBpm>
      <Cadence>84</Cadence>
      <Extensions>
       <Speed>7.450000</Speed>
      </Extensions>
     </Trackpoint>
     <Trackpoint>
      <Time>2026-05-24T14:30:20Z</Time>
      <Position>
       <LatitudeDegrees>35.7041043</LatitudeDegrees>
       <LongitudeDegrees>139.7784875</LongitudeDegrees>
      </Position>
      <AltitudeMeters>18</AltitudeMeters>
      <DistanceMeters>3308</DistanceMeters>
      <HeartRateBpm>
       <Value>132</Value>
      </HeartRateBpm>
      <Cadence>84</Cadence>
      <Extensions>
       <Speed>7.460000</Speed>
      </Extensions>
     </Trackpoint>
     <Trackpoint>
      <Time>2026-05-24T14:30:21Z</Time>
      <Position>
       <LatitudeDegrees>35.7041011</LatitudeDegrees>
       <LongitudeDegrees>139.7785096</LongitudeDegrees>
      </Position>
      <AltitudeMeters>18</AltitudeMeters>
      <DistanceMeters>3310</DistanceMeters>
      <HeartRateBpm>
       <Value>132</Value>
      </HeartRateBpm>
      <Cadence>84</Cadence>
      <Extensions>
       <Speed>7.470000</Speed>
      </Extensions>
     </Trackpoint>
     <Trackpoint>
      <Time>2026-05-24T14:30:22Z</Time>
      <Position>
       <LatitudeDegrees>35.7040952</LatitudeDegrees>
       <LongitudeDegrees>139.7785308</LongitudeDegrees>
      </Position>
      <AltitudeMeters>18</AltitudeMeters>
      <DistanceMeters>3312</DistanceMeters>
      <HeartRateBpm>
       <Value>132</Value>
      </HeartRateBpm>
      <Cadence>84</Cadence>
      <Extensions>
       <Speed>7.480000</Speed>
      </Extensions>
     </Trackpoint>
     <Trackpoint>
      <Time>2026-05-24T14:30:23Z</Time>
      <Position>
       <LatitudeDegrees>35.7040893</LatitudeDegrees>
       <LongitudeDegrees>139.7785520</LongitudeDegrees>
      </Position>
      <AltitudeMeters>18</AltitudeMeters>
      <DistanceMeters>3314</DistanceMeters>
      <HeartRateBpm>
       <Value>132</Value>
      </HeartRateBpm>
      <Cadence>84</Cadence>
      <Extensions>
       <Speed>7.490000</Speed>
      </Extensions>
     </Trackpoint>
     <Trackpoint>
      <Time>2026-05-24T14:30:24Z</Time>
      <Position>
       <LatitudeDegrees>35.7040824</LatitudeDegrees>
       <LongitudeDegrees>139.7785753</LongitudeDegrees>
      </Position>
      <AltitudeMeters>18</AltitudeMeters>
      <DistanceMeters>3316</DistanceMeters>
      <HeartRateBpm>
       <Value>133</Value>
      </HeartRateBpm>
      <Cadence>84</Cadence>
      <Extensions>
       <Speed>7.490000</Speed>
      </Extensions>
     </Trackpoint>
     <Trackpoint>
      <Time>2026-05-24T14:30:25Z</Time>
      <Position>
       <LatitudeDegrees>35.7040755</LatitudeDegrees>
       <LongitudeDegrees>139.7785987</LongitudeDegrees>
      </Position>
      <AltitudeMeters>18</AltitudeMeters>
      <DistanceMeters>3319</DistanceMeters>
      <HeartRateBpm>
       <Value>133</Value>
      </HeartRateBpm>
      <Cadence>84</Cadence>
      <Extensions>
       <Speed>7.500000</Speed>
      </Extensions>
     </Trackpoint>
     <Trackpoint>
      <Time>2026-05-24T14:30:26Z</Time>
      <Position>
       <LatitudeDegrees>35.7040683</LatitudeDegrees>
       <LongitudeDegrees>139.7786254</LongitudeDegrees>
      </Position>
      <AltitudeMeters>18</AltitudeMeters>
      <DistanceMeters>3322</DistanceMeters>
      <HeartRateBpm>
       <Value>133</Value>
      </HeartRateBpm>
      <Cadence>84</Cadence>
      <Extensions>
       <Speed>7.500000</Speed>
      </Extensions>
     </Trackpoint>
     <Trackpoint>
      <Time>2026-05-24T14:30:27Z</Time>
      <Position>
       <LatitudeDegrees>35.7040612</LatitudeDegrees>
       <LongitudeDegrees>139.7786522</LongitudeDegrees>
      </Position>
      <AltitudeMeters>18</AltitudeMeters>
      <DistanceMeters>3325</DistanceMeters>
      <HeartRateBpm>
       <Value>134</Value>
      </HeartRateBpm>
      <Cadence>84</Cadence>
      <Extensions>
       <Speed>7.510000</Speed>
      </Extensions>
     </Trackpoint>
     <Trackpoint>
      <Time>2026-05-24T14:30:28Z</Time>
      <Position>
       <LatitudeDegrees>35.7040544</LatitudeDegrees>
       <LongitudeDegrees>139.7786791</LongitudeDegrees>
      </Position>
      <AltitudeMeters>18</AltitudeMeters>
      <DistanceMeters>3327</DistanceMeters>
      <HeartRateBpm>
       <Value>134</Value>
      </HeartRateBpm>
      <Cadence>84</Cadence>
      <Extensions>
       <Speed>7.520000</Speed>
      </Extensions>
     </Trackpoint>
     <Trackpoint>
      <Time>2026-05-24T14:30:29Z</Time>
      <Position>
       <LatitudeDegrees>35.7040476</LatitudeDegrees>
       <LongitudeDegrees>139.7787060</LongitudeDegrees>
      </Position>
      <AltitudeMeters>18</AltitudeMeters>
      <DistanceMeters>3329</DistanceMeters>
      <HeartRateBpm>
       <Value>134</Value>
      </HeartRateBpm>
      <Cadence>84</Cadence>
      <Extensions>
       <Speed>7.530000</Speed>
      </Extensions>
     </Trackpoint>
     <Trackpoint>
      <Time>2026-05-24T14:30:30Z</Time>
      <Position>
       <LatitudeDegrees>35.7040411</LatitudeDegrees>
       <LongitudeDegrees>139.7787287</LongitudeDegrees>
      </Position>
      <AltitudeMeters>18</AltitudeMeters>
      <DistanceMeters>3331</DistanceMeters>
      <HeartRateBpm>
       <Value>135</Value>
      </HeartRateBpm>
      <Cadence>83</Cadence>
      <Extensions>
       <Speed>7.540000</Speed>
      </Extensions>
     </Trackpoint>
     <Trackpoint>
      <Time>2026-05-24T14:30:31Z</Time>
      <Position>
       <LatitudeDegrees>35.7040346</LatitudeDegrees>
       <LongitudeDegrees>139.7787514</LongitudeDegrees>
      </Position>
      <AltitudeMeters>18</AltitudeMeters>
      <DistanceMeters>3333</DistanceMeters>
      <HeartRateBpm>
       <Value>135</Value>
      </HeartRateBpm>
      <Cadence>83</Cadence>
      <Extensions>
       <Speed>7.550000</Speed>
      </Extensions>
     </Trackpoint>
     <Trackpoint>
      <Time>2026-05-24T14:30:32Z</Time>
      <Position>
       <LatitudeDegrees>35.7040306</LatitudeDegrees>
       <LongitudeDegrees>139.7787727</LongitudeDegrees>
      </Position>
      <AltitudeMeters>18</AltitudeMeters>
      <DistanceMeters>3335</DistanceMeters>
      <HeartRateBpm>
       <Value>135</Value>
      </HeartRateBpm>
      <Cadence>83</Cadence>
      <Extensions>
       <Speed>7.550000</Speed>
      </Extensions>
     </Trackpoint>
     <Trackpoint>
      <Time>2026-05-24T14:30:33Z</Time>
      <Position>
       <LatitudeDegrees>35.7040266</LatitudeDegrees>
       <LongitudeDegrees>139.7787940</LongitudeDegrees>
      </Position>
      <AltitudeMeters>18</AltitudeMeters>
      <DistanceMeters>3337</DistanceMeters>
      <HeartRateBpm>
       <Value>134</Value>
      </HeartRateBpm>
      <Cadence>83</Cadence>
      <Extensions>
       <Speed>7.560000</Speed>
      </Extensions>
     </Trackpoint>
     <Trackpoint>
      <Time>2026-05-24T14:30:34Z</Time>
      <Position>
       <LatitudeDegrees>35.7040251</LatitudeDegrees>
       <LongitudeDegrees>139.7788152</LongitudeDegrees>
      </Position>
      <AltitudeMeters>18</AltitudeMeters>
      <DistanceMeters>3338</DistanceMeters>
      <HeartRateBpm>
       <Value>134</Value>
      </HeartRateBpm>
      <Cadence>83</Cadence>
      <Extensions>
       <Speed>7.560000</Speed>
      </Extensions>
     </Trackpoint>
     <Trackpoint>
      <Time>2026-05-24T14:30:35Z</Time>
      <Position>
       <LatitudeDegrees>35.7040236</LatitudeDegrees>
       <LongitudeDegrees>139.7788364</LongitudeDegrees>
      </Position>
      <AltitudeMeters>18</AltitudeMeters>
      <DistanceMeters>3340</DistanceMeters>
      <HeartRateBpm>
       <Value>134</Value>
      </HeartRateBpm>
      <Cadence>83</Cadence>
      <Extensions>
       <Speed>7.560000</Speed>
      </Extensions>
     </Trackpoint>
     <Trackpoint>
      <Time>2026-05-24T14:30:36Z</Time>
      <Position>
       <LatitudeDegrees>35.7040249</LatitudeDegrees>
       <LongitudeDegrees>139.7788549</LongitudeDegrees>
      </Position>
      <AltitudeMeters>18</AltitudeMeters>
      <DistanceMeters>3342</DistanceMeters>
      <HeartRateBpm>
       <Value>134</Value>
      </HeartRateBpm>
      <Cadence>83</Cadence>
      <Extensions>
       <Speed>7.550000</Speed>
      </Extensions>
     </Trackpoint>
     <Trackpoint>
      <Time>2026-05-24T14:30:37Z</Time>
      <Position>
       <LatitudeDegrees>35.7040262</LatitudeDegrees>
       <LongitudeDegrees>139.7788734</LongitudeDegrees>
      </Position>
      <AltitudeMeters>18</AltitudeMeters>
      <DistanceMeters>3343</DistanceMeters>
      <HeartRateBpm>
       <Value>134</Value>
      </HeartRateBpm>
      <Cadence>83</Cadence>
      <Extensions>
       <Speed>7.540000</Speed>
      </Extensions>
     </Trackpoint>
     <Trackpoint>
      <Time>2026-05-24T14:30:38Z</Time>
      <Position>
       <LatitudeDegrees>35.7040279</LatitudeDegrees>
       <LongitudeDegrees>139.7788908</LongitudeDegrees>
      </Position>
      <AltitudeMeters>18</AltitudeMeters>
      <DistanceMeters>3345</DistanceMeters>
      <HeartRateBpm>
       <Value>134</Value>
      </HeartRateBpm>
      <Cadence>82</Cadence>
      <Extensions>
       <Speed>7.510000</Speed>
      </Extensions>
     </Trackpoint>
     <Trackpoint>
      <Time>2026-05-24T14:30:39Z</Time>
      <Position>
       <LatitudeDegrees>35.7040297</LatitudeDegrees>
       <LongitudeDegrees>139.7789083</LongitudeDegrees>
      </Position>
      <AltitudeMeters>18</AltitudeMeters>
      <DistanceMeters>3347</DistanceMeters>
      <HeartRateBpm>
       <Value>133</Value>
      </HeartRateBpm>
      <Cadence>82</Cadence>
      <Extensions>
       <Speed>7.480000</Speed>
      </Extensions>
     </Trackpoint>
     <Trackpoint>
      <Time>2026-05-24T14:30:40Z</Time>
      <Position>
       <LatitudeDegrees>35.7040304</LatitudeDegrees>
       <LongitudeDegrees>139.7789307</LongitudeDegrees>
      </Position>
      <AltitudeMeters>18</AltitudeMeters>
      <DistanceMeters>3350</DistanceMeters>
      <HeartRateBpm>
       <Value>133</Value>
      </HeartRateBpm>
      <Cadence>82</Cadence>
      <Extensions>
       <Speed>7.470000</Speed>
      </Extensions>
     </Trackpoint>
     <Trackpoint>
      <Time>2026-05-24T14:30:41Z</Time>
      <Position>
       <LatitudeDegrees>35.7040312</LatitudeDegrees>
       <LongitudeDegrees>139.7789531</LongitudeDegrees>
      </Position>
      <AltitudeMeters>18</AltitudeMeters>
      <DistanceMeters>3352</DistanceMeters>
      <HeartRateBpm>
       <Value>133</Value>
      </HeartRateBpm>
      <Cadence>82</Cadence>
      <Extensions>
       <Speed>7.460000</Speed>
      </Extensions>
     </Trackpoint>
     <Trackpoint>
      <Time>2026-05-24T14:30:42Z</Time>
      <Position>
       <LatitudeDegrees>35.7040317</LatitudeDegrees>
       <LongitudeDegrees>139.7789789</LongitudeDegrees>
      </Position>
      <AltitudeMeters>18</AltitudeMeters>
      <DistanceMeters>3354</DistanceMeters>
      <HeartRateBpm>
       <Value>133</Value>
      </HeartRateBpm>
      <Cadence>82</Cadence>
      <Extensions>
       <Speed>7.470000</Speed>
      </Extensions>
     </Trackpoint>
     <Trackpoint>
      <Time>2026-05-24T14:30:43Z</Time>
      <Position>
       <LatitudeDegrees>35.7040323</LatitudeDegrees>
       <LongitudeDegrees>139.7790048</LongitudeDegrees>
      </Position>
      <AltitudeMeters>18</AltitudeMeters>
      <DistanceMeters>3357</DistanceMeters>
      <HeartRateBpm>
       <Value>133</Value>
      </HeartRateBpm>
      <Cadence>81</Cadence>
      <Extensions>
       <Speed>7.480000</Speed>
      </Extensions>
     </Trackpoint>
     <Trackpoint>
      <Time>2026-05-24T14:30:44Z</Time>
      <Position>
       <LatitudeDegrees>35.7040334</LatitudeDegrees>
       <LongitudeDegrees>139.7790324</LongitudeDegrees>
      </Position>
      <AltitudeMeters>18</AltitudeMeters>
      <DistanceMeters>3360</DistanceMeters>
      <HeartRateBpm>
       <Value>133</Value>
      </HeartRateBpm>
      <Cadence>81</Cadence>
      <Extensions>
       <Speed>7.490000</Speed>
      </Extensions>
     </Trackpoint>
     <Trackpoint>
      <Time>2026-05-24T14:30:45Z</Time>
      <Position>
       <LatitudeDegrees>35.7040345</LatitudeDegrees>
       <LongitudeDegrees>139.7790600</LongitudeDegrees>
      </Position>
      <AltitudeMeters>18</AltitudeMeters>
      <DistanceMeters>3362</DistanceMeters>
      <HeartRateBpm>
       <Value>133</Value>
      </HeartRateBpm>
      <Cadence>81</Cadence>
      <Extensions>
       <Speed>7.510000</Speed>
      </Extensions>
     </Trackpoint>
     <Trackpoint>
      <Time>2026-05-24T14:30:46Z</Time>
      <Position>
       <LatitudeDegrees>35.7040360</LatitudeDegrees>
       <LongitudeDegrees>139.7790855</LongitudeDegrees>
      </Position>
      <AltitudeMeters>18</AltitudeMeters>
      <DistanceMeters>3364</DistanceMeters>
      <HeartRateBpm>
       <Value>134</Value>
      </HeartRateBpm>
      <Cadence>81</Cadence>
      <Extensions>
       <Speed>7.530000</Speed>
      </Extensions>
     </Trackpoint>
     <Trackpoint>
      <Time>2026-05-24T14:30:47Z</Time>
      <Position>
       <LatitudeDegrees>35.7040375</LatitudeDegrees>
       <LongitudeDegrees>139.7791110</LongitudeDegrees>
      </Position>
      <AltitudeMeters>18</AltitudeMeters>
      <DistanceMeters>3366</DistanceMeters>
      <HeartRateBpm>
       <Value>134</Value>
      </HeartRateBpm>
      <Cadence>81</Cadence>
      <Extensions>
       <Speed>7.550000</Speed>
      </Extensions>
     </Trackpoint>
     <Trackpoint>
      <Time>2026-05-24T14:30:48Z</Time>
      <Position>
       <LatitudeDegrees>35.7040369</LatitudeDegrees>
       <LongitudeDegrees>139.7791387</LongitudeDegrees>
      </Position>
      <AltitudeMeters>18</AltitudeMeters>
      <DistanceMeters>3367</DistanceMeters>
      <HeartRateBpm>
       <Value>134</Value>
      </HeartRateBpm>
      <Cadence>80</Cadence>
      <Extensions>
       <Speed>7.560000</Speed>
      </Extensions>
     </Trackpoint>
     <Trackpoint>
      <Time>2026-05-24T14:30:49Z</Time>
      <Position>
       <LatitudeDegrees>35.7040363</LatitudeDegrees>
       <LongitudeDegrees>139.7791664</LongitudeDegrees>
      </Position>
      <AltitudeMeters>18</AltitudeMeters>
      <DistanceMeters>3368</DistanceMeters>
      <HeartRateBpm>
       <Value>134</Value>
      </HeartRateBpm>
      <Cadence>80</Cadence>
      <Extensions>
       <Speed>7.570000</Speed>
      </Extensions>
     </Trackpoint>
     <Trackpoint>
      <Time>2026-05-24T14:30:50Z</Time>
      <Position>
       <LatitudeDegrees>35.7040357</LatitudeDegrees>
       <LongitudeDegrees>139.7791942</LongitudeDegrees>
      </Position>
      <AltitudeMeters>18</AltitudeMeters>
      <DistanceMeters>3369</DistanceMeters>
      <HeartRateBpm>
       <Value>134</Value>
      </HeartRateBpm>
     </Trackpoint>
     <Trackpoint>
      <Time>2026-05-24T14:30:52Z</Time>
      <DistanceMeters>3370</DistanceMeters>
      <HeartRateBpm>
       <Value>134</Value>
      </HeartRateBpm>
     </Trackpoint>
    </Track>
   </Lap>
   <Creator>
    <Name>COROS Wearables</Name>
   </Creator>
  </Activity>
 </Activities>
</TrainingCenterDatabase>
